run_id,fish_id,confidence,length_px,length_cm
20251213-165508-1c5e6,1,0.8263687491416931,96.72639465332031,7.595140644768502
20251213-165508-1c5e6,2,0.8002303242683411,106.64590454101562,8.374039444772846
20251213-165508-1c5e6,3,0.7194101214408875,75.86589813232422,5.957134746124883
20251213-165508-1c5e6,4,0.613399088382721,94.32820892333984,7.406830535860156
