run_id,fish_id,confidence,length_px,length_cm
20251213-160449-79e62,1,0.7994168996810913,101.8398208618164,7.996656605012556
20251213-160449-79e62,2,0.7773746848106384,111.84649658203125,8.782399832122623
20251213-160449-79e62,3,0.7667169570922852,108.13761901855469,8.491171705303737
20251213-160449-79e62,4,0.7534642815589905,97.38017272949219,7.646476543897056
20251213-160449-79e62,5,0.7360783815383911,99.702392578125,7.828821667186874
