run_id,fish_id,confidence,length_px,length_cm
20251211-145452-af4cf,1,0.7839351892471313,111.17703247070312,8.629747145129484
