run_id,fish_id,confidence,length_px,length_cm
20251213-155444-fb0e7,1,0.8169124126434326,134.46722412109375,10.558622421230261
20251213-155444-fb0e7,2,0.8026339411735535,113.65755462646484,8.924607557455642
20251213-155444-fb0e7,3,0.7844212055206299,118.98152160644531,9.342655579879963
20251213-155444-fb0e7,4,0.7275475859642029,107.04087829589844,8.40505353591187
20251213-155444-fb0e7,5,0.7175799012184143,93.91041564941406,7.374024612644701
20251213-155444-fb0e7,6,0.6730268597602844,81.4855728149414,6.398402300294567
20251213-155444-fb0e7,7,0.625927209854126,82.85552215576172,6.505973330487834
