run_id,frame,track_id,length_px,length_cm
20260109-193500-a186c,7,2,85.33101465339303,6.700353713959862
20260109-193500-a186c,7,4,80.31065196058155,6.306145278130987
20260109-193500-a186c,7,5,103.60437391453814,8.135212669865503
20260109-193500-a186c,7,3,91.39055320375515,7.17616021638714
20260109-193500-a186c,7,1,87.52178917189455,6.872377499697262
20260109-193500-a186c,8,2,85.39429182476871,6.705322357916084
20260109-193500-a186c,8,4,81.35466142453599,6.38812288870588
20260109-193500-a186c,8,5,102.99207222274116,8.087133575396038
20260109-193500-a186c,8,3,91.81577302446685,7.209549286194031
20260109-193500-a186c,8,1,87.5378468772546,6.873638381290946
20260109-193500-a186c,9,2,84.50802518384054,6.635731014097865
20260109-193500-a186c,9,4,81.84452634967612,6.426588015176408
20260109-193500-a186c,9,5,102.44830888047223,8.044436242606945
20260109-193500-a186c,9,3,91.94960239641397,7.2200578232482915
20260109-193500-a186c,9,1,88.07520310767131,6.915832615460281
20260109-193500-a186c,10,2,86.14167877970543,6.764008604407075
20260109-193500-a186c,10,4,83.32019928084243,6.54246066294806
20260109-193500-a186c,10,5,102.34391136976724,8.03623875132641
20260109-193500-a186c,10,3,92.03293603008427,7.226601338805075
20260109-193500-a186c,10,1,88.48557999873597,6.948056190175023
20260109-193500-a186c,11,2,87.41151739090722,6.863718749531398
20260109-193500-a186c,11,4,83.64157882272414,6.567695996382036
20260109-193500-a186c,11,5,101.91480930265988,8.002544840141958
20260109-193500-a186c,11,3,92.01439580106113,7.225145524727421
20260109-193500-a186c,11,1,88.61906818527956,6.958537936701888
20260109-193500-a186c,12,2,88.29959239237361,6.933452089261627
20260109-193500-a186c,12,4,84.52849502954841,6.637338345350986
20260109-193500-a186c,12,5,100.86486435778397,7.920101164305825
20260109-193500-a186c,12,3,91.38297034473614,7.175564795861592
20260109-193500-a186c,12,1,87.85331632606467,6.898409642965982
20260109-193500-a186c,13,2,87.29388338922939,6.854481903781567
20260109-193500-a186c,13,4,86.76917080130643,6.813280472490356
20260109-193500-a186c,13,5,100.30183636281197,7.875891134312655
20260109-193500-a186c,13,3,91.03830240520095,7.148500813110092
20260109-193500-a186c,13,1,87.14959234958658,6.843151896664121
20260109-193500-a186c,14,2,86.59919470030108,6.799933625458457
20260109-193500-a186c,14,4,87.35489172136953,6.859272394161859
20260109-193500-a186c,14,5,101.28376299681617,7.9529938828937015
20260109-193500-a186c,14,3,90.94116154891772,7.1408731281491375
20260109-193500-a186c,14,1,86.86028853478119,6.820435210382259
20260109-193500-a186c,15,2,85.35560414362321,6.70228452754338
20260109-193500-a186c,15,4,88.50727131445,6.949759433578321
20260109-193500-a186c,15,5,102.11985965458634,8.018645784126509
20260109-193500-a186c,15,3,90.93564612074698,7.140440046229533
20260109-193500-a186c,15,1,86.5222994465001,6.793895663745659
20260109-193500-a186c,16,2,84.63475340180047,6.64568195502269
20260109-193500-a186c,16,4,91.08405910877487,7.152093716581067
20260109-193500-a186c,16,5,102.31570901070107,8.034024248404126
20260109-193500-a186c,16,3,90.5936371951994,7.113584854318265
20260109-193500-a186c,16,1,86.58337976093317,6.7986918063126245
20260109-193500-a186c,17,2,84.45492523995354,6.631561505418289
20260109-193500-a186c,17,4,92.43623026928734,7.258268770212506
20260109-193500-a186c,17,5,101.92456431772986,8.00331082249573
20260109-193500-a186c,17,3,90.5077434610244,7.106840314796228
20260109-193500-a186c,17,1,86.93414614255661,6.826234650346408
20260109-193500-a186c,18,2,85.0126854330058,6.675357897576484
20260109-193500-a186c,18,4,92.96771461992027,7.300001933203008
20260109-193500-a186c,18,5,101.23197677104211,7.94892752986126
20260109-193500-a186c,18,3,90.29945539511058,7.090485139345801
20260109-193500-a186c,18,1,87.50961221909694,6.871421342182511
20260109-193500-a186c,19,2,86.07233756653696,6.758563800345257
20260109-193500-a186c,19,4,92.79667885076684,7.286571879010847
20260109-193500-a186c,19,5,100.74835455901996,7.910952593108914
20260109-193500-a186c,19,3,89.8556231971393,7.055634590244383
20260109-193500-a186c,19,1,88.05938232594407,6.914590337561272
20260109-193500-a186c,20,2,86.84393805076746,6.81915133925133
20260109-193500-a186c,20,4,91.91401863114523,7.217263718259108
20260109-193500-a186c,20,5,100.24773531676324,7.871643017185558
20260109-193500-a186c,20,3,89.62367689914963,7.037421725373538
20260109-193500-a186c,20,1,88.56002906398922,6.9539020725062795
20260109-193500-a186c,21,2,87.40336295011983,6.863078447317285
20260109-193500-a186c,21,4,90.73399508595138,7.124606023097326
20260109-193500-a186c,21,5,99.91810816745654,7.845760065915725
20260109-193500-a186c,21,3,89.4900420858448,7.02692846543425
20260109-193500-a186c,21,1,88.23688454093578,6.928528149390731
20260109-193500-a186c,22,2,87.20821522518712,6.8477550764557655
20260109-193500-a186c,22,4,89.24199161198827,7.00745107001706
20260109-193500-a186c,22,5,99.70868458420684,7.829315727482418
20260109-193500-a186c,22,3,89.42042585080914,7.021462066131865
20260109-193500-a186c,22,1,87.72661384329795,6.888460722817519
20260109-193500-a186c,23,2,86.5455353046387,6.795720187560458
20260109-193500-a186c,23,4,89.12475041638325,6.9982450681478445
20260109-193500-a186c,23,5,100.36129921667585,7.880560270796592
20260109-193500-a186c,23,3,89.57304029436727,7.033445642769881
20260109-193500-a186c,23,1,87.81557200696314,6.895445887176834
20260109-193500-a186c,24,2,85.21010444461743,6.690859614191846
20260109-193500-a186c,24,4,88.69688752429376,6.964648459344794
20260109-193500-a186c,24,5,100.2129216933143,7.868909385198173
20260109-193500-a186c,24,3,89.67142371686636,7.041170896395558
20260109-193500-a186c,24,1,87.40697986748815,6.863362454554517
20260109-193500-a186c,25,2,84.90169708905199,6.666642881522382
20260109-193500-a186c,25,4,88.45799269804739,6.945889982807424
20260109-193500-a186c,25,5,100.78016239113376,7.9134502046385835
20260109-193500-a186c,25,3,89.6940209432476,7.042945273629015
20260109-193500-a186c,25,1,86.82528069419828,6.817686328095787
20260109-193500-a186c,26,2,84.86162207618683,6.663496115222007
20260109-193500-a186c,26,4,89.01237394166192,6.989421053423313
20260109-193500-a186c,26,5,101.02986007692145,7.933056942272381
20260109-193500-a186c,26,3,90.55081054963931,7.110222024580442
20260109-193500-a186c,26,1,86.5909387544746,6.799285352875441
20260109-193500-a186c,27,2,86.19151910000589,6.7679221612373395
20260109-193500-a186c,27,4,90.5437771164267,7.109669746015146
20260109-193500-a186c,27,5,100.78470464339283,7.913806870932984
20260109-193500-a186c,27,3,90.94219508038405,7.140954283007392
20260109-193500-a186c,27,1,86.55768820716621,6.796674456602216
20260109-193500-a186c,28,2,86.61748126989747,6.801369521715033
20260109-193500-a186c,28,4,90.78899314925653,7.128924575727036
20260109-193500-a186c,28,5,100.79774248967144,7.914830627442733
20260109-193500-a186c,28,3,91.63367191127578,7.195250360123105
20260109-193500-a186c,28,1,86.66495091625804,6.80509692871452
20260109-193500-a186c,29,2,87.41131006796921,6.8637024701396285
20260109-193500-a186c,29,4,90.4083816036174,7.099038232598949
20260109-193500-a186c,29,5,100.32156418582497,7.877440200531198
20260109-193500-a186c,29,3,91.57116559017389,7.1903422447978365
20260109-193500-a186c,29,1,86.99629284111033,6.831114527424586
20260109-193500-a186c,30,2,87.9090540199838,6.902786272799525
20260109-193500-a186c,30,4,90.17169511585263,7.0804531590031345
20260109-193500-a186c,30,5,98.35249629505944,7.722825241263216
20260109-193500-a186c,30,3,91.50160464442114,7.184880186915199
20260109-193500-a186c,30,1,87.13401647297512,6.841928849181025
20260109-193500-a186c,31,2,87.76169749983559,6.891215558317086
20260109-193500-a186c,31,4,89.96533589859644,7.064249440421225
20260109-193500-a186c,31,5,98.93070672503389,7.768227424955351
20260109-193500-a186c,31,3,90.69145957165267,7.12126605354037
20260109-193500-a186c,31,1,86.81593112081941,6.816952181795435
20260109-193500-a186c,32,2,87.34669018013668,6.858628393531104
20260109-193500-a186c,32,4,89.83067186773374,7.053675364359987
20260109-193500-a186c,32,5,97.09274745597386,7.623907364253206
20260109-193500-a186c,32,3,89.44640633561757,7.023502103257682
20260109-193500-a186c,32,1,86.65950577783975,6.8046693660800885
20260109-193500-a186c,33,2,86.71539052502747,6.809057542816225
20260109-193500-a186c,33,4,91.0027806586613,7.14571157794958
20260109-193500-a186c,33,5,97.8896443308097,7.68648122390597
20260109-193500-a186c,33,3,88.84316396222526,6.976134363715441
20260109-193500-a186c,33,1,86.03345840503752,6.755510934570643
20260109-193500-a186c,34,2,85.89042679630943,6.744279820366181
20260109-193500-a186c,34,4,92.19017126883168,7.238947749077892
20260109-193500-a186c,34,5,98.7495805171614,7.7540050503059526
20260109-193500-a186c,34,3,88.45242322576684,6.945452657241434
20260109-193500-a186c,34,1,85.62985632382002,6.723819330822204
20260109-193500-a186c,35,2,85.87762789327644,6.74327482613495
20260109-193500-a186c,35,4,93.4460133885508,7.337558863046084
20260109-193500-a186c,35,5,99.43700599823676,7.807983007721589
20260109-193500-a186c,35,3,88.19121151548701,6.924941816485439
20260109-193500-a186c,35,1,85.54488379101903,6.717147125785732
20260109-193500-a186c,36,2,85.56693330754062,6.718878495798341
20260109-193500-a186c,36,4,93.93549215602653,7.375993667681682
20260109-193500-a186c,36,5,99.5771001456921,7.818983466874914
20260109-193500-a186c,36,3,88.34169778826283,6.936758285102261
20260109-193500-a186c,36,1,85.57729861097688,6.71969239915643
20260109-193500-a186c,37,2,85.30841312033003,6.698578998557554
20260109-193500-a186c,37,4,93.34248518312799,7.32942963127119
20260109-193500-a186c,37,5,99.50219300376023,7.813101615490819
20260109-193500-a186c,37,3,88.74456493563152,6.968392180445809
20260109-193500-a186c,37,1,85.77084528427875,6.734890052395998
20260109-193500-a186c,38,2,84.88977676258216,6.665706874795424
20260109-193500-a186c,38,4,92.65669286486965,7.275579912908974
20260109-193500-a186c,38,5,99.47710919951352,7.811131987429705
20260109-193500-a186c,38,3,88.93640505394218,6.983455831738724
20260109-193500-a186c,38,1,85.61424609585791,6.722593586005662
20260109-193500-a186c,39,2,84.55937619902654,6.639763193566429
20260109-193500-a186c,39,4,91.96354264889412,7.221152438410883
20260109-193500-a186c,39,5,99.00216564129764,7.77383851509565
20260109-193500-a186c,39,3,89.20047486247805,7.004191095810703
20260109-193500-a186c,39,1,85.6268951067757,6.72358681042266
20260109-193500-a186c,40,2,84.00420743880031,6.5961702856470055
20260109-193500-a186c,40,4,90.82763427674348,7.131958750617848
20260109-193500-a186c,40,5,98.6980997988781,7.749962686303276
20260109-193500-a186c,40,3,88.66325052065702,6.9620072177849766
20260109-193500-a186c,40,1,85.31176086175716,6.698841869587459
20260109-193500-a186c,41,2,83.845470936796,6.583705993325324
20260109-193500-a186c,41,4,90.0362325866573,7.0698163833327285
20260109-193500-a186c,41,5,96.18075059452994,7.552295634537854
20260109-193500-a186c,41,3,88.40260079143344,6.941540504851353
20260109-193500-a186c,41,1,84.0280912540703,6.598045688289267
20260109-193500-a186c,42,2,84.14889083176939,6.607531101094548
20260109-193500-a186c,42,4,91.08504266230796,7.152170947076861
20260109-193500-a186c,42,5,97.02580005434218,7.61865052683032
20260109-193500-a186c,42,3,89.32749172018882,7.0141647012782435
20260109-193500-a186c,42,1,84.18227711400247,6.610152655532454
20260109-193500-a186c,43,2,84.33922670575045,6.622476636259094
20260109-193500-a186c,43,4,91.52347115659633,7.186597187078147
20260109-193500-a186c,43,5,97.26572342903853,7.637489766950015
20260109-193500-a186c,43,3,90.51322697564753,7.10727089080332
20260109-193500-a186c,43,1,84.59687332276975,6.642707539105459
20260109-193500-a186c,44,2,84.74018906353973,6.653960963898748
20260109-193500-a186c,44,4,91.94478843601651,7.219679821913618
20260109-193500-a186c,44,5,97.53627389647768,7.658733904696213
20260109-193500-a186c,44,3,90.9850966908512,7.144322999132426
20260109-193500-a186c,44,1,85.7269448498768,6.731442906714157
20260109-193500-a186c,45,2,84.9972562850457,6.674146371506418
20260109-193500-a186c,45,4,91.55717064285005,7.189243334891997
20260109-193500-a186c,45,5,98.30639907469127,7.719205599765319
20260109-193500-a186c,45,3,91.4962638961258,7.184460821191946
20260109-193500-a186c,45,1,86.55130846850096,6.796173507377208
20260109-193500-a186c,46,2,85.12031431895616,6.683809122592805
20260109-193500-a186c,46,4,90.74936206964463,7.125812667910817
20260109-193500-a186c,46,5,98.67484415381509,7.748136608781504
20260109-193500-a186c,46,3,91.86215478653541,7.213191270447921
20260109-193500-a186c,46,1,86.94001095298384,6.826695166425906
20260109-193500-a186c,47,2,85.16489170087513,6.687309423482378
20260109-193500-a186c,47,4,90.53212031929041,7.108754432113135
20260109-193500-a186c,47,5,99.16545221070832,7.786660087371976
20260109-193500-a186c,47,3,92.24800364378424,7.243488857253793
20260109-193500-a186c,47,1,87.32888173049363,6.857230040163453
20260109-193500-a186c,48,2,84.69904663000897,6.650730381695677
20260109-193500-a186c,48,4,90.42204290808698,7.100110944232721
20260109-193500-a186c,48,5,98.64331324095,7.745660741478409
20260109-193500-a186c,48,3,92.93320945099006,7.2972925216516344
20260109-193500-a186c,48,1,87.71791856280218,6.887777952839916
20260109-193500-a186c,49,2,83.63189254474452,6.566935411395453
20260109-193500-a186c,49,4,90.63652988932765,7.116952870315394
20260109-193500-a186c,49,5,98.58047346765201,7.7407264428519165
20260109-193500-a186c,49,3,93.32001562055139,7.327665278442705
20260109-193500-a186c,49,1,88.10711925026547,6.918338731735057
20260109-193500-a186c,50,2,83.11638623682005,6.526456874735581
20260109-193500-a186c,50,4,91.48168835663883,7.183316322084193
20260109-193500-a186c,50,5,95.57386134006998,7.504641534951668
20260109-193500-a186c,50,3,94.02934040453229,7.38336281081186
20260109-193500-a186c,50,1,87.5733692590839,6.87642766633561
20260109-193500-a186c,51,2,82.7722691242834,6.499436143968606
20260109-193500-a186c,51,4,92.47064129991277,7.260970789844979
20260109-193500-a186c,51,5,96.3578047618763,7.566198264813258
20260109-193500-a186c,51,3,94.30988554913928,7.405391749635994
20260109-193500-a186c,51,1,87.45378785920845,6.867037907172069
20260109-193500-a186c,52,2,82.76345268348143,6.49874386025311
20260109-193500-a186c,52,4,93.30553737582211,7.3265284191045446
20260109-193500-a186c,52,5,97.10571799710468,7.624925835834623
20260109-193500-a186c,52,3,93.69096460433076,7.35679289881909
20260109-193500-a186c,52,1,87.11102440144236,6.840123467954611
20260109-193500-a186c,53,2,83.48119960795403,6.555102715126775
20260109-193500-a186c,53,4,92.28524411048335,7.2464130495931265
20260109-193500-a186c,53,5,97.99348780887186,7.694635211488686
20260109-193500-a186c,53,3,93.49226998692166,7.341191019208158
20260109-193500-a186c,53,1,86.65572080378871,6.804372162712202
20260109-193500-a186c,54,2,83.62862358163827,6.5666787261892745
20260109-193500-a186c,54,4,91.65634333728185,7.197030563652356
20260109-193500-a186c,54,5,96.36841653629794,7.567031521542322
20260109-193500-a186c,54,3,93.22495698579777,7.320201093480152
20260109-193500-a186c,54,1,86.79491583494301,6.815302021541935
20260109-193500-a186c,55,2,83.71978542779061,6.573836927892598
20260109-193500-a186c,55,4,92.14360094009098,7.235290958209934
20260109-193500-a186c,55,5,96.1501673356828,7.549894178832284
20260109-193500-a186c,55,3,92.73103105432311,7.281417089061358
20260109-193500-a186c,55,1,86.82875808883178,6.817959379742273
20260109-193500-a186c,56,2,83.41576416755228,6.549964599777962
20260109-193500-a186c,56,4,93.16957024554954,7.315852021196951
20260109-193500-a186c,56,5,96.83127189290734,7.603375805274107
20260109-193500-a186c,56,3,92.37104857706277,7.253150579653621
20260109-193500-a186c,56,1,86.38714302679547,6.783282924375198
20260109-193500-a186c,57,2,82.69407973181299,6.493296564023854
20260109-193500-a186c,57,4,92.65777649915182,7.275665001935708
20260109-193500-a186c,57,5,96.92884620672368,7.611037526145727
20260109-193500-a186c,57,3,92.73300553329078,7.281572128908685
20260109-193500-a186c,57,1,85.67672140007323,6.7274992658259505
20260109-193500-a186c,58,2,82.95195204776603,6.513545189180155
20260109-193500-a186c,58,4,92.50511648850835,7.263677847283405
20260109-193500-a186c,58,5,97.80098620611876,7.679519619178093
20260109-193500-a186c,58,3,93.2549633169174,7.322557247722267
20260109-193500-a186c,58,1,85.34473176090651,6.701430807354873
20260109-193500-a186c,59,2,83.36991826588351,6.546364692302773
20260109-193500-a186c,59,4,92.14875025961396,7.235695292581561
20260109-193500-a186c,59,5,97.28347030200872,7.638883285200091
20260109-193500-a186c,59,3,93.41442352182294,7.335078366573456
20260109-193500-a186c,59,1,85.36349317588859,6.70290398937509
20260109-193500-a186c,60,2,84.33461682513607,6.622114659657492
20260109-193500-a186c,60,4,89.96865223805945,7.064509845709127
20260109-193500-a186c,60,5,97.79103488418419,7.678738222435607
20260109-193500-a186c,60,3,93.55088846120397,7.345793853399917
20260109-193500-a186c,60,1,85.14130925974763,6.685457685311507
20260109-193500-a186c,61,2,84.70842559677703,6.651466836020905
20260109-193500-a186c,61,4,88.06688751561501,6.915179659341751
20260109-193500-a186c,61,5,98.55701158955154,7.738884171519441
20260109-193500-a186c,61,3,93.25083779838123,7.322233304153119
20260109-193500-a186c,61,1,85.08134858184913,6.6807494587366705
20260109-193500-a186c,62,2,84.70235863263306,6.650990446446731
20260109-193500-a186c,62,4,88.07092272268949,6.915496511483003
20260109-193500-a186c,62,5,99.55795867285813,7.817480441988656
20260109-193500-a186c,62,3,92.90544510069468,7.2951124120118624
20260109-193500-a186c,62,1,84.90348032591393,6.666782904675503
20260109-193500-a186c,63,2,84.46789317380494,6.632579772271162
20260109-193500-a186c,63,4,89.44219717960192,7.0231715923144264
20260109-193500-a186c,63,5,99.60197276618312,7.820936512385505
20260109-193500-a186c,63,3,92.33725727921215,7.250497222618403
20260109-193500-a186c,63,1,84.72565237151288,6.652819515167517
20260109-193500-a186c,64,2,83.80351466389183,6.58041150690536
20260109-193500-a186c,64,4,91.48668028352554,7.183708297686395
20260109-193500-a186c,64,5,100.35925419769467,7.8803996920131185
20260109-193500-a186c,64,3,92.05282915383542,7.228163384752257
20260109-193500-a186c,64,1,84.54786497294236,6.63885931018055
20260109-193500-a186c,65,2,83.0634308662058,6.522298718224604
20260109-193500-a186c,65,4,93.34534266264637,7.329654006002714
20260109-193500-a186c,65,5,100.88634094569787,7.921787546873483
20260109-193500-a186c,65,3,96.14309711842964,7.5493390119141
20260109-193500-a186c,65,1,84.37011838658402,6.624902309846178
20260109-193500-a186c,66,2,82.76065521857802,6.498524197983402
20260109-193500-a186c,66,4,93.56021775238479,7.346526407103467
20260109-193500-a186c,66,5,100.77695879380194,7.913198652077448
20260109-193500-a186c,66,3,99.172160347783,7.78718682306526
20260109-193500-a186c,66,1,84.63539304087848,6.645732180700767
20260109-193500-a186c,67,2,83.0801219738192,6.52360933576902
20260109-193500-a186c,67,4,93.32007096646214,7.327669624308979
20260109-193500-a186c,67,5,100.16938780990077,7.865491021797741
20260109-193500-a186c,67,3,101.07713536134536,7.936769087602597
20260109-193500-a186c,67,1,84.94655798563434,6.670165444523045
20260109-193500-a186c,68,2,83.94266264008688,6.591337670890114
20260109-193500-a186c,68,4,92.00994091087733,7.2247957182694815
20260109-193500-a186c,68,5,99.61236737176135,7.821752716603562
20260109-193500-a186c,68,3,98.24771484801859,7.714597602570696
20260109-193500-a186c,68,1,85.38497939740668,6.704591128391689
20260109-193500-a186c,69,2,83.9257822122998,6.590012187565255
20260109-193500-a186c,69,4,90.42044222608675,7.099985255634869
20260109-193500-a186c,69,5,99.75749658979899,7.833148539084198
20260109-193500-a186c,69,3,95.5011926365043,7.498935450009367
20260109-193500-a186c,69,1,85.81877958401246,6.7386539448628975
20260109-193500-a186c,70,2,83.63552425498848,6.567220580197442
20260109-193500-a186c,70,4,88.85280909928156,6.976891718238405
20260109-193500-a186c,70,5,99.15851485033103,7.7861153526286015
20260109-193500-a186c,70,3,97.03005105731457,7.618984323676282
20260109-193500-a186c,70,1,86.14287595867997,6.764102609179208
20260109-193500-a186c,71,2,83.26714756418866,6.538294941162647
20260109-193500-a186c,71,4,88.86338355560405,6.977722044679281
20260109-193500-a186c,71,5,97.51287579569129,7.65689664127985
20260109-193500-a186c,71,3,98.67808668855689,7.748391218782195
20260109-193500-a186c,71,1,85.97512432120534,6.750930431258419
20260109-193500-a186c,72,2,82.16628754175602,6.451853316510488
20260109-193500-a186c,72,4,85.7054095189728,6.729751911535088
20260109-193500-a186c,72,5,96.67771158924083,7.5913179578997605
20260109-193500-a186c,72,3,99.31138551621513,7.798119048331419
20260109-193500-a186c,72,1,86.11469306468497,6.761889634691367
20260109-193500-a186c,73,2,80.82174566918876,6.346277329092268
20260109-193500-a186c,73,4,85.03591836185748,6.677182191378097
20260109-193500-a186c,73,5,96.49083852788611,7.576644329374739
20260109-193500-a186c,73,3,100.09766473207908,7.859859189189032
20260109-193500-a186c,73,1,86.25464159641787,6.772878659820959
20260109-193500-a186c,74,2,81.08047444480579,6.366593205091815
20260109-193500-a186c,74,4,84.88933298271942,6.665672028355784
20260109-193500-a186c,74,5,93.99593192784161,7.380739513622891
20260109-193500-a186c,74,3,100.58518072506608,7.89813987303527
20260109-193500-a186c,74,1,86.39496807078238,6.7838973617254705
20260109-193500-a186c,75,2,82.58233825898141,6.484522410856549
20260109-193500-a186c,75,4,87.50243057033313,6.87085742544998
20260109-193500-a186c,75,5,95.41819474489014,7.49241829755798
20260109-193500-a186c,75,3,100.95158776760766,7.926910851539238
20260109-193500-a186c,75,1,86.5356706491602,6.794945596033089
20260109-193500-a186c,76,2,83.68064758921497,6.570763750301522
20260109-193500-a186c,76,4,85.34087499631836,6.701127966857346
20260109-193500-a186c,76,5,97.41192061733422,7.648969448488391
20260109-193500-a186c,76,3,101.06161686634623,7.935550545832939
20260109-193500-a186c,76,1,86.67674749995962,6.806023218923748
20260109-193500-a186c,77,2,84.09591261093641,6.603371150340895
20260109-193500-a186c,77,4,85.73806912406529,6.732316405900551
20260109-193500-a186c,77,5,99.1862916339562,7.788296438557097
20260109-193500-a186c,77,3,101.04358239726575,7.934134444988791
20260109-193500-a186c,77,1,86.4520882772476,6.788382549076001
20260109-193500-a186c,78,2,84.15292052148546,6.607847520002313
20260109-193500-a186c,78,4,83.9353573545958,6.590764045966392
20260109-193500-a186c,78,5,100.57455862016582,7.89730580513736
20260109-193500-a186c,78,3,100.34909175836721,7.879601717931043
20260109-193500-a186c,78,1,86.63725840764407,6.802922460220338
20260109-193500-a186c,79,2,83.7644930120188,6.577347452515355
20260109-193500-a186c,79,4,82.5335688235494,6.480692941944783
20260109-193500-a186c,79,5,101.0254016521912,7.932706858275125
20260109-193500-a186c,79,3,100.18768018808346,7.866927374155572
20260109-193500-a186c,79,1,86.58015243622872,6.798438390633021
20260109-193500-a186c,80,2,83.27438875696966,6.538863533404761
20260109-193500-a186c,80,4,82.6553891096851,6.490258502719614
20260109-193500-a186c,80,5,101.49978947933111,7.969956693547157
20260109-193500-a186c,80,3,100.24404479005692,7.871353230002977
20260109-193500-a186c,80,1,86.36431506369702,6.781490429255457
20260109-193500-a186c,81,2,83.10573671124841,6.525620653714354
20260109-193500-a186c,81,4,82.54943098571765,6.4819384691147945
20260109-193500-a186c,81,5,102.46999215234936,8.046138854392858
20260109-193500-a186c,81,3,99.79308368369887,7.835942905443835
20260109-193500-a186c,81,1,86.3410854495991,6.77966639573462
20260109-193500-a186c,82,2,83.33027897520321,6.543252139737832
20260109-193500-a186c,82,4,83.43374950803485,6.551376842951076
20260109-193500-a186c,82,5,103.79615357824369,8.150271574147737
20260109-193500-a186c,82,3,99.47450470491937,7.810927477556034
20260109-193500-a186c,82,1,86.31834937465388,6.7778811158475945
20260109-193500-a186c,83,2,84.89526764995978,6.666138029725234
20260109-193500-a186c,83,4,84.9269226392376,6.6686236397444585
20260109-193500-a186c,83,5,104.11487267027708,8.175298003994964
20260109-193500-a186c,83,3,99.2854331143762,7.796081216333828
20260109-193500-a186c,83,1,86.29610722895343,6.776134620225156
20260109-193500-a186c,84,2,86.75651379437919,6.812286620211474
20260109-193500-a186c,84,4,86.92139017144201,6.825233027211138
20260109-193500-a186c,84,5,103.22753597948184,8.105622637824146
20260109-193500-a186c,84,3,98.54705786775148,7.738102586334949
20260109-193500-a186c,84,1,85.5308179549916,6.716042649563937
20260109-193500-a186c,85,2,87.5374452360237,6.873606843656899
20260109-193500-a186c,85,4,86.47347046338054,6.790061519036107
20260109-193500-a186c,85,5,102.39204416412093,8.040018229968743
20260109-193500-a186c,85,3,97.45579900615913,7.652414863109556
20260109-193500-a186c,85,1,84.84364753735161,6.662084720214805
20260109-193500-a186c,86,2,87.31619406430596,6.856233780461078
20260109-193500-a186c,86,4,84.92455674319223,6.668437865083054
20260109-193500-a186c,86,5,102.56397654766253,8.053518688029534
20260109-193500-a186c,86,3,97.27336059094382,7.638089451441569
20260109-193500-a186c,86,1,84.05674389554432,6.600295548243411
20260109-193500-a186c,87,2,87.29062293158367,6.85422588644034
20260109-193500-a186c,87,4,84.48826383157574,6.634179315098642
20260109-193500-a186c,87,5,102.86901159579307,8.0774706206994
20260109-193500-a186c,87,3,97.60562149098051,7.664179209832553
20260109-193500-a186c,87,1,84.09329237460695,6.603165404396202
20260109-193500-a186c,88,2,86.95521066131437,6.827888676459476
20260109-193500-a186c,88,4,84.3301996448859,6.621767814255329
20260109-193500-a186c,88,5,102.92076694355299,8.081534549131389
20260109-193500-a186c,88,3,98.14124284067294,7.706237217864749
20260109-193500-a186c,88,1,83.7655839460087,6.577433114729037
20260109-193500-a186c,89,2,87.1603844296015,6.843999311331614
20260109-193500-a186c,89,4,84.83984225215805,6.6617859219773425
20260109-193500-a186c,89,5,103.43055035017231,8.12156371268618
20260109-193500-a186c,89,3,98.32228684020107,7.72045313735845
20260109-193500-a186c,89,1,83.43848015621093,6.551748302451527
20260109-193500-a186c,90,2,87.49095538003775,6.8699563716628385
20260109-193500-a186c,90,4,84.57559879651814,6.641037022804185
20260109-193500-a186c,90,5,103.55956547414102,8.131694225824363
20260109-193500-a186c,90,3,98.50356273573983,7.734687265768363
20260109-193500-a186c,90,1,83.11198814424338,6.526111528133878
20260109-193500-a186c,91,2,88.3339349588242,6.936148732956758
20260109-193500-a186c,91,4,86.8312223089918,6.8181528750003375
20260109-193500-a186c,91,5,103.11932787663056,8.097125931594118
20260109-193500-a186c,91,3,98.43005646511672,7.7289154134662486
20260109-193500-a186c,91,1,82.7861151482975,6.500523360132663
20260109-193500-a186c,92,2,89.25337095097629,7.008344597377077
20260109-193500-a186c,92,4,89.14873161270889,7.000128117335978
20260109-193500-a186c,92,5,102.96282032526793,8.08483666072004
20260109-193500-a186c,92,3,97.98941085561614,7.694315081357812
20260109-193500-a186c,92,1,83.02675530598655,6.519418883417473
20260109-193500-a186c,93,2,88.6230441689217,6.958850138506489
20260109-193500-a186c,93,4,90.69108807245922,7.121236882716483
20260109-193500-a186c,93,5,103.00147982257808,8.087872278044339
20260109-193500-a186c,93,3,98.19740357057884,7.710647065289301
20260109-193500-a186c,93,1,83.47868209906352,6.554905035536149
20260109-193500-a186c,94,2,87.53053862883479,6.87306452371242
20260109-193500-a186c,94,4,91.78976046896187,7.207506730816068
20260109-193500-a186c,94,5,102.20272853847874,8.025152806645995
20260109-193500-a186c,94,3,99.08333573143562,7.780212145095571
20260109-193500-a186c,94,1,84.09527437719386,6.603321035012434
20260109-193500-a186c,95,2,86.81799881294681,6.817114540917514
20260109-193500-a186c,95,4,91.72907580159406,7.202741655209855
20260109-193500-a186c,95,5,102.00523061011963,8.009644893337386
20260109-193500-a186c,95,3,99.3441651912452,7.800692970816957
20260109-193500-a186c,95,1,84.49386914295361,6.63461945481878
20260109-193500-a186c,96,2,86.50399483128885,6.7924583505130505
20260109-193500-a186c,96,4,91.41878492707156,7.178377025046253
20260109-193500-a186c,96,5,100.04233532271168,7.855514618635735
20260109-193500-a186c,96,3,99.42636378227698,7.807147360665
20260109-193500-a186c,96,1,84.83132925966625,6.66111746560083
20260109-193500-a186c,97,2,86.2339872600098,6.771256842006847
20260109-193500-a186c,97,4,91.8801874804742,7.214607231904565
20260109-193500-a186c,97,5,98.14394378165987,7.706449300892784
20260109-193500-a186c,97,3,98.82965215969877,7.760292428109174
20260109-193500-a186c,97,1,85.08373564029485,6.680936895110036
20260109-193500-a186c,98,2,85.90118252896015,6.745124380969443
20260109-193500-a186c,98,4,91.76473571122692,7.205541739199463
20260109-193500-a186c,98,5,97.4802725420221,7.654336571735421
20260109-193500-a186c,98,3,97.77567592975534,7.677532208095242
20260109-193500-a186c,98,1,85.33619165840823,6.700760222249042
20260109-193500-a186c,99,2,85.69463679426559,6.728906016683203
20260109-193500-a186c,99,4,91.2470509771152,7.16489214836833
20260109-193500-a186c,99,5,97.16471244419401,7.6295581921269235
20260109-193500-a186c,99,3,97.16032982549596,7.629214060563627
20260109-193500-a186c,99,1,84.93830953395099,6.669517760394414
20260109-193500-a186c,100,2,85.66291379433028,6.726415066337681
20260109-193500-a186c,100,4,90.4482693383606,7.102170293464669
20260109-193500-a186c,100,5,97.82389465717652,7.681318434365624
20260109-193500-a186c,100,3,97.6361946647085,7.666579873635367
20260109-193500-a186c,100,1,84.36746618556583,6.624694053973274
20260109-193500-a186c,101,2,85.08073826222842,6.680701535278197
20260109-193500-a186c,101,4,88.99083088427528,6.987729451546119
20260109-193500-a186c,101,5,98.52262367349421,7.736183966886858
20260109-193500-a186c,101,3,98.76429289148238,7.755160293945363
20260109-193500-a186c,101,1,84.64179584068634,6.6462349407305945
20260109-193500-a186c,102,2,85.00043644999216,6.674396084112048
20260109-193500-a186c,102,4,87.40856038456192,6.863486559763957
20260109-193500-a186c,102,5,100.08806653220012,7.859105520262586
20260109-193500-a186c,102,3,99.39967382987379,7.805051614793038
20260109-193500-a186c,102,1,84.35612964540825,6.623803887258898
20260109-193500-a186c,103,2,85.32487564538282,6.699871667364162
20260109-193500-a186c,103,4,85.08066146748152,6.680695505208477
20260109-193500-a186c,103,5,102.03318989476729,8.011840309593593
20260109-193500-a186c,103,3,99.21707559978309,7.790713654156799
20260109-193500-a186c,103,1,83.8525090515495,6.584258639494123
20260109-193500-a186c,104,2,85.95322750935661,6.749211051907423
20260109-193500-a186c,104,4,83.47381197556679,6.554522624168005
20260109-193500-a186c,104,5,102.51095122161998,8.049355038485153
20260109-193500-a186c,104,3,99.30846999707781,7.797890116218527
20260109-193500-a186c,104,1,83.58148603434606,6.562977396240846
20260109-193500-a186c,105,2,86.13692195859736,6.76363508975818
20260109-193500-a186c,105,4,82.19666428219546,6.454238555997539
20260109-193500-a186c,105,5,102.7791071776354,8.070411154635964
20260109-193500-a186c,105,3,95.82995082594461,7.524750168896265
20260109-193500-a186c,105,1,83.74583881827891,6.5758826897111895
20260109-193500-a186c,106,2,86.45789585921223,6.788838571467671
20260109-193500-a186c,106,4,81.77410950577837,6.421058750542065
20260109-193500-a186c,106,5,102.68013246387513,8.062639471694826
20260109-193500-a186c,106,3,92.80097425473141,7.286909162307241
20260109-193500-a186c,106,1,83.43109963450736,6.551168769837174
20260109-193500-a186c,107,2,86.92066452036359,6.825176047707049
20260109-193500-a186c,107,4,81.84366810937583,6.42652062451421
20260109-193500-a186c,107,5,102.30147010282995,8.03290618225169
20260109-193500-a186c,107,3,90.2050754568921,7.08307424692721
20260109-193500-a186c,107,1,83.38415915503606,6.547482914029199
20260109-193500-a186c,108,2,87.29006221169126,6.854181857646955
20260109-193500-a186c,108,4,82.17538935048736,6.45256800785905
20260109-193500-a186c,108,5,102.46358747801148,8.045635947171364
20260109-193500-a186c,108,3,89.75234111523592,7.047524684556777
20260109-193500-a186c,108,1,83.10606631849403,6.525646535102748
20260109-193500-a186c,109,2,87.17616550805717,6.845238471654155
20260109-193500-a186c,109,4,81.8628027610597,6.428023113790778
20260109-193500-a186c,109,5,102.43260775823894,8.043203360599197
20260109-193500-a186c,109,3,93.65385193792436,7.353878741602032
20260109-193500-a186c,109,1,82.44783729595176,6.4739611391919905
20260109-193500-a186c,110,2,86.65286806720846,6.804148160405209
20260109-193500-a186c,110,4,82.06294959030973,6.443739023840013
20260109-193500-a186c,110,5,102.53519814402483,8.051258952990885
20260109-193500-a186c,110,3,92.60779897383755,7.271740671506564
20260109-193500-a186c,110,1,82.2481445379024,6.4582808836778405
20260109-193500-a186c,111,2,86.04084571338468,6.7560910000851715
20260109-193500-a186c,111,4,82.14388643373421,6.450094338863961
20260109-193500-a186c,111,5,103.47969721509598,8.125422818080137
20260109-193500-a186c,111,3,91.61752250856797,7.193982278279112
20260109-193500-a186c,111,1,81.74539007790143,6.418803646392424
20260109-193500-a186c,112,2,85.4778131604266,6.711880612190259
20260109-193500-a186c,112,4,82.30935933565358,6.463087586130957
20260109-193500-a186c,112,5,103.60278140403895,8.135087622909468
20260109-193500-a186c,112,3,91.08209344125954,7.151939368625752
20260109-193500-a186c,112,1,81.0191245205902,6.361775892251473
20260109-193500-a186c,113,2,85.54884421994856,6.717458106204687
20260109-193500-a186c,113,4,83.11980624870101,6.526725420579099
20260109-193500-a186c,113,5,104.2785579494365,8.188150883719779
20260109-193500-a186c,113,3,90.65393626684131,7.118319652214028
20260109-193500-a186c,113,1,80.8026954836579,6.344781472258831
20260109-193500-a186c,114,2,88.67217061222603,6.96270764035602
20260109-193500-a186c,114,4,85.31540223138062,6.699127796862313
20260109-193500-a186c,114,5,104.72626257016812,8.223305502828211
20260109-193500-a186c,114,3,90.64949776481981,7.11797113258579
20260109-193500-a186c,114,1,80.9398370914718,6.355550092378805
20260109-193500-a186c,115,2,91.26024530677819,7.165928192251316
20260109-193500-a186c,115,4,86.17935506539789,6.766967018083428
20260109-193500-a186c,115,5,105.01617430214438,8.246069923923612
20260109-193500-a186c,115,3,90.96176991995759,7.142491336675036
20260109-193500-a186c,115,1,81.93528563345653,6.433714606915936
20260109-193500-a186c,116,2,92.75646825222059,7.28341446626468
20260109-193500-a186c,116,4,85.84582157937855,6.740777333818484
20260109-193500-a186c,116,5,104.42404711394153,8.199574969882258
20260109-193500-a186c,116,3,91.95228461819353,7.220268436408528
20260109-193500-a186c,116,1,82.43333668032665,6.472822523248502
20260109-193500-a186c,117,2,92.37858477215164,7.253742336038542
20260109-193500-a186c,117,4,86.52124334739926,6.7938127368337815
20260109-193500-a186c,117,5,103.38816183717901,8.118235285951569
20260109-193500-a186c,117,3,92.24122071897472,7.242956249085197
20260109-193500-a186c,117,1,82.2054885578278,6.454931454918832
20260109-193500-a186c,118,2,91.50875905744061,7.1854419650452375
20260109-193500-a186c,118,4,86.95663495518775,6.828000514725821
20260109-193500-a186c,118,5,102.12964440144711,8.019414101077093
20260109-193500-a186c,118,3,92.36206299273083,7.252445014466155
20260109-193500-a186c,118,1,82.24869338631213,6.458323980299807
20260109-193500-a186c,119,2,91.14933551552528,7.157219344304828
20260109-193500-a186c,119,4,86.74221015953383,6.811163471573801
20260109-193500-a186c,119,5,102.9982142713712,8.087615860746993
20260109-193500-a186c,119,3,92.77995784184064,7.285258913558427
20260109-193500-a186c,119,1,82.36785868279927,6.467681066233168
20260109-193500-a186c,120,2,89.51222886342883,7.028670613446784
20260109-193500-a186c,120,4,85.05958612814695,6.679040629443119
20260109-193500-a186c,120,5,104.51233195183565,8.20650726342023
20260109-193500-a186c,120,3,92.64723442293784,7.2748372180425935
20260109-193500-a186c,120,1,82.10956860079678,6.447399637291369
20260109-193500-a186c,121,2,88.5862975041744,6.955964720436455
20260109-193500-a186c,121,4,85.4293889199179,6.708078248641013
20260109-193500-a186c,121,5,104.85031643157554,8.2330464481854
20260109-193500-a186c,121,3,92.58998306202875,7.270341732195453
20260109-193500-a186c,121,1,82.30124809338413,6.46245067594671
20260109-193500-a186c,122,2,88.28439591749171,6.932258833124599
20260109-193500-a186c,122,4,85.32135653396428,6.699595340036298
20260109-193500-a186c,122,5,103.93464476854497,8.1611461660538
20260109-193500-a186c,122,3,92.40981946433513,7.256194943529805
20260109-193500-a186c,122,1,82.62114475058019,6.487569570452222
20260109-193500-a186c,123,2,88.33550602847535,6.936272096336588
20260109-193500-a186c,123,4,86.39727069718353,6.784078168333964
20260109-193500-a186c,123,5,102.7974134244722,8.071848595986918
20260109-193500-a186c,123,3,92.27408301740957,7.245536659317767
20260109-193500-a186c,123,1,82.74051755662313,6.496942950430938
20260109-193500-a186c,124,2,88.45134822925176,6.9453682464686155
20260109-193500-a186c,124,4,86.787201797654,6.814696300648905
20260109-193500-a186c,124,5,103.28693963666291,8.110287126071857
20260109-193500-a186c,124,3,92.15285028153644,7.236017234108065
20260109-193500-a186c,124,1,82.85993701438407,6.506319993591362
20260109-193500-a186c,125,2,89.12683454236408,6.998408717687379
20260109-193500-a186c,125,4,87.7839034119076,6.892959208806043
20260109-193500-a186c,125,5,102.6893248702897,8.063361276945944
20260109-193500-a186c,125,3,92.03196402968423,7.226525015483281
20260109-193500-a186c,125,1,83.17667153614774,6.531190591203013
20260109-193500-a186c,126,2,89.4667056867306,7.025096046950649
20260109-193500-a186c,126,4,87.85429545270956,6.8984865258540875
20260109-193500-a186c,126,5,102.06724938818985,8.01451472585568
20260109-193500-a186c,126,3,91.82712875890104,7.210440960079546
20260109-193500-a186c,126,1,83.12182307175392,6.5268837853646104
20260109-193500-a186c,127,2,89.02919386048528,6.990741785469151
20260109-193500-a186c,127,4,87.26823881141149,6.852468242712106
20260109-193500-a186c,127,5,101.70950148186881,7.986423679212018
20260109-193500-a186c,127,3,91.1778674228966,7.159459723987389
20260109-193500-a186c,127,1,82.72889927885193,6.496030661142802
20260109-193500-a186c,128,2,88.19695592412091,6.925392878386917
20260109-193500-a186c,128,4,86.11589542607003,6.761984046396239
20260109-193500-a186c,128,5,102.01524126961569,8.01043094937816
20260109-193500-a186c,128,3,90.32929815737064,7.092828449849681
20260109-193500-a186c,128,1,82.32934524878013,6.464656918076537
20260109-193500-a186c,129,2,87.99793315730852,6.909765231860146
20260109-193500-a186c,129,4,85.50093651073011,6.713696301675666
20260109-193500-a186c,129,5,102.42209669652583,8.04237801202373
20260109-193500-a186c,129,3,89.1407561345356,6.999501867607012
20260109-193500-a186c,129,1,81.78504442891499,6.421917381523402
20260109-193500-a186c,130,2,87.79740583491143,6.894019444764664
20260109-193500-a186c,130,4,85.24354237369279,6.693485224038129
20260109-193500-a186c,130,5,102.60197845589958,8.056502670207971
20260109-193500-a186c,130,3,88.98661796188945,6.987398644860305
20260109-193500-a186c,130,1,81.15344311889615,6.372322844290762
20260109-193500-a186c,131,2,87.8549926535529,6.898541271391557
20260109-193500-a186c,131,4,85.1221343610583,6.683952035763452
20260109-193500-a186c,131,5,103.14935633029071,8.09948382294023
20260109-193500-a186c,131,3,89.25009573856045,7.008087421463212
20260109-193500-a186c,131,1,80.81371460624119,6.345646714741011
20260109-193500-a186c,132,2,87.71600093229337,6.887627376841799
20260109-193500-a186c,132,4,83.61736814785064,6.565794928101469
20260109-193500-a186c,132,5,102.44041201689319,8.043816165845579
20260109-193500-a186c,132,3,90.03799192955704,7.06995453028645
20260109-193500-a186c,132,1,80.4740057710488,6.318972130303078
20260109-193500-a186c,133,2,87.50461252636929,6.871028756791696
20260109-193500-a186c,133,4,82.53993579239393,6.48119288845916
20260109-193500-a186c,133,5,102.16219025136941,8.02196966317004
20260109-193500-a186c,133,3,91.64752147434295,7.196337854180345
20260109-193500-a186c,133,1,80.13431686357163,6.292299110627282
20260109-193500-a186c,134,2,87.08118880085442,6.83778071979886
20260109-193500-a186c,134,4,81.9876751618651,6.4378283324197385
20260109-193500-a186c,134,5,102.62059784560438,8.057964700133045
20260109-193500-a186c,134,3,92.59314211343306,7.270589786925558
20260109-193500-a186c,134,1,81.10941455003842,6.368865637247526
20260109-193500-a186c,135,2,86.73652912957695,6.810717386286695
20260109-193500-a186c,135,4,82.84075724351915,6.504813961470806
20260109-193500-a186c,135,5,102.0402390727945,8.012393824471705
20260109-193500-a186c,135,3,92.23991841802246,7.242853989935255
20260109-193500-a186c,135,1,81.49152525336368,6.398869697091052
20260109-193500-a186c,136,2,86.42487230257147,6.786245498933788
20260109-193500-a186c,136,4,83.02746752394,6.5194748081270175
20260109-193500-a186c,136,5,101.38163627718524,7.96067907918818
20260109-193500-a186c,136,3,92.27575777508584,7.245668164478719
20260109-193500-a186c,136,1,82.2189500931208,6.455988480296561
20260109-193500-a186c,137,2,85.86077888334228,6.741951809799712
20260109-193500-a186c,137,4,83.80073091524908,6.58019292166255
20260109-193500-a186c,137,5,100.5691999412388,7.8968850314667725
20260109-193500-a186c,137,3,92.17787737727107,7.237982409308856
20260109-193500-a186c,137,1,82.55024820022734,6.482002638353815
20260109-193500-a186c,138,2,85.67140347555828,6.727081692269383
20260109-193500-a186c,138,4,84.49873041348363,6.635001171035125
20260109-193500-a186c,138,5,100.36118025010211,7.880550929314747
20260109-193500-a186c,138,3,92.3040439406703,7.247889248048361
20260109-193500-a186c,138,1,83.15974195781546,6.529861248483778
20260109-193500-a186c,139,2,85.740578963372,6.732513483260857
20260109-193500-a186c,139,4,84.57237613079377,6.640783972956567
20260109-193500-a186c,139,5,100.97439060909521,7.9287013740622685
20260109-193500-a186c,139,3,92.81283697546237,7.2878406457219205
20260109-193500-a186c,139,1,83.53433288729205,6.559274841369426
20260109-193500-a186c,140,2,86.283832415257,6.775170778486332
20260109-193500-a186c,140,4,84.47772238886914,6.633351580949733
20260109-193500-a186c,140,5,102.68208065816486,8.062792447619206
20260109-193500-a186c,140,3,92.78544120208792,7.2856894774436345
20260109-193500-a186c,140,1,83.90939020460404,6.588725055915765
20260109-193500-a186c,141,2,86.62580000551814,6.802022724672222
20260109-193500-a186c,141,4,84.94277756980637,6.669868599075512
20260109-193500-a186c,141,5,101.66473707375097,7.982908692669271
20260109-193500-a186c,141,3,92.7225110915562,7.280748085365574
20260109-193500-a186c,141,1,84.28490768364874,6.618211403237359
20260109-193500-a186c,142,2,86.87301168457752,6.821434256325137
20260109-193500-a186c,142,4,85.34921502442187,6.70178284174082
20260109-193500-a186c,142,5,101.77499322142694,7.991566215277766
20260109-193500-a186c,142,3,92.78162024542463,7.285389448652535
20260109-193500-a186c,142,1,84.6608792012166,6.6477334025281385
20260109-193500-a186c,143,2,86.1412851325302,6.763977694481496
20260109-193500-a186c,143,4,85.44254475961925,6.709111270218939
20260109-193500-a186c,143,5,102.04013490442794,8.012385644973259
20260109-193500-a186c,143,3,92.83376997499171,7.289484344694801
20260109-193500-a186c,143,1,84.08573926819493,6.602572320101994
20260109-193500-a186c,144,2,86.17148735248101,6.766349230287547
20260109-193500-a186c,144,4,85.80925498679464,6.737906055357521
20260109-193500-a186c,144,5,101.01530677030695,7.931914188932097
20260109-193500-a186c,144,3,93.27644285439445,7.32424386189524
20260109-193500-a186c,144,1,83.9567691658518,6.592445342147558
20260109-193500-a186c,145,2,86.81995779936761,6.817268364260568
20260109-193500-a186c,145,4,85.61012028889103,6.722269619788385
20260109-193500-a186c,145,5,99.48473190256156,7.811730536584262
20260109-193500-a186c,145,3,93.48126520852087,7.340326903058496
20260109-193500-a186c,145,1,84.01922815100285,6.597349740563853
20260109-193500-a186c,146,2,87.61242644330254,6.879494510793035
20260109-193500-a186c,146,4,85.88366523638639,6.743748889809144
20260109-193500-a186c,146,5,98.87996302745377,7.764242933221342
20260109-193500-a186c,146,3,93.62142972788617,7.351332887948157
20260109-193500-a186c,146,1,83.99672616396288,6.595582841704779
20260109-193500-a186c,147,2,87.92261295461147,6.903850946158431
20260109-193500-a186c,147,4,85.3276265530258,6.700087673869151
20260109-193500-a186c,147,5,99.66138575564145,7.825601733421391
20260109-193500-a186c,147,3,94.2192705007783,7.398276483536178
20260109-193500-a186c,147,1,84.04424579316773,6.599314173452351
20260109-193500-a186c,148,2,88.2570691334012,6.930113082016223
20260109-193500-a186c,148,4,84.87667743297006,6.664678290497283
20260109-193500-a186c,148,5,99.44941370214852,7.8089572842531005
20260109-193500-a186c,148,3,94.19925108519399,7.396704520913837
20260109-193500-a186c,148,1,84.09558065677147,6.603345084667929
20260109-193500-a186c,149,2,88.77433893900084,6.970730091870693
20260109-193500-a186c,149,4,84.8751121747076,6.664555383438756
20260109-193500-a186c,149,5,99.3966894048755,7.804817272060768
20260109-193500-a186c,149,3,94.30506222067851,7.405013012703156
20260109-193500-a186c,149,1,84.15072377249798,6.607675027089898
20260109-193500-a186c,150,2,88.40974471842016,6.9421014595981365
20260109-193500-a186c,150,4,86.24646377969675,6.772236522084031
20260109-193500-a186c,150,5,97.74334395204444,7.674993439655481
20260109-193500-a186c,150,3,99.17909810768379,7.7877315891799785
20260109-193500-a186c,150,1,84.20966765906095,6.612303413273417
20260109-193500-a186c,151,2,87.53376743481768,6.873318055704826
20260109-193500-a186c,151,4,88.55871502282649,6.953798891492661
20260109-193500-a186c,151,5,96.29234579324721,7.561058301983244
20260109-193500-a186c,151,3,102.98051153600535,8.086225808265635
20260109-193500-a186c,151,1,84.27240434117368,6.617229616983791
20260109-193500-a186c,152,2,87.03895238748356,6.834464236216152
20260109-193500-a186c,152,4,89.91529949346192,7.060320486636507
20260109-193500-a186c,152,5,95.12024726021659,7.469022893863245
20260109-193500-a186c,152,3,105.56694986622826,8.289317869718676
20260109-193500-a186c,152,1,84.33892535486555,6.622452973613935
20260109-193500-a186c,153,2,86.9938914567874,6.8309259661560695
20260109-193500-a186c,153,4,89.44450936642532,7.023353149625476
20260109-193500-a186c,153,5,95.45377937878376,7.495212470753242
20260109-193500-a186c,153,3,107.03062060457229,8.404248082461526
20260109-193500-a186c,153,1,84.40922175309656,6.627972780625235
20260109-193500-a186c,154,2,87.70360222819116,6.8866538069924665
20260109-193500-a186c,154,4,88.57654926070015,6.955199269801272
20260109-193500-a186c,154,5,97.30170135232181,7.640314821976853
20260109-193500-a186c,154,3,107.58866077947725,8.448066459327793
20260109-193500-a186c,154,1,84.48328411166209,6.633788298011204
20260109-193500-a186c,155,2,87.82542246522283,6.8962193639115545
20260109-193500-a186c,155,4,87.17421303113423,6.845085159449265
20260109-193500-a186c,155,5,98.18079120955527,7.709342631077027
20260109-193500-a186c,155,3,108.07841984111904,8.486523273194901
20260109-193500-a186c,155,1,84.56110253537815,6.639898748783158
20260109-193500-a186c,156,2,86.85634499655293,6.820125556253322
20260109-193500-a186c,156,4,85.57846025008654,6.719783613270715
20260109-193500-a186c,156,5,99.24204646796049,7.792674414262757
20260109-193500-a186c,156,3,107.48165970118885,8.439664530964237
20260109-193500-a186c,156,1,84.64266666453861,6.646303319477249
20260109-193500-a186c,157,2,85.4482914886912,6.70956251432563
20260109-193500-a186c,157,4,84.83502100305151,6.661407348319357
20260109-193500-a186c,157,5,99.16901291435443,7.786939680600725
20260109-193500-a186c,157,3,106.32375873105818,8.34874394251083
20260109-193500-a186c,157,1,84.72796568163425,6.65300116068206
20260109-193500-a186c,158,2,84.85275718594714,6.662800027164428
20260109-193500-a186c,158,4,85.39203084659665,6.705144821605824
20260109-193500-a186c,158,5,98.9653318907105,7.770946258879689
20260109-193500-a186c,158,3,105.71129485621847,8.300652113120105
20260109-193500-a186c,158,1,84.81698831832408,6.659991387586007
20260109-193500-a186c,159,2,84.47905066492193,6.633455879714018
20260109-193500-a186c,159,4,85.30316263713966,6.698166720622181
20260109-193500-a186c,159,5,98.60351250874642,7.742535512217727
20260109-193500-a186c,159,3,104.91558056104489,8.238171111873681
20260109-193500-a186c,159,1,84.90972286264861,6.667273080543733
20260109-193500-a186c,160,2,84.90547232121386,6.666939319938585
20260109-193500-a186c,160,4,84.56647598066148,6.640320681936152
20260109-193500-a186c,160,5,98.73598060887224,7.7529371596171455
20260109-193500-a186c,160,3,104.40395211362491,8.197997072202845
20260109-193500-a186c,161,2,85.14318678085623,6.685605111843162
20260109-193500-a186c,161,4,84.90005973702733,6.666514313524403
20260109-193500-a186c,161,5,97.90725781083486,7.687864267888064
20260109-193500-a186c,161,3,104.48939578216182,8.204706271714198
20260109-193500-a186c,162,2,85.24591355424366,6.693671413648964
20260109-193500-a186c,162,4,83.96791970069893,6.593320903370861
20260109-193500-a186c,162,5,96.20774683675556,7.554415430869752
20260109-193500-a186c,162,3,104.84605918521953,8.232712161097071
20260109-193500-a186c,163,2,85.21928621799755,6.691580584516858
20260109-193500-a186c,163,4,84.21552774841649,6.612763558645378
20260109-193500-a186c,163,5,96.13961236453163,7.549065382404154
20260109-193500-a186c,163,3,104.6292117148166,8.215684884911749
20260109-193500-a186c,164,2,84.91399415325579,6.667608470413401
20260109-193500-a186c,164,4,84.98103844458079,6.672872915799454
20260109-193500-a186c,164,5,96.80272772353653,7.601134462756003
20260109-193500-a186c,164,3,104.2886658903833,8.188944578485257
20260109-193500-a186c,165,2,85.01227562000551,6.675325718279546
20260109-193500-a186c,165,4,85.57458850259636,6.719479596287198
20260109-193500-a186c,165,5,96.24430449278742,7.5572860076156365
20260109-193500-a186c,165,3,104.18536600845134,8.18083327510552
20260109-193500-a186c,166,2,85.9057879609686,6.745486008258038
20260109-193500-a186c,166,4,86.00043905628668,6.752918192448288
20260109-193500-a186c,166,5,96.01015421810939,7.538900082299544
20260109-193500-a186c,166,3,104.18838289137065,8.18107016649554
20260109-193500-a186c,167,2,86.82253641530569,6.817470842092899
20260109-193500-a186c,167,4,86.9308905268038,6.82597901319983
20260109-193500-a186c,167,5,95.5234328499105,7.500681793904384
20260109-193500-a186c,167,3,104.20626597659573,8.182474380391175
20260109-193500-a186c,168,2,87.38050089448346,6.8612832751865644
20260109-193500-a186c,168,4,86.71473934251496,6.809006410725696
20260109-193500-a186c,168,5,97.15181331455918,7.628545327912116
20260109-193500-a186c,168,3,104.08404583590526,8.172877422275507
20260109-193500-a186c,169,2,87.6141948601957,6.879633370253994
20260109-193500-a186c,169,4,86.1331123241032,6.763335950005355
20260109-193500-a186c,169,5,98.34498904944192,7.722235758045898
20260109-193500-a186c,169,3,104.40789542595924,8.198306708594162
20260109-193500-a186c,170,2,87.7557999108481,6.890752468402637
20260109-193500-a186c,170,4,85.99781219667645,6.752711926430979
20260109-193500-a186c,170,5,99.0880581793941,7.7805829606993235
20260109-193500-a186c,170,3,104.29679697647634,8.18958304684431
20260109-193500-a186c,171,2,86.82867330025577,6.817952721981874
20260109-193500-a186c,171,4,86.9175915748196,6.8249347541730145
20260109-193500-a186c,171,5,98.59906136395662,7.742185999855254
20260109-193500-a186c,171,3,104.40966477122969,8.198445640953073
20260109-193500-a186c,172,2,86.4739463893336,6.790098889647955
20260109-193500-a186c,172,4,89.86809119718893,7.056613601343425
20260109-193500-a186c,172,5,98.2382643970663,7.71385553517124
20260109-193500-a186c,172,3,100.03360540231424,7.854829128667109
20260109-193500-a186c,173,2,86.02265218688134,6.754662409749385
20260109-193500-a186c,173,4,91.16692035791124,7.1586001396049745
20260109-193500-a186c,173,5,95.97787459666924,7.536365424973831
20260109-193500-a186c,173,3,97.32266642977126,7.641961039769087
20260109-193500-a186c,174,2,86.02968771870604,6.7552148531016964
20260109-193500-a186c,174,4,91.36853425115676,7.174431246311964
20260109-193500-a186c,174,5,95.81509521378993,7.523583677949473
20260109-193500-a186c,174,3,94.86344091510746,7.4488579707668805
20260109-193500-a186c,175,2,86.75963366445689,6.812531598349224
20260109-193500-a186c,175,4,90.24952608085304,7.086564594540611
20260109-193500-a186c,175,5,95.40514375590443,7.49139350905785
20260109-193500-a186c,175,3,93.35468238930169,7.330387379119587
20260109-193500-a186c,176,2,86.35031219668578,6.780390897480686
20260109-193500-a186c,176,4,90.46362161475288,7.10337578343289
20260109-193500-a186c,176,5,95.13094200632791,7.469862665687335
20260109-193500-a186c,176,3,97.03156830776473,7.619103461069996
20260109-193500-a186c,177,2,85.94879404674377,6.748862927983146
20260109-193500-a186c,177,4,90.0463133220905,7.070607941869488
20260109-193500-a186c,177,5,94.63840906659618,7.431188041632013
20260109-193500-a186c,177,3,99.89884480881224,7.844247470323608
20260109-193500-a186c,178,2,85.69509965752947,6.728942361587828
20260109-193500-a186c,178,4,89.80935480610565,7.052001508099977
20260109-193500-a186c,178,5,94.79360593734049,7.443374395368816
20260109-193500-a186c,178,3,101.64319836960577,7.981217432616881
20260109-193500-a186c,179,2,85.57952790552211,6.719867447607996
20260109-193500-a186c,179,4,88.63759115704887,6.959992395707119
20260109-193500-a186c,179,5,95.32914666820402,7.485426073057094
20260109-193500-a186c,179,3,98.63590113223853,7.745078728592065
20260109-193500-a186c,180,2,84.99038383139914,6.673606733363104
20260109-193500-a186c,180,4,86.10114793655904,6.760826045445262
20260109-193500-a186c,180,5,98.35392251052897,7.722937230416949
20260109-193500-a186c,180,3,96.24304445935056,7.557187067391467
20260109-193500-a186c,181,2,86.11252660069265,6.761719519814425
20260109-193500-a186c,181,4,84.28418218046112,6.618154435345937
20260109-193500-a186c,181,5,99.2749607324356,7.795258904967735
20260109-193500-a186c,181,3,93.8658214259941,7.37052298932841
20260109-193500-a186c,182,2,87.15514360211077,6.843587791580156
20260109-193500-a186c,182,4,84.45183799953615,6.631319089423583
20260109-193500-a186c,182,5,99.27571849332305,7.795318405795156
20260109-193500-a186c,182,3,92.84009082527864,7.289980669892239
20260109-193500-a186c,183,2,88.19807300229427,6.925480593491654
20260109-193500-a186c,183,4,86.62849181683973,6.802234090821553
20260109-193500-a186c,183,5,98.59343816752207,7.741744455766418
20260109-193500-a186c,183,3,92.21480908486434,7.240882357295418
20260109-193500-a186c,183,6,86.71972114510898,6.809397591349161
20260109-193500-a186c,184,2,89.29536397592378,7.011641969637447
20260109-193500-a186c,184,4,86.85824919021361,6.820275077164544
20260109-193500-a186c,184,5,100.00632077791188,7.852686688017705
20260109-193500-a186c,184,3,92.5246713472643,7.265213332019214
20260109-193500-a186c,184,6,86.55907415612684,6.796783283953015
20260109-193500-a186c,185,2,89.37031718765458,7.017527438509856
20260109-193500-a186c,185,4,88.51328157406009,6.950231370604547
20260109-193500-a186c,185,5,101.41133500028047,7.963011079462633
20260109-193500-a186c,185,3,92.68385754455407,7.277712935270788
20260109-193500-a186c,185,6,87.09170909689676,6.838606793471435
20260109-193500-a186c,186,2,88.1626631979128,6.922700148242507
20260109-193500-a186c,186,4,89.46521978918643,7.0249793714468
20260109-193500-a186c,186,5,100.37265507278774,7.881451954236471
20260109-193500-a186c,186,3,92.65984435386699,7.2758273738244865
20260109-193500-a186c,186,6,87.2537944103867,6.85133404084605
20260109-193500-a186c,187,2,87.57218862841624,6.876334960968037
20260109-193500-a186c,187,4,90.30584283666637,7.090986693416438
20260109-193500-a186c,187,5,103.17199366860689,8.101261349839177
20260109-193500-a186c,187,3,92.22912488179965,7.242006460923546
20260109-193500-a186c,187,6,87.48480279592421,6.869473259045661
20260109-193500-a186c,188,2,86.96060894388846,6.828312559883823
20260109-193500-a186c,188,4,90.46480468144102,7.103468680081429
20260109-193500-a186c,188,5,104.5058221068139,8.205996097996426
20260109-193500-a186c,188,3,91.26574894503476,7.166360348404416
20260109-193500-a186c,188,6,87.68035573864196,6.88482844837907
20260109-193500-a186c,189,2,86.51709541507434,6.793487033291272
20260109-193500-a186c,189,4,88.69266180279124,6.964316647647973
20260109-193500-a186c,189,5,104.83815349404631,8.232091391176203
20260109-193500-a186c,189,3,90.81389087945792,7.130879592899886
20260109-193500-a186c,189,6,87.36888426134563,6.860371115038172
20260109-193500-a186c,190,2,85.72965206443831,6.73165548235521
20260109-193500-a186c,190,4,87.67002758742055,6.884017462283617
20260109-193500-a186c,190,5,105.83641353976135,8.310476670338456
20260109-193500-a186c,190,3,90.04059367866752,7.070158824579517
20260109-193500-a186c,190,6,86.94172907443806,6.826830076593253
20260109-193500-a186c,191,2,85.77213688914382,6.7349914716688115
20260109-193500-a186c,191,4,88.08276237926299,6.916426183856131
20260109-193500-a186c,191,5,105.74841305984019,8.30356670512985
20260109-193500-a186c,191,3,90.26651849964298,7.08789887161221
20260109-193500-a186c,191,6,86.71084972302184,6.808700990398486
20260109-193500-a186c,192,2,86.11875394210962,6.762208502517383
20260109-193500-a186c,192,4,87.83283146119106,6.896801132379375
20260109-193500-a186c,192,5,106.17852644187973,8.337340026688002
20260109-193500-a186c,192,3,90.79564601096922,7.12944697109367
20260109-193500-a186c,192,6,86.78908652756955,6.814844293229806
20260109-193500-a186c,193,2,86.17523062297877,6.76664315901304
20260109-193500-a186c,193,4,88.24689374174802,6.929314090892874
20260109-193500-a186c,193,5,105.40186197083936,8.276354853897384
20260109-193500-a186c,193,3,90.85664645886146,7.134236842387809
20260109-193500-a186c,193,6,86.89156707551402,6.822891260945091
20260109-193500-a186c,194,2,86.01882050436748,6.75436153874408
20260109-193500-a186c,194,4,87.84309059563365,6.897606699145968
20260109-193500-a186c,194,5,103.91698335813064,8.159759358486305
20260109-193500-a186c,194,3,90.83660700844504,7.13266330659231
20260109-193500-a186c,194,6,87.17998668223976,6.845538517525284
20260109-193500-a186c,195,2,85.83623739474827,6.740024765396046
20260109-193500-a186c,195,4,88.92676641959149,6.982698987820584
20260109-193500-a186c,195,5,102.87401811974794,8.077863742491182
20260109-193500-a186c,195,3,90.60586447650525,7.114544963723292
20260109-193500-a186c,195,6,87.22620606051164,6.849167751094331
20260109-193500-a186c,196,2,84.95060462297994,6.670483194190944
20260109-193500-a186c,196,4,88.46081810305992,6.946111838987689
20260109-193500-a186c,196,5,104.01168732572046,8.167195694307983
20260109-193500-a186c,196,3,90.19745976938067,7.082476248645942
20260109-193500-a186c,196,6,87.13153151788096,6.84173372577646
20260109-193500-a186c,197,2,84.62238994410869,6.644711152788602
20260109-193500-a186c,197,4,90.42635638771549,7.100449646864658
20260109-193500-a186c,197,5,104.71363092009494,8.222313641617783
20260109-193500-a186c,197,3,90.06036775713919,7.071711522864729
20260109-193500-a186c,197,6,86.99931916717348,6.831352160308236
20260109-193500-a186c,198,2,84.36602802102244,6.624581126555515
20260109-193500-a186c,198,4,92.14784162363345,7.235623944754615
20260109-193500-a186c,198,5,104.91636709863506,8.23823287230258
20260109-193500-a186c,198,3,94.06538112089044,7.386192796470475
20260109-193500-a186c,198,6,86.97522769440405,6.829460452003804
20260109-193500-a186c,199,2,84.3574203213132,6.623905233587995
20260109-193500-a186c,199,4,92.63340738654868,7.273751492822995
20260109-193500-a186c,199,5,103.93261218018505,8.160986563346372
20260109-193500-a186c,199,3,97.30793278885032,7.640804126235763
20260109-193500-a186c,199,6,86.78227436239969,6.814309389052451
20260109-193500-a186c,200,2,84.54008957877986,6.638248771429009
20260109-193500-a186c,200,4,91.5387392460077,7.187796066524361
20260109-193500-a186c,200,5,100.36815198802117,7.881098363448145
20260109-193500-a186c,200,3,99.32802135769613,7.79942532627391
20260109-193500-a186c,200,6,86.73169113704637,6.81033749790318
20260109-193500-a186c,201,2,85.44948002162107,6.709655840193876
20260109-193500-a186c,201,4,90.27627495976459,7.088664967434186
20260109-193500-a186c,201,5,97.72038273922429,7.673190481513925
20260109-193500-a186c,201,3,100.27385440012226,7.8736939373334165
20260109-193500-a186c,201,6,86.54863865266563,6.795963868355329
20260109-193500-a186c,202,2,86.2917457709065,6.775792150236469
20260109-193500-a186c,202,4,91.40091159831357,7.176973577246988
20260109-193500-a186c,202,5,95.66219348057491,7.511577542780689
20260109-193500-a186c,202,3,100.88358063398782,7.921570801943245
20260109-193500-a186c,202,6,86.5459707805884,6.7957543819610375
20260109-193500-a186c,203,2,87.81111074306523,6.895095580242729
20260109-193500-a186c,203,4,91.4208421722594,7.17853856385475
20260109-193500-a186c,203,5,95.76247446141117,7.519451796299355
20260109-193500-a186c,203,3,100.87062249693462,7.920553304353616
20260109-193500-a186c,203,6,86.30153359395382,6.776560708735076
20260109-193500-a186c,204,2,91.07105689286371,7.151072757835599
20260109-193500-a186c,204,4,91.95017677559879,7.220102924595321
20260109-193500-a186c,204,5,96.38838069377347,7.568599145192769
20260109-193500-a186c,204,3,96.18858290100907,7.55291064215284
20260109-193500-a186c,204,6,85.95230919585859,6.749138944183379
20260109-193500-a186c,205,2,92.41480128122996,7.256586125276197
20260109-193500-a186c,205,4,92.39940324796915,7.255377042391553
20260109-193500-a186c,205,5,96.47408709094952,7.575328974657018
20260109-193500-a186c,205,3,92.33745405846973,7.250512674100314
20260109-193500-a186c,205,6,85.7728437545591,6.735046976086869
20260109-193500-a186c,206,2,94.4355503175046,7.415259186474178
20260109-193500-a186c,206,4,93.23724151863281,7.32116569838424
20260109-193500-a186c,206,5,96.0590862404555,7.5427423178453195
20260109-193500-a186c,206,3,89.94508974146783,7.06265967362118
20260109-193500-a186c,206,6,86.04759839027724,6.756621233129745
20260109-193500-a186c,207,2,96.05612500826496,7.542509796256464
20260109-193500-a186c,207,4,93.04210485523976,7.305843196095871
20260109-193500-a186c,207,5,94.81017924200586,7.444675762801493
20260109-193500-a186c,207,3,88.44475076984071,6.944850201396175
20260109-193500-a186c,207,6,85.9815736174869,6.751436842279875
20260109-193500-a186c,208,2,97.72016371048016,7.673173282959974
20260109-193500-a186c,208,4,92.24670362558398,7.243386777349883
20260109-193500-a186c,208,5,95.25639838921931,7.479713739701405
20260109-193500-a186c,208,3,91.85262963178984,7.212443337164404
20260109-193500-a186c,208,6,85.75028010715323,6.733275235538482
20260109-193500-a186c,209,2,98.53535515282482,7.737183666880624
20260109-193500-a186c,209,4,91.20933281207785,7.161930446246091
20260109-193500-a186c,209,5,95.87760487961124,7.528492055908478
20260109-193500-a186c,209,3,90.58729667142487,7.113086984321128
20260109-193500-a186c,209,6,86.12628516131996,6.762799868186847
20260109-193500-a186c,210,2,98.62299558915748,7.744065360781252
20260109-193500-a186c,210,4,91.71043056052252,7.201277595386251
20260109-193500-a186c,210,5,96.08664828093012,7.54490654173283
20260109-193500-a186c,210,3,89.64295976024302,7.038935852335086
20260109-193500-a186c,210,6,86.29539998577266,6.776079086144233
20260109-193500-a186c,211,2,97.8162614425691,7.680719059823412
20260109-193500-a186c,211,4,92.03108801861984,7.226456229426856
20260109-193500-a186c,211,5,94.32064813846615,7.40623684863852
20260109-193500-a186c,211,3,88.9865140373611,6.9873904845085
20260109-193500-a186c,211,6,86.8121507419579,6.816655339250579
20260109-193500-a186c,212,2,96.9041235648023,7.609096257237937
20260109-193500-a186c,212,4,93.04839092565845,7.306336790311846
20260109-193500-a186c,212,5,94.20630547913103,7.397258445355117
20260109-193500-a186c,212,3,88.50688283254281,6.949728929239422
20260109-193500-a186c,212,6,87.36159695756459,6.859798902072553
20260109-193500-a186c,213,2,95.8405763144712,7.525584502482957
20260109-193500-a186c,213,4,92.56695046911044,7.268533169152704
20260109-193500-a186c,213,5,94.70788570427239,7.436643479483984
20260109-193500-a186c,213,3,87.7946152943444,6.89380032620703
20260109-193500-a186c,213,6,88.53612572178656,6.952025136572091
20260109-193500-a186c,214,2,93.87553109173619,7.371285410766625
20260109-193500-a186c,214,4,92.34665819484815,7.251235400410524
20260109-193500-a186c,214,5,94.21738570361585,7.398128485674922
20260109-193500-a186c,214,3,87.4718326361403,6.86845481740833
20260109-193500-a186c,214,6,89.4664578558646,7.025076586799258
20260109-193500-a186c,215,2,92.24804593213574,7.243492177815657
20260109-193500-a186c,215,4,92.37873655036599,7.25375425395287
20260109-193500-a186c,215,5,93.62588384055576,7.3516826333542005
20260109-193500-a186c,215,3,87.58486924494505,6.8773306671177785
20260109-193500-a186c,215,6,89.61684444494902,7.036885228062866
20260109-193500-a186c,216,2,90.68010736225442,7.120374656447387
20260109-193500-a186c,216,4,91.90130911526245,7.216265742877078
20260109-193500-a186c,216,5,93.76153417045956,7.36233415549375
20260109-193500-a186c,216,3,92.21188297764527,7.240652593786191
20260109-193500-a186c,216,6,89.63778475962125,7.038529501434693
20260109-193500-a186c,217,2,89.54337095235894,7.031115949554305
20260109-193500-a186c,217,4,91.96124992895915,7.220972409676972
20260109-193500-a186c,217,5,93.08106991148864,7.308902806489728
20260109-193500-a186c,217,3,95.38943466275524,7.490160001158609
20260109-193500-a186c,217,6,89.18115031840767,7.002673695822452
20260109-193500-a186c,218,2,89.73153210227213,7.045890721245053
20260109-193500-a186c,218,4,92.3284806839628,7.249808067651551
20260109-193500-a186c,218,5,93.3470900650385,7.329791215365048
20260109-193500-a186c,218,3,93.00315914822342,7.302785105040589
20260109-193500-a186c,218,6,89.21867983829901,7.005620585168705
20260109-193500-a186c,219,2,90.47885485862648,7.1045719267411425
20260109-193500-a186c,219,4,92.98642725740837,7.301471285121541
20260109-193500-a186c,219,5,92.13753748154795,7.23481484390222
20260109-193500-a186c,219,3,90.71920057136997,7.123444329648297
20260109-193500-a186c,219,6,89.35810142326817,7.016568233435268
20260109-193500-a186c,220,2,91.42880139539213,7.1791635372069855
20260109-193500-a186c,220,4,93.35711095543844,7.330578074755871
20260109-193500-a186c,220,5,91.05603924901534,7.1498935438517615
20260109-193500-a186c,220,3,88.67905521270622,6.963248232291836
20260109-193500-a186c,220,6,89.13141388606167,6.998768296472141
20260109-193500-a186c,221,2,91.5494945927196,7.188640596822972
20260109-193500-a186c,221,4,94.29808525786156,7.404465168300829
20260109-193500-a186c,221,5,89.46049128927598,7.024608080632256
20260109-193500-a186c,221,3,87.64311239387254,6.881904030048176
20260109-193500-a186c,221,6,89.29549028490848,7.0116518876593785
20260109-193500-a186c,222,2,90.69393107557288,7.121460120733149
20260109-193500-a186c,222,4,94.09317884658003,7.388375526809735
20260109-193500-a186c,222,5,87.07289313156899,6.8371293280542265
20260109-193500-a186c,222,3,86.99048476295484,6.830658466071065
20260109-193500-a186c,222,6,89.70907912285773,7.044127670558034
20260109-193500-a186c,223,2,89.370994503797,7.017580622662756
20260109-193500-a186c,223,4,93.80501690273199,7.365748502409208
20260109-193500-a186c,223,5,85.96124883351605,6.749840901550497
20260109-193500-a186c,223,3,86.19976932342335,6.7685699844859055
20260109-193500-a186c,223,6,89.96884554366908,7.064525024433588
20260109-193500-a186c,224,2,88.86632781271327,6.977953233352435
20260109-193500-a186c,224,4,91.82564388886755,7.210324365257791
20260109-193500-a186c,224,5,85.9393066505016,6.748117959569198
20260109-193500-a186c,224,3,85.77476781576785,6.7351980570357854
20260109-193500-a186c,224,6,90.09380902459117,7.074337394846699
20260109-193500-a186c,225,2,88.78370431212795,6.971465478797355
20260109-193500-a186c,225,4,90.0458964965332,7.070575211933225
20260109-193500-a186c,225,5,85.22813023140641,6.692275033285938
20260109-193500-a186c,225,3,84.9782316276845,6.672652519193462
20260109-193500-a186c,225,6,90.0025441817937,7.0671711056507265
20260109-193500-a186c,226,2,88.4501594301982,6.945274899703831
20260109-193500-a186c,226,4,89.6833569327021,7.042107915220065
20260109-193500-a186c,226,5,85.13931924481618,6.685301425550727
20260109-193500-a186c,226,3,84.47061516856033,6.632793508481177
20260109-193500-a186c,226,6,90.14745030361418,7.078549410191686
20260109-193500-a186c,227,2,86.69009866665407,6.807071577949013
20260109-193500-a186c,227,4,89.18273652997337,7.002798248174237
20260109-193500-a186c,227,5,86.33359321170316,6.779078090952169
20260109-193500-a186c,227,3,85.0265044390723,6.676442992239861
20260109-193500-a186c,227,6,89.95079384059788,7.063107570343681
20260109-193500-a186c,228,2,84.56159430086136,6.639937363145066
20260109-193500-a186c,228,4,87.61379164267443,6.879601708846625
20260109-193500-a186c,228,5,89.3010466985661,7.012088187837436
20260109-193500-a186c,228,3,85.78307414704493,6.735850285980301
20260109-193500-a186c,228,6,89.53326864221091,7.030322696929865
20260109-193500-a186c,229,2,83.70574430401518,6.572734392123874
20260109-193500-a186c,229,4,87.07221033444766,6.8370757135244284
20260109-193500-a186c,229,5,90.65614161863785,7.118492820635387
20260109-193500-a186c,229,3,86.58622298136993,6.798915061393915
20260109-193500-a186c,229,6,89.62370147522138,7.037423655133478
20260109-193500-a186c,230,2,84.18364843787563,6.610260334493544
20260109-193500-a186c,230,4,87.08305036424744,6.83792689330031
20260109-193500-a186c,230,5,93.03781584891475,7.305506415154315
20260109-193500-a186c,230,3,86.79894891306567,6.815618706513837
20260109-193500-a186c,230,6,89.439565716251,7.022964964802634
20260109-193500-a186c,231,2,84.16865496416818,6.609083018395183
20260109-193500-a186c,231,4,87.51010918769497,6.8714603651029
20260109-193500-a186c,231,5,94.25256105039146,7.400890520866525
20260109-193500-a186c,231,3,87.58463707631712,6.877312436795138
20260109-193500-a186c,231,6,89.319484413674,7.01353595232731
20260109-193500-a186c,232,2,83.76513626919315,6.577397962293244
20260109-193500-a186c,232,4,88.3207329301442,6.9351120845322995
20260109-193500-a186c,232,5,94.55008464677007,7.424252640045391
20260109-193500-a186c,232,3,87.99865751010712,6.909822109420832
20260109-193500-a186c,232,6,89.3805054578678,7.018327440882256
20260109-193500-a186c,233,2,83.47966356601685,6.5549821021897285
20260109-193500-a186c,233,4,87.52904590110205,6.872947311889162
20260109-193500-a186c,233,5,94.21877441378061,7.398237529840727
20260109-193500-a186c,233,3,87.7030585460801,6.8866111160381065
20260109-193500-a186c,233,6,89.36019788837687,7.016732851866612
20260109-193500-a186c,234,2,83.46512148168289,6.553840230044277
20260109-193500-a186c,234,4,86.45998298372946,6.789002456457991
20260109-193500-a186c,234,5,93.4109899722157,7.334808757721899
20260109-193500-a186c,234,3,86.46590476497936,6.78946744599494
20260109-193500-a186c,234,6,89.16655295083879,7.001527482732153
20260109-193500-a186c,235,2,83.60629795044689,6.564925675127157
20260109-193500-a186c,235,4,86.08513099772783,6.759568364917028
20260109-193500-a186c,235,5,92.98095658813051,7.301041717755413
20260109-193500-a186c,235,3,84.54779881706907,6.638854115495438
20260109-193500-a186c,235,6,89.42129328731372,7.02153017889753
20260109-193500-a186c,236,2,84.1951712910558,6.611165130861134
20260109-193500-a186c,236,4,85.83097430718757,6.739611497741519
20260109-193500-a186c,236,5,93.46717428204407,7.339220456686852
20260109-193500-a186c,236,3,83.78874968899837,6.579252132968863
20260109-193500-a186c,236,6,88.98692728582247,6.987422933564382
20260109-193500-a186c,237,2,84.29691719892605,6.619154413239268
20260109-193500-a186c,237,4,85.81503851259826,6.738360188813633
20260109-193500-a186c,237,5,93.52142101453103,7.343480013390421
20260109-193500-a186c,237,3,87.80933325769239,6.8949560087074815
20260109-193500-a186c,237,6,87.88482184156442,6.9008835160196
20260109-193500-a186c,238,2,83.91424162355162,6.589105998567102
20260109-193500-a186c,238,4,85.46016519735248,6.710494860533515
20260109-193500-a186c,238,5,94.1119548144213,7.389849851548161
20260109-193500-a186c,238,3,92.0110129160583,7.224879894157052
20260109-193500-a186c,238,6,87.51459396009972,6.871812517969715
20260109-193500-a186c,239,2,83.00218587790634,6.517489645152163
20260109-193500-a186c,239,4,85.52865782591822,6.715873032116889
20260109-193500-a186c,239,5,94.17796898004522,7.395033409503131
20260109-193500-a186c,239,3,91.69857067236438,7.2003463343905825
20260109-193500-a186c,239,6,87.14552870550376,6.84283281159484
20260109-193500-a186c,240,2,83.8076500331766,6.58073622397404
20260109-193500-a186c,240,4,84.83469491327091,6.661381743129012
20260109-193500-a186c,240,5,93.64474267812844,7.353163465181694
20260109-193500-a186c,240,3,93.75459639733126,7.361789388340381
20260109-193500-a186c,240,6,86.77764091173194,6.813945561685389
20260109-193500-a186c,241,2,84.05925000204162,6.600492332496417
20260109-193500-a186c,241,4,84.09220351228474,6.603079904853811
20260109-193500-a186c,241,5,94.19243354804195,7.396169194918215
20260109-193500-a186c,241,3,92.25095494566506,7.243720599095824
20260109-193500-a186c,241,6,86.42234377284309,6.786046953965991
20260109-193500-a186c,242,2,84.1481377351036,6.6074719665106905
20260109-193500-a186c,242,4,85.85212295284404,6.741272129658825
20260109-193500-a186c,242,5,94.32509542269617,7.40658605786249
20260109-193500-a186c,242,3,91.28701827024943,7.168030456310368
20260109-193500-a186c,242,6,86.05711999127824,6.757368887366472
20260109-193500-a186c,243,2,83.71200871539962,6.573226285631247
20260109-193500-a186c,243,4,87.06544987532517,6.836544869404346
20260109-193500-a186c,243,5,94.26930799024001,7.402205522464332
20260109-193500-a186c,243,3,94.32014085620752,7.406197015869867
20260109-193500-a186c,243,6,85.69193266290961,6.728693683141316
20260109-193500-a186c,244,2,83.86382259439242,6.585147000415571
20260109-193500-a186c,244,4,85.90168944833341,6.745164185243646
20260109-193500-a186c,244,5,94.55720445325748,7.424811700804652
20260109-193500-a186c,244,3,92.74300841560984,7.282357574270715
20260109-193500-a186c,244,6,85.32678225578178,6.700021378042274
20260109-193500-a186c,245,2,84.41543353317412,6.628460541422198
20260109-193500-a186c,245,4,86.36516717587972,6.781557338726195
20260109-193500-a186c,245,5,95.67251097513245,7.512387692094607
20260109-193500-a186c,245,3,91.50544972491056,7.185182109955051
20260109-193500-a186c,245,6,84.96166924593784,6.671352009449156
20260109-193500-a186c,246,2,84.72129722772857,6.652477540986751
20260109-193500-a186c,246,4,87.71396532735388,6.8874675372668
20260109-193500-a186c,246,5,96.31728742269118,7.563016766208191
20260109-193500-a186c,246,3,90.63114813459464,7.116530284688593
20260109-193500-a186c,246,6,84.59659411759006,6.642685615383231
20260109-193500-a186c,247,2,85.83707806264147,6.740090776239387
20260109-193500-a186c,247,4,88.01440627395348,6.911058732338734
20260109-193500-a186c,247,5,96.8729174226103,7.606645891546355
20260109-193500-a186c,247,3,89.36135801183585,7.0168239469691205
20260109-193500-a186c,247,6,84.2315573632946,6.614022234520945
20260109-193500-a186c,248,2,88.14540055067243,6.92134465231855
20260109-193500-a186c,248,4,88.19816116041909,6.9254875158354405
20260109-193500-a186c,248,5,95.18315778895915,7.473962748341943
20260109-193500-a186c,248,3,92.18824868468937,7.238796784111043
20260109-193500-a186c,248,6,84.48581630415066,6.633987130585903
20260109-193500-a186c,249,2,88.97507032131453,6.986491902139292
20260109-193500-a186c,249,4,87.2655608731798,6.852257965904203
20260109-193500-a186c,249,5,95.4183152723705,7.492427761605184
20260109-193500-a186c,249,3,94.55928918579723,7.4249753979723465
20260109-193500-a186c,249,6,84.81541506305427,6.659867852587239
20260109-193500-a186c,250,2,90.35570612562486,7.094902053789456
20260109-193500-a186c,250,4,85.56063193427983,6.718383699974074
20260109-193500-a186c,250,5,95.76180693745123,7.519399381047264
20260109-193500-a186c,250,3,95.980744327148,7.536590761674087
20260109-193500-a186c,250,6,85.05887085858454,6.67898446511543
20260109-193500-a186c,251,2,92.74181645342749,7.282263979131036
20260109-193500-a186c,251,4,85.81559344640692,6.738403763272708
20260109-193500-a186c,251,5,96.33034691123984,7.564042222110185
20260109-193500-a186c,251,3,96.57509844395558,7.583260578388854
20260109-193500-a186c,251,6,84.85087747648495,6.662652428799082
20260109-193500-a186c,252,2,93.92785564409898,7.375394034227618
20260109-193500-a186c,252,4,84.69539356815154,6.650443536324354
20260109-193500-a186c,252,5,97.0535733809877,7.6208313413101925
20260109-193500-a186c,252,3,96.95656455291991,7.613214023456056
20260109-193500-a186c,252,6,84.2471189531213,6.615244160178504
20260109-193500-a186c,253,2,94.12466155018318,7.390847608629806
20260109-193500-a186c,253,4,85.47181939276788,6.71140997014345
20260109-193500-a186c,253,5,97.82476433395836,7.681386723042123
20260109-193500-a186c,253,3,97.2883376829352,7.639265481216397
20260109-193500-a186c,253,6,84.13641918818512,6.6065518038982285
20260109-193500-a186c,254,2,93.90708551242838,7.373763123949053
20260109-193500-a186c,254,4,85.07090409361726,6.679929337637689
20260109-193500-a186c,254,5,98.48100558939534,7.732916035695691
20260109-193500-a186c,254,3,93.44459481638033,7.337447474058744
20260109-193500-a186c,254,6,84.07220109078065,6.601509276639
20260109-193500-a186c,255,2,92.9713860892091,7.3002902239608884
20260109-193500-a186c,255,4,83.9020480047204,6.5881485324036655
20260109-193500-a186c,255,5,99.75730203407169,7.833133262198118
20260109-193500-a186c,255,3,94.47943378546859,7.4187049999190116
20260109-193500-a186c,255,6,84.21724399446396,6.612898321552217
20260109-193500-a186c,256,2,90.19334613618366,7.082153238336251
20260109-193500-a186c,256,4,84.313898424235,6.620487811377432
20260109-193500-a186c,256,5,99.37484546565237,7.803102044368988
20260109-193500-a186c,256,3,95.4278093922181,7.49317325796943
20260109-193500-a186c,256,6,83.89525952742346,6.587615488243187
20260109-193500-a186c,257,2,87.48526325093336,6.86950941484954
20260109-193500-a186c,257,4,85.02855282338062,6.676603835275229
20260109-193500-a186c,257,5,99.14533337876662,7.785080318387994
20260109-193500-a186c,257,3,94.71004963541009,7.43681339547636
20260109-193500-a186c,257,6,83.282286934658,6.539483713352492
20260109-193500-a186c,258,2,89.67701437742251,7.0416098857052845
20260109-193500-a186c,258,4,84.3782191348162,6.625538396018642
20260109-193500-a186c,258,5,99.2680962089378,7.7947198895147976
20260109-193500-a186c,258,3,93.86250843563322,7.370262847018383
20260109-193500-a186c,258,6,82.9400994627845,6.512614501643816
20260109-193500-a186c,259,2,92.73603767949987,7.281810218801274
20260109-193500-a186c,259,4,85.13496898220363,6.68495983464886
20260109-193500-a186c,259,5,99.93799452924898,7.8473215809010375
20260109-193500-a186c,259,3,94.24217612541962,7.400075076788109
20260109-193500-a186c,259,6,83.21417467639023,6.5341354091690205
20260109-193500-a186c,260,2,94.89158286394812,7.451067730163256
20260109-193500-a186c,260,4,85.60743150242138,6.722058491156186
20260109-193500-a186c,260,5,99.47047279647114,7.810610884429196
20260109-193500-a186c,260,3,94.38601205084669,7.4113693474709414
20260109-193500-a186c,260,6,83.59471495902558,6.564016156590388
20260109-193500-a186c,261,2,96.61692555057147,7.58654492242597
20260109-193500-a186c,261,4,86.66880640849618,6.805399669304703
20260109-193500-a186c,261,5,99.05933426749561,7.778327504455773
20260109-193500-a186c,261,3,94.8528364175763,7.44802528543311
20260109-193500-a186c,261,6,84.18156928711053,6.61009707561742
20260109-193500-a186c,262,2,98.0619624464422,7.700011970384851
20260109-193500-a186c,262,4,86.24209824967636,6.771893732356235
20260109-193500-a186c,262,5,98.94724045506129,7.769525684912117
20260109-193500-a186c,262,3,95.15615071406036,7.471842101407925
20260109-193500-a186c,262,6,84.74625116666006,6.654436971776091
20260109-193500-a186c,263,2,99.41216433319023,7.80603239289143
20260109-193500-a186c,263,4,85.86803046827785,6.742521218053587
20260109-193500-a186c,263,5,98.36225672952335,7.723591649158116
20260109-193500-a186c,263,3,95.23024119976091,7.477659827390082
20260109-193500-a186c,263,6,84.92317471905574,6.668329345916919
20260109-193500-a186c,264,2,103.33716905179904,8.11423123536933
20260109-193500-a186c,264,4,85.15821920901558,6.686785486719243
20260109-193500-a186c,264,5,97.93200105950672,7.68980715487713
20260109-193500-a186c,264,3,94.69937210355694,7.435974975348593
20260109-193500-a186c,264,6,84.27603879547175,6.617515001254132
20260109-193500-a186c,265,2,105.59226360092077,8.29130555235611
20260109-193500-a186c,265,4,86.17882185552074,6.766925149428811
20260109-193500-a186c,265,5,97.44521853301963,7.651584064216753
20260109-193500-a186c,265,3,93.77275605520192,7.363215319246654
20260109-193500-a186c,265,6,83.11258492173076,6.526158388238263
20260109-193500-a186c,266,2,106.72181847994808,8.380000351774052
20260109-193500-a186c,266,4,88.33283173828875,6.936062105980129
20260109-193500-a186c,266,5,96.95844530002366,7.613361703298992
20260109-193500-a186c,266,3,94.01361808862175,7.382128264636227
20260109-193500-a186c,266,6,82.91113081128674,6.510339827981024
20260109-193500-a186c,267,2,106.99750826104861,8.401648038212574
20260109-193500-a186c,267,4,90.07321361825052,7.072720204333664
20260109-193500-a186c,267,5,97.0788489144717,7.622816024316012
20260109-193500-a186c,267,3,94.04325909833902,7.384455733146374
20260109-193500-a186c,267,6,83.1187870589458,6.526645391859304
20260109-193500-a186c,268,2,107.45903319060795,8.437887854279676
20260109-193500-a186c,268,4,90.84153662646985,7.133050389584057
20260109-193500-a186c,268,5,96.67250504542947,7.590909130168074
20260109-193500-a186c,268,3,94.80426245152803,7.4442111651494685
20260109-193500-a186c,268,6,83.70925469088688,6.573010034383711
20260109-193500-a186c,269,2,105.3316447515948,8.270841264170832
20260109-193500-a186c,269,4,91.36539612467286,7.174184834646444
20260109-193500-a186c,269,5,96.73072422562608,7.595480611028093
20260109-193500-a186c,269,3,95.37012310886591,7.488643621184103
20260109-193500-a186c,269,6,84.46287920721339,6.632186066069381
20260109-193500-a186c,270,2,105.78449581496972,8.306399991752821
20260109-193500-a186c,270,4,91.58876580566186,7.1917242472232195
20260109-193500-a186c,270,5,96.60631696754946,7.5857119162916815
20260109-193500-a186c,270,3,96.02934512323283,7.540406988703276
20260109-193500-a186c,270,6,85.38232088097787,6.704382376620721
20260109-193500-a186c,271,2,103.76087447642054,8.147501391912286
20260109-193500-a186c,271,4,90.51840195896933,7.107677240345287
20260109-193500-a186c,271,5,96.38475919276652,7.568314778039506
20260109-193500-a186c,271,3,97.33066057155806,7.6425887550005145
20260109-193500-a186c,271,6,85.89586973796024,6.744707210506249
20260109-193500-a186c,272,2,105.78375109061713,8.306341514578936
20260109-193500-a186c,272,4,89.66618971229778,7.040759912392938
20260109-193500-a186c,272,5,96.79195381923593,7.600288475280199
20260109-193500-a186c,272,3,98.0053175477302,7.695564105103939
20260109-193500-a186c,272,6,85.6404611755908,6.724652043971544
20260109-193500-a186c,273,2,107.18275696655259,8.416194119223935
20260109-193500-a186c,273,4,89.67453387538706,7.0414151119633654
20260109-193500-a186c,273,5,95.62299727726332,7.508499782279437
20260109-193500-a186c,273,3,98.27460110966045,7.716708763017789
20260109-193500-a186c,273,6,85.59316320438302,6.720938117231868
20260109-193500-a186c,274,2,108.02209687311425,8.482100686525975
20260109-193500-a186c,274,4,89.29898992389896,7.011926685975121
20260109-193500-a186c,274,5,96.07606229541692,7.544075309997952
20260109-193500-a186c,274,3,97.84328672615092,7.682841136537884
20260109-193500-a186c,274,6,85.41986597103998,6.7073304885664236
20260109-193500-a186c,275,2,107.99443331456293,8.479928491245822
20260109-193500-a186c,275,4,89.51962572404894,7.029251429023968
20260109-193500-a186c,275,5,96.13632240796389,7.5488070487514145
20260109-193500-a186c,275,3,97.71742274215079,7.672958056908811
20260109-193500-a186c,275,6,85.06428544455635,6.679409628713603
20260109-193500-a186c,276,2,106.70606909719528,8.378763680258437
20260109-193500-a186c,276,4,89.87405906456927,7.057082209651069
20260109-193500-a186c,276,5,95.61809678582395,7.508114986362625
20260109-193500-a186c,276,3,97.59587097616527,7.663413580847351
20260109-193500-a186c,276,6,85.52881270494657,6.715885193513036
20260109-193500-a186c,277,2,106.0513749042569,8.32735584589738
20260109-193500-a186c,277,4,89.91323882032898,7.060158678659237
20260109-193500-a186c,277,5,94.89852284923357,7.451612671019416
20260109-193500-a186c,277,3,98.06454278288466,7.700214583314461
20260109-193500-a186c,277,6,86.00157879574571,6.7530076869603155
20260109-193500-a186c,278,2,106.37402474110783,8.35269092531058
20260109-193500-a186c,278,4,90.1639974072401,7.079848720268867
20260109-193500-a186c,278,5,91.38544914359844,7.175759435867112
20260109-193500-a186c,278,3,97.48761283452147,7.654912945476076
20260109-193500-a186c,278,6,86.20040737870366,6.768620085801171
20260109-193500-a186c,279,2,106.99283842409429,8.401281353725023
20260109-193500-a186c,279,4,90.23961888679064,7.085786662802653
20260109-193500-a186c,279,5,89.52894378535059,7.029983100936027
20260109-193500-a186c,279,3,96.76993628023405,7.598559616203312
20260109-193500-a186c,279,6,86.39926952187912,6.784235119854194
20260109-193500-a186c,280,2,107.85327484908778,8.468844459815456
20260109-193500-a186c,280,4,89.05088884854361,6.9924453172319145
20260109-193500-a186c,280,5,87.24893111256358,6.850952165442791
20260109-193500-a186c,280,3,97.10958053190406,7.62522912942012
20260109-193500-a186c,280,6,86.59816499407121,6.7998527709650505
20260109-193500-a186c,281,2,108.44291218894254,8.515143906224631
20260109-193500-a186c,281,4,88.56939034040886,6.954637137751671
20260109-193500-a186c,281,5,86.15476384767315,6.765036068853749
20260109-193500-a186c,281,3,97.98511505649319,7.693977767032829
20260109-193500-a186c,281,6,87.65237055232053,6.88263099827413
20260109-193500-a186c,282,2,108.64853853208739,8.531290078136156
20260109-193500-a186c,282,4,88.41116297293908,6.942212823642873
20260109-193500-a186c,282,5,85.33515115718188,6.700678520111963
20260109-193500-a186c,282,3,98.82886227848293,7.760230405132422
20260109-193500-a186c,282,6,87.95401253211125,6.90631650075862
20260109-193500-a186c,283,2,108.74266004370253,8.538680678405889
20260109-193500-a186c,283,4,88.75300639123697,6.969055019609821
20260109-193500-a186c,283,5,84.70024752219432,6.650824678036192
20260109-193500-a186c,283,3,99.52642275344914,7.8150041815622036
20260109-193500-a186c,283,6,88.59421237404858,6.956586211086396
20260109-193500-a186c,284,2,108.53227580272866,8.522160907299291
20260109-193500-a186c,284,4,88.10914800633408,6.918498033523677
20260109-193500-a186c,284,5,84.93903753802755,6.669574924660396
20260109-193500-a186c,284,3,99.56604539375417,7.8181154267079815
20260109-193500-a186c,284,6,88.3049471792277,6.933872557319238
20260109-193500-a186c,285,2,107.93349187786332,8.475143253622868
20260109-193500-a186c,285,4,88.09706701987507,6.917549411468522
20260109-193500-a186c,285,5,86.08413286567719,6.759489989688283
20260109-193500-a186c,285,3,99.48941138967284,7.81209797882051
20260109-193500-a186c,285,6,87.91849567498227,6.903527649523943
20260109-193500-a186c,286,2,107.21197031430805,8.418488006902708
20260109-193500-a186c,286,4,88.73905656245987,6.9679596524981635
20260109-193500-a186c,286,5,87.23200199083267,6.8496228585767645
20260109-193500-a186c,286,3,99.23228350751998,7.791907808023367
20260109-193500-a186c,286,6,87.42822756836107,6.865030864475989
20260109-193500-a186c,287,2,106.94682833434904,8.397668553889506
20260109-193500-a186c,287,4,87.74270919440926,6.889724560427258
20260109-193500-a186c,287,5,88.10817625325764,6.918421729622202
20260109-193500-a186c,287,3,95.49094973108069,7.49813115757624
20260109-193500-a186c,287,6,87.02706022614682,6.833530441069061
20260109-193500-a186c,288,2,107.10875938042734,8.410383687893283
20260109-193500-a186c,288,4,87.56290894186556,6.875606302314477
20260109-193500-a186c,288,5,88.47854601053179,6.947503868030732
20260109-193500-a186c,288,3,96.72994546881685,7.595419461560925
20260109-193500-a186c,288,6,87.69270151148882,6.885797861965467
20260109-193500-a186c,289,2,106.7314161222044,8.380753976914905
20260109-193500-a186c,289,4,86.74761919343011,6.811588199212434
20260109-193500-a186c,289,5,88.4479893918021,6.945104504157899
20260109-193500-a186c,289,3,97.72913704286816,7.6738778861014785
20260109-193500-a186c,289,6,88.16741598980856,6.92307334650998
20260109-193500-a186c,290,2,106.19042850149418,8.338274599066702
20260109-193500-a186c,290,4,85.23619212657614,6.692908068641975
20260109-193500-a186c,290,5,88.15812800474387,6.922344036241303
20260109-193500-a186c,290,3,98.73654769170633,7.752981688040826
20260109-193500-a186c,290,6,88.48484581776323,6.947998540887394
20260109-193500-a186c,291,2,106.28519553138148,8.34571588666003
20260109-193500-a186c,291,4,84.5165562174023,6.636400887093535
20260109-193500-a186c,291,5,88.4701152674518,6.946841870034612
20260109-193500-a186c,291,3,99.5101359525975,7.813725310954394
20260109-193500-a186c,291,6,88.35111905677896,6.937498061041275
20260109-193500-a186c,292,2,106.75386604213064,8.38251678736509
20260109-193500-a186c,292,4,85.41078595005293,6.706617508033021
20260109-193500-a186c,292,5,87.58869738467035,6.877631259936582
20260109-193500-a186c,292,3,94.25804848795758,7.401321404910569
20260109-193500-a186c,292,6,87.3246755631734,6.856899763898251
20260109-193500-a186c,293,2,107.31203901319127,8.426345591638302
20260109-193500-a186c,293,4,85.21864938112847,6.691530578873562
20260109-193500-a186c,293,5,87.18665402363722,6.846062049864331
20260109-193500-a186c,293,3,96.117796146861,7.5473523314614495
20260109-193500-a186c,293,6,86.80686698095809,6.816240448278257
20260109-193500-a186c,294,2,107.73262741316752,8.459370993472278
20260109-193500-a186c,294,4,84.92138187761041,6.668188568593626
20260109-193500-a186c,294,5,87.29301078419547,6.854413385173139
20260109-193500-a186c,294,3,94.65430241466147,7.432436017578029
20260109-193500-a186c,294,6,86.39677384750456,6.7840391547513255
20260109-193500-a186c,295,2,108.12306035684637,8.490028531471294
20260109-193500-a186c,295,4,84.80974909488336,6.65942294998024
20260109-193500-a186c,295,5,87.69676665830197,6.8861170650319945
20260109-193500-a186c,295,3,93.909996327911,7.373991686722024
20260109-193500-a186c,295,6,86.17674071427204,6.766761734256126
20260109-193500-a186c,296,2,108.38374720677169,8.510498159193084
20260109-193500-a186c,296,4,85.7064849294668,6.729836354814319
20260109-193500-a186c,296,5,88.12295221403154,6.919581966190945
20260109-193500-a186c,296,3,93.56549602768145,7.346940867327935
20260109-193500-a186c,296,6,86.40334482414997,6.784555120346593
20260109-193500-a186c,297,2,108.44280722675379,8.515135664393755
20260109-193500-a186c,297,4,85.81865339320484,6.738644036120456
20260109-193500-a186c,297,5,88.26816153431068,6.930984078452072
20260109-193500-a186c,297,3,93.42542149737577,7.335941948550546
20260109-193500-a186c,297,6,86.85071120606369,6.819683180299144
20260109-193500-a186c,298,2,108.22604809539,8.498115324757956
20260109-193500-a186c,298,4,89.06752595089397,6.9937516941802675
20260109-193500-a186c,298,5,88.62419558989411,6.958940550273186
20260109-193500-a186c,298,3,93.35887908034275,7.33071691128931
20260109-193500-a186c,298,6,86.27722020068691,6.774651574810716
20260109-193500-a186c,299,2,108.19527049433134,8.49569860893197
20260109-193500-a186c,299,4,91.47570762976135,7.182846704024353
20260109-193500-a186c,299,5,88.3117367895108,6.934405690443947
20260109-193500-a186c,299,3,92.98897257155298,7.301671148033653
20260109-193500-a186c,299,6,86.27410708665462,6.7744071271705115
20260109-193500-a186c,300,2,107.47561674750075,8.439190026736767
20260109-193500-a186c,300,4,91.46828072644394,7.182263529437385
20260109-193500-a186c,300,5,88.40705885267413,6.9418905603067165
20260109-193500-a186c,300,3,92.7565776944918,7.2834230598801595
20260109-193500-a186c,300,6,86.05180729416307,6.756951724275288
20260109-193500-a186c,301,2,107.04574505193577,8.405435682860691
20260109-193500-a186c,301,4,90.89388984273144,7.137161263788951
20260109-193500-a186c,301,5,88.37973125966032,6.939744745680142
20260109-193500-a186c,301,3,92.95976579524014,7.2993777763570655
20260109-193500-a186c,301,6,85.58325845577309,6.720160377515495
20260109-193500-a186c,302,2,106.99952072227981,8.401806060499542
20260109-193500-a186c,302,4,90.88322026458715,7.136323468201546
20260109-193500-a186c,302,5,88.44090556477268,6.944548268574174
20260109-193500-a186c,302,3,93.36787026041148,7.331422915864681
20260109-193500-a186c,302,6,85.72384524525017,6.731199519858203
20260109-193500-a186c,303,2,106.95132814508405,8.398021887594641
20260109-193500-a186c,303,4,91.26115262606497,7.165999436688964
20260109-193500-a186c,303,5,88.6993763271068,6.964843884879571
20260109-193500-a186c,303,3,93.56320498362547,7.3467609701872325
20260109-193500-a186c,303,6,86.26672582701666,6.773827536612146
20260109-193500-a186c,304,2,106.36779692878207,8.352201905630968
20260109-193500-a186c,304,4,89.0953006675701,6.99593261780799
20260109-193500-a186c,304,5,88.66838709866555,6.962410551668633
20260109-193500-a186c,304,3,93.76592858176654,7.3626792130351495
20260109-193500-a186c,304,6,86.80711237081408,6.816259716756894
20260109-193500-a186c,305,2,105.66511630095954,8.29702608505175
20260109-193500-a186c,305,4,89.89071954591334,7.058390422362515
20260109-193500-a186c,305,5,88.95437753904635,6.984867065483055
20260109-193500-a186c,305,3,93.92521518487655,7.375186700342869
20260109-193500-a186c,305,6,87.1587386351741,6.8438700804201
20260109-193500-a186c,306,2,105.29283263164885,8.267793662626625
20260109-193500-a186c,306,4,90.09977024974438,7.074805481594025
20260109-193500-a186c,306,5,88.20312508166492,6.925877292381406
20260109-193500-a186c,306,3,94.0101038890538,7.381852322996222
20260109-193500-a186c,306,6,87.03384929764391,6.834063531887267
20260109-193500-a186c,307,2,104.64774568025065,8.217140207160464
20260109-193500-a186c,307,4,90.93870691090864,7.140680385299807
20260109-193500-a186c,307,5,87.29172778870304,6.854312641924653
20260109-193500-a186c,307,3,94.02631622117133,7.383125346177265
20260109-193500-a186c,307,6,86.40451619738826,6.784647098803189
20260109-193500-a186c,308,2,104.07861997128533,8.172451373056413
20260109-193500-a186c,308,4,90.42669625711906,7.100476334057231
20260109-193500-a186c,308,5,86.80032321506641,6.815726619323174
20260109-193500-a186c,308,3,93.74156993168675,7.360766525459687
20260109-193500-a186c,308,6,85.48418870608626,6.712381232172485
20260109-193500-a186c,309,2,103.71668885438956,8.144031852754907
20260109-193500-a186c,309,4,88.16427811191936,6.92282695436459
20260109-193500-a186c,309,5,85.84498842148903,6.7407119126749295
20260109-193500-a186c,309,3,93.72160361684485,7.359198732408726
20260109-193500-a186c,309,6,84.6838722771951,6.649538862625545
20260109-193500-a186c,310,2,104.2524036226471,8.186097196190675
20260109-193500-a186c,310,4,88.97912250748475,6.986810087511464
20260109-193500-a186c,310,5,84.32629732376991,6.621461396572512
20260109-193500-a186c,310,3,93.86228387984383,7.370245214470317
20260109-193500-a186c,310,6,84.80204996509968,6.658818399652908
20260109-193500-a186c,311,2,104.65188673880759,8.217465370961625
20260109-193500-a186c,311,4,88.71777976210231,6.966288957629762
20260109-193500-a186c,311,5,84.097943683018,6.603530633987264
20260109-193500-a186c,311,3,93.73483231524483,7.360237474990368
20260109-193500-a186c,311,6,85.52428698145042,6.7155298250885656
20260109-193500-a186c,312,2,105.27315630725431,8.26624864017764
20260109-193500-a186c,312,4,90.31156539005637,7.09143603920256
20260109-193500-a186c,312,5,84.19104510233511,6.6108411346678215
20260109-193500-a186c,312,3,94.03103497110496,7.383495871405067
20260109-193500-a186c,312,6,85.98245935109689,6.75150639176909
20260109-193500-a186c,313,2,105.61140761634805,8.292808776891635
20260109-193500-a186c,313,4,90.90301192521808,7.1378775470713745
20260109-193500-a186c,313,5,85.5916670263985,6.720820634488272
20260109-193500-a186c,313,3,93.92489298734836,7.375161400779593
20260109-193500-a186c,313,6,86.25257989119581,6.772716770802086
20260109-193500-a186c,314,2,105.72702441779245,8.301887228239025
20260109-193500-a186c,314,4,91.16986072100414,7.158831022512555
20260109-193500-a186c,314,5,86.54269618450363,6.795497254442661
20260109-193500-a186c,314,3,93.85824410224171,7.369928003442534
20260109-193500-a186c,314,6,86.55007461184783,6.79607662260393
20260109-193500-a186c,315,2,104.96036762838189,8.241687877661452
20260109-193500-a186c,315,4,90.8895325867954,7.136819123758011
20260109-193500-a186c,315,5,86.43673672384536,6.787177115878334
20260109-193500-a186c,315,3,94.0480127148795,7.384828996166521
20260109-193500-a186c,315,6,86.57658549686943,6.798158307764201
20260109-193500-a186c,316,2,104.19726574647281,8.18176766518832
20260109-193500-a186c,316,4,89.17603501554342,7.002272032503625
20260109-193500-a186c,316,5,86.45184606408492,6.78836353003737
20260109-193500-a186c,316,3,94.39266702071687,7.411891908374115
20260109-193500-a186c,316,6,86.79778330797703,6.815527180983332
20260109-193500-a186c,317,2,104.09238329268779,8.173532095253963
20260109-193500-a186c,317,4,87.90119954057803,6.90216952412413
20260109-193500-a186c,317,5,86.43980142880761,6.7874177623462035
20260109-193500-a186c,317,3,94.84533736447815,7.44743644550801
20260109-193500-a186c,317,6,87.20760510971088,6.847707169027104
20260109-193500-a186c,318,2,104.49782887118174,8.205368453917986
20260109-193500-a186c,318,4,87.76082078820524,6.891146717250888
20260109-193500-a186c,318,5,86.15417244166643,6.764989630528251
20260109-193500-a186c,318,3,94.6136213378044,7.429241661979255
20260109-193500-a186c,318,6,87.62758648954899,6.880684906484259
20260109-193500-a186c,319,2,104.87007073111099,8.23459759339089
20260109-193500-a186c,319,4,87.54718912428088,6.874371952312146
20260109-193500-a186c,319,5,86.45224602930087,6.788394936067534
20260109-193500-a186c,319,3,94.35190861220778,7.408691480546809
20260109-193500-a186c,319,6,88.23712492971379,6.928547025175204
20260109-193500-a186c,320,2,104.96681999892274,8.242194530079601
20260109-193500-a186c,320,4,88.2097562460743,6.926397984034479
20260109-193500-a186c,320,5,86.46899978401366,6.789710472781454
20260109-193500-a186c,320,3,94.49022591357824,7.419552418362994
20260109-193500-a186c,320,6,88.42993921274012,6.943687169736097
20260109-193500-a186c,321,2,104.7774875616876,8.22732778667857
20260109-193500-a186c,321,4,89.10360442680734,6.9965846447910405
20260109-193500-a186c,321,5,85.98589833792397,6.7517764275614995
20260109-193500-a186c,321,3,94.14360385884211,7.392334994765895
20260109-193500-a186c,321,6,88.70634593478748,6.965391151742596
20260109-193500-a186c,322,2,104.70159802945265,8.221368796137716
20260109-193500-a186c,322,4,89.41171661273611,7.020778200178724
20260109-193500-a186c,322,5,85.39774395455589,6.7055934257187415
20260109-193500-a186c,322,3,93.95325818081912,7.377388689769312
20260109-193500-a186c,322,6,88.71184067604834,6.965822609286655
20260109-193500-a186c,323,2,104.78384900401652,8.227827299240419
20260109-193500-a186c,323,4,89.57864908229199,7.0338860554750955
20260109-193500-a186c,323,5,84.73092538969402,6.6532335625932655
20260109-193500-a186c,323,3,93.45318983415781,7.338122371216839
20260109-193500-a186c,323,6,88.33118215523756,6.935932577578663
20260109-193500-a186c,324,2,104.38705726942136,8.196670456873521
20260109-193500-a186c,324,4,88.64204603455232,6.960342201169373
20260109-193500-a186c,324,5,84.11183551663393,6.604621447208462
20260109-193500-a186c,324,3,92.5507147318288,7.26725830815362
20260109-193500-a186c,324,6,88.22199316062027,6.92735884985986
20260109-193500-a186c,325,2,105.04772540107187,8.248547376274754
20260109-193500-a186c,325,4,87.27780483805006,6.8532193853344685
20260109-193500-a186c,325,5,84.61788143432068,6.644357136017265
20260109-193500-a186c,325,3,92.33298442162919,7.250161709706814
20260109-193500-a186c,325,6,88.06918320573679,6.915359921300385
20260109-193500-a186c,326,2,105.09672697178003,8.252395072890314
20260109-193500-a186c,326,4,87.67703368948573,6.884567594755186
20260109-193500-a186c,326,5,80.56209424629124,6.325889005071827
20260109-193500-a186c,326,3,92.84563340578664,7.290415883865055
20260109-193500-a186c,326,6,87.84599888425696,6.897835063505136
20260109-193500-a186c,327,2,105.46991838919524,8.281698773424672
20260109-193500-a186c,327,4,88.85855120683048,6.97734259945431
20260109-193500-a186c,327,5,78.66996591971593,6.177315486852758
20260109-193500-a186c,327,3,93.4018284700823,7.334089379133769
20260109-193500-a186c,327,6,87.68906955193147,6.885512673586917
20260109-193500-a186c,328,2,106.1098438740242,8.33194694071001
20260109-193500-a186c,328,4,90.03034931375156,7.069354417544271
20260109-193500-a186c,328,5,78.6788230145885,6.178010962803271
20260109-193500-a186c,328,3,93.95873731470893,7.377818921792884
20260109-193500-a186c,328,6,88.10263173574478,6.917986363552078
20260109-193500-a186c,329,2,106.82842657548483,8.388371422383832
20260109-193500-a186c,329,4,90.32413604614334,7.0924231110490785
20260109-193500-a186c,329,5,79.3782234249984,6.23292921446675
20260109-193500-a186c,329,3,94.34231130525433,7.407937881734575
20260109-193500-a186c,329,6,88.30811540201088,6.934121332203472
20260109-193500-a186c,330,2,106.77146845807138,8.383898962574213
20260109-193500-a186c,330,4,89.87480212573821,7.057140556228609
20260109-193500-a186c,330,5,81.62302114105684,6.409195004519472
20260109-193500-a186c,330,3,95.39425871361736,7.490538794815777
20260109-193500-a186c,330,6,88.66994981890221,6.962533259436543
20260109-193500-a186c,331,2,106.07305920360291,8.329058538362105
20260109-193500-a186c,331,4,89.4555213608676,7.024217832392453
20260109-193500-a186c,331,5,83.34531560632637,6.5444328446386315
20260109-193500-a186c,331,3,96.15773416074767,7.5504883403412295
20260109-193500-a186c,331,6,88.45838913176554,6.9459211115376585
20260109-193500-a186c,332,2,105.35370872537435,8.272573769394858
20260109-193500-a186c,332,4,88.62455617882182,6.958968864402237
20260109-193500-a186c,332,5,87.02662450919394,6.833496227744453
20260109-193500-a186c,332,3,96.40353958163097,7.5697894499250875
20260109-193500-a186c,332,6,87.74350785637587,6.889787272885277
20260109-193500-a186c,333,2,105.26328886442751,8.265473829782376
20260109-193500-a186c,333,4,88.12838514645291,6.920008570387263
20260109-193500-a186c,333,5,90.15595903982265,7.079217532356728
20260109-193500-a186c,333,3,96.5383357393012,7.580373900834782
20260109-193500-a186c,333,6,87.62271571263018,6.880302443808169
20260109-193500-a186c,334,2,104.83242151653405,8.231641305390061
20260109-193500-a186c,334,4,88.41552228506059,6.94255512512941
20260109-193500-a186c,334,5,92.33467721970766,7.25029463143449
20260109-193500-a186c,334,3,96.60485333931707,7.5855969894165876
20260109-193500-a186c,334,6,88.03392772087982,6.912591593514076
20260109-193500-a186c,335,2,104.40784128535033,8.198302457370485
20260109-193500-a186c,335,4,89.01766189760401,6.989836273790488
20260109-193500-a186c,335,5,92.36190742315551,7.252432798846946
20260109-193500-a186c,335,3,96.41710953799179,7.570854988731462
20260109-193500-a186c,335,6,88.00738879102036,6.910507706219748
20260109-193500-a186c,336,2,103.70898251694456,8.143426736468285
20260109-193500-a186c,336,4,88.68661683699196,6.963841985425703
20260109-193500-a186c,336,5,92.07647117579229,7.230019801323274
20260109-193500-a186c,336,3,96.61618562806395,7.586486822302101
20260109-193500-a186c,336,6,87.56524554640352,6.875789776950956
20260109-193500-a186c,337,2,102.86822291633104,8.077408692086644
20260109-193500-a186c,337,4,88.51242362153421,6.950164002538943
20260109-193500-a186c,337,5,91.73471865319492,7.203184742659766
20260109-193500-a186c,337,3,95.53792628874615,7.501819846312701
20260109-193500-a186c,337,6,86.92142136007203,6.82523547620174
20260109-193500-a186c,338,2,102.51055719995576,8.049324099153985
20260109-193500-a186c,338,4,89.16125563966538,7.001111527774405
20260109-193500-a186c,338,5,89.52410937846889,7.029603494104488
20260109-193500-a186c,338,3,94.32918306320784,7.406907027177046
20260109-193500-a186c,338,6,86.57133760349132,6.797746233185815
20260109-193500-a186c,339,2,101.8662794588919,7.998734184423759
20260109-193500-a186c,339,4,89.83342868835415,7.053891835163219
20260109-193500-a186c,339,5,87.65024616308907,6.882464187187507
20260109-193500-a186c,339,3,94.47830594991191,7.418616440124057
20260109-193500-a186c,339,6,87.45011419743496,6.866749444256119
20260109-193500-a186c,340,2,101.39896976759627,7.962040137852761
20260109-193500-a186c,340,4,89.61252992219403,7.036546443522652
20260109-193500-a186c,340,5,86.43928502954073,6.787377213692706
20260109-193500-a186c,340,3,95.41386313447758,7.492078171262364
20260109-193500-a186c,340,6,88.50359799998192,6.949470997933454
20260109-193500-a186c,341,2,101.323155039237,7.956087021054627
20260109-193500-a186c,341,4,89.03249182047982,6.991000747566199
20260109-193500-a186c,341,5,85.55407145474497,6.717868558631911
20260109-193500-a186c,341,3,96.37217314858933,7.567326497890848
20260109-193500-a186c,341,6,88.62004837625254,6.9586149031630615
20260109-193500-a186c,342,2,101.26712283108895,7.951687265403167
20260109-193500-a186c,342,4,88.52834997537698,6.95141457016144
20260109-193500-a186c,342,5,85.49301002903401,6.713073899243364
20260109-193500-a186c,342,3,96.9061614172332,7.6092562732902405
20260109-193500-a186c,342,6,88.66977722299349,6.962519706877222
20260109-193500-a186c,343,2,101.54234228713538,7.9732980210230915
20260109-193500-a186c,343,4,88.0680630270414,6.915271962736755
20260109-193500-a186c,343,5,87.12687050857069,6.841367734452325
20260109-193500-a186c,343,3,97.18716915960806,7.631321536171748
20260109-193500-a186c,343,6,88.78927329940183,6.971902766279697
20260109-193500-a186c,344,2,100.9106040592213,7.923692732736669
20260109-193500-a186c,344,4,89.15328251906215,7.000485463166329
20260109-193500-a186c,344,5,89.03654746888557,6.991319204799696
20260109-193500-a186c,344,3,97.44425294810364,7.651508244650981
20260109-193500-a186c,344,6,88.4462282221785,6.944966213766342
20260109-193500-a186c,345,2,99.59824302887442,7.8206436463117806
20260109-193500-a186c,345,4,90.43904778224153,7.101446199323261
20260109-193500-a186c,345,5,91.2296461120875,7.163525485232974
20260109-193500-a186c,345,3,97.84288469698545,7.682809568442474
20260109-193500-a186c,345,6,88.34747367719112,6.937211818896384
20260109-193500-a186c,346,2,97.67656805286019,7.669750068931253
20260109-193500-a186c,346,4,89.9323223826611,7.061657156302647
20260109-193500-a186c,346,5,94.08666638023276,7.387864155554463
20260109-193500-a186c,346,3,98.37663315240638,7.724720513251072
20260109-193500-a186c,346,6,87.82400573526446,6.896108119578217
20260109-193500-a186c,347,2,95.89314633351313,7.529712400454887
20260109-193500-a186c,347,4,89.1467580844571,6.999973152140672
20260109-193500-a186c,347,5,96.40444936529342,7.569860887870204
20260109-193500-a186c,347,3,98.68895966425575,7.7492449855327905
20260109-193500-a186c,347,6,88.20757157453288,6.92622643946612
20260109-193500-a186c,348,2,94.03376731595988,7.3837104203246
20260109-193500-a186c,348,4,85.31525104201216,6.699115925185285
20260109-193500-a186c,348,5,98.08268994518788,7.701639533044991
20260109-193500-a186c,348,3,98.81207547925779,7.758912273700485
20260109-193500-a186c,348,6,88.42749914294532,6.943495570810685
20260109-193500-a186c,349,2,92.79796086274642,7.28667254503203
20260109-193500-a186c,349,4,81.91034699801821,6.431756377786013
20260109-193500-a186c,349,5,100.36192627913992,7.880609508935001
20260109-193500-a186c,349,3,98.62289533866279,7.744057488921563
20260109-193500-a186c,349,6,88.57253185917774,6.954883815785866
20260109-193500-a186c,350,2,93.45111125734346,7.33795915740842
20260109-193500-a186c,350,4,85.43635263218324,6.708625052584803
20260109-193500-a186c,350,5,100.50262911358483,7.891657763349495
20260109-193500-a186c,350,3,98.2623187735353,7.715744330603543
20260109-193500-a186c,350,6,88.20121970358028,6.92572767846696
20260109-193500-a186c,351,2,93.80455581616346,7.365712297014083
20260109-193500-a186c,351,4,88.91210592907686,6.981547818196419
20260109-193500-a186c,351,5,99.59082718824251,7.820061340387938
20260109-193500-a186c,351,3,97.60550982334665,7.664170441477362
20260109-193500-a186c,351,6,87.46696588628464,6.868072670944904
20260109-193500-a186c,352,2,94.1226597258341,7.390690421571073
20260109-193500-a186c,352,4,89.81460366251521,7.052413658297426
20260109-193500-a186c,352,5,98.0424986827429,7.698483638606307
20260109-193500-a186c,352,3,97.39371940077521,7.647540254314795
20260109-193500-a186c,352,6,87.32205199683176,6.8566937564746615
20260109-193500-a186c,353,2,94.27269646146031,7.402471591675132
20260109-193500-a186c,353,4,90.21039329833789,7.083491813961029
20260109-193500-a186c,353,5,97.28156210271354,7.638733449758822
20260109-193500-a186c,353,3,96.97265857079124,7.614477756377253
20260109-193500-a186c,353,6,86.73395496857493,6.810515258264425
20260109-193500-a186c,354,2,93.69615727936694,7.357200637548149
20260109-193500-a186c,354,4,90.30148843468773,7.090644777483665
20260109-193500-a186c,354,5,96.91889100143187,7.610255824474639
20260109-193500-a186c,354,3,96.76441171784404,7.598125817047422
20260109-193500-a186c,354,6,87.51251951566188,6.871649628643367
20260109-193500-a186c,355,2,92.96980052085344,7.300165722115179
20260109-193500-a186c,355,4,89.49411970803158,7.027248648090864
20260109-193500-a186c,355,5,96.77763803241058,7.599164372445924
20260109-193500-a186c,355,3,96.25420452113204,7.558063376687792
20260109-193500-a186c,355,6,88.29092656302403,6.932771631844089
20260109-193500-a186c,356,2,92.1776573150483,7.237965129604194
20260109-193500-a186c,356,4,89.77456781964136,7.0492699676993364
20260109-193500-a186c,356,5,96.61760407961181,7.586598201817924
20260109-193500-a186c,356,3,95.70563612334722,7.514988741792279
20260109-193500-a186c,356,6,88.88586642280315,6.979487442212052
20260109-193500-a186c,357,2,93.29307101886208,7.325549537024026
20260109-193500-a186c,357,4,90.66929439233051,7.119525601464473
20260109-193500-a186c,357,5,97.5305201108055,7.658282106491837
20260109-193500-a186c,357,3,95.2308355252222,7.477706494956711
20260109-193500-a186c,357,6,89.47878849242954,7.026044811855986
20260109-193500-a186c,358,2,94.08403575430414,7.387657593798664
20260109-193500-a186c,358,4,90.73545254301595,7.124720465400576
20260109-193500-a186c,358,5,96.61451954237559,7.586355998082149
20260109-193500-a186c,358,3,95.03721169934013,7.462502783549671
20260109-193500-a186c,358,6,89.62245836227011,7.037326043538048
20260109-193500-a186c,359,2,94.30533127862618,7.40503413964541
20260109-193500-a186c,359,4,90.51421118115705,7.107348172493546
20260109-193500-a186c,359,5,93.89614964430126,7.3729044187652635
20260109-193500-a186c,359,3,95.15711543800919,7.471917853368918
20260109-193500-a186c,359,6,89.73619011890067,7.0462564775781225
20260109-193500-a186c,360,2,93.91496154790018,7.3743815652477895
20260109-193500-a186c,360,4,89.0261240048745,6.990500734562555
20260109-193500-a186c,360,5,88.58584745472442,6.95592938169689
20260109-193500-a186c,360,3,95.21044885768924,7.476105695012229
20260109-193500-a186c,360,6,89.26764459799601,7.009465391313594
20260109-193500-a186c,361,2,93.83650755775525,7.368221208589923
20260109-193500-a186c,361,4,87.61718135652868,6.879867875631408
20260109-193500-a186c,361,5,85.6495292903255,6.725364089603347
20260109-193500-a186c,361,3,95.07246181190627,7.465270689493476
20260109-193500-a186c,361,6,87.85868182316334,6.898830952012386
20260109-193500-a186c,362,2,94.55570843743996,7.424694230794717
20260109-193500-a186c,362,4,87.23653869346441,6.849979089103861
20260109-193500-a186c,362,5,84.53923203520375,6.6381814354749205
20260109-193500-a186c,362,3,95.28823445396924,7.482213568111409
20260109-193500-a186c,362,6,87.2919034584254,6.854326435845673
20260109-193500-a186c,363,2,95.23229595096622,7.4778211703663215
20260109-193500-a186c,363,4,87.02277157548204,6.833193688054623
20260109-193500-a186c,363,5,84.41491869486511,6.628420115338084
20260109-193500-a186c,363,3,95.99207810387178,7.537480711398379
20260109-193500-a186c,363,6,86.5470939867201,6.795842578244729
20260109-193500-a186c,364,2,95.69563172841218,7.514203177656763
20260109-193500-a186c,364,4,86.32467392302694,6.778377731425795
20260109-193500-a186c,364,5,85.32654759087468,6.700002951707041
20260109-193500-a186c,364,3,96.12146123045888,7.547640120802719
20260109-193500-a186c,364,6,86.87410108047364,6.821519797764767
20260109-193500-a186c,365,2,95.63476620028288,7.509423900519256
20260109-193500-a186c,365,4,86.73652298682636,6.810716903946225
20260109-193500-a186c,365,5,86.58721585237684,6.798993023515491
20260109-193500-a186c,365,3,95.93200419947159,7.532763594063083
20260109-193500-a186c,365,6,87.21461477604174,6.8482575813716
20260109-193500-a186c,366,2,95.57765642085887,7.504939531919851
20260109-193500-a186c,366,4,86.98018329855834,6.829849575475909
20260109-193500-a186c,366,5,87.16991246943701,6.844747471157884
20260109-193500-a186c,366,3,95.61941509251902,7.508218502313963
20260109-193500-a186c,366,6,87.82892075975758,6.896494056658074
20260109-193500-a186c,367,2,94.77961939331183,7.442276145305712
20260109-193500-a186c,367,4,86.26203257935732,6.773459013871469
20260109-193500-a186c,367,5,87.91678289390234,6.903393158692951
20260109-193500-a186c,367,3,95.24187927543889,7.478573671247547
20260109-193500-a186c,367,6,88.07134309756152,6.915529520118216
20260109-193500-a186c,368,2,93.73885715754169,7.360553513269549
20260109-193500-a186c,368,4,86.3840179010723,6.78303753355416
20260109-193500-a186c,368,5,88.92208384602571,6.982331303230055
20260109-193500-a186c,368,3,95.03607673446385,7.46241366394697
20260109-193500-a186c,368,6,88.13283261701211,6.920357794242155
20260109-193500-a186c,369,2,92.58898312989248,7.270263215620557
20260109-193500-a186c,369,4,86.97309850032278,6.829293263631228
20260109-193500-a186c,369,5,90.70559887516211,7.122376298568711
20260109-193500-a186c,369,3,94.86311669421575,7.448832512325249
20260109-193500-a186c,369,6,88.72743778053012,6.9670473236225385
20260109-193500-a186c,370,2,92.87799280582902,7.292956805558489
20260109-193500-a186c,370,4,88.59366497763297,6.956543228477772
20260109-193500-a186c,370,5,91.08991732362759,7.152553714763498
20260109-193500-a186c,370,3,94.89406107287097,7.451262323845607
20260109-193500-a186c,370,6,89.32214537040613,7.013744895715541
20260109-193500-a186c,371,2,93.26852380727433,7.323622043239997
20260109-193500-a186c,371,4,92.16460943343387,7.236940585100772
20260109-193500-a186c,371,5,92.00194920288538,7.224168194144259
20260109-193500-a186c,371,3,95.16621378169582,7.472632272635573
20260109-193500-a186c,371,6,89.05602233846811,6.992848408633335
20260109-193500-a186c,372,2,94.86586461335587,7.449048284167303
20260109-193500-a186c,372,4,93.57108835383796,7.347379987423772
20260109-193500-a186c,372,5,92.16954748548451,7.2373283303482845
20260109-193500-a186c,372,3,94.46461980612695,7.417541778059955
20260109-193500-a186c,372,6,88.67116611790226,6.962628765549477
20260109-193500-a186c,373,2,95.29540221183719,7.482776394104354
20260109-193500-a186c,373,4,92.00364586229004,7.224301419070618
20260109-193500-a186c,373,5,93.33968429888984,7.329209700508809
20260109-193500-a186c,373,3,94.77563342671193,7.441963159620262
20260109-193500-a186c,373,6,88.69236668249506,6.964293474240502
20260109-193500-a186c,374,2,95.87599949753259,7.5283659982515205
20260109-193500-a186c,374,4,90.47211615932675,7.104042791243766
20260109-193500-a186c,374,5,94.55993647259731,7.425026224164119
20260109-193500-a186c,374,3,94.974430213125,7.457573061735884
20260109-193500-a186c,374,6,88.60746354500387,6.95762671825586
20260109-193500-a186c,375,2,96.18499289791679,7.552628748275799
20260109-193500-a186c,375,4,88.47908486365876,6.9475461798040685
20260109-193500-a186c,375,5,94.93060588455394,7.454131892028766
20260109-193500-a186c,375,3,94.60766382101748,7.42877386641991
20260109-193500-a186c,375,6,88.65158083214314,6.961090891627456
20260109-193500-a186c,376,2,96.71487359188541,7.594235989092161
20260109-193500-a186c,376,4,87.33482916079836,6.857697043713015
20260109-193500-a186c,376,5,94.58357872705177,7.426882658991289
20260109-193500-a186c,376,3,95.02177840267021,7.461290931715013
20260109-193500-a186c,376,6,88.03820302763943,6.912927298739678
20260109-193500-a186c,377,2,97.39608009633955,7.647725620624527
20260109-193500-a186c,377,4,87.10596119481522,6.839725895331497
20260109-193500-a186c,377,5,93.44085730303746,7.337153997396014
20260109-193500-a186c,377,3,95.40599929859077,7.491460687898265
20260109-193500-a186c,377,6,87.63046071300242,6.8809105959814385
20260109-193500-a186c,378,2,98.98928664212129,7.772827231562765
20260109-193500-a186c,378,4,87.38936254260291,6.861979108666691
20260109-193500-a186c,378,5,90.02224040919053,7.068717690921339
20260109-193500-a186c,378,3,95.14532249174657,7.470991848778322
20260109-193500-a186c,378,6,87.25103532633274,6.851117392313705
20260109-193500-a186c,379,2,100.46303611668033,7.888548845859958
20260109-193500-a186c,379,4,87.4114772994973,6.863715601477571
20260109-193500-a186c,379,5,88.04889459028774,6.913766820592192
20260109-193500-a186c,379,3,94.55613052603849,7.424727373994997
20260109-193500-a186c,379,6,87.01992072314748,6.8329698337021885
20260109-193500-a186c,380,2,100.95157596149191,7.9269099245005545
20260109-193500-a186c,380,4,87.63644033326283,6.881380127147599
20260109-193500-a186c,380,5,88.0695661613154,6.915389991701443
20260109-193500-a186c,380,3,94.58084001681954,7.426667610250212
20260109-193500-a186c,380,6,87.22459793439964,6.849041477970651
20260109-193500-a186c,381,2,100.95467203390596,7.927153034000452
20260109-193500-a186c,381,4,88.39516715287829,6.940956801400696
20260109-193500-a186c,381,5,90.09396858137602,7.074349923549192
20260109-193500-a186c,381,3,94.77299106544565,7.44175567638341
20260109-193500-a186c,381,6,87.548563017931,6.8744798330570145
20260109-193500-a186c,382,2,101.0835283185338,7.93727107477121
20260109-193500-a186c,382,4,88.80503906845331,6.973140724478678
20260109-193500-a186c,382,5,92.2723525742179,7.24540078162414
20260109-193500-a186c,382,3,94.90772608534374,7.452335326638849
20260109-193500-a186c,382,6,87.70661635991205,6.886890482353148
20260109-193500-a186c,383,2,100.56670654787409,7.896689245473141
20260109-193500-a186c,383,4,88.67637766863466,6.963037986434136
20260109-193500-a186c,383,5,94.60532429577438,7.428590162444102
20260109-193500-a186c,383,3,95.40945069968284,7.491731698482394
20260109-193500-a186c,383,6,87.83822780501096,6.897224863569052
20260109-193500-a186c,384,2,101.79334761994174,7.993007437590142
20260109-193500-a186c,384,4,88.41192755216005,6.9422728598588215
20260109-193500-a186c,384,5,94.61243143301296,7.429148228389826
20260109-193500-a186c,384,3,95.55607146329743,7.503244639961165
20260109-193500-a186c,384,6,88.38478176281218,6.940141320802193
20260109-193500-a186c,385,2,101.61476118885902,7.978984491049211
20260109-193500-a186c,385,4,89.0949358692737,6.995903973151296
20260109-193500-a186c,385,5,96.48544819079008,7.576221069844454
20260109-193500-a186c,385,3,94.80802131237252,7.444506318058664
20260109-193500-a186c,385,6,88.68838133653277,6.963980537288699
20260109-193500-a186c,386,2,101.35385351735455,7.958497523996651
20260109-193500-a186c,386,4,90.40527924803955,7.098794629733068
20260109-193500-a186c,386,5,97.3546406100849,7.644471713276083
20260109-193500-a186c,386,3,94.13064142507046,7.391317159789755
20260109-193500-a186c,386,6,88.96030238039701,6.98533229530494
20260109-193500-a186c,387,2,98.26378873621125,7.715859754871205
20260109-193500-a186c,387,4,91.38938322665602,7.176068347558049
20260109-193500-a186c,387,5,97.78067566679954,7.677924796965877
20260109-193500-a186c,387,3,93.28139621261312,7.324632809012203
20260109-193500-a186c,387,6,88.56226020150926,6.954077265671736
20260109-193500-a186c,388,2,96.85988849460887,7.605622835316708
20260109-193500-a186c,388,4,91.89998567672644,7.21616182396382
20260109-193500-a186c,388,5,99.58715866800331,7.819773281195049
20260109-193500-a186c,388,3,91.70320988896961,7.200710614510031
20260109-193500-a186c,388,6,88.56696160385101,6.9544464287336
20260109-193500-a186c,389,2,98.9476718918289,7.76955956214843
20260109-193500-a186c,389,4,90.29896308962901,7.090446482582194
20260109-193500-a186c,389,5,101.46092801524138,7.966905217406843
20260109-193500-a186c,389,3,91.38630335050216,7.175826509819333
20260109-193500-a186c,389,6,88.67021667994517,6.962554213873656
20260109-193500-a186c,390,2,100.85775983725065,7.919543303828779
20260109-193500-a186c,390,4,88.88582623214684,6.979484286365208
20260109-193500-a186c,390,5,102.5851924138514,8.055184598231012
20260109-193500-a186c,390,3,91.48151124621805,7.183302415036791
20260109-193500-a186c,390,6,88.53219857975184,6.951716769903483
20260109-193500-a186c,391,2,102.54804241673897,8.052267509735849
20260109-193500-a186c,391,4,87.72555354697022,6.888377466331395
20260109-193500-a186c,391,5,94.37375278047539,7.410406726223598
20260109-193500-a186c,391,3,91.61542461996058,7.19381754807194
20260109-193500-a186c,391,6,88.37368060624577,6.939269636855493
20260109-193500-a186c,392,2,103.51197925938648,8.127957665652673
20260109-193500-a186c,392,4,87.1536987520688,6.843474339204322
20260109-193500-a186c,392,5,85.88607773563423,6.743938323842722
20260109-193500-a186c,392,3,91.89557470364353,7.2158154659602465
20260109-193500-a186c,392,6,88.43450561795554,6.944045732566609
20260109-193500-a186c,393,2,101.83552857244375,7.996319566279848
20260109-193500-a186c,393,4,87.32109928731141,6.856618947909465
20260109-193500-a186c,393,5,78.67033893078093,6.177344776391677
20260109-193500-a186c,393,3,91.6729448194814,7.198334143638657
20260109-193500-a186c,393,6,88.31397694024429,6.934581591344082
20260109-193500-a186c,394,2,100.28554407211537,7.874611832631769
20260109-193500-a186c,394,4,89.8199296066308,7.052831861568301
20260109-193500-a186c,394,5,80.01352226077225,6.282814088460597
20260109-193500-a186c,394,3,91.30313551820224,7.1692960133017865
20260109-193500-a186c,394,6,88.12509961364982,6.919750584096945
20260109-193500-a186c,395,2,99.52329916217018,7.814758911228646
20260109-193500-a186c,395,4,89.34014038434437,7.01515789846681
20260109-193500-a186c,395,5,82.68716043139997,6.492753247383256
20260109-193500-a186c,395,3,91.34193931368232,7.1723429611930865
20260109-193500-a186c,395,6,88.37068768842784,6.939034627250856
20260109-193500-a186c,396,2,99.63698781659282,7.823685960801302
20260109-193500-a186c,396,4,89.68087690292677,7.041913178560911
20260109-193500-a186c,396,5,84.38132672088791,6.625782409592857
20260109-193500-a186c,396,3,91.101547461562,7.153466935334229
20260109-193500-a186c,396,6,88.7202514642297,6.966483040386147
20260109-193500-a186c,397,2,99.41484899114846,7.8062431973450535
20260109-193500-a186c,397,4,89.10023587367229,6.996320139586212
20260109-193500-a186c,397,5,86.6581905895933,6.804566094995273
20260109-193500-a186c,397,3,91.73687196399618,7.203353824723107
20260109-193500-a186c,397,6,89.41090811614188,7.020714715487022
20260109-193500-a186c,398,2,98.82004718379747,7.759538227116555
20260109-193500-a186c,398,4,88.49970309348826,6.949165162460897
20260109-193500-a186c,398,5,89.45375871585676,7.0240794261506805
20260109-193500-a186c,398,3,92.34426736814238,7.251047668146206
20260109-193500-a186c,398,6,90.02883985188906,7.069235891725287
20260109-193500-a186c,399,2,99.1839304923355,7.78811103722217
20260109-193500-a186c,399,4,88.64883107670619,6.960874975595878
20260109-193500-a186c,399,5,91.63506079692006,7.195359418067894
20260109-193500-a186c,399,3,92.49798281654435,7.263117697780527
20260109-193500-a186c,399,6,90.27154961673752,7.088293924504135
20260109-193500-a186c,400,2,97.87724106272584,7.6855072956841095
20260109-193500-a186c,400,4,89.14415120236482,6.999768454796103
20260109-193500-a186c,400,5,89.07871195981885,6.994630040895687
20260109-193500-a186c,400,3,92.32338263850282,7.24940775941696
20260109-193500-a186c,400,6,90.61870694838942,7.115553379063659
20260109-193500-a186c,401,2,97.2763652441476,7.638325382531043
20260109-193500-a186c,401,4,89.67444683809869,7.041408277629792
20260109-193500-a186c,401,5,89.83506125436872,7.054020027354575
20260109-193500-a186c,401,3,91.98383081242908,7.222745503633921
20260109-193500-a186c,401,6,90.26646101398345,7.087894357728788
20260109-193500-a186c,402,2,97.32100527564461,7.641830602784748
20260109-193500-a186c,402,4,88.18625092607361,6.924552301561299
20260109-193500-a186c,402,5,90.65151225404196,7.118129314114466
20260109-193500-a186c,402,3,91.65861507716531,7.197208944992682
20260109-193500-a186c,402,6,89.99529239945103,7.066601681896071
20260109-193500-a186c,403,2,97.68356064694485,7.670299140730478
20260109-193500-a186c,403,4,86.22487915745911,6.770541656455609
20260109-193500-a186c,403,5,91.52645658237837,7.186831608393863
20260109-193500-a186c,403,3,91.40068430033855,7.176955729377286
20260109-193500-a186c,403,6,89.83467689423351,7.053989846665058
20260109-193500-a186c,404,2,98.36012124115041,7.7234239665457745
20260109-193500-a186c,404,4,85.79102182953051,6.736474353138953
20260109-193500-a186c,404,5,92.45823366428758,7.259996518675459
20260109-193500-a186c,404,3,91.58435446456679,7.191377860322629
20260109-193500-a186c,404,6,90.07114719303172,7.0725579446916615
20260109-193500-a186c,405,2,98.5703975185192,7.739935260144574
20260109-193500-a186c,405,4,86.12443774126274,6.762654805247048
20260109-193500-a186c,405,5,93.44514341220062,7.3374905508469075
20260109-193500-a186c,405,3,92.00357877414635,7.224296151181861
20260109-193500-a186c,405,6,90.74489133595185,7.125461617390391
20260109-193500-a186c,406,2,98.0822830528496,7.7016075830839945
20260109-193500-a186c,406,4,87.32771865987675,6.8571387136444955
20260109-193500-a186c,406,5,94.48545824382826,7.419178051858084
20260109-193500-a186c,406,3,92.51220885496963,7.264234753399577
20260109-193500-a186c,406,6,91.25037903689328,7.165153473957683
20260109-193500-a186c,407,2,98.9150276532023,7.766996274387121
20260109-193500-a186c,407,4,87.66649328931511,6.883739942468187
20260109-193500-a186c,407,5,95.57743430840996,7.50492209122753
20260109-193500-a186c,407,3,92.61406553775659,7.272232734035051
20260109-193500-a186c,407,6,91.79184092251414,7.20767009198952
20260109-193500-a186c,408,2,96.96131973442797,7.613587409360437
20260109-193500-a186c,408,4,87.73187693123243,6.888873990501396
20260109-193500-a186c,408,5,96.71932183190378,7.5945852733664525
20260109-193500-a186c,408,3,92.56604075456856,7.268461736635066
20260109-193500-a186c,408,6,91.73166257522246,7.202944773599558
20260109-193500-a186c,409,2,96.9218719656118,7.610489895456864
20260109-193500-a186c,409,4,87.00638194200778,6.831906742833524
20260109-193500-a186c,409,5,97.90937452297956,7.688030476155219
20260109-193500-a186c,409,3,92.73786769221087,7.281953914883109
20260109-193500-a186c,409,6,91.2315433325857,7.163674458598203
20260109-193500-a186c,409,7,85.13017040416385,6.684583041166195
20260109-193500-a186c,410,2,96.4620233632865,7.5743817077953794
20260109-193500-a186c,410,4,85.64220975422865,6.72478934569493
20260109-193500-a186c,410,5,99.14585801006268,7.785121513436093
20260109-193500-a186c,410,3,92.93638678828852,7.297542012224959
20260109-193500-a186c,410,6,90.95094987439668,7.1416417260996345
20260109-193500-a186c,410,7,84.98795731343719,6.673416198553406
20260109-193500-a186c,411,2,97.2660734439746,7.637517250789114
20260109-193500-a186c,411,4,85.09473631609639,6.681800689115795
20260109-193500-a186c,411,5,100.42705730446691,7.885723721032634
20260109-193500-a186c,411,3,93.44124163860982,7.33718417615681
20260109-193500-a186c,411,6,89.99125044970751,7.0662843003076095
20260109-193500-a186c,411,7,83.07754007284022,6.523406599989024
20260109-193500-a186c,412,2,99.63575573623432,7.8235892155060585
20260109-193500-a186c,412,4,84.80077865789494,6.658718574191023
20260109-193500-a186c,412,5,101.75128330557105,7.98970446754855
20260109-193500-a186c,412,3,94.08416292536047,7.387667579512102
20260109-193500-a186c,412,6,90.27578095330418,7.088626177106481
20260109-193500-a186c,412,7,78.86786265692731,6.192854715391652
20260109-193500-a186c,413,2,100.6281845786781,7.901516617486679
20260109-193500-a186c,413,4,85.38639621989988,6.704702379991039
20260109-193500-a186c,413,5,103.1168783809868,8.096933592533102
20260109-193500-a186c,413,3,94.24590582162178,7.40036793963407
20260109-193500-a186c,413,6,90.12635693328288,7.0768931185981385
20260109-193500-a186c,413,7,76.50730917105183,6.007499561930369
20260109-193500-a186c,414,2,99.53797635919923,7.815911392680127
20260109-193500-a186c,414,4,85.80948450658592,6.737924077688465
20260109-193500-a186c,414,5,104.52222106786955,8.207283775636974
20260109-193500-a186c,414,3,94.21459359115156,7.3979092436889236
20260109-193500-a186c,414,6,89.91365719333085,7.060191530103793
20260109-193500-a186c,414,7,77.12811255897763,6.056246225764421
20260109-193500-a186c,415,2,98.97115776177554,7.771403717366339
20260109-193500-a186c,415,4,85.03651073559507,6.6772287056916655
20260109-193500-a186c,415,5,105.96572995121913,8.320630841143839
20260109-193500-a186c,415,3,94.85536024791028,7.448223461395513
20260109-193500-a186c,415,6,89.17579145662266,7.002252907793507
20260109-193500-a186c,415,7,81.52596218423618,6.401573750460231
20260109-193500-a186c,416,2,98.77083808277017,7.755674234825262
20260109-193500-a186c,416,4,85.0694148118334,6.679812396396897
20260109-193500-a186c,416,3,94.99661409695099,7.459314982525028
20260109-193500-a186c,416,6,89.34275685397408,7.015363348643069
20260109-193500-a186c,416,7,87.33170757842043,6.85745193112219
20260109-193500-a186c,417,2,97.48673197575357,7.6548437787687424
20260109-193500-a186c,417,4,85.56508956186364,6.718733721377874
20260109-193500-a186c,417,3,96.03842507368414,7.541119963698078
20260109-193500-a186c,417,6,89.68785918203098,7.042461440408233
20260109-193500-a186c,417,7,92.40836769890201,7.256080948144293
20260109-193500-a186c,418,2,96.6796238145034,7.591468109467653
20260109-193500-a186c,418,4,86.04254708842053,6.756224595291869
20260109-193500-a186c,418,3,96.33448383174566,7.564367060983695
20260109-193500-a186c,418,6,90.0500949377986,7.070904881533894
20260109-193500-a186c,418,7,97.01174218898409,7.6175466764806545
20260109-193500-a186c,419,2,95.95037114142325,7.53420580131
20260109-193500-a186c,419,4,87.26367487426299,6.8521098736789074
20260109-193500-a186c,419,3,97.13910937461571,7.627547790363455
20260109-193500-a186c,419,6,90.88638294676394,7.136571808026819
20260109-193500-a186c,419,7,101.02417928005858,7.932610875288259
20260109-193500-a186c,420,2,95.02470705969102,7.461520895439528
20260109-193500-a186c,420,4,87.5025907863785,6.870870005918864
20260109-193500-a186c,420,3,98.13302687014819,7.705592084218525
20260109-193500-a186c,420,6,91.59741513983394,7.192403409408018
20260109-193500-a186c,420,7,104.52823942607263,8.207756348580137
20260109-193500-a186c,421,2,96.23001756297074,7.556164170688617
20260109-193500-a186c,421,4,87.7953169219052,6.893855419338783
20260109-193500-a186c,421,3,99.43544980865084,7.807860812752808
20260109-193500-a186c,421,6,92.2613073934817,7.2445334930061875
20260109-193500-a186c,421,7,105.63301744760352,8.294505621980127
20260109-193500-a186c,422,2,97.461470789695,7.652860222350082
20260109-193500-a186c,422,4,87.6849241094208,6.885187165549363
20260109-193500-a186c,422,3,100.45905673716939,7.888236377405274
20260109-193500-a186c,422,6,92.15085303588653,7.2358604065775065
20260109-193500-a186c,422,7,106.11452294696164,8.33231435042454
20260109-193500-a186c,423,2,98.4294212159862,7.728865532495206
20260109-193500-a186c,423,4,86.45891519603501,6.788918611735491
20260109-193500-a186c,423,3,100.18067845439056,7.8663775846969095
20260109-193500-a186c,423,6,92.07266985659668,7.22972131450352
20260109-193500-a186c,423,7,107.37368564181024,8.431186202273228
20260109-193500-a186c,424,2,99.20226641689007,7.7895508089240195
20260109-193500-a186c,424,4,86.04766384216609,6.756626372536656
20260109-193500-a186c,424,3,100.3355273568394,7.878536615300732
20260109-193500-a186c,424,6,91.51688777423706,7.186080247362611
20260109-193500-a186c,424,7,107.14180514803384,8.412978504474479
20260109-193500-a186c,425,2,99.09134793655082,7.780841278693931
20260109-193500-a186c,425,4,85.28203478726857,6.696507721629531
20260109-193500-a186c,425,3,100.95993439408727,7.927566244539765
20260109-193500-a186c,425,6,91.59186684251814,7.191967746540572
20260109-193500-a186c,425,7,100.63089992557063,7.901729831693845
20260109-193500-a186c,426,2,98.71514178807399,7.751300855737516
20260109-193500-a186c,426,4,85.49987131868798,6.713612660768727
20260109-193500-a186c,426,3,100.77281231574881,7.912873062727129
20260109-193500-a186c,426,6,90.07282210872658,7.072689462260534
20260109-193500-a186c,426,7,88.59478914944604,6.956631500588603
20260109-193500-a186c,427,2,98.24021214444683,7.714008476003457
20260109-193500-a186c,427,4,86.40917251654791,6.78501272184777
20260109-193500-a186c,427,3,99.77681393952601,7.834665374158913
20260109-193500-a186c,427,6,89.02440565986399,6.990365806841141
20260109-193500-a186c,427,7,85.11796543995752,6.683624684142306
20260109-193500-a186c,428,2,97.9915769604504,7.694485168032979
20260109-193500-a186c,428,4,88.05502375051655,6.914248093921349
20260109-193500-a186c,428,3,97.64761332952548,7.667476488934338
20260109-193500-a186c,428,6,88.3441238854155,6.9369487868692135
20260109-193500-a186c,428,7,81.6649512337296,6.412487435217827
20260109-193500-a186c,429,2,97.67295348986988,7.669466246564265
20260109-193500-a186c,429,4,86.85868616834686,6.820309389519435
20260109-193500-a186c,429,3,97.48827036558778,7.654964576067134
20260109-193500-a186c,429,6,87.91345567647588,6.903131899246651
20260109-193500-a186c,429,7,78.23889903713938,6.143467294617274
20260109-193500-a186c,430,2,97.73824417856228,7.674592995733299
20260109-193500-a186c,430,4,86.73148353899141,6.810321196908704
20260109-193500-a186c,430,3,98.97778345032725,7.771923979044644
20260109-193500-a186c,430,6,90.07562074358809,7.072909216397579
20260109-193500-a186c,430,7,74.84351159750976,5.876855009109307
20260109-193500-a186c,431,2,98.5895409556177,7.741438439268623
20260109-193500-a186c,431,4,87.22321495968522,6.848932884163327
20260109-193500-a186c,431,3,100.23713240810594,7.870810456613188
20260109-193500-a186c,431,6,91.70993456613739,7.201238648962913
20260109-193500-a186c,431,7,71.48315869571027,5.612993702206487
20260109-193500-a186c,432,2,99.04853159133123,7.777479257758452
20260109-193500-a186c,432,4,87.78295381499599,6.8928846446488095
20260109-193500-a186c,432,3,100.65867748429966,7.903910978484971
20260109-193500-a186c,432,6,92.70963499707325,7.279737029914744
20260109-193500-a186c,432,7,68.16302200718695,5.352290248929115
20260109-193500-a186c,433,2,99.30995779399092,7.798006940864441
20260109-193500-a186c,433,4,88.60569828953359,6.957488107035845
20260109-193500-a186c,433,3,99.28933293833812,7.796387437935354
20260109-193500-a186c,433,6,93.29927495250591,7.326036681704075
20260109-193500-a186c,433,7,64.88927495630567,5.095229398310654
20260109-193500-a186c,434,2,99.32703194635346,7.799347635811756
20260109-193500-a186c,434,4,89.53625907935715,7.030557511747438
20260109-193500-a186c,434,3,97.81451241388211,7.68058172276131
20260109-193500-a186c,434,6,93.24861279871006,7.3220585929432405
20260109-193500-a186c,434,7,61.66930583948919,4.842391293451209
20260109-193500-a186c,435,2,98.46285812348636,7.731491062125459
20260109-193500-a186c,435,4,89.69996702628944,7.04341217138893
20260109-193500-a186c,435,3,97.21013499932714,7.633124857626215
20260109-193500-a186c,435,6,92.5495276560486,7.26716509670354
20260109-193500-a186c,435,7,58.511993678736545,4.594473132061007
20260109-193500-a186c,436,2,97.08746736917514,7.6234927617861485
20260109-193500-a186c,436,4,88.94381892862815,6.984037983292748
20260109-193500-a186c,436,3,97.47679628790398,7.654063609644372
20260109-193500-a186c,436,6,91.57728850497213,7.190823027723895
20260109-193500-a186c,436,7,55.428046772037604,4.352315750083437
20260109-193500-a186c,436,8,75.8644353332455,5.957019884356512
20260109-193500-a186c,437,2,95.87224798377736,7.5280714222497584
20260109-193500-a186c,437,4,88.20406270393507,6.925950916266995
20260109-193500-a186c,437,3,98.78344167883397,7.756663893181469
20260109-193500-a186c,437,6,90.78739435604362,7.12879903544036
20260109-193500-a186c,437,7,52.430412708965996,4.116935816899955
20260109-193500-a186c,437,8,71.54919877426096,5.618179294893795
20260109-193500-a186c,438,2,95.02883334834667,7.461844899479923
20260109-193500-a186c,438,4,88.53052788857897,6.95158558405212
20260109-193500-a186c,438,3,99.53885797838282,7.815980619096749
20260109-193500-a186c,438,6,91.06352390423389,7.150481253227948
20260109-193500-a186c,438,7,49.534763831762135,3.8895639546584793
20260109-193500-a186c,438,8,68.09033314982005,5.346582581471976
20260109-193500-a186c,439,2,94.73573676996487,7.438830398181815
20260109-193500-a186c,439,4,88.69379767442693,6.96440583845115
20260109-193500-a186c,439,3,98.01181611936354,7.696074385319823
20260109-193500-a186c,439,6,92.55542910560052,7.267628489756858
20260109-193500-a186c,439,7,46.76005049260565,3.671688181087658
20260109-193500-a186c,439,8,66.76140164702453,5.242232350005459
20260109-193500-a186c,440,2,94.7885557752785,7.44297784702979
20260109-193500-a186c,440,4,88.81116375076465,6.97362164619323
20260109-193500-a186c,440,3,96.07394289818939,7.543908890892981
20260109-193500-a186c,440,6,92.92437297628379,7.296598664835833
20260109-193500-a186c,440,7,44.12909085218323,3.4651002216032
20260109-193500-a186c,440,8,66.1993018540359,5.198095204199029
20260109-193500-a186c,441,2,94.60927641957858,7.4289004907288065
20260109-193500-a186c,441,4,89.06024597337874,6.993180056486988
20260109-193500-a186c,441,3,94.66559012298626,7.433322349923932
20260109-193500-a186c,441,6,92.60341554638026,7.271396476437952
20260109-193500-a186c,441,7,41.6691233406234,3.2719388895921884
20260109-193500-a186c,441,8,65.94882566475798,5.178427336989154
20260109-193500-a186c,442,2,95.46460502208465,7.496062520873843
20260109-193500-a186c,442,4,89.44969903097419,7.023760651965339
20260109-193500-a186c,442,3,93.85660787420359,7.3697995237021185
20260109-193500-a186c,442,6,91.50378580330589,7.18505145566307
20260109-193500-a186c,442,8,67.54956893009437,5.304120745494363
20260109-193500-a186c,443,2,96.34050438325811,7.564839806149687
20260109-193500-a186c,443,4,88.06800620113694,6.915267500658558
20260109-193500-a186c,443,3,93.90273166937905,7.373421251904474
20260109-193500-a186c,443,6,90.93599910534606,7.140467763252224
20260109-193500-a186c,443,8,72.43352496357947,5.687618270757616
20260109-193500-a186c,444,2,94.91065774241774,7.4525655259332515
20260109-193500-a186c,444,4,87.37044719425748,6.860493839505742
20260109-193500-a186c,444,3,94.29548574924969,7.404261049935981
20260109-193500-a186c,444,6,90.5186364090514,7.107695649812049
20260109-193500-a186c,444,8,78.6246050105432,6.173753661911632
20260109-193500-a186c,445,2,94.01055200574731,7.381887509972071
20260109-193500-a186c,445,4,88.24631767189062,6.9292688567910155
20260109-193500-a186c,445,3,95.14760252479672,7.471170881313885
20260109-193500-a186c,445,6,89.76950895073787,7.048872735682541
20260109-193500-a186c,445,8,81.24903027267298,6.379828529573153
20260109-193500-a186c,446,2,94.39371562181299,7.411974246528389
20260109-193500-a186c,446,4,88.74759089761028,6.96862978474086
20260109-193500-a186c,446,3,96.34680157764255,7.5653342738406275
20260109-193500-a186c,446,6,88.24889774609805,6.929471449129432
20260109-193500-a186c,446,8,83.56709901604242,6.561847700175294
20260109-193500-a186c,447,2,93.99370738913207,7.380564838608597
20260109-193500-a186c,447,4,90.89145251723255,7.136969880350879
20260109-193500-a186c,447,3,92.58478133551311,7.269933282726996
20260109-193500-a186c,447,6,88.88537153843068,6.979448582949021
20260109-193500-a186c,447,8,84.65278001986563,6.64709743939017
20260109-193500-a186c,448,2,93.76112136863227,7.362301741508427
20260109-193500-a186c,448,4,92.07591357678385,7.229976017587638
20260109-193500-a186c,448,3,88.98518745067435,6.987286318396452
20260109-193500-a186c,448,6,89.92315353319846,7.0609372007882385
20260109-193500-a186c,448,8,84.06814550903775,6.601190824639996
20260109-193500-a186c,449,2,94.35360410523504,7.408824613886994
20260109-193500-a186c,449,4,92.00770145602073,7.2246198720109245
20260109-193500-a186c,449,3,85.51685051100877,6.714945899272791
20260109-193500-a186c,449,6,92.51291364308987,7.264290094704473
20260109-193500-a186c,449,8,79.91390922062303,6.274992282916227
20260109-193500-a186c,450,2,94.99488871998665,7.459179502641213
20260109-193500-a186c,450,4,91.63795330473371,7.195586543287846
20260109-193500-a186c,450,3,82.67564243841957,6.491848832647803
20260109-193500-a186c,450,6,93.72091359595832,7.359144550655134
20260109-193500-a186c,450,8,71.96575747147165,5.650888276795336
20260109-193500-a186c,451,2,95.05674427232938,7.464036518364654
20260109-193500-a186c,451,4,90.17904410303619,7.081030215466945
20260109-193500-a186c,451,3,79.86849280153106,6.271426099230569
20260109-193500-a186c,451,6,94.77225011615127,7.441697495634282
20260109-193500-a186c,451,8,73.12222276871816,5.74169613348081
20260109-193500-a186c,452,2,94.64162913276782,7.431440887357802
20260109-193500-a186c,452,4,89.18734223133355,7.003159896612843
20260109-193500-a186c,452,3,75.78181219815099,5.950532158500466
20260109-193500-a186c,452,6,95.12190132330964,7.469152774046127
20260109-193500-a186c,452,8,71.85826145751113,5.642447485140604
20260109-193500-a186c,453,2,95.35501395953878,7.487457222015875
20260109-193500-a186c,453,4,88.74993213935568,6.968813623499695
20260109-193500-a186c,453,3,72.70880382567961,5.709233691053969
20260109-193500-a186c,453,6,94.99147535967725,7.458911479091757
20260109-193500-a186c,453,8,71.05105142425056,5.579063816655324
20260109-193500-a186c,454,2,96.59497729219464,7.584821503395651
20260109-193500-a186c,454,4,89.76209043805149,7.048290219943895
20260109-193500-a186c,454,3,71.52987089110954,5.616661632714544
20260109-193500-a186c,454,6,94.70472606343762,7.436395378470677
20260109-193500-a186c,454,8,71.7900355136816,5.637090254150401
20260109-193500-a186c,455,2,97.86157688925718,7.684277314963698
20260109-193500-a186c,455,4,90.4233003892138,7.100209684044647
20260109-193500-a186c,455,3,71.41629077533558,5.607743105803207
20260109-193500-a186c,455,6,95.00545945949675,7.460009537230905
20260109-193500-a186c,455,8,68.91909750415196,5.4116587362804145
20260109-193500-a186c,456,2,99.09869861141374,7.781418467677537
20260109-193500-a186c,456,4,92.18701783271429,7.238700135270805
20260109-193500-a186c,456,3,73.68192849704758,5.785645292772654
20260109-193500-a186c,456,6,95.18648313245772,7.474223860643858
20260109-193500-a186c,456,8,65.36761594382354,5.132789643261135
20260109-193500-a186c,457,2,99.85937110455856,7.841147919920108
20260109-193500-a186c,457,4,90.58341574829372,7.112782246848815
20260109-193500-a186c,457,3,74.02510325097445,5.812592027747635
20260109-193500-a186c,457,6,93.91041132187071,7.374024272837759
20260109-193500-a186c,457,8,64.44245219151173,5.060144024209224
20260109-193500-a186c,458,2,100.52322940055798,7.893275337099085
20260109-193500-a186c,458,4,90.53804232615737,7.1092194393659645
20260109-193500-a186c,458,3,73.42536431171338,5.765499384522813
20260109-193500-a186c,458,6,92.3340480394029,7.250245226999199
20260109-193500-a186c,458,8,70.47803652854759,5.534069596204847
20260109-193500-a186c,459,2,100.92261162241132,7.924635589456968
20260109-193500-a186c,459,4,91.3226589196033,7.170829027946204
20260109-193500-a186c,459,3,70.43533171213079,5.53071633272328
20260109-193500-a186c,459,6,87.90566647446676,6.902520276276707
20260109-193500-a186c,459,8,69.83429757018627,5.483521987718095
20260109-193500-a186c,460,2,101.25410406011065,7.950665006722311
20260109-193500-a186c,460,4,91.00344312826643,7.145763596324109
20260109-193500-a186c,460,3,73.76614140465844,5.79225785059311
20260109-193500-a186c,460,6,84.84428140451091,6.662134492670837
20260109-193500-a186c,460,8,71.34746689445879,5.602338923657769
20260109-193500-a186c,461,2,101.09600524005286,7.9382507864010154
20260109-193500-a186c,461,4,91.14765200297948,7.157087151694855
20260109-193500-a186c,461,3,77.74946840945374,6.105036270009638
20260109-193500-a186c,461,6,82.75569071548041,6.498134375749327
20260109-193500-a186c,461,8,75.45355056642225,5.924756430270371
20260109-193500-a186c,462,2,101.06596466576245,7.935891943319941
20260109-193500-a186c,462,4,91.69113558766122,7.19976251738563
20260109-193500-a186c,462,3,80.01697408249856,6.283085132073729
20260109-193500-a186c,462,6,80.94464808588634,6.355927860818853
20260109-193500-a186c,462,8,75.82630557163039,5.954025862887438
20260109-193500-a186c,463,2,102.05215376448362,8.013329388744955
20260109-193500-a186c,463,4,91.02079823585576,7.147126352410682
20260109-193500-a186c,463,3,81.24709101622722,6.379676255465299
20260109-193500-a186c,463,6,80.63211473434158,6.331387147090495
20260109-193500-a186c,463,8,77.62470768648633,6.095239820537116
20260109-193500-a186c,464,2,103.5273722399947,8.129166351793417
20260109-193500-a186c,464,4,91.7938362552434,7.2078267693139075
20260109-193500-a186c,464,3,78.82650519323883,6.189607248611248
20260109-193500-a186c,464,6,82.0232034844878,6.440618083946808
20260109-193500-a186c,464,8,74.33182859398653,5.836676685589388
20260109-193500-a186c,465,2,105.06845351197148,8.250174987002385
20260109-193500-a186c,465,4,91.56960582044742,7.190219768709603
20260109-193500-a186c,465,3,76.27686523840741,5.989404665646464
20260109-193500-a186c,465,6,84.4355356569927,6.6300389984525445
20260109-193500-a186c,465,8,69.36600949375666,5.446751116483841
20260109-193500-a186c,466,2,105.66753295934765,8.29721584566894
20260109-193500-a186c,466,4,91.48322065323741,7.183436640930124
20260109-193500-a186c,466,3,76.96458451564516,6.043405692496067
20260109-193500-a186c,466,6,86.80004414951031,6.815704706564455
20260109-193500-a186c,466,8,69.22664311099597,5.435807802799774
20260109-193500-a186c,467,2,106.13090184187367,8.333600452433288
20260109-193500-a186c,467,4,91.52147601918752,7.186440525090694
20260109-193500-a186c,467,3,80.97590935619891,6.3583825552754085
20260109-193500-a186c,467,6,88.98358363317078,6.98716038359291
20260109-193500-a186c,467,8,71.96482248710076,5.650814860042618
20260109-193500-a186c,468,2,107.6022380065503,8.449132569044332
20260109-193500-a186c,468,4,90.70702575838567,7.122488340155761
20260109-193500-a186c,468,3,83.55692825342649,6.561049072532763
20260109-193500-a186c,468,6,90.59345227677814,7.113570334171801
20260109-193500-a186c,468,8,74.7997926195226,5.873422111730592
20260109-193500-a186c,469,2,107.96927574200802,8.477953070756717
20260109-193500-a186c,469,4,89.87069411135953,7.05681798711923
20260109-193500-a186c,469,3,85.78506982432846,6.736006990359745
20260109-193500-a186c,469,6,93.2974617961172,7.325894309212755
20260109-193500-a186c,469,8,76.76769544661092,6.0279455879807236
20260109-193500-a186c,470,2,107.68612398917229,8.455719456092302
20260109-193500-a186c,470,4,89.07449511588082,6.994298926282131
20260109-193500-a186c,470,3,86.8933702463492,6.823032849351739
20260109-193500-a186c,470,6,92.65249280111202,7.2752501159071254
20260109-193500-a186c,470,8,78.91862853415483,6.196840948713798
20260109-193500-a186c,471,2,107.58399255487129,8.447699901444905
20260109-193500-a186c,471,4,88.62799250076087,6.959238690942566
20260109-193500-a186c,471,3,87.20283660842362,6.847332737228304
20260109-193500-a186c,471,6,86.52471608566763,6.794085422853614
20260109-193500-a186c,471,8,78.45091757905747,6.160115394145208
20260109-193500-a186c,472,2,107.41682919000797,8.434573915809441
20260109-193500-a186c,472,4,88.27812985428629,6.931766809913099
20260109-193500-a186c,472,3,83.86005773346598,6.584851376368517
20260109-193500-a186c,472,6,85.76458315778143,6.734398338302311
20260109-193500-a186c,472,8,79.40753740742566,6.235231004171528
20260109-193500-a186c,473,2,106.49402513732758,8.362113584864712
20260109-193500-a186c,473,4,87.55914680053954,6.875310891815626
20260109-193500-a186c,473,3,83.83944286913655,6.583232657977161
20260109-193500-a186c,473,6,70.53172470775063,5.538285294241253
20260109-193500-a186c,473,8,80.36425808684753,6.3103545332145705
20260109-193500-a186c,474,2,107.06516892047915,8.406960881995646
20260109-193500-a186c,474,4,86.81251755072563,6.816684141773309
20260109-193500-a186c,474,3,78.6908058056378,6.178951874367922
20260109-193500-a186c,474,6,72.45988097084137,5.689687794621356
20260109-193500-a186c,474,8,81.32107605786622,6.385485701779009
20260109-193500-a186c,475,2,107.53041378260505,8.443492794249453
20260109-193500-a186c,475,4,85.28137211762069,6.696455687547266
20260109-193500-a186c,475,3,81.01516272365741,6.361464804414298
20260109-193500-a186c,475,6,70.06013095527975,5.501254855031271
20260109-193500-a186c,475,8,82.27798792624415,6.4606242433428465
20260109-193500-a186c,476,2,107.76230298616012,8.461701175956602
20260109-193500-a186c,476,4,84.84031242694944,6.661822840997027
20260109-193500-a186c,476,3,82.50762178151727,6.478655530809425
20260109-193500-a186c,476,6,73.20785646493437,5.748420254327292
20260109-193500-a186c,476,8,83.23499045350572,6.535769903614812
20260109-193500-a186c,477,2,107.60367112782505,8.449245100455038
20260109-193500-a186c,477,4,85.13431801345034,6.684908719343112
20260109-193500-a186c,477,3,86.97598935813645,6.82952025929004
20260109-193500-a186c,477,6,76.38514165311659,5.997906735853618
20260109-193500-a186c,477,8,84.19208054812098,6.610922439842091
20260109-193500-a186c,478,2,107.03170540884003,8.404333263357755
20260109-193500-a186c,478,4,86.18915102720501,6.76773621565295
20260109-193500-a186c,478,3,86.29390217965698,6.775961475556679
20260109-193500-a186c,478,6,82.02875381588512,6.44105390653421
20260109-193500-a186c,478,8,85.14925525728036,6.686081620164453
20260109-193500-a186c,479,2,106.64073119074204,8.373633223460935
20260109-193500-a186c,479,4,87.55746417936818,6.87517876919807
20260109-193500-a186c,479,3,82.02075879201217,6.440426122039699
20260109-193500-a186c,479,6,85.57106368050427,6.719202820546376
20260109-193500-a186c,479,8,86.10651175921467,6.76124722301121
20260109-193500-a186c,480,2,106.62414193660196,8.37233060364514
20260109-193500-a186c,480,4,88.41483324199163,6.942501020155915
20260109-193500-a186c,480,3,86.09258945088865,6.760154016857761
20260109-193500-a186c,480,6,87.56846840919034,6.876042842272294
20260109-193500-a186c,480,8,87.0638473560189,6.836419036537725
20260109-193500-a186c,481,2,103.08535526493499,8.094458337450629
20260109-193500-a186c,481,4,87.19396400787667,6.846636043742721
20260109-193500-a186c,481,3,90.24285312804716,7.086040621583092
20260109-193500-a186c,481,6,88.9191645078665,6.982102071240292
20260109-193500-a186c,481,8,88.02125946694146,6.911596858098471
20260109-193500-a186c,482,2,104.12999903578499,8.176485755010482
20260109-193500-a186c,482,4,86.56211139283974,6.797021773561655
20260109-193500-a186c,482,3,93.54618885718688,7.345424831545929
20260109-193500-a186c,482,6,89.15670420666193,7.0007541405904785
20260109-193500-a186c,482,8,88.97874562210461,6.986780493753944
20260109-193500-a186c,483,2,105.45160871186621,8.28026106270494
20260109-193500-a186c,483,4,85.75790685109392,6.733874101991623
20260109-193500-a186c,483,3,94.41740258648689,7.413834192087103
20260109-193500-a186c,483,6,88.31627657953919,6.934762163399307
20260109-193500-a186c,483,8,89.93630345662345,7.061969757808881
20260109-193500-a186c,484,2,105.773912008542,8.305568931123883
20260109-193500-a186c,484,4,85.88436089055458,6.743803513898736
20260109-193500-a186c,484,3,93.48619110599374,7.340713693905423
20260109-193500-a186c,484,6,88.23917830342768,6.928708259988197
20260109-193500-a186c,484,8,90.89393070509502,7.137164472379529
20260109-193500-a186c,485,2,105.35854373457946,8.272953423521978
20260109-193500-a186c,485,4,87.10317364032178,6.839507011246047
20260109-193500-a186c,485,3,92.65012449193158,7.275064151761763
20260109-193500-a186c,485,6,88.00175752235525,6.910065528284002
20260109-193500-a186c,485,8,91.85162519643004,7.2123644669878235
20260109-193500-a186c,485,9,80.80237230749144,6.344756095851015
20260109-193500-a186c,486,2,104.53776842189555,8.20850458347236
20260109-193500-a186c,486,4,88.08886405688395,6.916905299198601
20260109-193500-a186c,486,3,90.67051027046465,7.119621074530214
20260109-193500-a186c,486,6,81.39216828555247,6.391067998834144
20260109-193500-a186c,486,8,92.80938484900328,7.287569578180591
20260109-193500-a186c,486,9,80.53296867372978,6.3236020096683845
20260109-193500-a186c,487,2,104.13754709891083,8.177078443296256
20260109-193500-a186c,487,4,89.82782961076796,7.053452184932271
20260109-193500-a186c,487,3,88.85648692848049,6.977180508388534
20260109-193500-a186c,487,6,76.84996275653575,6.034405373767068
20260109-193500-a186c,487,9,82.76683884313547,6.499009747955327
20260109-193500-a186c,488,2,99.41467439274221,7.8062294875458145
20260109-193500-a186c,488,4,88.48545574876226,6.948046433830554
20260109-193500-a186c,488,3,88.64479091596091,6.960557734482966
20260109-193500-a186c,488,6,80.40748756689787,6.313748994283438
20260109-193500-a186c,488,9,82.12659444250265,6.448736538793955
20260109-193500-a186c,489,2,95.20131996122726,7.47538887668349
20260109-193500-a186c,489,4,89.17616100638836,7.002281925544616
20260109-193500-a186c,489,3,86.88657425818447,6.822499215423623
20260109-193500-a186c,489,6,83.4443305582398,6.552207687156156
20260109-193500-a186c,489,9,81.09463122168104,6.3677048221621035
20260109-193500-a186c,490,2,92.39197827449209,7.254794019339323
20260109-193500-a186c,490,4,89.84547944570035,7.054838083570889
20260109-193500-a186c,490,3,85.52880207104829,6.7158843585191
20260109-193500-a186c,490,6,85.96439246637426,6.7500877455870105
20260109-193500-a186c,490,9,79.46527015208872,6.239764289187433
20260109-193500-a186c,491,2,92.18559420147193,7.23858834903551
20260109-193500-a186c,491,4,90.3296890861525,7.092859146321837
20260109-193500-a186c,491,3,83.32471671134827,6.5428153801911435
20260109-193500-a186c,491,6,88.05603143572105,6.914327219281921
20260109-193500-a186c,491,9,79.06535418165181,6.20836212587468
20260109-193500-a186c,492,2,93.86770394123712,7.370670808009008
20260109-193500-a186c,492,4,90.85069100323595,7.1337692086747815
20260109-193500-a186c,492,3,81.96154525768495,6.435776562600405
20260109-193500-a186c,492,6,89.42011160928436,7.021437391289123
20260109-193500-a186c,492,9,80.1010279522038,6.289685201935077
20260109-193500-a186c,493,2,95.50975091500914,7.499607462329834
20260109-193500-a186c,493,4,92.19374530466591,7.239228389175434
20260109-193500-a186c,493,3,81.75941933468658,6.419905250342479
20260109-193500-a186c,493,6,83.71554318186408,6.573503818666547
20260109-193500-a186c,493,9,81.93310568956504,6.43354343357165
20260109-193500-a186c,494,2,98.1038635083133,7.703302121529394
20260109-193500-a186c,494,4,92.46413662575614,7.26046003044735
20260109-193500-a186c,494,3,82.08924315211192,6.445803644367381
20260109-193500-a186c,494,6,78.41932802313467,6.157634922077585
20260109-193500-a186c,494,9,83.88880396694192,6.587108585344822
20260109-193500-a186c,495,2,100.10271230868365,7.860255534513018
20260109-193500-a186c,495,4,92.46310345107983,7.260378903604927
20260109-193500-a186c,495,3,83.03731035023839,6.520247685585607
20260109-193500-a186c,495,6,74.65635288797885,5.862158950945706
20260109-193500-a186c,495,9,85.88902072308404,6.7441694128198035
20260109-193500-a186c,496,2,100.50590397142575,7.891914911421463
20260109-193500-a186c,496,4,91.69432787798696,7.200013182099123
20260109-193500-a186c,496,3,83.6843233486789,6.5710523779321175
20260109-193500-a186c,496,6,72.0705483348606,5.659116654877435
20260109-193500-a186c,496,9,84.89895614040437,6.666427657016667
20260109-193500-a186c,497,2,98.98258949534272,7.772301358848454
20260109-193500-a186c,497,4,90.38695231760765,7.097355564266852
20260109-193500-a186c,497,3,83.30563935086907,6.541317389529031
20260109-193500-a186c,497,6,69.76876595295211,5.478376320381311
20260109-193500-a186c,497,9,82.90538319357101,6.509888514096331
20260109-193500-a186c,498,2,96.040484003699,7.5412816348024
20260109-193500-a186c,498,4,90.38921856895426,7.097533514636817
20260109-193500-a186c,498,3,83.0261161686222,6.519368697134908
20260109-193500-a186c,498,6,69.55185090317444,5.461343737734834
20260109-193500-a186c,498,9,80.84368021369805,6.347999671283601
20260109-193500-a186c,499,2,97.03030224863492,7.619004047696946
20260109-193500-a186c,499,4,90.65888369267243,7.118708133508628
20260109-193500-a186c,499,3,82.45677981034103,6.474663322445567
20260109-193500-a186c,499,6,68.80241039114475,5.402496242031577
20260109-193500-a186c,499,9,80.68414837104051,6.33547292729975
20260109-193500-a186c,500,2,99.72895038444612,7.830907036696907
20260109-193500-a186c,500,4,89.9993250037773,7.066918329664578
20260109-193500-a186c,500,3,82.231171157929,6.456948101570359
20260109-193500-a186c,500,6,68.86080014715876,5.407081116829501
20260109-193500-a186c,500,9,82.47034872442725,6.475728779410556
20260109-193500-a186c,501,2,97.67009054316495,7.669241442538844
20260109-193500-a186c,501,4,90.09355670022072,7.074317581856785
20260109-193500-a186c,501,3,82.08279361735326,6.445297214620249
20260109-193500-a186c,501,6,75.0933259591416,5.8964709083525
20260109-193500-a186c,501,9,84.46048857271195,6.631998348897313
20260109-193500-a186c,502,2,99.42069483374277,7.806702224034201
20260109-193500-a186c,502,4,89.82057362758879,7.0528824313199365
20260109-193500-a186c,502,3,82.15155996898707,6.45069687946001
20260109-193500-a186c,502,6,75.97627431037921,5.965801693747238
20260109-193500-a186c,502,9,86.48837938277624,6.791232195768945
20260109-193500-a186c,503,2,98.94870949237162,7.769641036518308
20260109-193500-a186c,503,4,89.99133256467404,7.066290748131103
20260109-193500-a186c,503,3,82.23599177479883,6.457326625583915
20260109-193500-a186c,503,6,76.87048385092994,6.036016729164601
20260109-193500-a186c,503,9,87.25074815763776,6.851094843281097
20260109-193500-a186c,504,2,97.07899813854587,7.62282774167439
20260109-193500-a186c,504,4,85.40111128999688,6.7058578353079135
20260109-193500-a186c,504,3,81.08161177441295,6.366682510377686
20260109-193500-a186c,504,6,77.7755661617205,6.1070855151995245
20260109-193500-a186c,504,9,88.13757174320466,6.920729919452596
20260109-193500-a186c,505,2,94.2508342959678,7.400754932821983
20260109-193500-a186c,505,4,84.44372767238916,6.630682251096492
20260109-193500-a186c,505,3,81.05752619704124,6.364791264991107
20260109-193500-a186c,505,6,78.69114607747329,6.178978593160215
20260109-193500-a186c,505,9,89.25370938681077,7.008371172003075
20260109-193500-a186c,506,2,92.625181505738,7.273105581002254
20260109-193500-a186c,506,4,85.31585835383113,6.699163612465441
20260109-193500-a186c,506,3,81.94163013187122,6.4342127890093845
20260109-193500-a186c,506,6,79.61686143717492,6.251667525474462
20260109-193500-a186c,506,9,91.33381929648795,7.171705361985029
20260109-193500-a186c,507,2,92.90885557196417,7.295380208708406
20260109-193500-a186c,507,4,87.55866723337213,6.875273235288696
20260109-193500-a186c,507,3,81.5077803980639,6.4001460819975895
20260109-193500-a186c,507,6,83.64786760720834,6.5681898037116
20260109-193500-a186c,507,9,91.4866585815249,7.183706593603991
20260109-193500-a186c,508,2,92.7760276178175,7.284950304886221
20260109-193500-a186c,508,4,91.17258296118105,7.159044777993533
20260109-193500-a186c,508,3,80.24563285839281,6.3010398544512345
20260109-193500-a186c,508,6,85.4315801276199,6.708250306441143
20260109-193500-a186c,508,9,91.26352065695356,7.1661853789823216
20260109-193500-a186c,509,2,92.56395321426935,7.268297818996753
20260109-193500-a186c,509,4,92.47418871435237,7.261249339579936
20260109-193500-a186c,509,3,80.60889510590701,6.329563897662953
20260109-193500-a186c,509,6,87.23030319184502,6.849489465646276
20260109-193500-a186c,509,9,88.97170760944796,6.986227855601985
20260109-193500-a186c,510,2,93.97303400853666,7.37894152540864
20260109-193500-a186c,510,4,91.89410938120275,7.215700406052684
20260109-193500-a186c,510,3,83.51863124829082,6.558041918784074
20260109-193500-a186c,510,6,89.04312713932985,6.991835853048602
20260109-193500-a186c,510,9,87.66798480510442,6.88385705912734
20260109-193500-a186c,511,2,95.47047163103021,7.496523178176424
20260109-193500-a186c,511,4,91.34917185040243,7.172910873744821
20260109-193500-a186c,511,3,85.81693167421552,6.7385088434678035
20260109-193500-a186c,511,6,90.86920804392926,7.135223201960634
20260109-193500-a186c,511,9,85.911753034676,6.745954397201165
20260109-193500-a186c,512,2,96.04218940433582,7.541415546106948
20260109-193500-a186c,512,4,93.33865049348245,7.329128524140181
20260109-193500-a186c,512,3,89.47631605542702,7.025850671395807
20260109-193500-a186c,512,6,92.70776253519077,7.279590000643155
20260109-193500-a186c,512,9,85.08184504514543,6.680788441979806
20260109-193500-a186c,513,2,94.8296669978561,7.446205978489402
20260109-193500-a186c,513,4,95.4293018731889,7.493290450416472
20260109-193500-a186c,513,3,90.94961751315397,7.14153710655846
20260109-193500-a186c,513,6,94.55806301951266,7.424879117061447
20260109-193500-a186c,513,9,84.77207917768565,6.656465036370219
20260109-193500-a186c,514,2,96.0092426488545,7.538828504146309
20260109-193500-a186c,514,4,96.94087652410515,7.611982169568455
20260109-193500-a186c,514,3,90.07302097198242,7.072705077381955
20260109-193500-a186c,514,6,96.41943327822102,7.57103745323793
20260109-193500-a186c,514,9,84.2447165307352,6.615055517399291
20260109-193500-a186c,515,2,96.0192641920721,7.539615414797617
20260109-193500-a186c,515,4,98.21410633645161,7.711958598262436
20260109-193500-a186c,515,3,88.03728122676007,6.912854917179812
20260109-193500-a186c,515,6,98.29124441858944,7.718015627318511
20260109-193500-a186c,515,9,84.763512128193,6.655792335335092
20260109-193500-a186c,516,2,93.73359100368384,7.360140004843532
20260109-193500-a186c,516,4,99.65222857788761,7.8248826943917775
20260109-193500-a186c,516,3,88.16226103867,6.922668569933177
20260109-193500-a186c,516,6,100.17291115359906,7.865767681452267
20260109-193500-a186c,516,9,85.93623205055603,6.747876536128401
20260109-193500-a186c,517,2,91.29207270107607,7.168427339840919
20260109-193500-a186c,517,4,99.83164510883522,7.838970821954349
20260109-193500-a186c,517,3,88.88295890785146,6.9792591386030525
20260109-193500-a186c,517,6,102.06388838658458,8.014250813611346
20260109-193500-a186c,517,9,86.96018437352885,6.828279221810939
20260109-193500-a186c,518,2,89.11702800982627,6.997638690083961
20260109-193500-a186c,518,4,100.27930107479987,7.8741216205978555
20260109-193500-a186c,518,3,89.29172616315432,7.0113563216535395
20260109-193500-a186c,518,6,103.9636680776603,8.163425131536776
20260109-193500-a186c,518,9,87.44579553352108,6.866410334544225
20260109-193500-a186c,519,2,87.72766482117571,6.888543247601211
20260109-193500-a186c,519,4,100.05306762510287,7.8563573394504145
20260109-193500-a186c,519,3,88.40806252450396,6.94196937052947
20260109-193500-a186c,519,9,85.1704520314738,6.687746031226103
20260109-193500-a186c,520,2,86.83692142115085,6.81860038013638
20260109-193500-a186c,520,4,98.81956912618092,7.759500689122433
20260109-193500-a186c,520,3,87.77654767979877,6.89238162271786
20260109-193500-a186c,520,9,82.93851241846905,6.512489883902934
20260109-193500-a186c,521,2,86.63250410998276,6.802549143717286
20260109-193500-a186c,521,4,98.42677214416094,7.728657522332488
20260109-193500-a186c,521,3,89.14719692198311,7.000007610498622
20260109-193500-a186c,521,9,82.29207386381076,6.461730297975764
20260109-193500-a186c,522,2,89.17047891679219,7.001835757052617
20260109-193500-a186c,522,4,97.9968247864502,7.694897237320691
20260109-193500-a186c,522,3,90.92184468864026,7.139356331506934
20260109-193500-a186c,522,9,79.31858739460635,6.228246479832148
20260109-193500-a186c,523,2,90.57477545322165,7.112103794431356
20260109-193500-a186c,523,4,97.75595263862591,7.675983497728826
20260109-193500-a186c,523,3,93.33652560395355,7.328961673769251
20260109-193500-a186c,523,9,78.18076368212955,6.138902395870498
20260109-193500-a186c,524,2,91.92833613269653,7.21838795573693
20260109-193500-a186c,524,4,97.66023199113373,7.668467330265775
20260109-193500-a186c,524,3,96.08301205610198,7.544621018437098
20260109-193500-a186c,524,9,78.01662685396627,6.126014059658294
20260109-193500-a186c,525,2,92.24849591205917,7.243527511095865
20260109-193500-a186c,525,4,97.85565390334911,7.683812230834696
20260109-193500-a186c,525,3,96.52186804649834,7.579080826246601
20260109-193500-a186c,525,9,77.52495527171223,6.087407071031874
20260109-193500-a186c,526,2,91.98077717428909,7.2225057261540035
20260109-193500-a186c,526,4,98.14689376052415,7.706680938849037
20260109-193500-a186c,526,3,95.17400670692925,7.473244187960177
20260109-193500-a186c,526,9,77.94655031010821,6.1205115160308905
20260109-193500-a186c,527,2,90.45508558924537,7.1027055184601355
20260109-193500-a186c,527,4,98.03849332598129,7.698169130368448
20260109-193500-a186c,527,3,94.24589733032569,7.400367272881336
20260109-193500-a186c,527,9,78.06712451859025,6.129979232416217
20260109-193500-a186c,528,2,91.35097481423199,7.173052445896994
20260109-193500-a186c,528,4,97.9088525295615,7.687989488238322
20260109-193500-a186c,528,3,95.2697729348119,7.480763934482257
20260109-193500-a186c,528,9,71.60906195381614,5.622879865713108
20260109-193500-a186c,529,2,92.16897662113676,7.237283504992954
20260109-193500-a186c,529,4,97.3525965818571,7.64431121228845
20260109-193500-a186c,529,3,95.03946747461724,7.462679911318715
20260109-193500-a186c,529,9,71.03137792453977,5.577519016005886
20260109-193500-a186c,530,2,92.37301030429889,7.253304618210712
20260109-193500-a186c,530,4,96.01236152236123,7.539073404031411
20260109-193500-a186c,530,3,94.19234990379385,7.396162627012623
20260109-193500-a186c,530,9,75.05354607016679,5.893347315741819
20260109-193500-a186c,531,2,92.4678425983837,7.26075103047307
20260109-193500-a186c,531,4,95.32788131253238,7.485326714920919
20260109-193500-a186c,531,3,94.51433665976214,7.42144564005262
20260109-193500-a186c,531,9,79.53110569535932,6.244933821375178
20260109-193500-a186c,532,2,91.71610013748956,7.2017227813627915
20260109-193500-a186c,532,4,94.86651573406995,7.449099411405302
20260109-193500-a186c,532,3,96.28669103323476,7.560614279462184
20260109-193500-a186c,532,9,83.08896098956684,6.524303392112227
20260109-193500-a186c,532,10,65.20593709343828,5.120094312143277
20260109-193500-a186c,533,2,92.15619244486913,7.236279667135374
20260109-193500-a186c,533,4,95.78920560115179,7.521550776279459
20260109-193500-a186c,533,3,98.08360771603915,7.70171159815938
20260109-193500-a186c,533,9,85.5278214350709,6.715807357115333
20260109-193500-a186c,533,10,65.33498826944107,5.1302276561558084
20260109-193500-a186c,534,2,92.30617604613833,7.248056665028568
20260109-193500-a186c,534,4,96.66340672632545,7.590194712831692
20260109-193500-a186c,534,3,98.94618941257386,7.76944315505515
20260109-193500-a186c,534,9,87.54079008247317,6.873869487367644
20260109-193500-a186c,534,10,65.5473577094124,5.146903308866881
20260109-193500-a186c,535,2,93.02068516058026,7.3041612808948555
20260109-193500-a186c,535,4,96.53027640775026,7.579741066778974
20260109-193500-a186c,535,3,98.09994170624962,7.702994174165479
20260109-193500-a186c,535,9,87.64556909191724,6.882096934655425
20260109-193500-a186c,535,10,65.22016886704168,5.121211818099431
20260109-193500-a186c,536,2,93.02718622095401,7.3046717565313735
20260109-193500-a186c,536,4,96.955253187005,7.613111052507989
20260109-193500-a186c,536,3,95.5393993326394,7.501935512523412
20260109-193500-a186c,536,9,84.10195254824671,6.603845417716639
20260109-193500-a186c,536,10,69.64111274132426,5.4683527471927835
20260109-193500-a186c,537,2,92.89908144611013,7.29461272573949
20260109-193500-a186c,537,4,97.20144418934125,7.632442438681558
20260109-193500-a186c,537,3,94.10541409906553,7.389336262126964
20260109-193500-a186c,537,9,81.6007152838152,6.407443506145532
20260109-193500-a186c,537,10,72.69221946399065,5.7079314554027505
20260109-193500-a186c,538,2,92.93558184110762,7.2974788062399485
20260109-193500-a186c,538,4,97.11296727044302,7.625495062577483
20260109-193500-a186c,538,3,97.86174443383312,7.684290470882753
20260109-193500-a186c,538,9,80.53157193411423,6.323492335014818
20260109-193500-a186c,538,10,75.64912076758041,5.940112974769374
20260109-193500-a186c,539,2,92.15057377654917,7.235838478602716
20260109-193500-a186c,539,4,96.93344511655324,7.61139864130042
20260109-193500-a186c,539,3,100.44144265612937,7.886853286230349
20260109-193500-a186c,539,9,80.12822287971771,6.291820599414047
20260109-193500-a186c,539,10,77.88004237791736,6.115289186585111
20260109-193500-a186c,540,2,92.18265926335793,7.238357892107601
20260109-193500-a186c,540,4,95.98958533870437,7.537284974731994
20260109-193500-a186c,540,3,102.54028821509814,8.051658635061454
20260109-193500-a186c,540,9,79.12874739535938,6.213339881695711
20260109-193500-a186c,540,10,79.0430558641706,6.2066112195370815
20260109-193500-a186c,541,2,92.18347763979702,7.238422152583529
20260109-193500-a186c,541,4,95.53494283489734,7.501585579836936
20260109-193500-a186c,541,3,103.78491595975922,8.149389174951452
20260109-193500-a186c,541,9,78.44368132325057,6.159547189563699
20260109-193500-a186c,541,10,79.46126331319988,6.239449664570122
20260109-193500-a186c,542,2,92.73290624333148,7.2815643324720645
20260109-193500-a186c,542,4,94.86600576859259,7.449059367945206
20260109-193500-a186c,542,3,101.64481220484338,7.981344154031972
20260109-193500-a186c,542,9,78.21528145256495,6.141612796916048
20260109-193500-a186c,542,10,79.2477894559569,6.2226872909124165
20260109-193500-a186c,543,2,93.3980016232911,7.3337888878386135
20260109-193500-a186c,543,4,94.16838101995793,7.39428054462462
20260109-193500-a186c,543,3,98.9247766840745,7.76776178685029
20260109-193500-a186c,543,9,78.972813648573,6.201095667049303
20260109-193500-a186c,543,10,78.50069980661492,6.164024389422701
20260109-193500-a186c,544,2,93.44690836548621,7.337629138338807
20260109-193500-a186c,544,4,94.05396108402805,7.385296073435886
20260109-193500-a186c,544,3,94.36682051666527,7.40986239167238
20260109-193500-a186c,544,9,79.89292194357006,6.273344321968863
20260109-193500-a186c,544,10,78.16131546685502,6.1373752849838645
20260109-193500-a186c,545,2,93.13842360360707,7.313406327578233
20260109-193500-a186c,545,4,94.1882604677747,7.3958415167114
20260109-193500-a186c,545,3,93.35234798672363,7.330204077385191
20260109-193500-a186c,545,9,80.75653834963302,6.341157126226553
20260109-193500-a186c,545,10,78.16260146333765,6.137476263875813
20260109-193500-a186c,546,2,92.76743502274209,7.284275597963306
20260109-193500-a186c,546,4,93.88916315201159,7.3723558260905975
20260109-193500-a186c,546,3,94.7280947434404,7.438230331711101
20260109-193500-a186c,546,9,81.84658377889545,6.426749568435407
20260109-193500-a186c,546,10,78.44861406537312,6.1599345178655485
20260109-193500-a186c,547,2,92.77013027581842,7.284487234365772
20260109-193500-a186c,547,4,93.65842710642482,7.354237992542368
20260109-193500-a186c,547,3,95.52619958020973,7.500899042834463
20260109-193500-a186c,547,9,82.8009692651514,6.50168973366559
20260109-193500-a186c,547,10,78.72367931662272,6.181533165031269
20260109-193500-a186c,548,2,92.43059808376215,7.257826520283161
20260109-193500-a186c,548,4,93.46208039452033,7.33882047494133
20260109-193500-a186c,548,3,97.2282363576446,7.634546210740587
20260109-193500-a186c,548,9,81.22952620193882,6.3782970328095
20260109-193500-a186c,548,10,78.8558492238721,6.191911397758364
20260109-193500-a186c,549,2,92.18896434784764,7.238852979344628
20260109-193500-a186c,549,4,93.90227578037711,7.373385454632173
20260109-193500-a186c,549,3,99.1175833984248,7.782901337104332
20260109-193500-a186c,549,9,73.89950367493357,5.802729709934871
20260109-193500-a186c,549,10,78.19262221704192,6.139833550606732
20260109-193500-a186c,550,2,91.46592598482572,7.182078630642836
20260109-193500-a186c,550,4,94.43407141275904,7.415143060058187
20260109-193500-a186c,550,3,100.21437769185916,7.869023712975678
20260109-193500-a186c,550,9,72.25459833121235,5.673568610964198
20260109-193500-a186c,550,10,77.75277385719072,6.105295820058476
20260109-193500-a186c,551,2,91.67054096248326,7.198145388210977
20260109-193500-a186c,551,4,94.11435203765086,7.390038086079704
20260109-193500-a186c,551,3,99.36783677776984,7.802551708854117
20260109-193500-a186c,551,9,70.7280963644211,5.553704770552803
20260109-193500-a186c,551,10,77.68546478681624,6.100010583717403
20260109-193500-a186c,552,2,91.68969994905783,7.199649788309488
20260109-193500-a186c,552,4,90.29097131728173,7.089818953403667
20260109-193500-a186c,552,3,98.66945157315962,7.747713173082661
20260109-193500-a186c,552,9,69.32781944783443,5.443752361376208
20260109-193500-a186c,552,10,77.60517919740275,6.09370640639818
20260109-193500-a186c,553,2,91.57510039662257,7.19065121329082
20260109-193500-a186c,553,4,91.36200407412176,7.173918484379775
20260109-193500-a186c,553,3,97.92808987792863,7.689500041453961
20260109-193500-a186c,553,9,68.06155876979979,5.344323162375428
20260109-193500-a186c,553,10,77.44943432353378,6.081477022412804
20260109-193500-a186c,554,2,91.76197378582495,7.205324867559064
20260109-193500-a186c,554,4,91.69599626357937,7.20014418691192
20260109-193500-a186c,554,3,96.7478223847614,7.596823191032908
20260109-193500-a186c,554,9,66.93692040783606,5.256014417236818
20260109-193500-a186c,554,10,77.13496939025592,6.056784637209639
20260109-193500-a186c,555,2,92.14841334983363,7.23566883778424
20260109-193500-a186c,555,4,89.40758777495228,7.020453995975931
20260109-193500-a186c,555,3,95.91227733721448,7.531214603284923
20260109-193500-a186c,555,9,65.9611487462259,5.179394968805282
20260109-193500-a186c,555,10,77.10251146208846,6.054235978900258
20260109-193500-a186c,556,2,93.02542102838329,7.30453315025035
20260109-193500-a186c,556,4,90.74277569626217,7.125295493334446
20260109-193500-a186c,556,3,95.71213411228199,7.515498976253562
20260109-193500-a186c,556,9,65.14093392702615,5.114990139771042
20260109-193500-a186c,556,10,77.36531387905222,6.07487172497328
20260109-193500-a186c,557,2,89.79837967200365,7.05113971967709
20260109-193500-a186c,557,4,91.57924686629127,7.190976801982778
20260109-193500-a186c,557,3,95.56864651344324,7.504232056837549
20260109-193500-a186c,557,9,64.48221228040585,5.063266062079876
20260109-193500-a186c,557,10,77.6327185446425,6.095868848369689
20260109-193500-a186c,558,2,90.59785016240706,7.113915664523573
20260109-193500-a186c,558,4,89.19215762053582,7.00353801013999
20260109-193500-a186c,558,3,93.14042217945409,7.3135632595584
20260109-193500-a186c,558,9,63.98997130013536,5.024614363237251
20260109-193500-a186c,558,10,77.56575827043339,6.0906110001675176
20260109-193500-a186c,559,2,91.76757716243623,7.205764855357645
20260109-193500-a186c,559,4,87.84007616204968,6.8973700000824225
20260109-193500-a186c,559,3,90.03530010306095,7.069743162945588
20260109-193500-a186c,559,9,63.668072470710634,4.999338254356838
20260109-193500-a186c,559,10,77.28834203959433,6.068827749608908
20260109-193500-a186c,560,2,90.56613387535894,7.111425241286733
20260109-193500-a186c,560,4,86.93501102646523,6.8263025626773794
20260109-193500-a186c,560,3,86.89721717132808,6.823334917224414
20260109-193500-a186c,560,9,63.519105598283296,4.987641091947838
20260109-193500-a186c,560,10,76.75959089672335,6.027309203295042
20260109-193500-a186c,561,2,89.32215300932158,7.013745495537724
20260109-193500-a186c,561,4,86.11327871391177,6.761778577176177
20260109-193500-a186c,561,3,84.81492904119938,6.65982968922596
20260109-193500-a186c,561,9,63.544286907658,4.989618376297221
20260109-193500-a186c,561,10,76.5809286190851,6.013280301138183
20260109-193500-a186c,562,2,87.70481433870151,6.886748984217216
20260109-193500-a186c,562,4,85.79631849969579,6.736890257763522
20260109-193500-a186c,562,3,85.66938579227241,6.7269232599367434
20260109-193500-a186c,562,9,63.74341001175209,5.005253901498362
20260109-193500-a186c,562,10,76.80382113057506,6.030782245457512
20260109-193500-a186c,563,2,85.77684445905146,6.73536111901969
20260109-193500-a186c,563,4,89.1359121852327,6.999121511486396
20260109-193500-a186c,563,3,87.15033842473821,6.843210479905319
20260109-193500-a186c,563,9,64.11485428492064,5.0344204129404595
20260109-193500-a186c,563,10,77.57661784101526,6.091463714322808
20260109-193500-a186c,564,2,83.82539274939374,6.5821294158279535
20260109-193500-a186c,564,4,91.82986637721339,7.210655923080995
20260109-193500-a186c,564,3,88.85534193583214,6.97709060138608
20260109-193500-a186c,564,9,64.6556498594946,5.0768847109604485
20260109-193500-a186c,564,10,78.59156734582525,6.17115948158467
20260109-193500-a186c,565,2,81.76660477268094,6.420469464612607
20260109-193500-a186c,565,4,90.23681255994994,7.085566304676759
20260109-193500-a186c,565,3,90.78218197865368,7.1283897496449775
20260109-193500-a186c,565,10,79.0235906521797,6.205082774035924
20260109-193500-a186c,566,2,79.76393340406288,6.263215896293207
20260109-193500-a186c,566,4,88.99485843947775,6.9880457028478125
20260109-193500-a186c,566,3,92.48930338751921,7.262436172490574
20260109-193500-a186c,566,10,78.8900150153944,6.194594160749601
20260109-193500-a186c,567,2,80.23393062744766,6.30012097300006
20260109-193500-a186c,567,4,88.50305799341427,6.94942859558976
20260109-193500-a186c,567,3,92.42306863418328,7.257235293568528
20260109-193500-a186c,567,10,78.93862089119999,6.198410786648134
20260109-193500-a186c,568,2,82.51123822088348,6.478939500513022
20260109-193500-a186c,568,4,88.54833573554653,6.952983890096545
20260109-193500-a186c,568,3,93.01384691212007,7.30362432860789
20260109-193500-a186c,568,10,78.71766965037645,6.1810612745971
20260109-193500-a186c,568,11,82.07520268150873,6.444701159886986
20260109-193500-a186c,569,2,84.16198505063355,6.608559284087029
20260109-193500-a186c,569,4,88.33419175656597,6.936168897204303
20260109-193500-a186c,569,3,93.09195891684455,7.3097578319195105
20260109-193500-a186c,569,10,78.47607597634291,6.162090879393725
20260109-193500-a186c,569,11,84.62594094589652,6.644989984208971
20260109-193500-a186c,570,2,85.52427753136763,6.715529083050075
20260109-193500-a186c,570,4,88.14035166626883,6.920948204303693
20260109-193500-a186c,570,3,91.64790974751433,7.1963683421289115
20260109-193500-a186c,570,10,78.20980424984309,6.141182716531459
20260109-193500-a186c,570,11,86.44968231459785,6.788193628308548
20260109-193500-a186c,571,2,85.58567227253762,6.720349915002993
20260109-193500-a186c,571,4,87.84381569475919,6.897663635309666
20260109-193500-a186c,571,3,90.43811989409961,7.101373339779951
20260109-193500-a186c,571,10,77.95058132947148,6.120828039345086
20260109-193500-a186c,571,11,80.50600885231005,6.321485073167499
20260109-193500-a186c,572,2,86.39518016682689,6.783914015910649
20260109-193500-a186c,572,4,91.35584020736567,7.173434485828027
20260109-193500-a186c,572,3,89.58528281704926,7.034406948956779
20260109-193500-a186c,572,10,77.2570609848282,6.066371501639396
20260109-193500-a186c,572,11,75.38468959784764,5.919349335928296
20260109-193500-a186c,573,2,86.41440431052105,6.7854235322702285
20260109-193500-a186c,573,4,93.88043090981343,7.371670153809759
20260109-193500-a186c,573,3,82.45526257496998,6.474544186235893
20260109-193500-a186c,573,10,76.66349345849366,6.019763449505992
20260109-193500-a186c,573,11,71.08465747877605,5.5817026280320095
20260109-193500-a186c,574,2,87.10111882934534,6.839345663576464
20260109-193500-a186c,574,4,92.00180308071889,7.224156720353575
20260109-193500-a186c,574,3,74.64135913084365,5.8609816125920595
20260109-193500-a186c,574,10,76.59585034825625,6.014451983718974
20260109-193500-a186c,574,11,70.29538699827636,5.519727607380773
20260109-193500-a186c,575,2,87.91054140351822,6.902903064986158
20260109-193500-a186c,575,4,93.760416327194,7.362246380312516
20260109-193500-a186c,575,3,70.29486943730936,5.519686967508371
20260109-193500-a186c,575,10,76.88555784060715,6.0372003675301835
20260109-193500-a186c,575,11,70.66275398991466,5.548573962915256
20260109-193500-a186c,576,2,89.81640235331079,7.052554894922836
20260109-193500-a186c,576,4,92.66537355537959,7.276261537253114
20260109-193500-a186c,576,3,64.93366553594258,5.098715031129426
20260109-193500-a186c,576,10,77.03895076207236,6.049245071735441
20260109-193500-a186c,576,11,71.69461666189108,5.629597784260368
20260109-193500-a186c,577,2,91.48627799842045,7.183676709494118
20260109-193500-a186c,577,4,91.2401291976129,7.164348637064922
20260109-193500-a186c,577,3,55.7010590721642,4.373753195618807
20260109-193500-a186c,577,10,77.51360857542711,6.0865161068390305
20260109-193500-a186c,577,11,74.38251594007468,5.8406567524969715
20260109-193500-a186c,578,2,94.99281062249534,7.459016326470153
20260109-193500-a186c,578,4,93.00124804506528,7.302635041582474
20260109-193500-a186c,578,3,48.26291247838421,3.7896957651868592
20260109-193500-a186c,578,10,78.29697518938777,6.148027544650519
20260109-193500-a186c,578,11,76.56896021258555,6.012340519075762
20260109-193500-a186c,579,2,97.30284682598422,7.6404047667494455
20260109-193500-a186c,579,4,94.20077557102367,7.396824226443324
20260109-193500-a186c,579,3,46.5189728790663,3.652758307936703
20260109-193500-a186c,579,10,79.55847322940778,6.247082772247829
20260109-193500-a186c,579,11,78.17850755484858,6.13872524046144
20260109-193500-a186c,580,2,95.95178831067193,7.53431708013725
20260109-193500-a186c,580,4,95.03273074741224,7.462150930673973
20260109-193500-a186c,580,3,47.44640447343143,3.7255820022638986
20260109-193500-a186c,580,10,79.6947822060491,6.257786012583064
20260109-193500-a186c,580,11,80.13670927466829,6.292486967300989
20260109-193500-a186c,581,2,98.68304922813759,7.748780886837184
20260109-193500-a186c,581,4,91.8972854187301,7.215949794565507
20260109-193500-a186c,581,3,44.41818180656485,3.4878001936793677
20260109-193500-a186c,581,10,79.1258202927319,6.213110040025119
20260109-193500-a186c,581,11,80.63785293786373,6.331837721754786
20260109-193500-a186c,582,2,101.69017470504306,7.984906103903564
20260109-193500-a186c,582,4,89.81315479247601,7.052299890263756
20260109-193500-a186c,582,3,41.16547582655007,3.2323915280009166
20260109-193500-a186c,582,10,78.12552289078064,6.1345647837727135
20260109-193500-a186c,582,11,84.2022918156066,6.611724248004099
20260109-193500-a186c,583,2,104.03043274628116,8.168667620415786
20260109-193500-a186c,583,4,91.62166192055619,7.194307312788563
20260109-193500-a186c,583,3,37.91285265395013,2.976989364518318
20260109-193500-a186c,583,10,76.81734752945117,6.031844364047267
20260109-193500-a186c,583,11,81.65206010945167,6.4114751995988835
20260109-193500-a186c,584,2,105.00654858779755,8.245314094508771
20260109-193500-a186c,584,4,93.46436648963159,7.338999983481472
20260109-193500-a186c,584,3,34.66033560141355,2.7215955337851128
20260109-193500-a186c,584,10,75.473140055651,5.92629463425683
20260109-193500-a186c,584,11,81.15136836165506,6.372159930402508
20260109-193500-a186c,585,2,101.94170873618381,8.004657034870306
20260109-193500-a186c,585,4,92.14764798832701,7.235608740141733
20260109-193500-a186c,585,3,31.40795763741609,2.4662126245487808
20260109-193500-a186c,585,10,75.25659264781818,5.909290919555737
20260109-193500-a186c,585,11,82.38430866964053,6.468972750515538
20260109-193500-a186c,586,2,99.41266743613004,7.8060718974920125
20260109-193500-a186c,586,4,91.02337948417934,7.147329036942933
20260109-193500-a186c,586,3,28.15576696191134,2.2108444215614345
20260109-193500-a186c,586,10,75.95296705648263,5.963971563801609
20260109-193500-a186c,586,11,81.28193220058863,6.382412051587997
20260109-193500-a186c,587,2,96.81516649646672,7.602111178885987
20260109-193500-a186c,587,4,89.69504360761611,7.043025575182062
20260109-193500-a186c,587,3,24.90383694898878,1.9554966862962615
20260109-193500-a186c,587,10,77.55723376510343,6.089941639781036
20260109-193500-a186c,587,11,81.73720806529082,6.418161179186263
20260109-193500-a186c,588,2,99.4472204791118,7.808785068205053
20260109-193500-a186c,588,4,91.92058633920865,7.217779427199096
20260109-193500-a186c,588,3,21.6522850447431,1.7001786408441968
20260109-193500-a186c,588,10,78.88144368526798,6.193921123590962
20260109-193500-a186c,588,11,81.42518960945071,6.393660896048833
20260109-193500-a186c,589,2,101.96341369903857,8.006361349873075
20260109-193500-a186c,589,4,93.47960987939827,7.340196923464564
20260109-193500-a186c,589,3,18.401311688149267,1.4449060240551277
20260109-193500-a186c,589,10,79.78834919330292,6.265133070544307
20260109-193500-a186c,589,11,79.37400218929618,6.232597755003508
20260109-193500-a186c,590,2,103.44014614782596,8.12231719298532
20260109-193500-a186c,590,4,94.38255985161615,7.41109827421546
20260109-193500-a186c,590,3,15.151289296249947,1.189708078824209
20260109-193500-a186c,590,10,80.4167981763993,6.314480081065958
20260109-193500-a186c,590,11,77.71443050842414,6.102285027319666
20260109-193500-a186c,591,2,105.137062871585,8.25556232452985
20260109-193500-a186c,591,4,91.76716352651016,7.205732375877298
20260109-193500-a186c,591,3,11.9029968554782,0.9346459726491091
20260109-193500-a186c,591,10,80.81847458750985,6.346020477531731
20260109-193500-a186c,591,11,80.12100998463721,6.291254229161245
20260109-193500-a186c,592,2,105.41200949788919,8.277151657039031
20260109-193500-a186c,592,4,89.65679252412936,7.040022027288667
20260109-193500-a186c,592,3,8.658381618582997,0.6798726075226337
20260109-193500-a186c,592,10,81.19044692531632,6.375228453614467
20260109-193500-a186c,592,11,83.3495530772329,6.544765578921022
20260109-193500-a186c,593,2,103.50669027192474,8.12754236428861
20260109-193500-a186c,593,4,88.97983490674972,6.986866026457933
20260109-193500-a186c,593,3,5.42404661421103,0.4259064658242075
20260109-193500-a186c,593,10,80.83707864752252,6.347481303740196
20260109-193500-a186c,593,11,87.37523734232178,6.860869971050684
20260109-193500-a186c,594,2,101.28014992471032,7.952710177593799
20260109-193500-a186c,594,4,88.84534304502478,6.976305469445147
20260109-193500-a186c,594,3,2.2448746962533677,0.1762718346841745
20260109-193500-a186c,594,10,80.77088326905886,6.342283516608078
20260109-193500-a186c,594,11,90.34167206640636,7.093800072743191
20260109-193500-a186c,595,2,99.13479468355251,7.784252799977426
20260109-193500-a186c,595,4,89.12433867032394,6.998212737063432
20260109-193500-a186c,595,3,1.3509679638131429,0.10608057633610067
20260109-193500-a186c,595,10,81.28534291756026,6.382679867577541
20260109-193500-a186c,595,11,91.96776357672877,7.221483873699777
20260109-193500-a186c,596,2,97.65056668754872,7.667708392228586
20260109-193500-a186c,596,4,92.04441910999113,7.227503012099528
20260109-193500-a186c,596,3,4.447160643067267,0.3491995196867971
20260109-193500-a186c,596,10,81.68231335643924,6.4138507421450015
20260109-193500-a186c,596,11,92.68727726922954,7.277981458562385
20260109-193500-a186c,597,2,97.24535067380333,7.635890059425638
20260109-193500-a186c,597,4,93.73861110774192,7.36053419297087
20260109-193500-a186c,597,10,81.59873430751301,6.4072879561151295
20260109-193500-a186c,597,11,92.85344799283001,7.291029500116213
20260109-193500-a186c,598,2,100.40694698799824,7.884144620699805
20260109-193500-a186c,598,4,94.51818931923103,7.421748158208367
20260109-193500-a186c,598,10,81.29755727271204,6.383638961996343
20260109-193500-a186c,598,11,91.92071473799747,7.217789509316425
20260109-193500-a186c,599,2,100.4778775627145,7.889714224455999
20260109-193500-a186c,599,4,94.82135196804903,7.4455530665197545
20260109-193500-a186c,599,10,80.64465420242266,6.332371769995419
20260109-193500-a186c,599,11,90.82752580374687,7.131950233111655
20260109-193500-a186c,600,2,101.4368981985921,7.96501835045834
20260109-193500-a186c,600,4,96.43544075662147,7.572294390915131
20260109-193500-a186c,600,10,78.90871994014505,6.196062907049307
20260109-193500-a186c,600,11,90.0475516128874,7.070705174820177
20260109-193500-a186c,601,2,100.58338051216793,7.8979985168914695
20260109-193500-a186c,601,4,97.21401460232634,7.633429491439255
20260109-193500-a186c,601,10,78.28647898096997,6.147203362384079
20260109-193500-a186c,601,11,90.011984617473,7.067912386631882
20260109-193500-a186c,602,2,100.01592455466002,7.853440794850535
20260109-193500-a186c,602,4,97.48773701254133,7.6549226961705905
20260109-193500-a186c,602,10,77.37521636212361,6.0756492867952545
20260109-193500-a186c,602,11,90.2083334297325,7.083330069156792
20260109-193500-a186c,603,2,100.11266026707825,7.861036667143942
20260109-193500-a186c,603,4,97.0333513048817,7.619243465397886
20260109-193500-a186c,603,10,77.54037243595906,6.08861765611796
20260109-193500-a186c,603,11,90.65792305995207,7.118632702798683
20260109-193500-a186c,604,2,99.90247762258574,7.844532725776835
20260109-193500-a186c,604,4,93.86357565499232,7.3703466471141095
20260109-193500-a186c,604,10,78.05185725809079,6.128780418057744
20260109-193500-a186c,604,11,90.7227740011053,7.1237249221538
20260109-193500-a186c,605,2,100.25566316164736,7.872265526657979
20260109-193500-a186c,605,4,91.50760515611296,7.185351358516325
20260109-193500-a186c,605,10,79.20147700514754,6.219050749110546
20260109-193500-a186c,605,11,88.86134970535801,6.977562342886151
20260109-193500-a186c,606,2,100.38660416458002,7.882547263478679
20260109-193500-a186c,606,4,92.74478471591192,7.282497052751951
20260109-193500-a186c,606,10,80.09679558519625,6.289352868420551
20260109-193500-a186c,606,11,86.91083770703617,6.824404427617423
20260109-193500-a186c,607,2,100.43314127296232,7.886201445820853
20260109-193500-a186c,607,4,91.77209263253377,7.206119418665738
20260109-193500-a186c,607,10,81.44215017322706,6.394992671804124
20260109-193500-a186c,607,11,85.80219402247609,6.737351614997376
20260109-193500-a186c,608,2,100.01885061599457,7.853670554756823
20260109-193500-a186c,608,4,91.07740226338599,7.151571008408595
20260109-193500-a186c,608,10,82.13056401358511,6.449048237072162
20260109-193500-a186c,608,11,86.84393836641057,6.819151364036228
20260109-193500-a186c,609,2,98.53848783385382,7.73742965095866
20260109-193500-a186c,609,4,90.34877434301907,7.094357757023318
20260109-193500-a186c,609,10,82.13692873036977,6.44954800675051
20260109-193500-a186c,609,11,88.48453564133428,6.947974185243714
20260109-193500-a186c,610,2,97.75273889789396,7.675731148688603
20260109-193500-a186c,610,4,89.59756667152153,7.035371500594531
20260109-193500-a186c,610,10,81.41168115777195,6.39260018670718
20260109-193500-a186c,610,11,89.81659478142276,7.05257000474451
20260109-193500-a186c,611,2,94.37607613293449,7.410589160281617
20260109-193500-a186c,611,4,92.13063053201861,7.23427249707652
20260109-193500-a186c,611,10,81.30372617775598,6.384123356164046
20260109-193500-a186c,611,11,90.88599238571051,7.136541140429397
20260109-193500-a186c,612,2,91.78239653684629,7.206928500847745
20260109-193500-a186c,612,4,91.1084116945482,7.154005927975642
20260109-193500-a186c,612,10,81.96312512978322,6.4359006171651405
20260109-193500-a186c,612,11,91.29772034998808,7.168870803984836
20260109-193500-a186c,613,2,89.62848085784772,7.037798941355737
20260109-193500-a186c,613,4,90.69398579399017,7.1214644173274415
20260109-193500-a186c,613,10,81.84384317260664,6.426534370812359
20260109-193500-a186c,613,11,92.44256492398381,7.258766179358461
20260109-193500-a186c,614,2,88.06489070226094,6.915022865755886
20260109-193500-a186c,614,4,90.36034011626113,7.095265923555874
20260109-193500-a186c,614,10,81.02639985153863,6.362347165087483
20260109-193500-a186c,614,11,91.6804685296135,7.198924919681005
20260109-193500-a186c,615,2,88.26951594331992,6.931090429225845
20260109-193500-a186c,615,4,90.49918017240361,7.106167909071919
20260109-193500-a186c,615,10,80.58030651614756,6.327319067171371
20260109-193500-a186c,615,11,91.92415143500504,7.218059365307848
20260109-193500-a186c,616,2,89.28751094333501,7.011025334568876
20260109-193500-a186c,616,4,90.94282697655947,7.141003900698018
20260109-193500-a186c,616,10,80.08768960088652,6.288637849197626
20260109-193500-a186c,616,11,90.96889949278447,7.143051164305864
20260109-193500-a186c,616,12,80.18798921450296,6.296513565797661
20260109-193500-a186c,617,2,90.32295464584459,7.092330345248607
20260109-193500-a186c,617,4,91.28370491485195,7.167770285336973
20260109-193500-a186c,617,10,79.16040783253553,6.215825919494281
20260109-193500-a186c,617,11,90.38805195802338,7.0974419101256645
20260109-193500-a186c,617,12,79.43397479271654,6.237306917993022
20260109-193500-a186c,618,2,90.47583935884956,7.104335143958097
20260109-193500-a186c,618,4,91.22001242746855,7.162769029977193
20260109-193500-a186c,618,10,78.33969847755408,6.151382258569023
20260109-193500-a186c,618,11,89.09194143067492,6.995668844132052
20260109-193500-a186c,618,12,69.02664726378744,5.420103748147859
20260109-193500-a186c,619,2,90.23029750009358,7.085054729774217
20260109-193500-a186c,619,4,90.94164524348949,7.140911108767716
20260109-193500-a186c,619,10,77.62210771026407,6.095035665454608
20260109-193500-a186c,619,11,87.06566901553211,6.836562076710568
20260109-193500-a186c,619,12,67.59263808165288,5.307502617264837
20260109-193500-a186c,620,2,89.88613249038366,7.058030238030016
20260109-193500-a186c,620,4,90.75212303457823,7.126029464133411
20260109-193500-a186c,620,10,77.52366981485314,6.087306134512193
20260109-193500-a186c,620,11,85.7867888382384,6.736141970604414
20260109-193500-a186c,620,12,69.12635364440348,5.4279328829633755
20260109-193500-a186c,621,2,88.85310198331237,6.976914716050063
20260109-193500-a186c,621,4,90.47986617911438,7.104651337551089
20260109-193500-a186c,621,10,77.65217589629783,6.097396676662335
20260109-193500-a186c,621,11,81.63439749309782,6.410088297338722
20260109-193500-a186c,621,12,75.02541444087683,5.89113836665621
20260109-193500-a186c,622,2,91.76369302287321,7.205459865324979
20260109-193500-a186c,622,4,90.01220144623449,7.067929412439007
20260109-193500-a186c,622,10,77.15498960527049,6.0583566626047665
20260109-193500-a186c,622,11,79.27345361470162,6.224702489513527
20260109-193500-a186c,622,12,81.49674068724859,6.3992792228882385
20260109-193500-a186c,623,2,93.56677457318547,7.347041261154859
20260109-193500-a186c,623,4,89.85852305436606,7.055862292554243
20260109-193500-a186c,623,10,76.65111882787873,6.018791769952709
20260109-193500-a186c,623,11,80.94479311754363,6.355939248980677
20260109-193500-a186c,623,12,84.69148908237061,6.650136948667924
20260109-193500-a186c,624,2,95.4520223057515,7.495074502033835
20260109-193500-a186c,624,4,89.64315345333475,7.0389510614853785
20260109-193500-a186c,624,10,76.68049352382543,6.0210983269986125
20260109-193500-a186c,624,11,83.77561328675849,6.578220637657416
20260109-193500-a186c,624,12,83.93327469287786,6.590600511403568
20260109-193500-a186c,625,2,97.01138565712083,7.6175186809200275
20260109-193500-a186c,625,4,90.08617710037808,7.073738121628708
20260109-193500-a186c,625,10,76.59862407151141,6.014669781749264
20260109-193500-a186c,625,11,85.26229279068154,6.694957542474974
20260109-193500-a186c,625,12,83.70838374072996,6.572941645719375
20260109-193500-a186c,626,2,98.15245185502525,7.707117371010125
20260109-193500-a186c,626,4,89.9812272844508,7.0654972622907035
20260109-193500-a186c,626,10,76.30546720827536,5.991650546769637
20260109-193500-a186c,626,11,88.50100390447305,6.9492673046157565
20260109-193500-a186c,626,12,75.3627214885753,5.917624358167872
20260109-193500-a186c,627,2,98.69093636129911,7.749400199547644
20260109-193500-a186c,627,4,89.39273515436707,7.019287739932869
20260109-193500-a186c,627,10,76.15389057045324,5.979748460613667
20260109-193500-a186c,627,11,88.90730694624784,6.9811709929289325
20260109-193500-a186c,627,12,79.39322728458055,6.234107346083762
20260109-193500-a186c,628,2,99.19526197872351,7.789000807104937
20260109-193500-a186c,628,4,89.21004724422653,7.004942737448394
20260109-193500-a186c,628,10,76.62311996880159,6.016593246236963
20260109-193500-a186c,628,11,83.49236370389566,6.555979341193035
20260109-193500-a186c,628,12,82.96180633950259,6.514318966926777
20260109-193500-a186c,629,2,99.16655582482866,7.786746745253638
20260109-193500-a186c,629,4,89.56910865520048,7.033136922977902
20260109-193500-a186c,629,10,77.34633383994321,6.073381376170425
20260109-193500-a186c,629,11,79.41440233825983,6.235770051609293
20260109-193500-a186c,629,12,83.23049799667777,6.535417147352459
20260109-193500-a186c,630,2,99.1439124115134,7.784968741334197
20260109-193500-a186c,630,4,89.83550408817281,7.054054799507888
20260109-193500-a186c,630,10,77.97338789690451,6.122618854436449
20260109-193500-a186c,630,11,77.83367689211194,6.111648480374387
20260109-193500-a186c,630,12,82.48676626384628,6.4770179158595615
20260109-193500-a186c,631,2,98.57280308198506,7.7401241495673485
20260109-193500-a186c,631,4,89.76896668224909,7.048830155728494
20260109-193500-a186c,631,10,78.36905959600604,6.153687749484193
20260109-193500-a186c,631,11,77.70770829201848,6.10175718609051
20260109-193500-a186c,631,12,81.97888288741223,6.437137946291978
20260109-193500-a186c,632,2,98.31249759893893,7.719684467498915
20260109-193500-a186c,632,4,89.65557760536083,7.039926629554139
20260109-193500-a186c,632,10,78.82182041277463,6.189239390730853
20260109-193500-a186c,632,11,78.19470799657628,6.139997329986437
20260109-193500-a186c,632,12,80.48455405145073,6.319800401360841
20260109-193500-a186c,633,2,98.72918258103756,7.752403365530263
20260109-193500-a186c,633,4,89.62032359169,7.0371584172881665
20260109-193500-a186c,633,10,79.5279690700837,6.2446875275873905
20260109-193500-a186c,633,11,78.533655001157,6.1666120940344555
20260109-193500-a186c,633,12,79.78628543451629,6.264971020275635
20260109-193500-a186c,634,2,99.16914568982467,7.786950106383412
20260109-193500-a186c,634,4,89.91399619687739,7.060218149307624
20260109-193500-a186c,634,10,80.39028379686874,6.312398121510191
20260109-193500-a186c,634,11,77.38424439581598,6.0763581851873125
20260109-193500-a186c,634,12,78.00251534142146,6.1249059968293995
20260109-193500-a186c,635,2,98.87729854751397,7.76403371318414
20260109-193500-a186c,635,4,90.19460959138964,7.082252447244245
20260109-193500-a186c,635,10,81.46352680217012,6.396671205403101
20260109-193500-a186c,635,11,80.8677299501962,6.34988810237656
20260109-193500-a186c,635,12,76.39607701886571,5.998765401589732
20260109-193500-a186c,636,2,97.88870701182431,7.686407623834877
20260109-193500-a186c,636,4,90.20681331930354,7.083210707192099
20260109-193500-a186c,636,10,81.73366359249366,6.41788286043467
20260109-193500-a186c,636,11,84.89000909314974,6.665725117833874
20260109-193500-a186c,636,12,75.49295038503534,5.927850179032715
20260109-193500-a186c,637,2,97.40233239779032,7.648216563236854
20260109-193500-a186c,637,4,90.2126507392982,7.083669072522689
20260109-193500-a186c,637,10,81.393934460459,6.391206682250044
20260109-193500-a186c,637,11,88.25769027366321,6.930161855132051
20260109-193500-a186c,637,12,75.362647392876,5.917618540032508
20260109-193500-a186c,638,2,97.5790103004437,7.662089648492277
20260109-193500-a186c,638,4,89.98025256771507,7.06542072567706
20260109-193500-a186c,638,10,81.15377056847917,6.372348556255383
20260109-193500-a186c,638,11,88.37319505812403,6.939231510692643
20260109-193500-a186c,638,12,75.77251491081927,5.949802117800073
20260109-193500-a186c,639,2,97.24588514406126,7.635932027047754
20260109-193500-a186c,639,4,89.62890864221451,7.037832531798584
20260109-193500-a186c,639,10,80.73547380110628,6.339503097775967
20260109-193500-a186c,639,11,87.87151323226084,6.8998384986816825
20260109-193500-a186c,639,12,76.23455573739048,5.98608244308265
20260109-193500-a186c,640,2,99.74197439903688,7.831929707116195
20260109-193500-a186c,640,4,89.45318261249231,7.024034189417784
20260109-193500-a186c,640,10,80.500627814683,6.321062543849222
20260109-193500-a186c,640,11,87.83286468762897,6.8968037413825325
20260109-193500-a186c,640,12,76.71507399721379,6.023813651599396
20260109-193500-a186c,641,2,101.95862370716634,8.00598523059263
20260109-193500-a186c,641,4,89.10452080778683,6.99665660077005
20260109-193500-a186c,641,10,80.18695203684857,6.296432124633779
20260109-193500-a186c,641,11,87.63761359504325,6.881472253896119
20260109-193500-a186c,641,12,77.46027673505326,6.082328389205849
20260109-193500-a186c,642,2,100.50151431721655,7.8915702274164365
20260109-193500-a186c,642,4,90.9136537967219,7.138713167080626
20260109-193500-a186c,642,10,80.26121006165032,6.302263006105103
20260109-193500-a186c,642,11,85.73822553416817,6.732328687519584
20260109-193500-a186c,642,12,77.50834129261408,6.086102509765304
20260109-193500-a186c,643,2,99.56686420791182,7.818179721554405
20260109-193500-a186c,643,4,92.21268203363853,7.240715337183932
20260109-193500-a186c,643,10,80.4722775984415,6.318836430900056
20260109-193500-a186c,643,11,85.3674124065361,6.703211734826514
20260109-193500-a186c,643,12,77.21238918832168,6.062863787136673
20260109-193500-a186c,644,2,99.30857963195838,7.79789872495806
20260109-193500-a186c,644,4,93.61279330520985,7.350654739598584
20260109-193500-a186c,644,10,80.59576724543454,6.3285330730673435
20260109-193500-a186c,644,11,86.756740312066,6.812304406811461
20260109-193500-a186c,644,12,76.62180539893856,6.016490023708791
20260109-193500-a186c,645,2,99.19163317613156,7.78871586661732
20260109-193500-a186c,645,4,94.38015063368952,7.410909097837469
20260109-193500-a186c,645,10,79.91974445658374,6.275450476752313
20260109-193500-a186c,645,11,88.84026744110442,6.9759069233629685
20260109-193500-a186c,645,12,77.38080008040473,6.076087730984328
20260109-193500-a186c,646,2,101.91147322057235,8.002282884625595
20260109-193500-a186c,646,4,93.15338680884949,7.314581266939097
20260109-193500-a186c,646,10,79.67865750023654,6.256519869986301
20260109-193500-a186c,646,11,88.77821558375275,6.971034493396524
20260109-193500-a186c,646,12,78.39591697264277,6.155796641825694
20260109-193500-a186c,647,2,100.76009020484791,7.911874098360299
20260109-193500-a186c,647,4,91.24883933103014,7.165032573322194
20260109-193500-a186c,647,10,80.09330879669207,6.289079079149456
20260109-193500-a186c,647,11,84.99148700519419,6.673693356669586
20260109-193500-a186c,647,12,78.6244261251251,6.17373961548806
20260109-193500-a186c,648,2,100.13288498035932,7.862624750132256
20260109-193500-a186c,648,4,90.32551432504339,7.09253133613212
20260109-193500-a186c,648,10,80.486654922301,6.319965365739401
20260109-193500-a186c,648,11,83.63331531380449,6.567047129930546
20260109-193500-a186c,648,12,78.6898913873477,6.178880072503019
20260109-193500-a186c,649,2,99.63019224095136,7.823152359265299
20260109-193500-a186c,649,4,91.47443649307093,7.182746891951577
20260109-193500-a186c,649,10,80.18690356998533,6.296428318923412
20260109-193500-a186c,649,11,84.13904977018552,6.6067583622047
20260109-193500-a186c,649,12,79.21397149597206,6.220031840315663
20260109-193500-a186c,650,2,99.38638027810164,7.804007779801154
20260109-193500-a186c,650,4,92.49757073985032,7.263085340734047
20260109-193500-a186c,650,10,80.05147671927668,6.2857943447957
20260109-193500-a186c,650,11,84.68392315245991,6.649542857448188
20260109-193500-a186c,650,12,79.06774852095234,6.208550133954625
20260109-193500-a186c,651,2,99.2437267046063,7.792806349642827
20260109-193500-a186c,651,4,92.8521505896768,7.290927625550776
20260109-193500-a186c,651,10,79.68237190751503,6.25681153231687
20260109-193500-a186c,651,11,87.06268000330695,6.836327373780511
20260109-193500-a186c,651,12,79.00572403911676,6.203679853565817
20260109-193500-a186c,652,2,101.68922815253933,7.984831778799033
20260109-193500-a186c,652,4,93.87907749308697,7.371563880951919
20260109-193500-a186c,652,10,78.6233167115729,6.173652502223968
20260109-193500-a186c,652,11,89.77886271795137,7.0496072112907715
20260109-193500-a186c,652,12,79.67965361805291,6.256598087053537
20260109-193500-a186c,653,2,103.62839609742565,8.1370989373965
20260109-193500-a186c,653,4,94.3322079639322,7.407144548140382
20260109-193500-a186c,653,10,78.24898059861997,6.144258918016848
20260109-193500-a186c,653,11,91.36033864465001,7.173787711687201
20260109-193500-a186c,653,12,79.66456314377967,6.255413154286092
20260109-193500-a186c,654,2,104.91470625952837,8.23810246005421
20260109-193500-a186c,654,4,93.53634813760742,7.344652119510919
20260109-193500-a186c,654,10,78.74361936531864,6.183098895614444
20260109-193500-a186c,654,11,91.29275735564721,7.1684811002212125
20260109-193500-a186c,654,12,79.05452433606975,6.207511745782961
20260109-193500-a186c,655,2,105.38833349209854,8.275292571992692
20260109-193500-a186c,655,4,91.85382397069385,7.212537118928792
20260109-193500-a186c,655,10,79.67553597239655,6.256274761677899
20260109-193500-a186c,655,11,87.70318754651309,6.886621245397681
20260109-193500-a186c,655,12,78.69849656866651,6.179555767721727
20260109-193500-a186c,656,2,106.02173271764964,8.325028284975591
20260109-193500-a186c,656,4,91.03618772282891,7.14833476422455
20260109-193500-a186c,656,10,79.77721356304178,6.264258679657471
20260109-193500-a186c,656,11,84.69994932656509,6.650801263147715
20260109-193500-a186c,656,12,79.35995711793439,6.231494909262788
20260109-193500-a186c,657,2,104.22380234421256,8.183851369360168
20260109-193500-a186c,657,4,92.29930106131455,7.247516828132399
20260109-193500-a186c,657,10,80.48055944658599,6.319486737382393
20260109-193500-a186c,657,11,81.96054555795864,6.435698064274782
20260109-193500-a186c,657,12,79.97281390668093,6.279617591001462
20260109-193500-a186c,658,2,102.47219788116251,8.04631205241828
20260109-193500-a186c,658,4,92.22769551330528,7.241894224188301
20260109-193500-a186c,658,10,80.30368968200814,6.305598586763416
20260109-193500-a186c,658,11,82.12338279844778,6.448484354388807
20260109-193500-a186c,658,12,79.84943754551,6.269929844252589
20260109-193500-a186c,659,2,101.21709362773994,7.947758877116357
20260109-193500-a186c,659,4,92.00105576716803,7.224098039870912
20260109-193500-a186c,659,10,80.16593426047055,6.294781768821351
20260109-193500-a186c,659,11,83.09037954803443,6.524414780023591
20260109-193500-a186c,659,12,79.83506143625091,6.268801004785981
20260109-193500-a186c,660,2,99.65046818574467,7.8247444650494815
20260109-193500-a186c,660,4,90.9040520796037,7.13795922197386
20260109-193500-a186c,660,10,79.71553759134656,6.259415764948337
20260109-193500-a186c,660,11,84.3958660429505,6.626924064839501
20260109-193500-a186c,660,12,80.17494178473584,6.29548905677415
20260109-193500-a186c,661,2,99.07578918843117,7.77961957617262
20260109-193500-a186c,661,4,90.60683172560938,7.114620913964287
20260109-193500-a186c,661,10,79.07794610487262,6.209350867657034
20260109-193500-a186c,661,11,84.97171827175258,6.67214107808631
20260109-193500-a186c,661,12,80.95792896018807,6.356970700351626
20260109-193500-a186c,662,2,101.5013795149501,7.970081546170887
20260109-193500-a186c,662,4,90.36789473040224,7.095859126239841
20260109-193500-a186c,662,10,78.46659754765926,6.161346615129542
20260109-193500-a186c,662,11,84.80617867866299,6.659142594101669
20260109-193500-a186c,662,12,81.53356983726437,6.402171117858579
20260109-193500-a186c,663,2,103.41433501909188,8.12029045402086
20260109-193500-a186c,663,4,90.92537257759462,7.13963334806362
20260109-193500-a186c,663,10,77.98809909056607,6.123774005368233
20260109-193500-a186c,663,11,84.42843488674319,6.629481432454924
20260109-193500-a186c,663,12,81.2643228944434,6.381029335346901
20260109-193500-a186c,664,2,106.8730148051077,8.391872575055766
20260109-193500-a186c,664,4,90.46520587092327,7.103500182243313
20260109-193500-a186c,664,10,77.56055442543953,6.090202384352118
20260109-193500-a186c,664,11,87.57170299988366,6.876296828491174
20260109-193500-a186c,664,12,80.79702894487328,6.344336524846158
20260109-193500-a186c,665,2,107.16679767927515,8.414940965605455
20260109-193500-a186c,665,4,92.42842890692354,7.257656192388365
20260109-193500-a186c,665,10,77.7669626499256,6.106409951075012
20260109-193500-a186c,665,11,88.03841516444821,6.912943956125745
20260109-193500-a186c,665,12,81.23901880504124,6.3790424100760275
20260109-193500-a186c,666,2,102.21692133011076,8.026267251663546
20260109-193500-a186c,666,4,92.75294707243903,7.2831379765250155
20260109-193500-a186c,666,10,78.58420086061996,6.170581051142883
20260109-193500-a186c,666,11,92.12342617402646,7.2337067971721485
20260109-193500-a186c,666,12,81.98254837865035,6.437425767641936
20260109-193500-a186c,667,2,98.28842748292814,7.717794436167828
20260109-193500-a186c,667,4,93.44658324232157,7.337603609048987
20260109-193500-a186c,667,10,79.31573335027088,6.228022374837725
20260109-193500-a186c,667,11,93.88716746703105,7.37219912110677
20260109-193500-a186c,667,12,82.497813715339,6.477885382781639
20260109-193500-a186c,668,2,99.8930747387317,7.843794393436487
20260109-193500-a186c,668,4,94.10275894451273,7.389127774336901
20260109-193500-a186c,668,10,78.05373803989194,6.128928100625187
20260109-193500-a186c,668,11,94.12876891791008,7.391170126962857
20260109-193500-a186c,668,12,83.98458235323398,6.594629286568355
20260109-193500-a186c,669,2,101.00191694380003,7.930862794264762
20260109-193500-a186c,669,4,95.11804860561374,7.468850251318283
20260109-193500-a186c,669,10,76.76563680685443,6.027783939668043
20260109-193500-a186c,669,11,88.6485521752028,6.960853075718891
20260109-193500-a186c,669,12,85.7892957146999,6.736338815316475
20260109-193500-a186c,670,2,100.48418230152254,7.890209284549444
20260109-193500-a186c,670,4,94.04274970609481,7.384415734697636
20260109-193500-a186c,670,10,75.764151416218,5.9491454002825215
20260109-193500-a186c,670,11,80.23021434520086,6.29982916344341
20260109-193500-a186c,670,12,87.84952900239415,6.898112255101501
20260109-193500-a186c,671,2,100.19544845868484,7.8675373535515325
20260109-193500-a186c,671,4,96.16352269252447,7.550942866875886
20260109-193500-a186c,671,10,75.48874633239606,5.927520068816287
20260109-193500-a186c,671,11,73.77857321670096,5.793234020140944
20260109-193500-a186c,671,12,88.32204170603914,6.935214852107068
20260109-193500-a186c,672,2,94.88301440582859,7.4503949185200655
20260109-193500-a186c,672,4,96.3078248831581,7.562273749590359
20260109-193500-a186c,672,10,77.19777950229624,6.061716606777716
20260109-193500-a186c,672,11,71.32727820346624,5.600753669208125
20260109-193500-a186c,672,12,88.7884663008774,6.971839399219288
20260109-193500-a186c,673,2,94.45307398127692,7.4166351779131166
20260109-193500-a186c,673,4,96.11057049751479,7.5467849597194245
20260109-193500-a186c,673,10,79.17369240781053,6.216869049634522
20260109-193500-a186c,673,11,70.39634838174094,5.527655287409086
20260109-193500-a186c,673,12,89.96818797988166,7.064473391273206
20260109-193500-a186c,674,2,90.69161472210776,7.12127823624946
20260109-193500-a186c,674,4,94.9929855049937,7.459030058576845
20260109-193500-a186c,674,10,80.90329732788346,6.352680920581648
20260109-193500-a186c,674,11,70.2516898509887,5.51629642419014
20260109-193500-a186c,674,12,95.20759261387798,7.47588141731078
20260109-193500-a186c,675,2,88.73562784392952,6.967690422991961
20260109-193500-a186c,675,4,94.27017182775266,7.4022733526303
20260109-193500-a186c,675,10,81.95914779737795,6.435588309453091
20260109-193500-a186c,675,11,70.68581682022315,5.550384900255444
20260109-193500-a186c,675,12,98.17882306172093,7.709188088362342
20260109-193500-a186c,676,2,87.24815558717198,6.850891269712687
20260109-193500-a186c,676,4,94.2782138836055,7.402904830165406
20260109-193500-a186c,676,10,82.9023686029109,6.509651802698868
20260109-193500-a186c,676,11,70.10369946908754,5.504675937676187
20260109-193500-a186c,676,12,98.89878920461626,7.765721200491253
20260109-193500-a186c,677,2,84.82104534560916,6.660309953091734
20260109-193500-a186c,677,4,94.74359527673705,7.439447463093688
20260109-193500-a186c,677,10,83.34698429549694,6.544563873288963
20260109-193500-a186c,677,11,69.06446751763039,5.423073466477459
20260109-193500-a186c,677,12,96.70527398505963,7.593482209689574
20260109-193500-a186c,678,2,81.92450513581024,6.4328681017180775
20260109-193500-a186c,678,4,96.29937797245898,7.561610482082007
20260109-193500-a186c,678,10,85.61989964583984,6.723037513512821
20260109-193500-a186c,678,11,64.48717235258819,5.063655536390049
20260109-193500-a186c,678,12,94.53690984438633,7.423218129481546
20260109-193500-a186c,679,2,81.89295371980505,6.430390624469392
20260109-193500-a186c,679,4,97.38695047605937,7.647008745460206
20260109-193500-a186c,679,10,88.00442672145716,6.910275118878799
20260109-193500-a186c,679,11,67.05587932342395,5.265355297749087
20260109-193500-a186c,679,12,94.90767450472752,7.45233127643067
20260109-193500-a186c,680,2,82.70591615550453,6.494225982544936
20260109-193500-a186c,680,4,96.6623694885563,7.590113266947483
20260109-193500-a186c,680,10,89.67974046872064,7.0418239435836325
20260109-193500-a186c,680,11,68.53955614819506,5.38185642648348
20260109-193500-a186c,680,12,95.89863062301221,7.530143037306715
20260109-193500-a186c,681,2,83.34668250425477,6.544540176066113
20260109-193500-a186c,681,4,97.06727675494265,7.621907356320044
20260109-193500-a186c,681,10,92.83592201643246,7.289653327085539
20260109-193500-a186c,681,11,69.5350199362316,5.460022138169624
20260109-193500-a186c,681,12,97.07378659817888,7.6224185216036435
20260109-193500-a186c,682,2,83.53183485799717,6.55907869135373
20260109-193500-a186c,682,4,97.3069020576014,7.640723191255911
20260109-193500-a186c,682,10,95.75421460605185,7.518803216732377
20260109-193500-a186c,682,11,69.14463573024744,5.4293684271471765
20260109-193500-a186c,682,12,97.55608303837658,7.660289356228482
20260109-193500-a186c,683,2,81.2362069557827,6.378821618319372
20260109-193500-a186c,683,4,97.81931522676382,7.680958848771825
20260109-193500-a186c,683,10,97.75035817611727,7.675544209882553
20260109-193500-a186c,683,11,70.29308527920793,5.519546872017772
20260109-193500-a186c,683,12,97.79304820542359,7.678896312252054
20260109-193500-a186c,684,2,85.77488247761043,6.735207060501946
20260109-193500-a186c,684,4,95.01541524237791,7.460791284255409
20260109-193500-a186c,684,10,98.33810679467669,7.721695350300086
20260109-193500-a186c,684,11,69.7551646147648,5.477308317414179
20260109-193500-a186c,684,12,96.98801845182516,7.615683843476412
20260109-193500-a186c,685,2,85.26557245741527,6.695215068150359
20260109-193500-a186c,685,4,94.9825561201291,7.4582111234230135
20260109-193500-a186c,685,10,97.83071618746749,7.681854073910115
20260109-193500-a186c,685,11,69.04481488298983,5.421530304193055
20260109-193500-a186c,685,12,98.25305891932763,7.71501722922331
20260109-193500-a186c,686,2,85.11932509035198,6.683731446479626
20260109-193500-a186c,686,4,95.35670104958915,7.487589695538318
20260109-193500-a186c,686,10,95.9113838079308,7.53114444166457
20260109-193500-a186c,686,11,68.58262867332581,5.385238563153268
20260109-193500-a186c,686,12,99.82111919628453,7.838144307262846
20260109-193500-a186c,687,2,84.30799746508616,6.620024456831496
20260109-193500-a186c,687,4,95.02383353762472,7.461452304823971
20260109-193500-a186c,687,10,94.0221402581728,7.382797441612902
20260109-193500-a186c,687,11,68.27970087958822,5.361452096109885
20260109-193500-a186c,687,12,96.7492662261357,7.596936564206238
20260109-193500-a186c,688,2,82.82880848454626,6.50387572216958
20260109-193500-a186c,688,4,95.49330168765357,7.498315837683727
20260109-193500-a186c,688,10,91.8632260178199,7.213275385567666
20260109-193500-a186c,688,11,68.53191368445951,5.38125632568212
20260109-193500-a186c,688,12,94.98829189617244,7.458661507477047
20260109-193500-a186c,689,2,81.53897374626733,6.402595443080832
20260109-193500-a186c,689,4,96.14423086640635,7.54942803596353
20260109-193500-a186c,689,10,90.87408844776863,7.135606420560852
20260109-193500-a186c,689,11,69.3625790530887,5.446481751752113
20260109-193500-a186c,689,12,95.12064969135356,7.469054493522222
20260109-193500-a186c,690,2,81.6970211195764,6.41500562370548
20260109-193500-a186c,690,4,96.79695066627282,7.600680837221959
20260109-193500-a186c,690,10,92.23710417594766,7.2426330102901115
20260109-193500-a186c,690,11,70.08224899039261,5.502991605254105
20260109-193500-a186c,690,12,96.96126849151243,7.613583385669157
20260109-193500-a186c,691,2,81.42514146185017,6.393657115407581
20260109-193500-a186c,691,4,97.81388522291256,7.680532474532407
20260109-193500-a186c,691,10,93.44551649195887,7.3375198457797515
20260109-193500-a186c,691,11,71.50497056244855,5.614706411505701
20260109-193500-a186c,691,12,95.28837272534444,7.482224425443016
20260109-193500-a186c,692,2,86.99760157379396,6.831217291606319
20260109-193500-a186c,692,4,98.1089346318775,7.703700315805477
20260109-193500-a186c,692,10,95.03373958309486,7.462230146372277
20260109-193500-a186c,692,11,70.72767291434454,5.553671520446675
20260109-193500-a186c,692,12,95.07784431783463,7.465693334105567
20260109-193500-a186c,693,2,92.84988558785672,7.290749773296013
20260109-193500-a186c,693,4,96.89686501775748,7.60852630230599
20260109-193500-a186c,693,10,95.37637885092134,7.489134833959258
20260109-193500-a186c,693,11,70.1457856662866,5.50798062599912
20260109-193500-a186c,693,12,95.62838058205561,7.508922489619844
20260109-193500-a186c,694,2,91.19519583596191,7.160820383969118
20260109-193500-a186c,694,4,96.49348726564939,7.576852313306274
20260109-193500-a186c,694,10,95.17792472909767,7.473551838519522
20260109-193500-a186c,694,11,70.32182488735877,5.5218035607609375
20260109-193500-a186c,694,12,94.83112060393306,7.446320118405774
20260109-193500-a186c,695,2,95.36432785552303,7.488188566859283
20260109-193500-a186c,695,4,95.83953401502266,7.525502659146047
20260109-193500-a186c,695,10,95.00816886314139,7.460222284762934
20260109-193500-a186c,695,11,70.29503950103084,5.51970032123553
20260109-193500-a186c,695,12,93.59435974673853,7.349207301495727
20260109-193500-a186c,696,2,94.7104318343908,7.436843406467912
20260109-193500-a186c,696,4,96.76398983801494,7.598092690240114
20260109-193500-a186c,696,10,95.28059883870816,7.481614005065303
20260109-193500-a186c,696,11,70.85526588868193,5.563690363688482
20260109-193500-a186c,696,12,92.68034904183526,7.277437440958223
20260109-193500-a186c,697,2,94.54996571484467,7.4242433012842
20260109-193500-a186c,697,4,95.63382675841328,7.509350133755253
20260109-193500-a186c,697,10,95.24223871984053,7.478601895506233
20260109-193500-a186c,697,11,72.23826534790048,5.672286114021694
20260109-193500-a186c,697,12,92.62296804163812,7.272931775587392
20260109-193500-a186c,698,2,98.42745699732691,7.728711298306825
20260109-193500-a186c,698,4,96.54335364278006,7.580767916168449
20260109-193500-a186c,698,10,95.0428886597812,7.462948549290648
20260109-193500-a186c,698,11,74.18855791495562,5.825426799129634
20260109-193500-a186c,698,12,92.60710483134962,7.271686166116983
20260109-193500-a186c,699,2,101.73309827730317,7.98827654451039
20260109-193500-a186c,699,4,94.86078795575183,7.448649655347878
20260109-193500-a186c,699,10,95.33032087792017,7.4855182742393325
20260109-193500-a186c,699,11,75.94119148360281,5.9630469234021035
20260109-193500-a186c,699,12,92.21681064181423,7.241039523357458
20260109-193500-a186c,700,2,103.79739496880904,8.150369050498146
20260109-193500-a186c,700,4,93.12973564287485,7.312724132362398
20260109-193500-a186c,700,10,96.64303791366466,7.5885953148857626
20260109-193500-a186c,700,11,74.22172306305268,5.82803098969421
20260109-193500-a186c,700,12,95.841518530325,7.5256584870654795
20260109-193500-a186c,701,2,105.04486032956967,8.248322405406206
20260109-193500-a186c,701,4,91.36776330645944,7.174370710266694
20260109-193500-a186c,701,10,96.45387283570606,7.573741712853726
20260109-193500-a186c,701,11,72.97429420282627,5.730080500877582
20260109-193500-a186c,701,12,99.87383663245656,7.842283780708468
20260109-193500-a186c,702,2,105.57521793836011,8.289967094482273
20260109-193500-a186c,702,4,91.11179737119632,7.1542717777513145
20260109-193500-a186c,702,10,95.08149081975408,7.465979664378073
20260109-193500-a186c,702,11,70.50768863010899,5.5363979356677095
20260109-193500-a186c,702,12,102.41259358193786,8.041631809375346
20260109-193500-a186c,703,2,105.61654776395369,8.293212391066852
20260109-193500-a186c,703,4,90.61337615831833,7.115134795279132
20260109-193500-a186c,703,10,93.84738204639996,7.369075094139907
20260109-193500-a186c,703,11,69.78832546856938,5.479912170782736
20260109-193500-a186c,703,12,103.90347086513384,8.158698331812666
20260109-193500-a186c,704,2,105.0994385125413,8.252607988232809
20260109-193500-a186c,704,4,92.12747076173822,7.234024385898897
20260109-193500-a186c,704,10,97.88107609159474,7.685808429451582
20260109-193500-a186c,704,11,64.70937552510007,5.081103352500535
20260109-193500-a186c,704,12,106.54169364617167,8.365856606924977
20260109-193500-a186c,705,2,95.58418661227422,7.505452294981211
20260109-193500-a186c,705,4,92.61686373698372,7.272452453965255
20260109-193500-a186c,705,10,99.46034395095357,7.809815548197025
20260109-193500-a186c,705,11,64.8809824638127,5.094578256013812
20260109-193500-a186c,705,12,107.43251789790746,8.435805823020067
20260109-193500-a186c,706,2,88.24307557557803,6.92901428121662
20260109-193500-a186c,706,4,92.44969303439115,7.259325892157322
20260109-193500-a186c,706,10,100.69102482811957,7.9064509535008645
20260109-193500-a186c,706,11,73.81253955493142,5.795901121680009
20260109-193500-a186c,706,12,105.76692477502284,8.305020280246467
20260109-193500-a186c,707,2,85.09256730670943,6.68163037436962
20260109-193500-a186c,707,4,92.03218008701852,7.226541980716474
20260109-193500-a186c,707,10,100.53898565425943,7.894512548134667
20260109-193500-a186c,707,11,81.9524792531277,6.435064682663754
20260109-193500-a186c,707,12,104.05120735244209,8.170298882039848
20260109-193500-a186c,708,2,89.73436196750254,7.046112927650117
20260109-193500-a186c,708,4,91.01545805443756,7.146707031199702
20260109-193500-a186c,708,10,100.24115410953493,7.871126248265446
20260109-193500-a186c,708,11,90.03600937282317,7.0697988561575436
20260109-193500-a186c,708,12,102.76518702211428,8.069318117524855
20260109-193500-a186c,709,2,95.24486627613139,7.478808216228231
20260109-193500-a186c,709,4,90.90276983970475,7.137858538056013
20260109-193500-a186c,709,10,96.30681633430572,7.562194556414511
20260109-193500-a186c,709,11,96.60404284500848,7.585533347860551
20260109-193500-a186c,709,12,100.69221132120879,7.90654411919694
20260109-193500-a186c,710,2,99.75082498713367,7.832624672142287
20260109-193500-a186c,710,4,91.09902274103958,7.153268689472535
20260109-193500-a186c,710,10,95.76557341566598,7.519695132086875
20260109-193500-a186c,710,11,90.81343583104135,7.130843861631948
20260109-193500-a186c,710,12,99.57167761117393,7.818557679141749
20260109-193500-a186c,711,2,103.3039464818742,8.111622535933524
20260109-193500-a186c,711,4,91.25142099890017,7.165235290798031
20260109-193500-a186c,711,10,95.27297938379056,7.481015710960131
20260109-193500-a186c,711,11,87.99202055347979,6.909300962951779
20260109-193500-a186c,711,12,98.97222852996757,7.771487796123182
20260109-193500-a186c,712,2,104.99941787259534,8.244754177176457
20260109-193500-a186c,712,4,91.64417686278388,7.19607522891364
20260109-193500-a186c,712,10,92.74364265640278,7.282407376065172
20260109-193500-a186c,712,11,88.57863444279208,6.955363002268661
20260109-193500-a186c,712,12,96.94875302775989,7.612600647629807
20260109-193500-a186c,713,2,105.44906231053582,8.28006111442493
20260109-193500-a186c,713,4,92.01810755988734,7.225436979096475
20260109-193500-a186c,713,10,89.2508586676263,7.0081473281058395
20260109-193500-a186c,713,11,93.60750807281855,7.350239733089801
20260109-193500-a186c,713,12,94.70226251862364,7.43620193624207
20260109-193500-a186c,714,2,105.65561799802764,8.296280260223758
20260109-193500-a186c,714,4,91.95804873299174,7.220721045675543
20260109-193500-a186c,714,10,84.99932295135712,6.674308650079473
20260109-193500-a186c,714,11,97.78317494088198,7.678121044724661
20260109-193500-a186c,714,12,92.20329886405898,7.239978552845946
20260109-193500-a186c,715,2,105.77549649565206,8.30569334806813
20260109-193500-a186c,715,4,92.09891532577176,7.231782158706253
20260109-193500-a186c,715,10,81.10451919013784,6.368481244268908
20260109-193500-a186c,715,11,99.95945722461411,7.849006872599319
20260109-193500-a186c,715,12,89.33946820786366,7.015105117889933
20260109-193500-a186c,716,2,106.76330138513919,8.383257668460043
20260109-193500-a186c,716,4,92.1324870473967,7.2344182741982275
20260109-193500-a186c,716,10,79.94246176626345,6.277234283154967
20260109-193500-a186c,716,11,100.23280170537403,7.870470401590385
20260109-193500-a186c,716,12,88.51463817723675,6.950337893668523
20260109-193500-a186c,717,2,107.47455152215157,8.439106383214495
20260109-193500-a186c,717,4,92.44738448518584,7.2591446204789705
20260109-193500-a186c,717,10,79.58461036845318,6.2491351101625545
20260109-193500-a186c,717,11,99.5206355101765,7.814549756203348
20260109-193500-a186c,717,12,88.21860616563012,6.927092896565461
20260109-193500-a186c,718,2,108.12796530980494,8.490413677715086
20260109-193500-a186c,718,4,92.68240577467105,7.277598939535861
20260109-193500-a186c,718,10,80.46270062798465,6.318084428948249
20260109-193500-a186c,718,11,98.50879736609009,7.735098298908553
20260109-193500-a186c,718,12,87.96409567986287,6.907108248715214
20260109-193500-a186c,719,2,108.3426305377658,8.507269600069554
20260109-193500-a186c,719,4,92.76792186541992,7.284313825777164
20260109-193500-a186c,719,10,81.4489075033736,6.395523270231059
20260109-193500-a186c,719,11,98.37838656062111,7.72485819420203
20260109-193500-a186c,719,12,89.02950908161694,6.99076653723249
20260109-193500-a186c,720,2,107.60009230913869,8.448964084798842
20260109-193500-a186c,720,4,92.69836259145045,7.278851899166132
20260109-193500-a186c,720,10,80.5614582908013,6.325839068636098
20260109-193500-a186c,720,11,97.92113330104303,7.688953797793772
20260109-193500-a186c,720,12,89.86889459768952,7.056676685880153
20260109-193500-a186c,721,2,107.24794776761259,8.421313025025919
20260109-193500-a186c,721,4,92.58430077470388,7.269895548177418
20260109-193500-a186c,721,10,78.29393245793061,6.147788623584101
20260109-193500-a186c,721,11,98.43220173594601,7.729083864215684
20260109-193500-a186c,721,12,89.68282154099666,7.042065875244137
20260109-193500-a186c,722,2,106.4695733181045,8.360193581470753
20260109-193500-a186c,722,4,92.59101787899213,7.270422987993383
20260109-193500-a186c,722,10,75.65627179080236,5.940674486726057
20260109-193500-a186c,722,11,98.8388882878795,7.761017666476604
20260109-193500-a186c,722,12,90.41662356339089,7.099685406970458
20260109-193500-a186c,723,2,106.05477880298498,8.32762312650546
20260109-193500-a186c,723,4,91.9362953448437,7.219012928226559
20260109-193500-a186c,723,10,75.56784050983353,5.933730694199078
20260109-193500-a186c,723,11,94.78689398614937,7.4428473601838485
20260109-193500-a186c,723,12,90.77717303390632,7.127996437767961
20260109-193500-a186c,724,2,106.1325891526447,8.333732943287139
20260109-193500-a186c,724,4,91.19529549032201,7.160828209019184
20260109-193500-a186c,724,10,75.93807057682976,5.96280186386106
20260109-193500-a186c,724,11,91.5135856585123,7.185820958949714
20260109-193500-a186c,724,12,91.66534040324034,7.197737030398996
20260109-193500-a186c,725,2,106.37223753070504,8.352550590147466
20260109-193500-a186c,725,4,90.98088971784776,7.1439926596034455
20260109-193500-a186c,725,10,75.48747970148902,5.9274206105462
20260109-193500-a186c,725,11,88.988283913052,6.987529458517035
20260109-193500-a186c,725,12,92.20998683660102,7.24050370518174
20260109-193500-a186c,726,2,106.04629321114912,8.326956821680614
20260109-193500-a186c,726,4,91.5434223413681,7.188163792087198
20260109-193500-a186c,726,10,74.89423841029073,5.880838175016742
20260109-193500-a186c,726,11,85.29102802587174,6.697213887844946
20260109-193500-a186c,726,12,93.47929052313384,7.340171847002727
20260109-193500-a186c,727,2,105.83204962701343,8.310134007601974
20260109-193500-a186c,727,4,92.1437308033957,7.23530115532384
20260109-193500-a186c,727,10,75.82378313715319,5.9538277965303665
20260109-193500-a186c,727,11,82.93594414799416,6.512288218416069
20260109-193500-a186c,727,12,94.82476129465486,7.445820773335129
20260109-193500-a186c,728,2,104.75719905197636,8.225734694273111
20260109-193500-a186c,728,4,92.52983126404438,7.265618498507642
20260109-193500-a186c,728,10,77.68848816297097,6.100247984968628
20260109-193500-a186c,728,11,80.84707694821373,6.348266389344085
20260109-193500-a186c,728,12,95.00877809460054,7.460270122776891
20260109-193500-a186c,729,2,104.27278043288457,8.18769722212155
20260109-193500-a186c,729,4,92.17683694826331,7.237900712842517
20260109-193500-a186c,729,10,79.28207255468162,6.225379265088503
20260109-193500-a186c,729,11,79.7972308957911,6.265830478731644
20260109-193500-a186c,729,12,93.74357488040624,7.360923957849932
20260109-193500-a186c,730,2,104.33498571689834,8.192581699441579
20260109-193500-a186c,730,4,94.69284217061248,7.435462232582858
20260109-193500-a186c,730,10,80.62064341018836,6.330486396880196
20260109-193500-a186c,730,11,80.17358324839996,6.295382381914832
20260109-193500-a186c,730,12,93.49481268746484,7.34139067689531
20260109-193500-a186c,731,2,104.13660511786956,8.177004477151662
20260109-193500-a186c,731,4,93.6383452985413,7.352661130757916
20260109-193500-a186c,731,10,81.53358964758992,6.402172673403054
20260109-193500-a186c,731,11,80.87427976203415,6.350402406070854
20260109-193500-a186c,731,12,93.37683427002449,7.332126786964146
20260109-193500-a186c,732,2,104.16629809709949,8.179336026406876
20260109-193500-a186c,732,4,92.2512905471248,7.243746951161323
20260109-193500-a186c,732,10,81.94277374499023,6.434302587688569
20260109-193500-a186c,732,11,81.084881967695,6.366939292179611
20260109-193500-a186c,732,12,93.55889033030275,7.346422175394592
20260109-193500-a186c,733,2,104.15351898262465,8.178332586010901
20260109-193500-a186c,733,4,91.74989293763731,7.204376256361241
20260109-193500-a186c,733,10,82.73599230004096,6.496587618669444
20260109-193500-a186c,733,11,81.32604449392922,6.385875832837013
20260109-193500-a186c,733,12,93.4587118507357,7.338555970470715
20260109-193500-a186c,734,2,104.07944113179214,8.172515852142638
20260109-193500-a186c,734,4,91.03862478265523,7.148526126801507
20260109-193500-a186c,734,10,82.9938956802893,6.516838683053347
20260109-193500-a186c,734,11,81.68218781592523,6.413840884464852
20260109-193500-a186c,734,12,93.1981842832552,7.318098849909715
20260109-193500-a186c,735,2,103.55683343432631,8.131479700857168
20260109-193500-a186c,735,4,93.2160253274341,7.319499762662371
20260109-193500-a186c,735,10,83.96070506702243,6.592754396600192
20260109-193500-a186c,735,11,81.70302302673196,6.415476904881075
20260109-193500-a186c,735,12,93.46428230091924,7.338993372823509
20260109-193500-a186c,736,2,103.21655011253057,8.1047600066375
20260109-193500-a186c,736,4,93.21846626073459,7.319691429391893
20260109-193500-a186c,736,10,85.67906662125124,6.72768341705741
20260109-193500-a186c,736,11,83.87212444235101,6.585798877321383
20260109-193500-a186c,736,12,93.73697667390408,7.360405854114475
20260109-193500-a186c,737,2,99.19998203949291,7.789371435262059
20260109-193500-a186c,737,4,92.75873004056375,7.283592066191118
20260109-193500-a186c,737,10,87.1461160395404,6.842878930181495
20260109-193500-a186c,737,11,85.01199301265827,6.6753035274126455
20260109-193500-a186c,737,12,94.28528814346883,7.403460314517037
20260109-193500-a186c,738,2,100.70151261911555,7.90727447481532
20260109-193500-a186c,738,4,92.55957872159568,7.267954325504361
20260109-193500-a186c,738,10,87.82449674486739,6.896146674586966
20260109-193500-a186c,738,11,86.35169222034607,6.780499259565622
20260109-193500-a186c,738,12,94.46793834093738,7.417802355730715
20260109-193500-a186c,739,2,101.96858356011504,8.006767297206586
20260109-193500-a186c,739,4,92.43818082060123,7.258421931214909
20260109-193500-a186c,739,10,87.60174445543879,6.878655740770832
20260109-193500-a186c,739,11,84.96652184408418,6.6717330446934255
20260109-193500-a186c,739,12,94.76553732391994,7.4411703944092356
20260109-193500-a186c,740,2,103.010000601922,8.088541345859305
20260109-193500-a186c,740,4,92.0216237808929,7.225713079463608
20260109-193500-a186c,740,10,87.0695585652131,6.8368674915559975
20260109-193500-a186c,740,11,84.13849184361199,6.60671455274803
20260109-193500-a186c,740,12,94.54690810202732,7.424003211705049
20260109-193500-a186c,741,2,103.47382033521471,8.124961354284132
20260109-193500-a186c,741,4,94.61839750299274,7.4296166955621565
20260109-193500-a186c,741,10,86.94340563357397,6.826961723208246
20260109-193500-a186c,741,11,83.40402697345354,6.549042972953408
20260109-193500-a186c,741,12,94.55251406709773,7.42444340275437
20260109-193500-a186c,742,2,100.38404502184103,7.882346314719012
20260109-193500-a186c,742,4,95.82401945573638,7.524284426416054
20260109-193500-a186c,742,10,86.56112164193681,6.796944056436582
20260109-193500-a186c,742,11,83.34638660906369,6.544516941812418
20260109-193500-a186c,742,12,93.96213703713764,7.3780858744699875
20260109-193500-a186c,743,2,98.33586362929434,7.721519212683983
20260109-193500-a186c,743,4,95.97562202916062,7.5361885490848755
20260109-193500-a186c,743,10,86.71678915766154,6.809167366113208
20260109-193500-a186c,743,11,85.72374648036593,6.7311917646514745
20260109-193500-a186c,743,12,93.73041980794531,7.359890996517185
20260109-193500-a186c,744,2,97.74859070990804,7.675405425071105
20260109-193500-a186c,744,4,96.30357773362542,7.561940255323817
20260109-193500-a186c,744,10,86.60889422473448,6.800695250581806
20260109-193500-a186c,744,11,88.300035738729,6.933486901661444
20260109-193500-a186c,744,12,94.29122304682981,7.403926334427129
20260109-193500-a186c,745,2,97.07842708851815,7.622782901739115
20260109-193500-a186c,745,4,96.44433837427924,7.57299304879188
20260109-193500-a186c,745,10,86.57708913616325,6.798197854480322
20260109-193500-a186c,745,11,87.13145047550873,6.841727362175114
20260109-193500-a186c,745,12,94.96536359214103,7.456861133396232
20260109-193500-a186c,746,2,96.8798670628563,7.607191590528398
20260109-193500-a186c,746,4,97.36255419059214,7.645093102682476
20260109-193500-a186c,746,10,85.97908124884349,6.75124113674931
20260109-193500-a186c,746,11,87.98086781270516,6.908425228514849
20260109-193500-a186c,746,12,95.75363025181974,7.518757332125646
20260109-193500-a186c,747,2,100.07332371443283,7.857947886145817
20260109-193500-a186c,747,4,98.23601857345434,7.713679188825889
20260109-193500-a186c,747,10,85.51723843368734,6.714976359699994
20260109-193500-a186c,747,11,88.45169048769498,6.945395121253129
20260109-193500-a186c,747,12,94.94877698268657,7.455558721246187
20260109-193500-a186c,748,2,98.21352024383374,7.7119125771543455
20260109-193500-a186c,748,4,98.03836391568854,7.698158968825903
20260109-193500-a186c,748,10,85.10999111362797,6.682998524858305
20260109-193500-a186c,748,11,87.94889372364611,6.905914562173337
20260109-193500-a186c,748,12,93.89750648372352,7.373010960379694
20260109-193500-a186c,749,2,97.14968070334237,7.628377871219552
20260109-193500-a186c,749,4,97.3874076390436,7.647044642768023
20260109-193500-a186c,749,10,85.5056198881542,6.714064049386681
20260109-193500-a186c,749,11,86.36634791497838,6.7816500526079775
20260109-193500-a186c,749,12,92.5694640484235,7.268730540185429
20260109-193500-a186c,750,2,96.97859428695791,7.614943840110395
20260109-193500-a186c,750,4,96.81259112112691,7.601908955511602
20260109-193500-a186c,750,10,86.48594662309328,6.79104117084743
20260109-193500-a186c,750,11,84.11796290919852,6.60510258173726
20260109-193500-a186c,750,12,93.4621456632739,7.3388255999681125
20260109-193500-a186c,751,2,96.87285757368055,7.606641192094457
20260109-193500-a186c,751,4,96.66645508160295,7.590434075491189
20260109-193500-a186c,751,10,87.40236155180172,6.862999815615001
20260109-193500-a186c,751,11,84.52009909789749,6.636679080814545
20260109-193500-a186c,751,12,94.01194436410955,7.3819968406012855
20260109-193500-a186c,752,2,96.18438526854968,7.5525810360611585
20260109-193500-a186c,752,4,97.09232094346007,7.6238738736786775
20260109-193500-a186c,752,10,87.3000455611533,6.854965769251867
20260109-193500-a186c,752,11,87.52514045162735,6.872640648561663
20260109-193500-a186c,752,12,93.69081158664163,7.356780883578842
20260109-193500-a186c,753,2,94.76921895023806,7.4414594827163905
20260109-193500-a186c,753,4,97.45444762148065,7.652308749811991
20260109-193500-a186c,753,10,87.10436675375568,6.8396006967841885
20260109-193500-a186c,753,11,89.16194289465719,7.001165492344678
20260109-193500-a186c,753,12,94.23459776130669,7.399480009211144
20260109-193500-a186c,754,2,94.09417979859448,7.388454123467408
20260109-193500-a186c,754,4,97.13241216179455,7.627021912463353
20260109-193500-a186c,754,10,87.58845630424779,6.877612329842861
20260109-193500-a186c,754,11,89.4356848367618,7.02266023075717
20260109-193500-a186c,754,12,94.54393458944864,7.42376972583674
20260109-193500-a186c,755,2,94.57895292373452,7.426519432108746
20260109-193500-a186c,755,4,95.82115290210311,7.524059339167755
20260109-193500-a186c,755,10,88.5962419237123,6.956745575189614
20260109-193500-a186c,755,11,88.1420391852585,6.921080711507266
20260109-193500-a186c,755,12,94.636374387106,7.431028274725056
20260109-193500-a186c,756,2,95.19370812129775,7.474791180521679
20260109-193500-a186c,756,4,96.92916137207685,7.6110622735292335
20260109-193500-a186c,756,10,89.86316441299364,7.056226740869366
20260109-193500-a186c,756,11,87.75284703368733,6.890520602866625
20260109-193500-a186c,756,12,93.74279878587534,7.360863017429926
20260109-193500-a186c,757,2,95.41401561522417,7.492090144340861
20260109-193500-a186c,757,4,96.84984505253189,7.604834205125273
20260109-193500-a186c,757,10,90.33398016064824,7.093196089660097
20260109-193500-a186c,757,11,87.92552846814779,6.904079877831522
20260109-193500-a186c,757,12,93.42581515155318,7.33597285902595
20260109-193500-a186c,758,2,95.61757017368205,7.50807363577474
20260109-193500-a186c,758,4,96.95565295813967,7.613142443298521
20260109-193500-a186c,758,10,89.39307003711141,7.0193140355634664
20260109-193500-a186c,758,11,88.09561464429018,6.917435368172731
20260109-193500-a186c,758,12,93.2547070222128,7.322537122974158
20260109-193500-a186c,759,2,95.92792068823938,7.532442948987411
20260109-193500-a186c,759,4,97.23876453645524,7.635372903383135
20260109-193500-a186c,759,10,88.28404386457211,6.932231189259154
20260109-193500-a186c,759,11,88.4520784991924,6.945425588654558
20260109-193500-a186c,759,12,93.34376207791351,7.329529895480555
20260109-193500-a186c,760,2,94.62117018897554,7.4298344121438475
20260109-193500-a186c,760,4,97.39963213200222,7.648004533226718
20260109-193500-a186c,760,10,87.28686528763676,6.853930829084258
20260109-193500-a186c,760,11,89.37788808363614,7.01812191967493
20260109-193500-a186c,760,12,93.69513581091286,7.35712042990058
20260109-193500-a186c,761,2,94.66183070408654,7.433027153195177
20260109-193500-a186c,761,4,97.94267470403814,7.690645269764994
20260109-193500-a186c,761,10,86.65963210888167,6.804679285833994
20260109-193500-a186c,761,11,89.2206805856272,7.005777687657708
20260109-193500-a186c,761,12,93.96744010869722,7.378502281744224
20260109-193500-a186c,762,2,95.13597799540068,7.470258101136265
20260109-193500-a186c,762,4,97.78024785156924,7.677891204099569
20260109-193500-a186c,762,10,87.14962556305117,6.843154504648589
20260109-193500-a186c,762,11,87.44363997017923,6.86624107560711
20260109-193500-a186c,762,12,94.75084596065719,7.440016800598116
20260109-193500-a186c,763,2,95.81684636892295,7.523721181984166
20260109-193500-a186c,763,4,98.17198484664401,7.708651138696694
20260109-193500-a186c,763,10,87.87166848583233,6.89985068948767
20260109-193500-a186c,763,11,85.82159237474262,6.738874810545697
20260109-193500-a186c,763,12,95.28048222101874,7.481604848022327
20260109-193500-a186c,764,2,96.34311645134648,7.56504491070854
20260109-193500-a186c,764,4,98.29200712236026,7.7180755162705434
20260109-193500-a186c,764,10,88.45985308127594,6.946036063640113
20260109-193500-a186c,764,11,85.7574628807655,6.733839240596256
20260109-193500-a186c,764,12,95.26683587888644,7.480533311259761
20260109-193500-a186c,765,2,96.56247522987103,7.582269379588311
20260109-193500-a186c,765,4,98.84628860319884,7.761598753323349
20260109-193500-a186c,765,10,89.44606322926708,7.0234751618938756
20260109-193500-a186c,765,11,85.6997031495448,6.729303836544471
20260109-193500-a186c,765,12,95.44526188403078,7.494543660850611
20260109-193500-a186c,766,2,96.35186867830647,7.565732152230923
20260109-193500-a186c,766,4,98.58668472127886,7.741214162310967
20260109-193500-a186c,766,10,90.39496275629655,7.097984559162057
20260109-193500-a186c,766,11,85.08274800801973,6.680859344343654
20260109-193500-a186c,766,12,95.4971364830391,7.498616953117641
20260109-193500-a186c,767,2,95.30827998072071,7.4837875810323045
20260109-193500-a186c,767,4,98.78544476719539,7.756821179492857
20260109-193500-a186c,767,10,90.22247747411225,7.084440686447296
20260109-193500-a186c,767,11,86.56065186870298,6.796907168947961
20260109-193500-a186c,767,12,95.75876021181634,7.519160146350407
20260109-193500-a186c,768,2,94.14795039870751,7.392676293350569
20260109-193500-a186c,768,4,99.41549584681691,7.8062939896835495
20260109-193500-a186c,768,10,89.14897104117566,7.000146917714986
20260109-193500-a186c,768,11,87.1906975036893,6.846379551615533
20260109-193500-a186c,768,12,95.81876984131412,7.523872216698006
20260109-193500-a186c,769,2,93.69142740283363,7.356829238638557
20260109-193500-a186c,769,4,96.92618752636895,7.610828761502983
20260109-193500-a186c,769,10,88.66270030837723,6.961964014069337
20260109-193500-a186c,769,11,85.84752175105523,6.7409108345351285
20260109-193500-a186c,769,12,96.38972772854974,7.568704916927731
20260109-193500-a186c,770,2,93.63811189837757,7.35264280373274
20260109-193500-a186c,770,4,94.92979044422893,7.454067862102104
20260109-193500-a186c,770,10,88.94567323205479,6.984183586727818
20260109-193500-a186c,770,11,84.78139298257673,6.657196374060818
20260109-193500-a186c,770,12,97.44126684554493,7.651273770193472
20260109-193500-a186c,771,2,93.69350226517619,7.35699216077958
20260109-193500-a186c,771,4,94.34603197958937,7.408230036166354
20260109-193500-a186c,771,10,89.26021444707962,7.008881961718972
20260109-193500-a186c,771,11,84.40253644179128,6.627447837254818
20260109-193500-a186c,771,12,97.91892895223275,7.688780708128803
20260109-193500-a186c,772,2,93.17269030123087,7.316097013908653
20260109-193500-a186c,772,4,94.93358569768161,7.454365872628175
20260109-193500-a186c,772,10,89.30847600455246,7.012671551086544
20260109-193500-a186c,772,11,84.60977842544533,6.643720872334796
20260109-193500-a186c,772,12,97.66837846226294,7.669107006687155
20260109-193500-a186c,773,2,93.67858717476253,7.355820999486665
20260109-193500-a186c,773,4,95.8833434300334,7.528942657812019
20260109-193500-a186c,773,10,89.59763029532638,7.0353764964568075
20260109-193500-a186c,773,11,85.16828272007331,6.687575692765251
20260109-193500-a186c,773,12,97.54413503296183,7.659351176098077
20260109-193500-a186c,774,2,94.61719789060392,7.429522499713703
20260109-193500-a186c,774,4,96.48022760013642,7.5758111391279686
20260109-193500-a186c,774,10,89.01064745965998,6.989285486769843
20260109-193500-a186c,774,11,85.80999441124798,6.737964116373229
20260109-193500-a186c,774,12,96.88130914493487,7.607304825558477
20260109-193500-a186c,775,2,96.24439057883261,7.5572927672557855
20260109-193500-a186c,775,4,97.41428260137148,7.649154915971471
20260109-193500-a186c,775,10,87.26200769162674,6.851978963324518
20260109-193500-a186c,775,11,84.89104903357826,6.66580677593604
20260109-193500-a186c,775,12,95.84429713881309,7.525876668693559
20260109-193500-a186c,776,2,97.57767472013431,7.66198477618386
20260109-193500-a186c,776,4,96.75937575067395,7.597730383318332
20260109-193500-a186c,776,10,86.71163206739699,6.80876242156816
20260109-193500-a186c,776,11,83.84018835827439,6.583291195203441
20260109-193500-a186c,776,12,96.05854988200134,7.542700201958442
20260109-193500-a186c,777,2,98.21462563240557,7.711999374369317
20260109-193500-a186c,777,4,96.66021986443683,7.589944474369416
20260109-193500-a186c,777,10,86.63791178356458,6.802973764541438
20260109-193500-a186c,777,11,83.06352591029889,6.522306181267727
20260109-193500-a186c,777,12,96.57618288957435,7.583345731123283
20260109-193500-a186c,778,2,98.41646976269718,7.727848559727464
20260109-193500-a186c,778,4,96.05927072123944,7.542756803627668
20260109-193500-a186c,778,10,86.96677299885853,6.828796573214492
20260109-193500-a186c,778,11,84.36419135143198,6.624436907762831
20260109-193500-a186c,778,12,95.8671647623238,7.527672278024372
20260109-193500-a186c,779,2,98.58402391834997,7.74100523099966
20260109-193500-a186c,779,4,97.1417444430449,7.627754700952855
20260109-193500-a186c,779,10,87.75748965133216,6.890885150042179
20260109-193500-a186c,779,11,85.69707589143476,6.729097539236198
20260109-193500-a186c,779,12,95.37519412702028,7.489041807183205
20260109-193500-a186c,780,2,98.79023108037113,7.757197009915049
20260109-193500-a186c,780,4,98.1814518636917,7.709394506897498
20260109-193500-a186c,780,10,88.30735398377374,6.934061544193991
20260109-193500-a186c,780,11,86.84908588227842,6.8195555567814194
20260109-193500-a186c,780,12,93.64096797047182,7.352867067950642
20260109-193500-a186c,781,2,98.46205162083577,7.731427734002007
20260109-193500-a186c,781,4,98.36376181405531,7.723709831260772
20260109-193500-a186c,781,10,88.05345564512815,6.914124963301073
20260109-193500-a186c,781,11,88.28241775604387,6.932103504121918
20260109-193500-a186c,781,12,91.47149480263845,7.182515904818767
20260109-193500-a186c,782,2,97.9801027343141,7.6935841899534445
20260109-193500-a186c,782,4,98.39404994165717,7.726088112699125
20260109-193500-a186c,782,10,87.65743201258944,6.883028433769871
20260109-193500-a186c,782,11,88.59057273929757,6.956300420037028
20260109-193500-a186c,782,12,90.23474984225486,7.085404336156577
20260109-193500-a186c,783,2,97.44459127414646,7.65153481065593
20260109-193500-a186c,783,4,97.51998858882693,7.65745515133738
20260109-193500-a186c,783,10,87.56444401594092,6.875726839253172
20260109-193500-a186c,783,11,88.08461295115283,6.9165714942838274
20260109-193500-a186c,783,12,90.92828172073985,7.139861779521476
20260109-193500-a186c,784,2,96.40996819878526,7.570294237182105
20260109-193500-a186c,784,4,96.06888083948603,7.543511408407028
20260109-193500-a186c,784,10,87.12396600906929,6.8411396676222225
20260109-193500-a186c,784,11,87.21885373576784,6.848590432558937
20260109-193500-a186c,784,12,90.9370741035667,7.140552174158968
20260109-193500-a186c,785,2,95.97027408507549,7.53576861833451
20260109-193500-a186c,785,4,94.90571728319283,7.452177591669833
20260109-193500-a186c,785,10,85.57976561320915,6.719886112868102
20260109-193500-a186c,785,11,86.31546677079488,6.777654768305017
20260109-193500-a186c,785,12,91.14750572703632,7.157075665829334
20260109-193500-a186c,786,2,95.75206979898049,7.518634802398097
20260109-193500-a186c,786,4,94.0376551531871,7.384015700704899
20260109-193500-a186c,786,10,84.44518671643497,6.63079681801253
20260109-193500-a186c,786,11,84.88248529083282,6.665134334553
20260109-193500-a186c,786,12,91.29415442567692,7.168590800819526
20260109-193500-a186c,787,2,95.91238601225896,7.5312231366562985
20260109-193500-a186c,787,4,95.42690932249296,7.493102582781164
20260109-193500-a186c,787,10,82.93814393635473,6.512460949985845
20260109-193500-a186c,787,11,84.38492086730108,6.626064628811341
20260109-193500-a186c,787,12,90.90296973252735,7.137874234020977
20260109-193500-a186c,788,2,96.50373880469765,7.577657283668044
20260109-193500-a186c,788,4,97.01368373988488,7.617699130753486
20260109-193500-a186c,788,10,80.74068701003736,6.339912448865544
20260109-193500-a186c,788,11,83.98381836080125,6.594569296428136
20260109-193500-a186c,788,12,89.60863085410297,7.036240281273544
20260109-193500-a186c,789,2,97.53368896830162,7.658530931214939
20260109-193500-a186c,789,4,99.12197732875549,7.783246356878557
20260109-193500-a186c,789,10,79.40848781415976,6.235305631917564
20260109-193500-a186c,789,11,84.23476557373137,6.614274149311862
20260109-193500-a186c,789,12,88.40586149170849,6.941796541244297
20260109-193500-a186c,790,2,98.91118592958009,7.766694614934872
20260109-193500-a186c,790,4,100.61854057897784,7.900759352271076
20260109-193500-a186c,790,10,78.29804079056868,6.148111217683814
20260109-193500-a186c,790,11,85.33350298955669,6.700549102852441
20260109-193500-a186c,790,12,87.62660241787587,6.880607635303123
20260109-193500-a186c,791,2,100.09582978200808,7.85971510541629
20260109-193500-a186c,791,4,101.08478043668067,7.937369393471742
20260109-193500-a186c,791,10,77.45114081625897,6.08161101947021
20260109-193500-a186c,791,11,84.80985271396571,6.659431086347845
20260109-193500-a186c,791,12,87.68456563622678,6.885159017551748
20260109-193500-a186c,792,2,100.59710184578772,7.899075942128392
20260109-193500-a186c,792,4,100.4453911803388,7.88716333186802
20260109-193500-a186c,792,10,77.42602032896947,6.079638510986743
20260109-193500-a186c,792,11,83.11414600420837,6.5262809674062146
20260109-193500-a186c,792,12,87.12975277088093,6.841594055175844
20260109-193500-a186c,793,2,101.0109649369532,7.931573259911678
20260109-193500-a186c,793,4,99.2966998333723,7.7969659005576855
20260109-193500-a186c,793,10,76.69376338977729,6.0221403021347975
20260109-193500-a186c,793,11,83.75585199049121,6.576668943055225
20260109-193500-a186c,793,12,86.49140986327687,6.791470154866934
20260109-193500-a186c,794,2,101.70364083485705,7.985963490051828
20260109-193500-a186c,794,4,98.85082802441302,7.761955197318714
20260109-193500-a186c,794,10,76.31907865917263,5.992719343806006
20260109-193500-a186c,794,11,84.6399259042252,6.646088109759895
20260109-193500-a186c,794,12,85.88428248188042,6.743797357100376
20260109-193500-a186c,795,2,101.82394916503016,7.995410329166188
20260109-193500-a186c,795,4,98.40388786988431,7.726860605551837
20260109-193500-a186c,795,10,76.46215898629784,6.003954283471755
20260109-193500-a186c,795,11,84.74924937988816,6.654672397186415
20260109-193500-a186c,795,12,85.77957914786974,6.735575851991688
20260109-193500-a186c,796,2,104.03891070851864,8.169333326150042
20260109-193500-a186c,796,4,98.45992013462458,7.731260365647026
20260109-193500-a186c,796,10,76.78800527526279,6.029540354389986
20260109-193500-a186c,796,11,84.13346677488866,6.606319974785726
20260109-193500-a186c,796,12,85.6926138326911,6.728747169889291
20260109-193500-a186c,797,2,105.71058465810468,8.300596347012217
20260109-193500-a186c,797,4,98.74778586020838,7.75386413042554
20260109-193500-a186c,797,10,77.3064823504486,6.0702521613506235
20260109-193500-a186c,797,11,84.30804714206765,6.620028357562652
20260109-193500-a186c,797,12,85.48016293055035,6.712065120613597
20260109-193500-a186c,798,2,107.93581926271538,8.47532600431206
20260109-193500-a186c,798,4,98.88721287467031,7.764812205026211
20260109-193500-a186c,798,10,78.4377762948783,6.1590835154945935
20260109-193500-a186c,798,11,84.49819484959656,6.634959117539167
20260109-193500-a186c,798,12,85.75664522742808,6.733775036899647
20260109-193500-a186c,799,2,109.42022575881475,8.591884428228212
20260109-193500-a186c,799,4,98.8242218736045,7.759866031707498
20260109-193500-a186c,799,10,79.27099494867143,6.22450943037631
20260109-193500-a186c,799,11,85.70928298843414,6.730056063731057
20260109-193500-a186c,799,12,85.83389247865266,6.739840638120237
20260109-193500-a186c,800,2,108.16927235011761,8.493657185156032
20260109-193500-a186c,800,4,98.57609630308832,7.740382739557632
20260109-193500-a186c,800,10,80.13729498099109,6.292532958076455
20260109-193500-a186c,800,11,87.14147220543028,6.842514287486771
20260109-193500-a186c,800,12,86.23375240793055,6.7712384009745
20260109-193500-a186c,801,2,107.03881419063649,8.404891458437294
20260109-193500-a186c,801,4,98.30590514838174,7.7191668157312145
20260109-193500-a186c,801,10,80.84715976339349,6.348272892149654
20260109-193500-a186c,801,11,85.52399122720733,6.715506601902376
20260109-193500-a186c,801,12,87.35969347193017,6.859649436756902
20260109-193500-a186c,802,2,103.94803145983518,8.162197314537952
20260109-193500-a186c,802,4,98.26692210953969,7.716105793309909
20260109-193500-a186c,802,10,81.77751574790535,6.421326215158288
20260109-193500-a186c,802,11,82.97675734306513,6.51549294818851
20260109-193500-a186c,802,12,87.4743905352561,6.868655668516337
20260109-193500-a186c,803,2,103.85918502904133,8.155220923656398
20260109-193500-a186c,803,4,97.67307412588795,7.669475719134057
20260109-193500-a186c,803,10,82.4566734127089,6.4746549679009435
20260109-193500-a186c,803,11,80.88215985490345,6.351021165964166
20260109-193500-a186c,803,12,87.50945342291067,6.871408873203667
20260109-193500-a186c,804,2,101.49186703456397,7.969334608102201
20260109-193500-a186c,804,4,98.98381659328206,7.772397712914659
20260109-193500-a186c,804,10,81.86306291097146,6.428043541257093
20260109-193500-a186c,804,11,79.82818264747434,6.268260869196197
20260109-193500-a186c,804,12,88.05894896731174,6.914556309416483
20260109-193500-a186c,805,2,99.92236448493486,7.8460942800668105
20260109-193500-a186c,805,4,99.51384370213691,7.814016450506616
20260109-193500-a186c,805,10,81.23814177462906,6.378973543978473
20260109-193500-a186c,805,11,79.25592924300355,6.22332644248691
20260109-193500-a186c,805,12,89.1806277559356,7.00263266322235
20260109-193500-a186c,806,2,98.28163379859313,7.717260983140807
20260109-193500-a186c,806,4,99.61806892483693,7.822200413405018
20260109-193500-a186c,806,10,81.16803618143764,6.373468719342116
20260109-193500-a186c,806,11,79.28993720896977,6.225996812715034
20260109-193500-a186c,806,12,89.83252434737302,7.053820824587801
20260109-193500-a186c,807,2,101.20790188482837,7.947037123964757
20260109-193500-a186c,807,4,99.47784635945732,7.811189870631812
20260109-193500-a186c,807,10,81.90880001760699,6.43163490593916
20260109-193500-a186c,807,11,80.23597802952412,6.300281738908712
20260109-193500-a186c,807,12,89.65714368188608,7.040049600864219
20260109-193500-a186c,808,2,103.20369492635231,8.10375059294656
20260109-193500-a186c,808,4,99.91627429397163,7.845616066678573
20260109-193500-a186c,808,10,82.78151513342766,6.500162158208103
20260109-193500-a186c,808,11,82.84984224276604,6.505527332906649
20260109-193500-a186c,808,12,90.68616466793772,7.120850287620843
20260109-193500-a186c,809,2,102.03460225994637,8.011951211196152
20260109-193500-a186c,809,4,99.68565637459281,7.827507508625066
20260109-193500-a186c,809,10,84.71013013262723,6.651600679420762
20260109-193500-a186c,809,11,83.58098249148307,6.5629378570966574
20260109-193500-a186c,809,12,91.77499396385598,7.206347236724378
20260109-193500-a186c,810,2,100.72299456362961,7.908961277993421
20260109-193500-a186c,810,4,99.64149363605806,7.824039766323374
20260109-193500-a186c,810,10,87.10666082526421,6.8397808316462285
20260109-193500-a186c,810,11,84.11185198152397,6.604622740062972
20260109-193500-a186c,810,12,93.20134167097903,7.318346774004462
20260109-193500-a186c,811,2,100.21290585065523,7.868908141202424
20260109-193500-a186c,811,4,99.24941047162194,7.793252649848998
20260109-193500-a186c,811,10,88.71498323751692,6.966069369195615
20260109-193500-a186c,811,11,82.53565737447254,6.480856938939211
20260109-193500-a186c,811,12,93.95356048203836,7.377412427036533
20260109-193500-a186c,812,2,99.9741736424081,7.850162433739928
20260109-193500-a186c,812,4,98.34987697696255,7.722619567419891
20260109-193500-a186c,812,10,89.33050790421846,7.014401537790116
20260109-193500-a186c,812,11,81.58200250034135,6.405974142763919
20260109-193500-a186c,812,12,93.61844491899505,7.35109851507189
20260109-193500-a186c,813,2,100.11581050361434,7.861284029713814
20260109-193500-a186c,813,4,97.6875095433095,7.670609215590485
20260109-193500-a186c,813,10,89.3867008788287,7.018813917130236
20260109-193500-a186c,813,11,81.41327380236051,6.392725244192167
20260109-193500-a186c,813,12,93.64003639425067,7.35279391881233
20260109-193500-a186c,814,2,100.92887446410721,7.925127359709407
20260109-193500-a186c,814,4,97.18777151227785,7.631368834050069
20260109-193500-a186c,814,10,89.42574993143897,7.021880123078292
20260109-193500-a186c,814,11,82.3553106537555,6.466695771105156
20260109-193500-a186c,814,12,91.57656997176228,7.190766607128397
20260109-193500-a186c,815,2,101.96782968614366,8.006708101587215
20260109-193500-a186c,815,4,96.3984316936823,7.569388368839548
20260109-193500-a186c,815,10,89.98213692580296,7.065568689061346
20260109-193500-a186c,815,11,82.75223010985681,6.497862642407859
20260109-193500-a186c,815,12,90.79730366017309,7.129577132864799
20260109-193500-a186c,816,2,102.46288176869396,8.045580533532304
20260109-193500-a186c,816,4,96.0458418665753,7.54170234439513
20260109-193500-a186c,816,10,89.66090011266036,7.0403445629596755
20260109-193500-a186c,816,11,81.36882763644098,6.389235246632665
20260109-193500-a186c,816,12,91.66271602318469,7.197530959081033
20260109-193500-a186c,817,2,102.79849241966981,8.071933320743902
20260109-193500-a186c,817,4,95.38422076037,7.489750595617692
20260109-193500-a186c,817,10,90.2885740088242,7.089630712179862
20260109-193500-a186c,817,11,81.52116930310564,6.401197404309724
20260109-193500-a186c,817,12,92.50475633235274,7.263649567136443
20260109-193500-a186c,818,2,102.89710114342016,8.079676265452731
20260109-193500-a186c,818,4,95.95416012265517,7.534503319329358
20260109-193500-a186c,818,10,91.13399069056914,7.156014439437558
20260109-193500-a186c,818,11,80.35580407425512,6.309690708052037
20260109-193500-a186c,818,12,93.66182298160898,7.354504643126504
20260109-193500-a186c,819,2,103.22404804921415,8.105348758899606
20260109-193500-a186c,819,4,95.9802953609018,7.536555507989745
20260109-193500-a186c,819,10,91.22688977157388,7.163309052128641
20260109-193500-a186c,819,11,79.74860189681254,6.262012037157549
20260109-193500-a186c,819,12,94.67373744491407,7.433962093151639
20260109-193500-a186c,820,2,102.99206223996242,8.087132791529246
20260109-193500-a186c,820,4,96.18377257570876,7.5525329262529155
20260109-193500-a186c,820,10,91.20974950406364,7.161963165694066
20260109-193500-a186c,820,11,80.0589298925893,6.286379582152701
20260109-193500-a186c,820,12,94.12351163951587,7.390757315455142
20260109-193500-a186c,821,2,102.86475468337703,8.077136359832672
20260109-193500-a186c,821,4,96.39217815781201,7.568897329298251
20260109-193500-a186c,821,10,91.34940524565924,7.172929200384697
20260109-193500-a186c,821,11,80.88225140316356,6.35102835450783
20260109-193500-a186c,821,12,93.27374713751662,7.324032189074197
20260109-193500-a186c,822,2,102.78131234306557,8.07058430842348
20260109-193500-a186c,822,4,96.23916035567721,7.556882080176926
20260109-193500-a186c,822,10,91.30737932244315,7.1696292448896495
20260109-193500-a186c,822,11,81.47449448307765,6.3975324085869705
20260109-193500-a186c,822,12,92.23072038307161,7.242131742720753
20260109-193500-a186c,823,2,103.8433538097539,8.153977826180295
20260109-193500-a186c,823,4,96.16677635123995,7.551198350352166
20260109-193500-a186c,823,10,90.69275882001408,7.121368072995066
20260109-193500-a186c,823,11,82.58417772377553,6.484666849133944
20260109-193500-a186c,823,12,90.9206872954194,7.13926545078792
20260109-193500-a186c,824,2,104.62706717818969,8.215516491813283
20260109-193500-a186c,824,4,94.07221834625118,7.386729668421723
20260109-193500-a186c,824,10,91.05216791665369,7.149589559464927
20260109-193500-a186c,824,11,83.730921162083,6.574711326948168
20260109-193500-a186c,824,12,91.89431777701688,7.215716769688729
20260109-193500-a186c,825,2,105.11313763520569,8.253683669423232
20260109-193500-a186c,825,4,92.99440502575014,7.3020977146788955
20260109-193500-a186c,825,10,91.33851059248772,7.172073731477681
20260109-193500-a186c,825,11,84.74005478115828,6.653950419790525
20260109-193500-a186c,825,12,91.87950193606723,7.214553401652668
20260109-193500-a186c,826,2,105.36356205163042,8.273347471330116
20260109-193500-a186c,826,4,92.7709034792523,7.284547947771336
20260109-193500-a186c,826,10,91.05786758281035,7.150037108101917
20260109-193500-a186c,826,11,86.05558041850028,6.757247997181086
20260109-193500-a186c,826,12,92.16461154522129,7.236940750922341
20260109-193500-a186c,827,2,105.23591853535777,8.263324659439336
20260109-193500-a186c,827,4,92.89255985479983,7.294100637974749
20260109-193500-a186c,827,10,90.96742947636695,7.142935735818312
20260109-193500-a186c,827,11,86.66164556890655,6.804837386548142
20260109-193500-a186c,827,12,93.40214214137367,7.334114009200699
20260109-193500-a186c,828,2,104.27198392749058,8.187634679001718
20260109-193500-a186c,828,4,93.03472444227025,7.305263672019524
20260109-193500-a186c,828,10,91.60958471360455,7.193358987507522
20260109-193500-a186c,828,11,87.38538657645167,6.861666908235508
20260109-193500-a186c,828,12,91.46944192929354,7.1823547092957005
20260109-193500-a186c,829,2,104.0830882574653,8.172802231393474
20260109-193500-a186c,829,4,94.91295496356413,7.452745908110852
20260109-193500-a186c,829,10,91.6932157380805,7.199925854756503
20260109-193500-a186c,829,11,86.69147966558988,6.80718001661444
20260109-193500-a186c,829,12,90.72127290322067,7.123607053090281
20260109-193500-a186c,830,2,103.7710832853202,8.148303007021445
20260109-193500-a186c,830,4,96.9662203944914,7.61397221851793
20260109-193500-a186c,830,10,91.79056680289018,7.207570045691124
20260109-193500-a186c,830,11,85.22944956170063,6.69237862961223
20260109-193500-a186c,830,12,91.68043013753011,7.19892190506153
20260109-193500-a186c,831,2,103.96176215760089,8.163275475065438
20260109-193500-a186c,831,4,98.36276164416779,7.723631296017195
20260109-193500-a186c,831,10,91.98329351851444,7.222703314292906
20260109-193500-a186c,831,11,84.55097704502734,6.6391036760050675
20260109-193500-a186c,831,12,91.7680263321938,7.205800125022088
20260109-193500-a186c,832,2,104.21091581748423,8.182839494749572
20260109-193500-a186c,832,4,98.92060272684843,7.767434039782999
20260109-193500-a186c,832,10,92.10006133871937,7.231872145824548
20260109-193500-a186c,832,11,84.846093623432,6.662276791550415
20260109-193500-a186c,832,12,92.07365107509838,7.229798361648204
20260109-193500-a186c,833,2,106.07742080819247,8.329401019857597
20260109-193500-a186c,833,4,98.91391583642624,7.7669089724173155
20260109-193500-a186c,833,10,91.33126409351254,7.171504722583099
20260109-193500-a186c,833,11,84.75651429587496,6.6552428522198115
20260109-193500-a186c,833,12,93.46592133775518,7.3391220731160765
20260109-193500-a186c,834,2,105.62447605165521,8.293834935310139
20260109-193500-a186c,834,4,96.86843751362673,7.6062941205646295
20260109-193500-a186c,834,10,90.2957277963324,7.090192441193564
20260109-193500-a186c,834,11,84.03636198826692,6.598695122083258
20260109-193500-a186c,834,12,94.98297220886423,7.458243795502597
20260109-193500-a186c,835,2,105.04732702936015,8.248516095369574
20260109-193500-a186c,835,4,97.76562502123585,7.676742991624527
20260109-193500-a186c,835,10,90.60995289878927,7.114865994424102
20260109-193500-a186c,835,11,84.27109398135143,6.6171267250360355
20260109-193500-a186c,835,12,92.95912682483147,7.299327603184178
20260109-193500-a186c,836,2,104.48986161108228,8.204742849487824
20260109-193500-a186c,836,4,98.22330935379513,7.712681236703896
20260109-193500-a186c,836,10,90.45368876623697,7.102595837258405
20260109-193500-a186c,836,11,85.81283748467439,6.738187359910986
20260109-193500-a186c,836,12,94.16615217073502,7.39410553114061
20260109-193500-a186c,837,2,104.04309556567341,8.169661929100485
20260109-193500-a186c,837,4,98.41230520377081,7.727521550632558
20260109-193500-a186c,837,10,90.60527028411092,7.114498306605334
20260109-193500-a186c,837,11,87.15230964974994,6.843365264245831
20260109-193500-a186c,837,12,94.7136272689707,7.437094318074227
20260109-193500-a186c,838,2,103.5021521230795,8.127186020202076
20260109-193500-a186c,838,4,98.44081159338849,7.729759926612525
20260109-193500-a186c,838,10,90.31257942721257,7.091515663330473
20260109-193500-a186c,838,11,89.02128579385653,6.9901208290229935
20260109-193500-a186c,838,12,93.5078053406376,7.3424108847563545
20260109-193500-a186c,839,2,103.49777633630364,8.126842425094315
20260109-193500-a186c,839,4,98.71222517143667,7.751071837446834
20260109-193500-a186c,839,10,89.86814381533233,7.056617733020214
20260109-193500-a186c,839,11,90.06902892633178,7.07239161435787
20260109-193500-a186c,839,12,92.26715206381698,7.2449924276473245
20260109-193500-a186c,840,2,105.03174511317732,8.247292573647838
20260109-193500-a186c,840,4,99.61536876164193,7.821988391450686
20260109-193500-a186c,840,10,88.78315934548372,6.971422686979005
20260109-193500-a186c,840,11,90.60020478851872,7.114100554248327
20260109-193500-a186c,840,12,89.69312895844556,7.042875233284301
20260109-193500-a186c,841,2,105.54303744752694,8.287440221080535
20260109-193500-a186c,841,4,96.51184264458372,7.578293612603058
20260109-193500-a186c,841,10,87.94091324340543,6.905287919672519
20260109-193500-a186c,841,11,89.50220408067767,7.027883448421134
20260109-193500-a186c,841,12,90.71409301492108,7.123043274592752
20260109-193500-a186c,842,2,105.9843741542208,8.32209481945622
20260109-193500-a186c,842,4,94.28559361029342,7.403484300353616
20260109-193500-a186c,842,10,87.5748642114036,6.876545052837671
20260109-193500-a186c,842,11,89.41135761003056,7.020750010602857
20260109-193500-a186c,842,12,90.6801276692733,7.120376250993169
20260109-193500-a186c,843,2,105.15351071350557,8.256853840388963
20260109-193500-a186c,843,4,92.696268302641,7.278687451621948
20260109-193500-a186c,843,10,87.67854030525866,6.884685897093799
20260109-193500-a186c,843,11,89.09494204894555,6.995904458390894
20260109-193500-a186c,843,12,90.81678973613295,7.131107216644519
20260109-193500-a186c,844,2,104.48347335000828,8.204241231067057
20260109-193500-a186c,844,4,91.7261467535389,7.202511660780578
20260109-193500-a186c,844,10,87.82455182946825,6.896150999934689
20260109-193500-a186c,844,11,89.35104677916397,7.016014289350386
20260109-193500-a186c,844,12,91.3241790409547,7.170948390768549
20260109-193500-a186c,845,2,98.96865824849083,7.771207450824937
20260109-193500-a186c,845,4,91.9985916646222,7.223904553848138
20260109-193500-a186c,845,10,87.38530300460103,6.861660346014701
20260109-193500-a186c,845,11,88.93116157978152,6.983044104165706
20260109-193500-a186c,845,12,91.15518126465575,7.157678363655018
20260109-193500-a186c,846,2,94.70575147087824,7.436475895414968
20260109-193500-a186c,846,4,93.03248944212886,7.305088175553686
20260109-193500-a186c,846,10,87.14774402268658,6.843006762517301
20260109-193500-a186c,846,11,88.74122937825565,6.968130266130806
20260109-193500-a186c,846,12,90.514679606435,7.107384954138103
20260109-193500-a186c,847,2,91.52874076236239,7.187010966554568
20260109-193500-a186c,847,4,93.3067799011721,7.326625984560403
20260109-193500-a186c,847,10,86.90272877671512,6.823767698971765
20260109-193500-a186c,847,11,88.10670773944958,6.9183064191224055
20260109-193500-a186c,847,12,92.43806206105461,7.2584126059892276
20260109-193500-a186c,848,2,89.39442707615922,7.019420592852875
20260109-193500-a186c,848,4,95.99707700792892,7.5378732348612845
20260109-193500-a186c,848,10,86.27414536627623,6.7744101329592725
20260109-193500-a186c,848,11,88.075806940827,6.9158800295891725
20260109-193500-a186c,848,12,92.69073888753402,7.278253271421484
20260109-193500-a186c,849,2,90.65560958125377,7.118451044047157
20260109-193500-a186c,849,4,97.3539343529054,7.644416256617857
20260109-193500-a186c,849,10,85.7991463998668,6.737112309868381
20260109-193500-a186c,849,11,88.23469398790881,6.928356142996931
20260109-193500-a186c,849,12,93.00829188881953,7.303188137603317
20260109-193500-a186c,850,2,91.8583228710611,7.212890381150118
20260109-193500-a186c,850,4,98.0487074652148,7.698971164025567
20260109-193500-a186c,850,10,85.81782704753725,6.738579149885535
20260109-193500-a186c,850,11,87.98076970349143,6.908417524792618
20260109-193500-a186c,850,12,92.68395026248025,7.277720215658857
20260109-193500-a186c,851,2,93.03398341399178,7.305205485068414
20260109-193500-a186c,851,4,96.94149963281856,7.612031097250835
20260109-193500-a186c,851,10,85.86646826127641,6.742398550585884
20260109-193500-a186c,851,11,89.30231926912086,7.0121881124999685
20260109-193500-a186c,851,12,92.01698267618951,7.2253486510870975
20260109-193500-a186c,852,2,89.86770702593688,7.056583435485374
20260109-193500-a186c,852,4,96.20532048411832,7.554224909041665
20260109-193500-a186c,852,10,86.30473873946032,6.776812382861834
20260109-193500-a186c,852,11,89.07407339523307,6.994265811974046
20260109-193500-a186c,852,12,91.46071602698791,7.181669534835293
20260109-193500-a186c,853,2,91.38953466743833,7.176080238976571
20260109-193500-a186c,853,4,95.76634438873884,7.5197556703602455
20260109-193500-a186c,853,10,86.25290196433966,6.772742060598467
20260109-193500-a186c,853,11,88.1518011185273,6.921847237091179
20260109-193500-a186c,853,12,91.50397858182794,7.18506659299961
20260109-193500-a186c,854,2,89.25737500620842,7.008659003416364
20260109-193500-a186c,854,4,96.9116733273382,7.609689078964626
20260109-193500-a186c,854,10,85.77947258601564,6.7355674845520435
20260109-193500-a186c,854,11,87.73255633945696,6.888927338928565
20260109-193500-a186c,854,12,91.41653001421088,7.178199964995789
20260109-193500-a186c,855,2,88.30751158107151,6.934073919033827
20260109-193500-a186c,855,4,97.61804290212247,7.665154562681874
20260109-193500-a186c,855,10,85.04505240320198,6.6778994136928045
20260109-193500-a186c,855,11,87.87048980345294,6.899758137103401
20260109-193500-a186c,855,12,91.44678571700344,7.180575700376389
20260109-193500-a186c,856,2,88.10836070332815,6.918436212992874
20260109-193500-a186c,856,4,98.01841488972735,7.69659253333077
20260109-193500-a186c,856,10,84.76784339112174,6.656132434345618
20260109-193500-a186c,856,11,87.51869624047718,6.872134636834404
20260109-193500-a186c,856,12,92.06362897528567,7.229011407291988
20260109-193500-a186c,857,2,88.05589179542993,6.914316254460431
20260109-193500-a186c,857,4,98.47549022480015,7.73248295876816
20260109-193500-a186c,857,10,84.7112412675986,6.651687927853964
20260109-193500-a186c,857,11,88.41105433036665,6.942204292821264
20260109-193500-a186c,857,12,90.32045822263963,7.09213432134615
20260109-193500-a186c,858,2,87.5457880327534,6.874261935938172
20260109-193500-a186c,858,4,98.42642075220694,7.72862993036732
20260109-193500-a186c,858,10,84.79231356312852,6.658053878835089
20260109-193500-a186c,858,11,89.11507797489224,6.997485569628689
20260109-193500-a186c,858,12,89.66656522904276,7.040789398682619
20260109-193500-a186c,859,2,85.0871100901915,6.681201863339811
20260109-193500-a186c,859,4,98.65847868246098,7.746851560816077
20260109-193500-a186c,859,10,84.86822464225152,6.664014561278613
20260109-193500-a186c,859,11,91.61177014141296,7.193530591459405
20260109-193500-a186c,859,12,88.57966965499546,6.955444289101588
20260109-193500-a186c,860,2,84.05015433853482,6.599778123682585
20260109-193500-a186c,860,4,99.03208860646147,7.776188123284215
20260109-193500-a186c,860,10,84.3108301594724,6.620246885387262
20260109-193500-a186c,860,11,93.74849116177712,7.361309993622225
20260109-193500-a186c,860,12,87.9301318749689,6.904441346098552
20260109-193500-a186c,861,2,84.23409539559583,6.614221525648852
20260109-193500-a186c,861,4,98.72622209736241,7.752170902716261
20260109-193500-a186c,861,10,83.54765615225051,6.560321009497264
20260109-193500-a186c,861,11,94.87747247962372,7.449959755924377
20260109-193500-a186c,861,12,89.02073250836807,6.9900773839931585
20260109-193500-a186c,862,2,85.18788401489519,6.689114823749357
20260109-193500-a186c,862,4,99.29796034489941,7.797064878322411
20260109-193500-a186c,862,10,83.19600300193683,6.532708534697795
20260109-193500-a186c,862,11,93.7704160218787,7.3630315753754285
20260109-193500-a186c,862,12,92.99657466630592,7.302268078985647
20260109-193500-a186c,863,2,86.43682732267807,6.78718422987115
20260109-193500-a186c,863,4,98.94250800073995,7.769154083589703
20260109-193500-a186c,863,10,83.37751919285517,6.54696153155836
20260109-193500-a186c,863,11,92.32751697310832,7.249732395240655
20260109-193500-a186c,863,12,95.26421766902105,7.480327724436884
20260109-193500-a186c,864,2,86.74156748093966,6.81111300722713
20260109-193500-a186c,864,4,98.74769009358663,7.75385661064809
20260109-193500-a186c,864,10,83.8700366725336,6.585634941660864
20260109-193500-a186c,864,11,91.01297589810619,7.146512127559318
20260109-193500-a186c,864,12,94.11450847180421,7.390050369587227
20260109-193500-a186c,865,2,86.68582088626866,6.806735678489604
20260109-193500-a186c,865,4,98.58654158721855,7.741202923152069
20260109-193500-a186c,865,10,84.1220818929093,6.6054260121794774
20260109-193500-a186c,865,11,91.42368259835855,7.178761599519332
20260109-193500-a186c,865,12,91.2293931937987,7.163505625607461
20260109-193500-a186c,866,2,85.10750674698446,6.682803447660004
20260109-193500-a186c,866,4,98.94938188321011,7.769693833926967
20260109-193500-a186c,866,10,84.52537394520783,6.637093271867002
20260109-193500-a186c,866,11,91.97574561503534,7.222110638542895
20260109-193500-a186c,866,12,89.92884450431997,7.061384066674516
20260109-193500-a186c,867,2,80.01465654960006,6.282903154978686
20260109-193500-a186c,867,4,99.24209878739669,7.792678522484486
20260109-193500-a186c,867,10,85.03735817149362,6.677295247971671
20260109-193500-a186c,867,11,93.58374463113135,7.348373782410414
20260109-193500-a186c,867,12,88.57553606145522,6.9551197114677485
20260109-193500-a186c,868,2,76.5423065431904,6.0102476222146635
20260109-193500-a186c,868,4,95.69893613839672,7.514462646219305
20260109-193500-a186c,868,10,84.84451232562888,6.662152625036621
20260109-193500-a186c,868,11,94.57952772517578,7.4265645666121545
20260109-193500-a186c,868,12,86.82680075056864,6.817805685815696
20260109-193500-a186c,869,2,77.64066533342788,6.096492845353299
20260109-193500-a186c,869,4,93.25262723608765,7.322373814208354
20260109-193500-a186c,869,10,84.2437996851869,6.6149835249414535
20260109-193500-a186c,869,11,92.71194325859527,7.279918279003656
20260109-193500-a186c,869,12,84.64733583495966,6.64666995162734
20260109-193500-a186c,870,2,80.11180975724132,6.290531809791784
20260109-193500-a186c,870,4,91.55941803753169,7.18941980460073
20260109-193500-a186c,870,10,83.28037934776457,6.539333925998175
20260109-193500-a186c,870,11,92.92936333148947,7.296990517026647
20260109-193500-a186c,870,12,84.40762571824517,6.627847456930357
20260109-193500-a186c,871,2,82.73513140949574,6.496520019904968
20260109-193500-a186c,871,4,93.25273780962789,7.322382496653231
20260109-193500-a186c,871,10,82.67470296682723,6.491775063549914
20260109-193500-a186c,871,11,92.27877366395828,7.245904977814286
20260109-193500-a186c,871,12,87.21991125968191,6.848673471349863
20260109-193500-a186c,872,2,83.74140506637205,6.5755345430709955
20260109-193500-a186c,872,4,95.41429592799102,7.492112155032941
20260109-193500-a186c,872,10,82.41059732690373,6.471036985929167
20260109-193500-a186c,872,11,91.29774303410548,7.168872585184917
20260109-193500-a186c,872,12,91.03528737776142,7.148264067415877
20260109-193500-a186c,873,2,83.90949032621357,6.588732917655145
20260109-193500-a186c,873,4,97.3878879178573,7.647082355174773
20260109-193500-a186c,873,10,82.55834530677788,6.4826384385745035
20260109-193500-a186c,873,11,91.47910186115817,7.1831132255351795
20260109-193500-a186c,873,12,92.58139591470473,7.269667453040347
20260109-193500-a186c,874,2,77.14850780116943,6.057847699007438
20260109-193500-a186c,874,4,95.01691405489683,7.460908973867661
20260109-193500-a186c,874,10,83.19065002484237,6.532288208745955
20260109-193500-a186c,874,11,91.22583890347536,7.163226535965023
20260109-193500-a186c,874,12,92.88115550423873,7.2932051466584005
20260109-193500-a186c,875,2,73.32607261479559,5.75770281146071
20260109-193500-a186c,875,4,93.14645357870452,7.3140368565094285
20260109-193500-a186c,875,10,84.18678334841708,6.610506493637141
20260109-193500-a186c,875,11,91.62683838932573,7.194713778970713
20260109-193500-a186c,875,12,92.70952735893243,7.279728577963018
20260109-193500-a186c,876,2,79.9830739782908,6.280423231356215
20260109-193500-a186c,876,4,93.74121508048644,7.360738661867914
20260109-193500-a186c,876,10,84.30073225226403,6.619453978490026
20260109-193500-a186c,876,11,92.06897544979591,7.229431222648537
20260109-193500-a186c,876,12,91.66522681068187,7.197728110895061
20260109-193500-a186c,877,2,78.22506394987758,6.14238093722783
20260109-193500-a186c,877,4,94.16321570760526,7.393874954465561
20260109-193500-a186c,877,10,84.007119576219,6.596398952220913
20260109-193500-a186c,877,11,92.90588543264903,7.295146987715172
20260109-193500-a186c,877,12,90.4259161115704,7.100415075543599
20260109-193500-a186c,878,2,76.06440269239722,5.972721702071975
20260109-193500-a186c,878,4,95.41434235977103,7.492115800944699
20260109-193500-a186c,878,10,83.84547818217021,6.5837065622459
20260109-193500-a186c,878,11,93.98271015600919,7.37970131492852
20260109-193500-a186c,878,12,90.35749386879483,7.095042430786462
20260109-193500-a186c,879,2,78.29461290220105,6.1478420533635685
20260109-193500-a186c,879,4,96.3089573772403,7.562362675181605
20260109-193500-a186c,879,10,83.99824085890255,6.595701778434944
20260109-193500-a186c,879,11,94.23523689452213,7.399530195167929
20260109-193500-a186c,879,12,86.81139567323204,6.816596049816812
20260109-193500-a186c,880,2,80.41778577072847,6.314557628852754
20260109-193500-a186c,880,4,96.93655858532009,7.611643116795056
20260109-193500-a186c,880,10,83.89317406611245,6.587451733850985
20260109-193500-a186c,880,11,94.4683095440419,7.417831503305136
20260109-193500-a186c,880,12,83.91251646928781,6.588970536170158
20260109-193500-a186c,881,2,78.90699549596923,6.195927500409823
20260109-193500-a186c,881,4,98.0219886592644,7.696873152518149
20260109-193500-a186c,881,10,83.77551101455792,6.578212607049533
20260109-193500-a186c,881,11,94.3182939575771,7.406051993873493
20260109-193500-a186c,881,12,81.65022062790298,6.411330760005887
20260109-193500-a186c,882,2,75.40691843113399,5.921094786234638
20260109-193500-a186c,882,4,98.1358807269188,7.7058161744849984
20260109-193500-a186c,882,10,84.30015403718235,6.6194085759410735
20260109-193500-a186c,882,11,93.42646161535089,7.336023620594009
20260109-193500-a186c,882,12,79.65010475843565,6.254277854344667
20260109-193500-a186c,883,2,74.81203159066354,5.874383139043724
20260109-193500-a186c,883,4,95.20946056517148,7.476028092402337
20260109-193500-a186c,883,10,84.35421511561164,6.623653554734607
20260109-193500-a186c,883,11,92.46013207388678,7.260145585411163
20260109-193500-a186c,883,12,79.8326553178914,6.2686120717919005
20260109-193500-a186c,884,2,78.75851015839191,6.184268149033938
20260109-193500-a186c,884,4,92.28162258381802,7.246128680425119
20260109-193500-a186c,884,10,84.15077379348115,6.60767895483272
20260109-193500-a186c,884,11,92.72915069382918,7.281269439575761
20260109-193500-a186c,884,12,79.65486540656667,6.25465166949869
20260109-193500-a186c,885,2,82.77906442843727,6.4999697241868875
20260109-193500-a186c,885,4,90.20295458439229,7.0829077119810515
20260109-193500-a186c,885,10,84.30922423819976,6.620120785391766
20260109-193500-a186c,885,11,93.56534524394371,7.346929027501803
20260109-193500-a186c,885,12,79.37601112854526,6.232755500737733
20260109-193500-a186c,886,2,85.91451470186173,6.7461712485659335
20260109-193500-a186c,886,4,89.43888832064107,7.0229117744097955
20260109-193500-a186c,886,10,83.72497113545042,6.57424411953
20260109-193500-a186c,886,11,93.66496084450701,7.35475103409476
20260109-193500-a186c,886,12,79.4667025415088,6.239876763131516
20260109-193500-a186c,887,2,88.26452985495767,6.930698912075701
20260109-193500-a186c,887,4,89.13880299905085,6.999348503690596
20260109-193500-a186c,887,10,83.03684898956533,6.520211458667273
20260109-193500-a186c,887,11,93.82599042765298,7.3673953835129895
20260109-193500-a186c,887,12,79.31320732331014,6.227824026392008
20260109-193500-a186c,888,2,88.53176504852635,6.951682728206351
20260109-193500-a186c,888,4,88.62843760598594,6.959273641452179
20260109-193500-a186c,888,10,82.90163358379144,6.509594087598363
20260109-193500-a186c,888,11,93.75871898912376,7.362113102096045
20260109-193500-a186c,888,12,79.48273836709876,6.241135926684001
20260109-193500-a186c,889,2,88.94109084694463,6.983823769125551
20260109-193500-a186c,889,4,88.77950691827053,6.971135891441154
20260109-193500-a186c,889,10,82.69317220633782,6.493225303395901
20260109-193500-a186c,889,11,94.1936258451019,7.396262816353121
20260109-193500-a186c,889,12,79.67816816360931,6.2564814463427885
20260109-193500-a186c,890,2,90.79149328413949,7.129120891077516
20260109-193500-a186c,890,4,88.36239246209995,6.938383270288092
20260109-193500-a186c,890,10,82.29526455269082,6.461980836940694
20260109-193500-a186c,890,11,88.62236654935147,6.9587969305278605
20260109-193500-a186c,890,12,77.52744530820799,6.087602593437766
20260109-193500-a186c,891,2,90.18070774968139,7.081160848168586
20260109-193500-a186c,891,4,88.60490726249233,6.957425994086698
20260109-193500-a186c,891,10,81.72702128191435,6.417361293563116
20260109-193500-a186c,891,11,84.92371694049024,6.668371922176174
20260109-193500-a186c,891,12,76.76101234785408,6.027420818343822
20260109-193500-a186c,892,2,89.66047569809577,7.040311237120112
20260109-193500-a186c,892,4,88.6129624670787,6.958058504085392
20260109-193500-a186c,892,10,81.34637791776359,6.387472451984923
20260109-193500-a186c,892,11,82.05373319020735,6.443015334558853
20260109-193500-a186c,892,12,76.58457295919978,6.013566461661663
20260109-193500-a186c,893,2,89.13729454653495,6.999230057127429
20260109-193500-a186c,893,4,88.98056409011195,6.986923283323671
20260109-193500-a186c,893,10,81.02492392883346,6.362231272826981
20260109-193500-a186c,893,11,80.49687532898608,6.320767891528749
20260109-193500-a186c,893,12,77.29334275231463,6.069220415091488
20260109-193500-a186c,894,2,88.81161936821725,6.973657422142961
20260109-193500-a186c,894,4,89.47936170178517,7.0260898213458
20260109-193500-a186c,894,10,80.77167035222459,6.3423453198766095
20260109-193500-a186c,894,11,84.0368709659152,6.5987350879771345
20260109-193500-a186c,894,12,79.74296103368019,6.26156910584597
20260109-193500-a186c,895,2,88.11844974256866,6.919228423560392
20260109-193500-a186c,895,4,89.6632942857771,7.040532557990553
20260109-193500-a186c,895,10,80.58855161400332,6.327966487951074
20260109-193500-a186c,895,11,82.63755914937443,6.4888584602933905
20260109-193500-a186c,895,12,82.45987954654218,6.474906719633003
20260109-193500-a186c,896,2,90.1210856432114,7.07647920686685
20260109-193500-a186c,896,4,89.91376280941789,7.060199823280008
20260109-193500-a186c,896,10,80.46739628938109,6.318453141220158
20260109-193500-a186c,896,11,82.60500340389301,6.486302121182304
20260109-193500-a186c,896,12,83.95901728023584,6.592621868368695
20260109-193500-a186c,897,2,91.97915400588208,7.222378271880684
20260109-193500-a186c,897,4,90.22887497443226,7.084943030351249
20260109-193500-a186c,897,10,80.35925911968492,6.309962004796504
20260109-193500-a186c,897,11,81.36052648668833,6.388583424551312
20260109-193500-a186c,897,12,85.73236746147829,6.73186870050005
20260109-193500-a186c,898,2,93.32832161838013,7.3283174812042216
20260109-193500-a186c,898,4,90.50996912466621,7.107015078142346
20260109-193500-a186c,898,10,80.38962495467881,6.312346387967209
20260109-193500-a186c,898,11,80.30469365797569,6.305677420867642
20260109-193500-a186c,898,12,84.72475608240569,6.652749136840568
20260109-193500-a186c,899,2,91.84402028649482,7.211767314982358
20260109-193500-a186c,899,4,90.88983853231495,7.13684314718263
20260109-193500-a186c,899,10,80.06777725988393,6.287074294275276
20260109-193500-a186c,899,11,79.44431308051638,6.23811870003191
20260109-193500-a186c,899,12,84.25188563938988,6.615618449458582
20260109-193500-a186c,900,2,90.93730237751615,7.14057009866404
20260109-193500-a186c,900,4,91.59094244545327,7.191895161123276
20260109-193500-a186c,900,10,79.59800772590698,6.250187096174176
20260109-193500-a186c,900,11,79.11532102213955,6.212285617310903
20260109-193500-a186c,900,12,83.47544444766514,6.55465080898488
20260109-193500-a186c,901,2,90.29165357285451,7.089872525410042
20260109-193500-a186c,901,4,92.29223034506019,7.246961622031691
20260109-193500-a186c,901,10,79.59459167374769,6.249918861255541
20260109-193500-a186c,901,11,80.04207697946954,6.285056259331899
20260109-193500-a186c,901,12,83.41658466781914,6.55002902702089
20260109-193500-a186c,902,2,89.88784898747134,7.05816502064901
20260109-193500-a186c,902,4,92.70220318392286,7.279153469798344
20260109-193500-a186c,902,10,79.34140284883,6.230037992731227
20260109-193500-a186c,902,11,81.0858667140286,6.367016616336372
20260109-193500-a186c,902,12,75.64626844659895,5.939889005095989
20260109-193500-a186c,903,2,89.5020395220856,7.027870526967217
20260109-193500-a186c,903,4,93.04705348153708,7.306231771653363
20260109-193500-a186c,903,10,79.6965453583659,6.257924458659466
20260109-193500-a186c,903,11,82.7308391613601,6.496182984410268
20260109-193500-a186c,903,12,69.9781154896491,5.494814844538338
20260109-193500-a186c,904,2,88.9468261989099,6.984274119880168
20260109-193500-a186c,904,4,93.17637082997892,7.316386016032517
20260109-193500-a186c,904,10,79.5761994421255,6.24847466821555
20260109-193500-a186c,904,11,83.62070368450054,6.56605684078903
20260109-193500-a186c,904,12,74.68975384707439,5.864781657838793
20260109-193500-a186c,905,2,90.64447287740887,7.11757656886048
20260109-193500-a186c,905,4,92.86079177829346,7.2916061481310575
20260109-193500-a186c,905,10,79.83382160618483,6.268703650968947
20260109-193500-a186c,905,11,84.1310677750577,6.606131600752059
20260109-193500-a186c,905,12,73.11769296050544,5.741340444316618
20260109-193500-a186c,906,2,89.51523704538924,7.0289068216209465
20260109-193500-a186c,906,4,93.22505054799927,7.320208440162326
20260109-193500-a186c,906,10,80.31313195498393,6.306340012012589
20260109-193500-a186c,906,11,84.96507102420435,6.6716191235545566
20260109-193500-a186c,906,12,70.4097077367499,5.528704289396393
20260109-193500-a186c,907,2,88.51167739495719,6.950105407407535
20260109-193500-a186c,907,4,93.27966510750026,7.324496879343263
20260109-193500-a186c,907,10,81.01242607395619,6.361249917470039
20260109-193500-a186c,907,11,85.22640828064367,6.692139822433996
20260109-193500-a186c,907,12,67.6906371410955,5.315197689971614
