run_id,frame,track_id,length_px,length_cm
20260106-190235-27761,7,2,99.64925285167735,7.824649034704902
20260106-190235-27761,7,1,99.51061662424281,7.8137630542070315
20260106-190235-27761,7,3,112.96604269147251,8.870308723899123
20260106-190235-27761,7,4,97.20703005787746,7.632881051712755
20260106-190235-27761,7,5,108.16381734047786,8.493228847414498
20260106-190235-27761,8,2,98.72193223672828,7.7518340546927265
20260106-190235-27761,8,1,99.7651734783275,7.833751342985834
20260106-190235-27761,8,3,113.62884768965165,8.922353434128103
20260106-190235-27761,8,4,97.77598770639868,7.677556689390801
20260106-190235-27761,8,5,109.64851952114827,8.609810489046058
20260106-190235-27761,9,2,101.6935956436271,7.985174722513572
20260106-190235-27761,9,1,99.21772101001903,7.790764332997183
20260106-190235-27761,9,3,113.70178974322043,8.92808098303302
20260106-190235-27761,9,4,97.98747610085877,7.694163160731099
20260106-190235-27761,9,5,109.92492140222814,8.631514090930574
20260106-190235-27761,10,2,100.93448551934927,7.925567950448695
20260106-190235-27761,10,1,98.82432510793117,7.759874137863354
20260106-190235-27761,10,3,113.3988577742231,8.904294188140295
20260106-190235-27761,10,4,99.1714717670587,7.787132754395947
20260106-190235-27761,10,5,108.88159494397536,8.549590111263603
20260106-190235-27761,11,2,100.35835909079884,7.880329406515656
20260106-190235-27761,11,1,98.43294200023708,7.729141991177049
20260106-190235-27761,11,3,111.73801275955428,8.773881475862703
20260106-190235-27761,11,4,100.88298454850673,7.921523996176512
20260106-190235-27761,11,5,107.60593404329938,8.449422788885961
20260106-190235-27761,12,2,99.79027399725204,7.835722283515271
20260106-190235-27761,12,1,98.9787702676198,7.772001465817043
20260106-190235-27761,12,3,109.83596872756455,8.624529357578114
20260106-190235-27761,12,4,103.4785239284969,8.12533068938281
20260106-190235-27761,12,5,108.58391541014214,8.526215747578945
20260106-190235-27761,13,2,100.535326602476,7.894225232422951
20260106-190235-27761,13,1,98.64654698640473,7.745914661327548
20260106-190235-27761,13,3,108.41035529794198,8.5125874771652
20260106-190235-27761,13,4,105.88749961842923,8.314488046487263
20260106-190235-27761,13,5,108.54843381781765,8.52342966540385
20260106-190235-27761,14,2,100.29015822510094,7.87497414470809
20260106-190235-27761,14,1,98.34080971585573,7.721907588816575
20260106-190235-27761,14,3,106.78361821388778,8.384852984530225
20260106-190235-27761,14,4,107.47397889915058,8.439061419766364
20260106-190235-27761,14,5,108.8725327945756,8.548878534041256
20260106-190235-27761,15,2,99.06011425177392,7.778388750306151
20260106-190235-27761,15,1,98.63433771648268,7.744955966210664
20260106-190235-27761,15,3,105.93206784209045,8.317987628253
20260106-190235-27761,15,4,108.44041634340665,8.514947927681849
20260106-190235-27761,15,5,108.6459427385095,8.531086251482847
20260106-190235-27761,16,2,97.82614704333155,7.681495296014349
20260106-190235-27761,16,1,99.22039521738238,7.7909743168502015
20260106-190235-27761,16,3,104.29261017409796,8.189254291151206
20260106-190235-27761,16,4,109.0833298396555,8.56543071931211
20260106-190235-27761,16,5,108.39556423689739,8.511426054894457
20260106-190235-27761,17,2,96.23403507604094,7.556479633462968
20260106-190235-27761,17,1,98.42158080896843,7.728249888810505
20260106-190235-27761,17,3,103.96524951122028,8.163549308710456
20260106-190235-27761,17,4,109.09592863803823,8.566420000945264
20260106-190235-27761,17,5,107.62640972619037,8.451030578485813
20260106-190235-27761,18,2,94.47662130796198,7.418484158831121
20260106-190235-27761,18,1,96.83675709221082,7.603806513565508
20260106-190235-27761,18,3,103.36894800540189,8.116726579303345
20260106-190235-27761,18,4,108.04521896189394,8.48391627695413
20260106-190235-27761,18,5,107.04316761794216,8.40523329783689
20260106-190235-27761,19,2,96.5837323260602,7.583938527247901
20260106-190235-27761,19,1,95.5088912373137,7.499539958800633
20260106-190235-27761,19,3,104.82660885362677,8.231184884033102
20260106-190235-27761,19,4,107.15296042905008,8.413854438376017
20260106-190235-27761,19,5,107.6931875628418,8.45627410134365
20260106-190235-27761,20,2,94.64525176867814,7.431725343625838
20260106-190235-27761,20,1,96.153743659532,7.550174998589118
20260106-190235-27761,20,3,104.672425991917,8.219078152216044
20260106-190235-27761,20,4,106.67398055161807,8.37624402657323
20260106-190235-27761,20,5,108.92359302385093,8.552887880446548
20260106-190235-27761,21,2,93.50065334016149,7.341849296063814
20260106-190235-27761,21,1,97.47137696593106,7.653638074166376
20260106-190235-27761,21,3,105.30769537357546,8.26896071341668
20260106-190235-27761,21,4,106.50824095762228,8.363229838136697
20260106-190235-27761,21,5,109.66353104410253,8.610989222405639
20260106-190235-27761,22,2,94.09513228706463,7.388528914675322
20260106-190235-27761,22,1,98.28678076231438,7.7176651325303975
20260106-190235-27761,22,3,107.96507419885893,8.477623157590235
20260106-190235-27761,22,4,108.76160925421749,8.540168606488853
20260106-190235-27761,22,5,110.08941863995936,8.644430727188158
20260106-190235-27761,23,2,95.32393569464156,7.485016897492918
20260106-190235-27761,23,1,98.93043447786401,7.7682060475893
20260106-190235-27761,23,3,109.60877678865326,8.606689814032904
20260106-190235-27761,23,4,110.23966385030157,8.656228267123787
20260106-190235-27761,23,5,111.02400878104665,8.717816524231596
20260106-190235-27761,24,2,96.50281361656161,7.577584636134336
20260106-190235-27761,24,1,99.1448147936766,7.785039598099503
20260106-190235-27761,24,3,109.07901723649601,8.565092085502188
20260106-190235-27761,24,4,110.66376857640738,8.689529777579434
20260106-190235-27761,24,5,111.44138472718637,8.75058967807483
20260106-190235-27761,25,2,97.42566197625025,7.6500484461496985
20260106-190235-27761,25,1,99.9507022730681,7.848319417137256
20260106-190235-27761,25,3,108.91661260814521,8.552339764916823
20260106-190235-27761,25,4,110.89501700339773,8.707687844290886
20260106-190235-27761,25,5,112.34593417594316,8.82161662276846
20260106-190235-27761,26,2,98.18696556027068,7.70982745284922
20260106-190235-27761,26,1,100.48497746642738,7.890271722411516
20260106-190235-27761,26,3,108.94241504134033,8.55436582109101
20260106-190235-27761,26,4,111.11598536175563,8.725038700443305
20260106-190235-27761,26,5,113.87526120702323,8.941702292605845
20260106-190235-27761,27,2,99.15404718290185,7.785764542877031
20260106-190235-27761,27,1,100.17371067839768,7.865830461661498
20260106-190235-27761,27,3,107.17634298568787,8.415690481236238
20260106-190235-27761,27,4,111.57221617026224,8.760862812047005
20260106-190235-27761,27,5,115.22463175903175,9.047657437126079
20260106-190235-27761,28,2,99.66030241899982,7.8255166677659584
20260106-190235-27761,28,1,99.2340085708986,7.792043263283833
20260106-190235-27761,28,3,106.08550090745898,8.330035484633967
20260106-190235-27761,28,4,111.65465702093645,8.767336224583358
20260106-190235-27761,28,5,115.97622555280495,9.106674012611006
20260106-190235-27761,29,2,100.06228040539169,7.857080744496924
20260106-190235-27761,29,1,96.52891973306204,7.579634538099773
20260106-190235-27761,29,3,104.7653845598962,8.226377435937607
20260106-190235-27761,29,4,110.56896863982399,8.682085906089688
20260106-190235-27761,29,5,114.80162612969423,9.014442229841011
20260106-190235-27761,30,2,99.69130500989705,7.827951050222378
20260106-190235-27761,30,1,91.57337642095634,7.1905158434395995
20260106-190235-27761,30,3,104.77963131202631,8.227496118036191
20260106-190235-27761,30,4,107.1815952315444,8.416102897579515
20260106-190235-27761,30,5,111.17774619152792,8.729888278370192
20260106-190235-27761,31,2,98.88461660918708,7.764608341317996
20260106-190235-27761,31,1,88.48652400114428,6.948130315041206
20260106-190235-27761,31,3,105.68925626349328,8.298921600864784
20260106-190235-27761,31,4,105.10000648702359,8.252652586670404
20260106-190235-27761,31,5,108.95427292200098,8.555296924454153
20260106-190235-27761,32,2,97.93300162192948,7.6898857209433205
20260106-190235-27761,32,1,86.74250716026225,6.811186792636392
20260106-190235-27761,32,3,106.41121619652085,8.355611269190428
20260106-190235-27761,32,4,103.0934839266135,8.095096615440037
20260106-190235-27761,32,5,108.3293417288193,8.50622613749337
20260106-190235-27761,33,2,97.61756267864011,7.6651168546198445
20260106-190235-27761,33,1,88.20326847385816,6.9258885518093924
20260106-190235-27761,33,3,106.7486921645624,8.382110524648999
20260106-190235-27761,33,4,103.28873930078824,8.11042843912497
20260106-190235-27761,33,5,108.40814392017627,8.51241383557327
20260106-190235-27761,34,2,96.77720718312031,7.59913054133945
20260106-190235-27761,34,1,90.98080814370964,7.143986254246828
20260106-190235-27761,34,3,106.80559573189268,8.386578701082241
20260106-190235-27761,34,4,103.3428561552529,8.114677797558981
20260106-190235-27761,34,5,107.8812809445426,8.471043551745353
20260106-190235-27761,35,2,95.5575937689196,7.503364174296609
20260106-190235-27761,35,1,94.07383083093595,7.386856283788834
20260106-190235-27761,35,3,105.881028092555,8.31397988995587
20260106-190235-27761,35,4,104.39524234628128,8.197313164690371
20260106-190235-27761,35,5,106.77758136192053,8.384378959421491
20260106-190235-27761,36,2,94.80189624716837,7.44402536627864
20260106-190235-27761,36,1,95.93809605290693,7.5332419379917965
20260106-190235-27761,36,3,105.09788990835948,8.252486388884398
20260106-190235-27761,36,4,104.97148174948906,8.242560579608572
20260106-190235-27761,36,5,107.44773248538726,8.437000501392763
20260106-190235-27761,37,2,94.61146435799107,7.429072291818101
20260106-190235-27761,37,1,97.19599722391304,7.632014732586828
20260106-190235-27761,37,3,103.94276162512749,8.161783517084599
20260106-190235-27761,37,4,105.11296228088933,8.253669900268493
20260106-190235-27761,37,5,106.92893281030337,8.396263363273999
20260106-190235-27761,38,2,94.53301309874406,7.422912149595539
20260106-190235-27761,38,1,98.46229435591485,7.731446794022508
20260106-190235-27761,38,3,103.50042334183871,8.127050273007994
20260106-190235-27761,38,4,103.28855400219972,8.110413889127049
20260106-190235-27761,38,5,107.27745183195232,8.423629740324321
20260106-190235-27761,39,2,94.90758817000305,7.452324497263751
20260106-190235-27761,39,1,99.4884026160334,7.812018767993953
20260106-190235-27761,39,3,102.98298421506561,8.086419967732649
20260106-190235-27761,39,4,104.24330797896798,8.18538298893375
20260106-190235-27761,39,5,106.20235403193763,8.339211014419575
20260106-190235-27761,40,2,94.96963308116337,7.457196381802028
20260106-190235-27761,40,1,99.56093580805528,7.817714212311864
20260106-190235-27761,40,3,102.61562762430746,8.057574428895077
20260106-190235-27761,40,4,104.98194819182974,8.243382424585972
20260106-190235-27761,40,5,105.89967401271285,8.315444003102623
20260106-190235-27761,41,2,95.39667354317487,7.490728411829707
20260106-190235-27761,41,1,99.92317073555276,7.8461575884001755
20260106-190235-27761,41,3,103.15966582012175,8.100293343707785
20260106-190235-27761,41,4,105.21066032359799,8.261341336568277
20260106-190235-27761,41,5,105.79529903532301,8.307248281180891
20260106-190235-27761,42,2,95.93228196346047,7.532785404620265
20260106-190235-27761,42,1,98.95754315394086,7.770334672441235
20260106-190235-27761,42,3,104.63207139555946,8.21590943248761
20260106-190235-27761,42,4,105.08700734327313,8.251631869156842
20260106-190235-27761,42,5,106.2107443159738,8.339869835494554
20260106-190235-27761,43,2,96.68991344293948,7.592276070680666
20260106-190235-27761,43,1,97.6093960007603,7.66447559152594
20260106-190235-27761,43,3,107.10725854601102,8.410265839517798
20260106-190235-27761,43,4,105.1771082584663,8.258706764541573
20260106-190235-27761,43,5,106.66498929544125,8.375538016021707
20260106-190235-27761,44,2,97.3292601044134,7.642478787654267
20260106-190235-27761,44,1,96.94995331169916,7.612694896209682
20260106-190235-27761,44,3,108.51620741165148,8.520899186642755
20260106-190235-27761,44,4,103.72753883210362,8.144883813659954
20260106-190235-27761,44,5,108.2192997607694,8.497585432676843
20260106-190235-27761,45,2,98.14524979517292,7.706551851560066
20260106-190235-27761,45,1,96.50180060626347,7.577505092637273
20260106-190235-27761,45,3,108.8586557136508,8.547788879229449
20260106-190235-27761,45,4,103.30778790427098,8.111924171732976
20260106-190235-27761,45,5,108.87291196280299,8.548908307052287
20260106-190235-27761,46,2,98.36956819849588,7.724165759620573
20260106-190235-27761,46,1,95.03365063518562,7.462223162013115
20260106-190235-27761,46,3,109.20294106777284,8.574822820645986
20260106-190235-27761,46,4,104.23345136048684,8.184609028486713
20260106-190235-27761,46,5,110.25724904848431,8.657609090361774
20260106-190235-27761,47,2,98.23843243983697,7.7138687302094935
20260106-190235-27761,47,1,93.72753990858884,7.3596648613372935
20260106-190235-27761,47,3,108.88517038450965,8.549870861660867
20260106-190235-27761,47,4,104.89139130732775,8.23627172562309
20260106-190235-27761,47,5,111.06332576732274,8.720903768841152
20260106-190235-27761,48,2,97.86888125172742,7.6848508674100655
20260106-190235-27761,48,1,93.12382586021499,7.312260084977581
20260106-190235-27761,48,3,108.56281455411137,8.524558868194024
20260106-190235-27761,48,4,105.33569987045969,8.271159679823773
20260106-190235-27761,48,5,111.29443014873142,8.739050524819314
20260106-190235-27761,49,2,97.15340715463851,7.628670479269315
20260106-190235-27761,49,1,92.83344866300928,7.289459114666264
20260106-190235-27761,49,3,108.72289688918589,8.537128837890421
20260106-190235-27761,49,4,105.99905816665998,8.32324783606668
20260106-190235-27761,49,5,111.16061133884847,8.72854281711844
20260106-190235-27761,50,2,96.50244733185762,7.577555874762088
20260106-190235-27761,50,1,92.51005515220379,7.264065640558431
20260106-190235-27761,50,3,109.6207649688817,8.607631148766162
20260106-190235-27761,50,4,106.78025246905766,8.384588699838845
20260106-190235-27761,50,5,109.63771048778301,8.608961743169223
20260106-190235-27761,51,2,95.83345240821897,7.525025119802358
20260106-190235-27761,51,1,93.13205628405974,7.312906353526006
20260106-190235-27761,51,3,110.68253728871665,8.691003532599675
20260106-190235-27761,51,4,107.12463935843671,8.411630613997056
20260106-190235-27761,51,5,109.62308944481815,8.607813671041761
20260106-190235-27761,52,2,95.39602217121632,7.490677264863514
20260106-190235-27761,52,1,93.95855438189173,7.3778045575598314
20260106-190235-27761,52,3,111.46255136709506,8.752251722935075
20260106-190235-27761,52,4,107.45637081307692,8.43767879932761
20260106-190235-27761,52,5,108.43194315264837,8.514282596613223
20260106-190235-27761,53,2,95.61752024592248,7.508069715352011
20260106-190235-27761,53,1,94.61339010643054,7.429223505251588
20260106-190235-27761,53,3,112.14450153400679,8.80579974825931
20260106-190235-27761,53,4,108.02758970602711,8.482531994222917
20260106-190235-27761,53,5,109.11515860845056,8.567929974829847
20260106-190235-27761,54,2,96.41764682841783,7.570897177798546
20260106-190235-27761,54,1,95.29239841238143,7.4825405300528
20260106-190235-27761,54,3,113.2056127269968,8.889120219154382
20260106-190235-27761,54,4,108.26944477397184,8.50152291457381
20260106-190235-27761,54,5,106.63061874416537,8.372839174904822
20260106-190235-27761,55,2,96.89335078573602,7.608250358117674
20260106-190235-27761,55,1,95.66636164523689,7.51190483500482
20260106-190235-27761,55,3,114.09313167162256,8.958809896242927
20260106-190235-27761,55,4,108.66394661009284,8.532499949753271
20260106-190235-27761,55,5,108.32655271196963,8.506007138580923
20260106-190235-27761,56,2,97.29324921997552,7.639651144454824
20260106-190235-27761,56,1,95.5967535463018,7.506439074564541
20260106-190235-27761,56,3,114.41945186039702,8.984433178676356
20260106-190235-27761,56,4,109.12527992929448,8.56872472021032
20260106-190235-27761,56,5,109.83505974219732,8.624457982316656
20260106-190235-27761,57,2,97.26757134878986,7.637634869126747
20260106-190235-27761,57,1,95.38094769316,7.4894935881494735
20260106-190235-27761,57,3,113.79430991705368,8.935345843211678
20260106-190235-27761,57,4,109.18741327625428,8.573603548895925
20260106-190235-27761,57,5,110.9019931586556,8.708235625282137
20260106-190235-27761,58,2,97.25466234189493,7.636621229330673
20260106-190235-27761,58,1,94.9076760310862,7.45233139628326
20260106-190235-27761,58,3,112.178330557083,8.80845606755106
20260106-190235-27761,58,4,107.23559775160818,8.420343278258713
20260106-190235-27761,58,5,110.25763526279573,8.657639416644738
20260106-190235-27761,59,2,97.61485759594592,7.664904446377071
20260106-190235-27761,59,1,94.21188208754457,7.397696331263854
20260106-190235-27761,59,3,109.27791729878557,8.580710097036235
20260106-190235-27761,59,4,105.98868576900425,8.322433375656972
20260106-190235-27761,59,5,109.6133162203038,8.607046258847754
20260106-190235-27761,60,2,97.38931254235342,7.6471942194022455
20260106-190235-27761,60,1,93.30306692020055,7.326334434226171
20260106-190235-27761,60,3,100.64950012525318,7.903190354781841
20260106-190235-27761,60,4,105.7044988848276,8.300118480509104
20260106-190235-27761,60,5,110.20019096342779,8.653128780902513
20260106-190235-27761,61,2,97.02845379574111,7.618858903656852
20260106-190235-27761,61,1,93.94563540026681,7.376790134528971
20260106-190235-27761,61,3,94.67978949393023,7.434437311561583
20260106-190235-27761,61,4,105.58397195713134,8.290654476701086
20260106-190235-27761,61,5,111.84842501860933,8.78255125663387
20260106-190235-27761,62,2,96.35518104965851,7.565992245935196
20260106-190235-27761,62,1,94.80629958660926,7.44437112487411
20260106-190235-27761,62,3,90.87957795588318,7.136037467188301
20260106-190235-27761,62,4,105.11517517581792,8.25384366099094
20260106-190235-27761,62,5,114.05132208264529,8.955526927724144
20260106-190235-27761,63,2,96.0383481451809,7.541113923125557
20260106-190235-27761,63,1,95.3509467174507,7.487137854424371
20260106-190235-27761,63,3,94.95065235343665,7.455705978927599
20260106-190235-27761,63,4,104.40953095023319,8.198435133073676
20260106-190235-27761,63,5,114.72563266291161,9.008475078161615
20260106-190235-27761,64,2,95.93769629166339,7.533210547977934
20260106-190235-27761,64,1,95.80395405358435,7.522708852840871
20260106-190235-27761,64,3,96.48546035502109,7.576222025003029
20260106-190235-27761,64,4,105.15126095138598,8.256677184784495
20260106-190235-27761,64,5,114.59102339868151,8.997905302480625
20260106-190235-27761,65,2,96.70383111286182,7.593368912617827
20260106-190235-27761,65,1,95.74239541277505,7.517875151176262
20260106-190235-27761,65,3,98.42861237739412,7.728802020949182
20260106-190235-27761,65,4,104.88284628578984,8.235600754264905
20260106-190235-27761,65,5,114.53789277548105,8.993733384802953
20260106-190235-27761,66,2,97.44620795061091,7.6516617551695605
20260106-190235-27761,66,1,96.87479039000638,7.606792960511836
20260106-190235-27761,66,3,102.65183798942019,8.060417735696857
20260106-190235-27761,66,4,104.10927465588678,8.174858437248183
20260106-190235-27761,66,5,112.19104733032664,8.80945461279488
20260106-190235-27761,67,2,97.80870739532362,7.68012590165317
20260106-190235-27761,67,1,98.30148309812171,7.718819587926606
20260106-190235-27761,67,3,106.3847029873288,8.353529401531867
20260106-190235-27761,67,4,103.23639871737079,8.106318556875047
20260106-190235-27761,67,5,107.16346131697715,8.414678988086433
20260106-190235-27761,68,2,98.32429220732573,7.720610602602665
20260106-190235-27761,68,1,99.68495770962849,7.82745264812203
20260106-190235-27761,68,3,109.0615899933701,8.56372366519596
20260106-190235-27761,68,4,103.89975524109765,8.158406573939965
20260106-190235-27761,68,5,102.98120988428309,8.086280643901839
20260106-190235-27761,69,2,98.70775627183399,7.750720930942654
20260106-190235-27761,69,1,100.71831807886291,7.908594071506985
20260106-190235-27761,69,3,110.3168197337511,8.662286693972744
20260106-190235-27761,69,4,104.53798999185365,8.20852198156727
20260106-190235-27761,69,5,98.42354453178937,7.7284040840647155
20260106-190235-27761,70,2,98.5113450289132,7.73529834624337
20260106-190235-27761,70,1,101.00674396429102,7.931241821102842
20260106-190235-27761,70,3,108.41622620737553,8.513048472150285
20260106-190235-27761,70,4,105.5972628293367,8.291698101288285
20260106-190235-27761,70,5,95.9517797366252,7.534316406886779
20260106-190235-27761,71,2,97.87617070275307,7.68542324898142
20260106-190235-27761,71,1,98.82837284714941,7.760191974052391
20260106-190235-27761,71,3,106.65515039104574,8.374765446518396
20260106-190235-27761,71,4,106.51729220529867,8.363940559334972
20260106-190235-27761,71,5,94.4074045908137,7.4130491304338095
20260106-190235-27761,72,2,96.96896397259525,7.6141876494935525
20260106-190235-27761,72,1,93.65926350688127,7.354303668298452
20260106-190235-27761,72,3,105.07067593360131,8.25034949577955
20260106-190235-27761,72,4,106.97413348341861,8.399812606174853
20260106-190235-27761,72,5,93.85437702854982,7.369624353454557
20260106-190235-27761,73,2,96.75830727659772,7.597646484699828
20260106-190235-27761,73,1,90.12175970346408,7.076532135361089
20260106-190235-27761,73,3,103.79299355975233,8.150023443480116
20260106-190235-27761,73,4,104.88882886570171,8.236070517828532
20260106-190235-27761,73,5,100.0072547307603,7.852760023773314
20260106-190235-27761,74,2,96.74676350176699,7.596740045524408
20260106-190235-27761,74,1,88.62591733030663,6.959075744608029
20260106-190235-27761,74,3,103.19187336472056,8.102822341422703
20260106-190235-27761,74,4,103.71035027491767,8.143534135428114
20260106-190235-27761,74,5,100.22322709948737,7.869718585309131
20260106-190235-27761,75,2,97.12911777690259,7.626763231090165
20260106-190235-27761,75,1,89.33556345925285,7.0147985095956
20260106-190235-27761,75,3,103.10802684233403,8.096238552867543
20260106-190235-27761,75,4,103.08677322475901,8.09456967835536
20260106-190235-27761,75,5,103.0386313238974,8.09078948465269
20260106-190235-27761,76,2,97.7498918691132,7.675507594568891
20260106-190235-27761,76,1,90.92841302162155,7.139872089516662
20260106-190235-27761,76,3,103.3164879251874,8.112607313937433
20260106-190235-27761,76,4,105.12287453120071,8.254448229032745
20260106-190235-27761,76,5,106.5527153518582,8.36672205223734
20260106-190235-27761,77,2,97.21093368095953,7.6331875716284285
20260106-190235-27761,77,1,90.8048893774542,7.130172777826529
20260106-190235-27761,77,3,103.74043445450874,8.145896402480409
20260106-190235-27761,77,4,106.19374802469422,8.338535254347695
20260106-190235-27761,77,5,106.68456284094059,8.377074968076181
20260106-190235-27761,78,2,96.65656272052308,7.589657308467259
20260106-190235-27761,78,1,89.14523204865539,6.9998533249044295
20260106-190235-27761,78,3,104.37254778809668,8.195531144778425
20260106-190235-27761,78,4,106.693655562651,8.37778894589456
20260106-190235-27761,78,5,104.87276139628935,8.234808869542873
20260106-190235-27761,79,2,96.18498955769589,7.552628485995295
20260106-190235-27761,79,1,86.63437053966781,6.802695699329251
20260106-190235-27761,79,3,104.74089943941941,8.22445481766581
20260106-190235-27761,79,4,106.71565918653235,8.379516712329693
20260106-190235-27761,79,5,103.6082686386861,8.135518491019928
20260106-190235-27761,80,2,95.27448112506703,7.481133630544002
20260106-190235-27761,80,1,86.50174178692767,6.792281437180723
20260106-190235-27761,80,3,105.77044858998906,8.305296976905849
20260106-190235-27761,80,4,106.44964661551538,8.358628898849291
20260106-190235-27761,80,5,101.66105889757972,7.9826198752742155
20260106-190235-27761,81,2,94.36858397233637,7.410000861568739
20260106-190235-27761,81,1,87.95461406779646,6.9063637344857565
20260106-190235-27761,81,3,106.66014613408593,8.375157721772235
20260106-190235-27761,81,4,106.11207409865294,8.332122062193504
20260106-190235-27761,81,5,99.20245677422393,7.789565756144255
20260106-190235-27761,82,2,93.79967429825635,7.3653289909351445
20260106-190235-27761,82,1,88.6658637852645,6.962212416296789
20260106-190235-27761,82,3,107.70172088516685,8.456944154057371
20260106-190235-27761,82,4,105.64343395382043,8.295323545878027
20260106-190235-27761,82,5,99.22565680982812,7.791387467105457
20260106-190235-27761,83,2,93.31406030538719,7.327197655758968
20260106-190235-27761,83,1,88.72643894457708,6.966968893122037
20260106-190235-27761,83,3,108.50550526458754,8.520058833681777
20260106-190235-27761,83,4,105.01638146468113,8.24608619072037
20260106-190235-27761,83,5,100.21423844213291,7.869012778822086
20260106-190235-27761,84,2,92.99459657943338,7.302112755838761
20260106-190235-27761,84,1,89.36629118543676,7.017211309151474
20260106-190235-27761,84,3,108.47893264504019,8.51797230100902
20260106-190235-27761,84,4,104.24108618695944,8.185208529595647
20260106-190235-27761,84,5,100.82156694514784,7.916701369040998
20260106-190235-27761,85,2,92.61883287726984,7.2726070746091445
20260106-190235-27761,85,1,86.92602379021022,6.825596867777769
20260106-190235-27761,85,3,108.66856144213071,8.532862315150071
20260106-190235-27761,85,4,100.97944210161972,7.929098026871744
20260106-190235-27761,85,5,101.03355185129433,7.933346827424115
20260106-190235-27761,86,2,96.92987195643623,7.611118069965861
20260106-190235-27761,86,1,85.26404916164975,6.6950954560669755
20260106-190235-27761,86,3,108.96483953699767,8.5561266351792
20260106-190235-27761,86,4,98.56496316291091,7.7395085441969105
20260106-190235-27761,86,5,101.72666269515783,7.987771210349016
20260106-190235-27761,87,2,94.86879543325863,7.449278417725426
20260106-190235-27761,87,1,84.52339946976903,6.636938232296768
20260106-190235-27761,87,3,108.54862620018645,8.523444771633683
20260106-190235-27761,87,4,98.62008105182447,7.743836505761503
20260106-190235-27761,87,5,100.2591676196068,7.872540703368338
20260106-190235-27761,88,2,92.60556320188972,7.271565114437015
20260106-190235-27761,88,1,85.05901021765959,6.678995407855298
20260106-190235-27761,88,3,108.2291750314434,8.49836085772957
20260106-190235-27761,88,4,99.12141188947199,7.783201957509598
20260106-190235-27761,88,5,99.16409977170777,7.786553891287034
20260106-190235-27761,89,2,90.93324294430462,7.140251344240388
20260106-190235-27761,89,1,85.75473403708529,6.7336249665956265
20260106-190235-27761,89,3,108.45825907685361,8.51634897307905
20260106-190235-27761,89,4,100.13044739946665,7.862433346640176
20260106-190235-27761,89,5,98.55488812160306,7.738717432773712
20260106-190235-27761,90,2,93.41077790612304,7.334792105888597
20260106-190235-27761,90,1,88.30219477486197,6.93365643328873
20260106-190235-27761,90,3,109.04685147573801,8.562566368733991
20260106-190235-27761,90,4,100.85539550659223,7.919357652084539
20260106-190235-27761,90,5,97.5148392340972,7.657050814201251
20260106-190235-27761,91,2,94.90114068997501,7.451818228857978
20260106-190235-27761,91,1,90.35064785812742,7.094504868996208
20260106-190235-27761,91,3,109.23523097675462,8.577358285769053
20260106-190235-27761,91,4,101.78595505876844,7.992426959613706
20260106-190235-27761,91,5,97.55255620571195,7.660012422613676
20260106-190235-27761,92,2,96.16296929464214,7.5508994130206695
20260106-190235-27761,92,1,89.42909292114808,7.02214262099425
20260106-190235-27761,92,3,106.71220415438695,8.379245416628343
20260106-190235-27761,92,4,102.65554280822965,8.060708645122585
20260106-190235-27761,92,5,97.23423151136957,7.635016961623956
20260106-190235-27761,93,2,97.88560494968716,7.686164044010519
20260106-190235-27761,93,1,87.57384398396982,6.876464942637379
20260106-190235-27761,93,3,104.49921800582788,8.205477531414877
20260106-190235-27761,93,4,103.25807080152985,8.10802029018004
20260106-190235-27761,93,5,98.78339354779988,7.756660113841046
20260106-190235-27761,94,2,98.94702939476252,7.769509112055665
20260106-190235-27761,94,1,85.75123954448846,6.73335057238451
20260106-190235-27761,94,3,103.476256641909,8.125152657723728
20260106-190235-27761,94,4,103.8391788380548,8.15364999945465
20260106-190235-27761,94,5,101.13520113217969,7.9413285224674475
20260106-190235-27761,95,2,96.34083026110049,7.56486539469824
20260106-190235-27761,95,1,78.22700114874495,6.142533049770711
20260106-190235-27761,95,3,103.41263284188965,8.120156795826533
20260106-190235-27761,95,4,104.35607136747991,8.194237384865682
20260106-190235-27761,95,5,99.62972725883552,7.823115847984383
20260106-190235-27761,96,2,95.68288856041383,7.513202559846555
20260106-190235-27761,96,1,81.74555401003929,6.418816518655963
20260106-190235-27761,96,3,103.4472082333505,8.122871721384694
20260106-190235-27761,96,4,105.2437023946005,8.263935862885091
20260106-190235-27761,96,5,95.82693956929116,7.524513719291352
20260106-190235-27761,97,2,93.61046472251493,7.350471894852491
20260106-190235-27761,97,1,76.01573800524619,5.968900458194639
20260106-190235-27761,97,3,104.20198588029797,8.182138299081918
20260106-190235-27761,97,4,105.91655759437602,8.316769734075837
20260106-190235-27761,97,5,99.67314216813752,7.826524869311089
20260106-190235-27761,98,2,92.33690326335903,7.2504694246196815
20260106-190235-27761,98,1,73.93166703854534,5.805255238474581
20260106-190235-27761,98,3,105.9316573126189,8.317955392697376
20260106-190235-27761,98,4,107.97117758711025,8.478102407254658
20260106-190235-27761,98,5,104.94186918829138,8.24023534493034
20260106-190235-27761,99,2,91.67521296471354,7.19851224272012
20260106-190235-27761,99,1,71.05504812308723,5.579377645056436
20260106-190235-27761,99,3,107.58360755732863,8.44766967070494
20260106-190235-27761,99,4,108.9866337966231,8.557837961934394
20260106-190235-27761,99,5,106.58030259300865,8.368888254929892
20260106-190235-27761,100,2,90.74070361969723,7.125132789937985
20260106-190235-27761,100,1,68.75960543714478,5.39913511555635
20260106-190235-27761,100,3,109.31020480877804,8.583245373786093
20260106-190235-27761,100,4,110.64445439593176,8.688013191360373
20260106-190235-27761,100,5,108.30835926362046,8.50457855438195
20260106-190235-27761,101,2,90.5069843684424,7.106780709401616
20260106-190235-27761,101,1,66.46758910065884,5.219161629538278
20260106-190235-27761,101,3,110.58545295116525,8.683380285597138
20260106-190235-27761,101,4,110.89240349010454,8.7074826262518
20260106-190235-27761,101,5,108.51054123177182,8.520454267411983
20260106-190235-27761,102,2,89.85946296320769,7.055936095985778
20260106-190235-27761,102,1,64.17936620691121,5.03948601186554
20260106-190235-27761,102,3,110.32794901969747,8.663160586691909
20260106-190235-27761,102,4,110.3762216497932,8.666951045502909
20260106-190235-27761,102,5,109.06395136695348,8.563909084745037
20260106-190235-27761,103,2,89.57120458180141,7.033301499124591
20260106-190235-27761,103,1,61.89535747915358,4.860141298528781
20260106-190235-27761,103,3,110.21625118871754,8.654389860365875
20260106-190235-27761,103,4,109.72668342925608,8.615948067910146
20260106-190235-27761,103,5,104.55237234220563,8.209651311096373
20260106-190235-27761,104,2,89.22824838824579,7.0063719259260315
20260106-190235-27761,104,1,59.61604727846532,4.681165522482024
20260106-190235-27761,104,3,109.56741730155304,8.603442188370359
20260106-190235-27761,104,4,108.60769680167755,8.528083107714584
20260106-190235-27761,104,5,105.78491907263182,8.3064332267502
20260106-190235-27761,105,2,89.81519009226616,7.052459705877848
20260106-190235-27761,105,1,57.34199589854555,4.5026026790531475
20260106-190235-27761,105,3,109.06544685349266,8.56402651319503
20260106-190235-27761,105,4,107.56457041377948,8.446174837952736
20260106-190235-27761,105,5,106.59155107073954,8.36977150681488
20260106-190235-27761,106,2,90.56151718798051,7.11106273020506
20260106-190235-27761,106,1,55.07385476824751,4.324503919675823
20260106-190235-27761,106,3,108.45655972578226,8.516215536797896
20260106-190235-27761,106,4,107.2541917817266,8.421803316900787
20260106-190235-27761,106,5,108.66477594602736,8.532565070789644
20260106-190235-27761,107,2,91.2145041053569,7.1623365060388755
20260106-190235-27761,107,1,52.81238537808935,4.146929038035174
20260106-190235-27761,107,3,107.78817736859088,8.46373288172174
20260106-190235-27761,107,4,107.00760056415268,8.402440505064874
20260106-190235-27761,107,5,110.5101926736594,8.677470705335516
20260106-190235-27761,107,6,82.79532627097761,6.501246635020581
20260106-190235-27761,108,2,91.58373345167676,7.191329097208292
20260106-190235-27761,108,1,50.55848301223284,3.969948333547921
20260106-190235-27761,108,3,107.37958876453797,8.431649726707496
20260106-190235-27761,108,4,106.24602804676172,8.342640381205133
20260106-190235-27761,108,5,109.70226685576961,8.614030832078523
20260106-190235-27761,108,6,82.91585355695764,6.510710666961724
20260106-190235-27761,109,2,91.81145766098794,7.209210435638575
20260106-190235-27761,109,1,48.31320673022284,3.7936449655856426
20260106-190235-27761,109,3,106.03604950634123,8.32615246647831
20260106-190235-27761,109,4,105.35073042162625,8.272339907314805
20260106-190235-27761,109,5,110.19684044740724,8.652865692006253
20260106-190235-27761,109,6,83.0363934282349,6.520175687124363
20260106-190235-27761,110,2,91.83342621388607,7.210935448233341
20260106-190235-27761,110,1,46.07781754272726,3.618117951106551
20260106-190235-27761,110,3,104.84588602833294,8.2326985644887
20260106-190235-27761,110,4,103.60486222873212,8.13525101322561
20260106-190235-27761,110,5,108.55362031137435,8.523836918751371
20260106-190235-27761,110,6,83.1569458300805,6.529641691211083
20260106-190235-27761,111,2,93.33001097650434,7.328450132820141
20260106-190235-27761,111,1,43.85382741938361,3.4434860128448967
20260106-190235-27761,111,3,103.74495495908684,8.146251361105497
20260106-190235-27761,111,4,102.22542570323706,8.026935031231071
20260106-190235-27761,111,5,108.24421640829897,8.499541935274314
20260106-190235-27761,111,6,83.27751070807672,6.539108674948899
20260106-190235-27761,112,2,94.41430206678544,7.413590733377732
20260106-190235-27761,112,1,41.6430627360897,3.2698925613130196
20260106-190235-27761,112,3,102.06958506395704,8.01469812756331
20260106-190235-27761,112,4,99.25124358745096,7.793396589593567
20260106-190235-27761,112,5,107.76042852136959,8.46155398941286
20260106-190235-27761,112,6,83.39808800811493,6.548576634089101
20260106-190235-27761,113,2,95.40759605464498,7.491586068223362
20260106-190235-27761,113,1,39.44774713008749,3.0975122007402645
20260106-190235-27761,113,3,100.98906924925278,7.929853968830948
20260106-190235-27761,113,4,97.54522000461667,7.659436370137858
20260106-190235-27761,113,5,106.29500707388182,8.346486307655242
20260106-190235-27761,113,6,83.51867767639338,6.558045564407071
20260106-190235-27761,114,2,96.00937656911222,7.538839019819887
20260106-190235-27761,114,1,37.27061064862437,2.9265592996336456
20260106-190235-27761,114,3,99.26467623461805,7.794451346620656
20260106-190235-27761,114,4,95.88152098666694,7.528799556089526
20260106-190235-27761,114,5,103.92996695610691,8.160778855316082
20260106-190235-27761,114,6,83.63927965941515,6.567515461702131
20260106-190235-27761,115,2,96.41198331409304,7.570452467872216
20260106-190235-27761,115,3,98.57121272514668,7.739999271720861
20260106-190235-27761,115,4,98.92275460805502,7.767603009591844
20260106-190235-27761,115,5,102.50749590037816,8.049083720083402
20260106-190235-27761,115,6,83.75989390398595,6.576986321797363
20260106-190235-27761,116,2,96.7531749022249,7.597243480893649
20260106-190235-27761,116,3,98.90204609868658,7.765976938013756
20260106-190235-27761,116,4,102.43025316600324,8.043018473534447
20260106-190235-27761,116,5,103.41984540487854,8.12072314000287
20260106-190235-27761,117,2,97.06690102819749,7.621877853540748
20260106-190235-27761,117,3,99.5141900323707,7.814043645015877
20260106-190235-27761,117,4,105.4658264006612,8.281377462695122
20260106-190235-27761,117,5,104.34429034787655,8.193312316779075
20260106-190235-27761,118,2,97.51609146741201,7.657149141944988
20260106-190235-27761,118,3,101.5571194054792,7.974458348486427
20260106-190235-27761,118,4,107.34960132090471,8.429295055546763
20260106-190235-27761,118,5,104.58436308114031,8.212163284817814
20260106-190235-27761,119,2,98.79284475537533,7.7574022406519925
20260106-190235-27761,119,3,103.11115912249753,8.096484505468856
20260106-190235-27761,119,4,107.82187812746564,8.466379129464217
20260106-190235-27761,119,5,105.88258496051972,8.314102138192247
20260106-190235-27761,120,2,98.79565065373532,7.757622565132766
20260106-190235-27761,120,3,103.60590077302669,8.13533256170068
20260106-190235-27761,120,4,106.02468828912149,8.325260362074037
20260106-190235-27761,120,5,108.86595191544932,8.548361790884337
20260106-190235-27761,121,2,98.95155067035653,7.769864131222391
20260106-190235-27761,121,3,103.63537015782589,8.137646553895541
20260106-190235-27761,121,4,101.49145825837914,7.969302510217988
20260106-190235-27761,121,5,109.75018274847537,8.617793279190547
20260106-190235-27761,122,2,100.21303758375083,7.868918485135869
20260106-190235-27761,122,3,103.86559238616482,8.155724041535324
20260106-190235-27761,122,4,94.78888227673376,7.4430034845456134
20260106-190235-27761,122,5,110.88898019601817,8.707213822683263
20260106-190235-27761,123,2,99.25683421495846,7.79383557630825
20260106-190235-27761,123,3,103.39643862276206,8.118885194911941
20260106-190235-27761,123,4,86.62935893280559,6.802302178417908
20260106-190235-27761,123,5,111.05533940888098,8.720276664772795
20260106-190235-27761,124,2,98.64371580879798,7.745692351872195
20260106-190235-27761,124,3,102.8838907861362,8.078638963050436
20260106-190235-27761,124,4,81.44671919304376,6.395351439938106
20260106-190235-27761,124,5,103.14524833123299,8.09916125503388
20260106-190235-27761,125,2,98.3704086436739,7.724231752975894
20260106-190235-27761,125,3,101.85376001842975,7.9977511341256
20260106-190235-27761,125,4,77.63491749421192,6.096041514075987
20260106-190235-27761,125,5,96.23869035600265,7.556845174907748
20260106-190235-27761,126,2,98.79412463641877,7.7575027393480145
20260106-190235-27761,126,3,98.46728182895984,7.731838419900578
20260106-190235-27761,126,4,78.73069468496028,6.182084025108186
20260106-190235-27761,126,5,92.88640572288605,7.293617403821351
20260106-190235-27761,127,2,101.68514038152748,7.984510799237354
20260106-190235-27761,127,3,95.18767159392584,7.4743171809007904
20260106-190235-27761,127,4,84.98800465989717,6.6734199162875765
20260106-190235-27761,127,5,91.52061973734514,7.18637328821034
20260106-190235-27761,127,7,81.96908252174704,6.436368402923137
20260106-190235-27761,128,2,103.52266781304193,8.128796951233339
20260106-190235-27761,128,3,92.52975327962726,7.265612375022752
20260106-190235-27761,128,4,93.52637524443566,7.343869028953826
20260106-190235-27761,128,5,94.8454744545427,7.4474472100808535
20260106-190235-27761,128,7,83.56472741177147,6.561661477293151
20260106-190235-27761,129,2,105.84727373441284,8.311329433496882
20260106-190235-27761,129,3,94.07586432593594,7.3870159576873675
20260106-190235-27761,129,4,101.56581643641552,7.9751412559119546
20260106-190235-27761,129,5,98.28542157606086,7.717558406638308
20260106-190235-27761,129,7,82.70241486616237,6.493951054640438
20260106-190235-27761,130,2,108.08999540077386,8.487432208175218
20260106-190235-27761,130,3,95.31641686926697,7.48442650501103
20260106-190235-27761,130,4,107.8132018816098,8.465697854122777
20260106-190235-27761,130,5,101.09601546807659,7.93825158952491
20260106-190235-27761,130,7,82.90409223460526,6.509787145540761
20260106-190235-27761,131,2,108.68234607372328,8.533944710664317
20260106-190235-27761,131,3,94.9328814859947,7.4543105765859226
20260106-190235-27761,131,4,110.7069077767891,8.692917149716857
20260106-190235-27761,131,5,103.61510256580733,8.136055103987132
20260106-190235-27761,131,7,83.10868900136279,6.525852473154365
20260106-190235-27761,132,2,109.06547064569624,8.564028381404148
20260106-190235-27761,132,3,93.96565068140906,7.378361772507052
20260106-190235-27761,132,4,112.74265179296059,8.852767645282057
20260106-190235-27761,132,5,106.73091010423131,8.38071424342036
20260106-190235-27761,132,7,83.31618365923123,6.542145348694669
20260106-190235-27761,133,2,109.07908574971144,8.56509746529029
20260106-190235-27761,133,3,93.62277415438469,7.3514384548761855
20260106-190235-27761,133,4,113.22287733598422,8.890475869118452
20260106-190235-27761,133,5,109.76871235236975,8.619248258962863
20260106-190235-27761,133,7,83.5265546115992,6.558664076354636
20260106-190235-27761,134,2,108.85271880287311,8.547322701693176
20260106-190235-27761,134,3,95.06412042625259,7.464615708012578
20260106-190235-27761,134,4,111.13314341600373,8.726385983526397
20260106-190235-27761,134,5,111.56742163476248,8.76048633599228
20260106-190235-27761,134,7,83.73978018100108,6.575406953978397
20260106-190235-27761,135,2,106.54380124629797,8.366022099699101
20260106-190235-27761,135,3,96.21506628900394,7.554990168194227
20260106-190235-27761,135,4,109.22975128383877,8.57692800984969
20260106-190235-27761,135,5,113.09169698978687,8.880175338608973
20260106-190235-27761,135,7,83.95583861752857,6.592372273721748
20260106-190235-27761,136,2,108.65665619680942,8.531927492623607
20260106-190235-27761,136,3,90.89694802388095,7.137401397994625
20260106-190235-27761,136,4,106.8667758728339,8.391382682216666
20260106-190235-27761,136,5,113.38615710007156,8.903296907027832
20260106-190235-27761,136,7,84.1747081070961,6.609558322701161
20260106-190235-27761,137,2,110.49177085496878,8.676024189062588
20260106-190235-27761,137,3,89.82512500301483,7.053239813982775
20260106-190235-27761,137,4,98.44130886851504,7.729798973602116
20260106-190235-27761,137,5,113.73609638118329,8.930774805554897
20260106-190235-27761,137,7,84.39636677955609,6.626963383631017
20260106-190235-27761,138,2,111.31562682207834,8.740714927962305
20260106-190235-27761,138,3,88.79009539290504,6.971967318626577
20260106-190235-27761,138,4,92.97440380490093,7.300527180741791
20260106-190235-27761,138,5,111.26085931491086,8.73641447903943
20260106-190235-27761,138,7,84.62079271666092,6.644585735448785
20260106-190235-27761,139,2,111.08870411062541,8.722896524669652
20260106-190235-27761,139,3,87.79316052106752,6.8936860946399
20260106-190235-27761,139,4,90.21703279404154,7.084013159803188
20260106-190235-27761,139,5,112.62566014045713,8.843581238012227
20260106-190235-27761,139,7,82.88503916349846,6.508291062126409
20260106-190235-27761,140,2,110.87355634130886,8.706002712249326
20260106-190235-27761,140,3,86.83563246155057,6.818499168574793
20260106-190235-27761,140,4,89.28774599695502,7.011043791426587
20260106-190235-27761,140,5,113.42425774312812,8.906288642052258
20260106-190235-27761,140,7,81.98367055888464,6.43751388337021
20260106-190235-27761,141,2,109.85249794522878,8.625827263215532
20260106-190235-27761,141,3,85.91882873992103,6.746509995046918
20260106-190235-27761,141,4,89.09546836791908,6.995945785958641
20260106-190235-27761,141,5,113.85917731072759,8.940439354450039
20260106-190235-27761,141,7,82.31731417956559,6.463712215618445
20260106-190235-27761,142,2,108.21427929607935,8.497191216231997
20260106-190235-27761,142,3,85.04406643267404,6.677821993409974
20260106-190235-27761,142,4,89.62160554772757,7.037259078916677
20260106-190235-27761,142,5,111.61502610214671,8.764224329395201
20260106-190235-27761,142,7,81.92360576501709,6.4327974814112805
20260106-190235-27761,143,2,107.38631241014869,8.432177680160553
20260106-190235-27761,143,3,82.30566651118718,6.462797618523881
20260106-190235-27761,143,4,90.81048569437134,7.130612211284488
20260106-190235-27761,143,5,110.83286543073444,8.702807584488346
20260106-190235-27761,143,7,81.46729146871137,6.396966814186659
20260106-190235-27761,144,2,107.49863000730728,8.440997071706773
20260106-190235-27761,144,3,80.89292017038116,6.351866086419728
20260106-190235-27761,144,4,92.17057485898464,7.23740900167131
20260106-190235-27761,144,5,107.32798066966787,8.427597360852737
20260106-190235-27761,144,7,81.7384199827131,6.41825634124937
20260106-190235-27761,145,2,108.2206894492461,8.497694553661562
20260106-190235-27761,145,3,79.53893556013735,6.245548637263146
20260106-190235-27761,145,4,93.11999113981143,7.311958975431394
20260106-190235-27761,145,5,104.66088871580988,8.218172223332774
20260106-190235-27761,145,7,81.4628826105361,6.39662062224966
20260106-190235-27761,146,2,108.77336308227224,8.541091539443299
20260106-190235-27761,146,3,78.20229121390351,6.1405927786470285
20260106-190235-27761,146,4,93.43286534328283,7.336526453501906
20260106-190235-27761,146,5,102.171895732237,8.022731756003942
20260106-190235-27761,146,7,82.41612478851566,6.471471012737482
20260106-190235-27761,147,2,109.86798031448284,8.627042968322916
20260106-190235-27761,147,3,76.88389153057436,6.037069525694279
20260106-190235-27761,147,4,95.89891056520409,7.530165018900543
20260106-190235-27761,147,5,102.25350891531615,8.029140178505111
20260106-190235-27761,147,7,83.98055165010416,6.594312788085412
20260106-190235-27761,148,2,110.52755480535964,8.678834012968649
20260106-190235-27761,148,3,81.43627746037346,6.394531535211064
20260106-190235-27761,148,4,98.56262079321016,7.739324616868872
20260106-190235-27761,148,5,101.91917918099786,8.002887971307928
20260106-190235-27761,148,7,85.08198156436124,6.680799161728522
20260106-190235-27761,149,2,110.987585667642,8.714956512028927
20260106-190235-27761,149,3,85.16951866574426,6.687672741572186
20260106-190235-27761,149,4,100.5780889481968,7.897583013214985
20260106-190235-27761,149,5,108.55561504747094,8.523993549227026
20260106-190235-27761,149,7,85.28221999718356,6.696522264664638
20260106-190235-27761,150,2,109.99869157994347,8.637306665719965
20260106-190235-27761,150,3,89.75502144556211,7.047735149196494
20260106-190235-27761,150,4,101.87275977201494,7.999243030946656
20260106-190235-27761,150,5,115.81472979772431,9.093993058485022
20260106-190235-27761,150,7,84.95927969176213,6.671164377106321
20260106-190235-27761,151,2,108.95304290687808,8.555200341325142
20260106-190235-27761,151,3,91.92439817287557,7.218078739635153
20260106-190235-27761,151,4,102.80345183770721,8.072322743689368
20260106-190235-27761,151,5,118.40854065024203,9.297664024423613
20260106-190235-27761,151,7,80.24255385335101,6.300798085113897
20260106-190235-27761,152,2,108.7301630693105,8.537699392186324
20260106-190235-27761,152,3,94.12419536024156,7.390811002508111
20260106-190235-27761,152,4,103.12103936805907,8.097260321159224
20260106-190235-27761,152,5,119.50883495595855,9.384061227922274
20260106-190235-27761,152,7,77.8228902843973,6.11080149540233
20260106-190235-27761,153,2,108.55080275983961,8.523615679241134
20260106-190235-27761,153,3,96.35232946325671,7.565768333942405
20260106-190235-27761,153,4,103.9812807737622,8.164808113963723
20260106-190235-27761,153,5,124.40796467849333,9.768750220135633
20260106-190235-27761,153,7,77.46714281182814,6.082867526625061
20260106-190235-27761,154,2,108.36740934594425,8.509215279258774
20260106-190235-27761,154,3,98.60687958654057,7.742799901575979
20260106-190235-27761,154,4,104.10451780391315,8.174484920175665
20260106-190235-27761,154,5,127.6913729305931,10.026569686665654
20260106-190235-27761,154,7,76.97067267963324,6.043883746722357
20260106-190235-27761,155,2,108.01685130818194,8.481688794781586
20260106-190235-27761,155,3,100.88607475072341,7.921766644737337
20260106-190235-27761,155,4,104.1643062961656,8.179179626405785
20260106-190235-27761,155,5,129.63920835933192,10.179517432595377
20260106-190235-27761,155,7,76.5924436190322,6.014184480854961
20260106-190235-27761,156,2,107.86803339801668,8.470003329172982
20260106-190235-27761,156,3,93.41832903395421,7.3353850348208685
20260106-190235-27761,156,4,103.71207231646774,8.14366935340885
20260106-190235-27761,156,5,129.9905398897825,10.207104653190934
20260106-190235-27761,156,7,76.19429112031266,5.982920788698551
20260106-190235-27761,157,2,108.66199859927524,8.532346988235474
20260106-190235-27761,157,3,89.28070027689154,7.010490548074371
20260106-190235-27761,157,4,102.44241151188761,8.043973169998948
20260106-190235-27761,157,5,128.83518567684433,10.116384040960506
20260106-190235-27761,157,7,76.03997669902395,5.970803726572908
20260106-190235-27761,158,2,109.64333683792852,8.609403534893447
20260106-190235-27761,158,3,90.46497423586153,7.103481993817305
20260106-190235-27761,158,4,101.80742426951862,7.994112762912426
20260106-190235-27761,158,5,126.94761529948318,9.968168421590631
20260106-190235-27761,158,7,76.65503444393055,6.0190992315791965
20260106-190235-27761,159,2,109.10288569945655,8.566966282651885
20260106-190235-27761,159,3,91.81552876013559,7.209530106093738
20260106-190235-27761,159,4,101.9761352951212,8.007360273815394
20260106-190235-27761,159,5,128.50870876274666,10.090748452156342
20260106-190235-27761,159,7,77.87906813157116,6.115212686907348
20260106-190235-27761,160,2,108.56171953668814,8.524472885341385
20260106-190235-27761,160,3,92.47396538100503,7.261231803020347
20260106-190235-27761,160,4,103.08234117937839,8.094221665714855
20260106-190235-27761,160,5,128.9718369490403,10.127114158994313
20260106-190235-27761,160,7,80.02042720463956,6.283356277797897
20260106-190235-27761,161,2,108.14991058735906,8.492136862685532
20260106-190235-27761,161,3,93.11887247359918,7.3118711356308195
20260106-190235-27761,161,4,102.14078527295979,8.02028890351698
20260106-190235-27761,161,5,129.29568308232794,10.152543173881098
20260106-190235-27761,161,7,81.20066295416659,6.376030635647891
20260106-190235-27761,162,2,108.68827665233442,8.534410390986817
20260106-190235-27761,162,3,93.7206045304931,7.359120282246441
20260106-190235-27761,162,4,101.11571578348077,7.939798495793641
20260106-190235-27761,162,5,128.0702373397675,10.056318841312532
20260106-190235-27761,162,7,81.27229486630695,6.381655309753751
20260106-190235-27761,163,2,109.4758538434106,8.59625245132903
20260106-190235-27761,163,3,90.83717222821967,7.132707688725014
20260106-190235-27761,163,4,100.3853070945554,7.882445415071133
20260106-190235-27761,163,5,126.75200744553023,9.952808920522502
20260106-190235-27761,163,7,80.30473279259493,6.305680493792446
20260106-190235-27761,164,2,110.5964524098478,8.684243984032397
20260106-190235-27761,164,3,89.7190051753583,7.044907083096456
20260106-190235-27761,164,4,99.76707611688357,7.833900741787282
20260106-190235-27761,164,5,123.93715435447446,9.731781297219104
20260106-190235-27761,164,7,79.78419366464712,6.264806770523436
20260106-190235-27761,165,2,111.73859488900638,8.773927185775472
20260106-190235-27761,165,3,88.65315518981241,6.961214513188728
20260106-190235-27761,165,4,98.75151319425744,7.754156807790742
20260106-190235-27761,165,5,121.94283619247607,9.575183638585354
20260106-190235-27761,165,7,79.64740728922106,6.254066043926807
20260106-190235-27761,166,2,112.7475968111664,8.853155937525335
20260106-190235-27761,166,3,87.96032605697037,6.90681225074952
20260106-190235-27761,166,4,98.52146471458792,7.736092963227244
20260106-190235-27761,166,5,124.12549445592192,9.746570120524991
20260106-190235-27761,166,7,79.64363505353953,6.253769840799944
20260106-190235-27761,167,2,113.3712751734745,8.90212834982093
20260106-190235-27761,167,3,89.4566134816178,7.0243035877928115
20260106-190235-27761,167,4,101.23066114760307,7.948824224604294
20260106-190235-27761,167,5,126.63913466396336,9.943945934839647
20260106-190235-27761,167,7,79.83194557157384,6.268556341159913
20260106-190235-27761,168,2,111.18459248319739,8.730425862225262
20260106-190235-27761,168,3,90.45997255244052,7.103089252113458
20260106-190235-27761,168,4,102.17603946705519,8.023057129950232
20260106-190235-27761,168,5,126.80135843105347,9.95668405385452
20260106-190235-27761,168,7,80.94294408828745,6.355794059683513
20260106-190235-27761,169,2,109.71744554242828,8.6152226914504
20260106-190235-27761,169,3,91.8420360142643,7.211611506149387
20260106-190235-27761,169,4,102.51298479865727,8.049514718825412
20260106-190235-27761,169,5,124.2146197161748,9.75356840562647
20260106-190235-27761,169,7,80.2443923742535,6.300942449275125
20260106-190235-27761,170,2,108.96972929448057,8.556510588245315
20260106-190235-27761,170,3,92.56604135427511,7.268461783725166
20260106-190235-27761,170,4,102.14769019533179,8.020831091166427
20260106-190235-27761,170,5,120.01558421334623,9.423852144303332
20260106-190235-27761,170,7,79.99091698413552,6.281039079105755
20260106-190235-27761,171,2,108.63635091405492,8.53033308316686
20260106-190235-27761,171,3,92.54397989391461,7.266729475859588
20260106-190235-27761,171,4,101.16019574097484,7.943291146731906
20260106-190235-27761,171,5,115.8730628388841,9.098573479924626
20260106-190235-27761,171,7,79.95060262198425,6.277873518643789
20260106-190235-27761,172,2,108.42637003947915,8.513844985157723
20260106-190235-27761,172,3,90.33204922084407,7.093044468590772
20260106-190235-27761,172,4,99.69047945549461,7.8278862261191025
20260106-190235-27761,172,5,109.1187727067356,8.568213760707293
20260106-190235-27761,172,7,81.94909733364315,6.434799127907717
20260106-190235-27761,173,2,108.11743033744571,8.48958645163017
20260106-190235-27761,173,3,86.75736172476759,6.812353201319763
20260106-190235-27761,173,4,94.50919547382442,7.421041944345592
20260106-190235-27761,173,5,106.36610663194782,8.35206918030575
20260106-190235-27761,173,7,82.94199367478642,6.5127632387761905
20260106-190235-27761,174,2,108.96557325054351,8.556184247763579
20260106-190235-27761,174,3,85.60004524109435,6.7214785078556725
20260106-190235-27761,174,4,91.38110724006108,7.175418501335742
20260106-190235-27761,174,5,104.78796213290671,8.22815026995098
20260106-190235-27761,174,7,79.37091719256212,6.232355515187088
20260106-190235-27761,175,2,110.02972721516683,8.639743642879777
20260106-190235-27761,175,3,84.4453348879179,6.630808452719441
20260106-190235-27761,175,4,89.79972921981971,7.051245688740721
20260106-190235-27761,175,5,103.5968940062062,8.13462533322389
20260106-190235-27761,175,7,76.86493517184273,6.035581036319735
20260106-190235-27761,176,2,110.76185873913981,8.69723200388996
20260106-190235-27761,176,3,83.29333905305862,6.540351546729061
20260106-190235-27761,176,4,89.68133913560911,7.041949473951074
20260106-190235-27761,176,5,106.46391141981874,8.359748998438885
20260106-190235-27761,176,7,74.67481122782482,5.8636083349292765
20260106-190235-27761,177,2,111.73599603811664,8.773723119056216
20260106-190235-27761,177,3,82.14417194240214,6.450116757548086
20260106-190235-27761,177,4,90.0359517213195,7.069794329251725
20260106-190235-27761,177,5,111.6309232597724,8.765472604475152
20260106-190235-27761,177,7,73.22079878914562,5.749436510262469
20260106-190235-27761,178,2,112.82744031100867,8.859425401129826
20260106-190235-27761,178,3,80.99795395451693,6.360113539101311
20260106-190235-27761,178,4,90.71980647202945,7.123491906121524
20260106-190235-27761,178,5,116.17364627267236,9.122175863361864
20260106-190235-27761,178,7,72.86952934629228,5.7218541649032435
20260106-190235-27761,179,2,113.4135248422942,8.905445874246714
20260106-190235-27761,179,3,78.61395693534676,6.1729175547766255
20260106-190235-27761,179,4,91.3279110727864,7.171241437012587
20260106-190235-27761,179,5,118.84068747691443,9.331597015925375
20260106-190235-27761,179,7,73.85680945648635,5.799377278626051
20260106-190235-27761,180,2,113.7398094746717,8.931066364724169
20260106-190235-27761,180,3,73.97491908288269,5.80865147133422
20260106-190235-27761,180,4,91.61716807628189,7.19395444758128
20260106-190235-27761,180,5,120.66762241480104,9.475051425156929
20260106-190235-27761,180,7,75.525715452915,5.930422954536995
20260106-190235-27761,181,2,114.41023133490619,8.98370916546184
20260106-190235-27761,181,3,71.49275230966443,5.613747011037386
20260106-190235-27761,181,4,92.02606201636411,7.2260615781618105
20260106-190235-27761,181,5,121.09452984810576,9.508573009517306
20260106-190235-27761,181,7,77.1444484721484,6.057528952765023
20260106-190235-27761,182,2,114.78289485344676,9.01297141437161
20260106-190235-27761,182,3,69.43224359058568,5.451951943855715
20260106-190235-27761,182,4,92.53082619921443,7.265696622711238
20260106-190235-27761,182,5,121.89998180919694,9.57181863082903
20260106-190235-27761,182,7,79.25685051240643,6.223398782314231
20260106-190235-27761,183,2,114.68849646093004,9.00555907288639
20260106-190235-27761,183,3,67.50147387125676,5.300344229916591
20260106-190235-27761,183,4,93.40561957529945,7.334387063932491
20260106-190235-27761,183,5,124.72356047185043,9.793531402625021
20260106-190235-27761,183,7,81.34176625645475,6.387110335559802
20260106-190235-27761,184,2,112.34559114817452,8.821589687575049
20260106-190235-27761,184,3,65.71188025859269,5.159821932627632
20260106-190235-27761,184,4,94.25915764650098,7.401408498150886
20260106-190235-27761,184,5,124.87627510717711,9.805522846511437
20260106-190235-27761,184,7,80.62323518601205,6.330689908051797
20260106-190235-27761,185,2,109.96079949305305,8.63433130692273
20260106-190235-27761,185,3,64.07529279687624,5.031313969586601
20260106-190235-27761,185,4,95.0208663785661,7.461219317846152
20260106-190235-27761,185,5,124.04117299022676,9.739949038517095
20260106-190235-27761,185,7,79.99927319709819,6.281695224855181
20260106-190235-27761,186,2,108.50363176211906,8.519911722701393
20260106-190235-27761,186,3,62.603712305656046,4.9157626679902355
20260106-190235-27761,186,4,95.63000155280585,7.5090497713289714
20260106-190235-27761,186,5,121.4361136857483,9.535394822717038
20260106-190235-27761,186,7,79.68093171030495,6.256698445290252
20260106-190235-27761,187,2,107.9635549962475,8.477503866909103
20260106-190235-27761,187,3,61.309021762310095,4.814101101843701
20260106-190235-27761,187,4,96.01678432364989,7.539420690808217
20260106-190235-27761,187,5,121.88068481114693,9.570303393806736
20260106-190235-27761,187,7,79.25405227315274,6.2231790592410645
20260106-190235-27761,188,2,107.36926737048545,8.430839271197808
20260106-190235-27761,188,3,60.20263459360902,4.727225475144599
20260106-190235-27761,188,4,96.66701596884053,7.590478117424837
20260106-190235-27761,188,5,116.8875006386221,9.178229067130111
20260106-190235-27761,188,7,79.11935698301619,6.212602528642135
20260106-190235-27761,189,2,107.46167991468973,8.438095680093104
20260106-190235-27761,189,3,59.2950923949861,4.655963534034227
20260106-190235-27761,189,4,97.15068702780844,7.6284568897323535
20260106-190235-27761,189,5,111.73319614610931,8.773503266205688
20260106-190235-27761,189,7,78.11151137101996,6.1334645725675845
20260106-190235-27761,190,2,108.74265317335144,8.538680138932843
20260106-190235-27761,190,3,58.59563516002195,4.601040820398573
20260106-190235-27761,190,4,97.1873180656993,7.631333228561502
20260106-190235-27761,190,5,106.19877056817235,8.33892963402294
20260106-190235-27761,190,7,76.44051199870589,6.002254520796988
20260106-190235-27761,191,2,109.87777172051572,8.627811808164372
20260106-190235-27761,191,3,58.1117771629899,4.563047369358389
20260106-190235-27761,191,4,96.88929815960815,7.60793213819919
20260106-190235-27761,191,5,104.26820719375756,8.18733812267929
20260106-190235-27761,191,7,75.43232504078173,5.9230897615903615
20260106-190235-27761,192,2,110.3231390489214,8.662782898629903
20260106-190235-27761,192,3,57.848928579825255,4.542407998227388
20260106-190235-27761,192,4,96.46955797016189,7.574973339470753
20260106-190235-27761,192,5,104.18142407333788,8.180523746856208
20260106-190235-27761,192,7,74.75389898174114,5.8698184559249595
20260106-190235-27761,193,2,109.77797239267487,8.619975374955821
20260106-190235-27761,193,3,57.81010411843749,4.539359427609675
20260106-190235-27761,193,4,95.29760891183028,7.482949668388674
20260106-190235-27761,193,5,105.56091940649124,8.28884434654003
20260106-190235-27761,193,7,74.12820955401295,5.820688130944143
20260106-190235-27761,194,2,109.80134139333225,8.621810353374656
20260106-190235-27761,194,3,57.99575369019336,4.553936985402257
20260106-190235-27761,194,4,94.09778716144999,7.388737380466105
20260106-190235-27761,194,5,105.93733915834352,8.318401542040117
20260106-190235-27761,194,7,74.10200210246492,5.818630271957859
20260106-190235-27761,195,2,110.48855541890899,8.675771706901996
20260106-190235-27761,195,4,92.57526149394089,7.2691857666439645
20260106-190235-27761,195,5,105.36502686980378,8.27346249164164
20260106-190235-27761,195,7,74.280789567191,5.83266900404317
20260106-190235-27761,196,2,110.62481099616826,8.686470754216097
20260106-190235-27761,196,4,91.39770595310468,7.176721863882647
20260106-190235-27761,196,5,104.19969153062617,8.18195814237797
20260106-190235-27761,196,7,74.9472025897569,5.884997023215543
20260106-190235-27761,197,2,110.21680952092343,8.654433701673572
20260106-190235-27761,197,4,90.8703941022129,7.135316333514946
20260106-190235-27761,197,5,105.79145135028475,8.306946153626907
20260106-190235-27761,197,7,75.0494277379257,5.893023936454241
20260106-190235-27761,198,2,109.37445482000486,8.588290406979407
20260106-190235-27761,198,4,90.31644035130886,7.091818830440496
20260106-190235-27761,198,5,106.98824116976144,8.400920368563083
20260106-190235-27761,198,7,75.47068559022587,5.926101904959119
20260106-190235-27761,199,2,109.34786154180468,8.586202252149905
20260106-190235-27761,199,4,91.0676766347649,7.1508073335347335
20260106-190235-27761,199,5,106.40470844045845,8.35510026779569
20260106-190235-27761,199,7,75.88635678041388,5.9587411981197045
20260106-190235-27761,200,2,108.63629857490935,8.530328973397513
20260106-190235-27761,200,4,92.70169213585002,7.279113341330791
20260106-190235-27761,200,5,103.04253943315172,8.091096356831148
20260106-190235-27761,200,7,75.49458312784273,5.927978385106179
20260106-190235-27761,201,2,107.39697270172294,8.433014746548801
20260106-190235-27761,201,4,94.79290835847505,7.443319620148332
20260106-190235-27761,201,5,91.64238994987237,7.195934917110108
20260106-190235-27761,201,7,74.96543791560335,5.886428895715322
20260106-190235-27761,202,2,106.43573379818942,8.357536437947234
20260106-190235-27761,202,4,96.12112478682087,7.547613702607781
20260106-190235-27761,202,5,84.24170847140455,6.614819318854251
20260106-190235-27761,202,7,74.51159486116703,5.850792275106753
20260106-190235-27761,203,2,106.68060348363275,8.376764071803
20260106-190235-27761,203,4,96.34290345436283,7.565028185779905
20260106-190235-27761,203,5,76.48856742838954,6.006027924618151
20260106-190235-27761,203,7,74.53539827979864,5.852661364851919
20260106-190235-27761,204,2,107.1892979999655,8.416707733619585
20260106-190235-27761,204,4,95.97849191680643,7.536413898126187
20260106-190235-27761,204,5,74.206396471599,5.826827516556265
20260106-190235-27761,204,7,74.35988815912341,5.83887997606051
20260106-190235-27761,205,2,108.83322982322547,8.545792389910364
20260106-190235-27761,205,4,95.62903463427308,7.50897384704507
20260106-190235-27761,205,5,70.5947482507052,5.543234022811021
20260106-190235-27761,205,7,74.92244823657518,5.883053264279222
20260106-190235-27761,206,2,110.9030685419015,8.708320066421797
20260106-190235-27761,206,4,95.13660959670804,7.470307695673289
20260106-190235-27761,206,5,69.47378177836592,5.455213601435845
20260106-190235-27761,206,7,75.55312947185062,5.9325755554914785
20260106-190235-27761,207,2,110.97131929381503,8.713679245389981
20260106-190235-27761,207,4,95.00904563862349,7.460291130842893
20260106-190235-27761,207,5,69.71441990821862,5.474108965491085
20260106-190235-27761,207,7,76.17130570421112,5.981115930069266
20260106-190235-27761,208,2,111.71705120529995,8.772235534718456
20260106-190235-27761,208,4,94.80355461427551,7.444155584420901
20260106-190235-27761,208,5,73.74824435197668,5.790852539946187
20260106-190235-27761,208,7,76.50945371082491,6.007667955275879
20260106-190235-27761,208,8,91.07096353338282,7.151065427071433
20260106-190235-27761,209,2,111.8714629174961,8.784360236311363
20260106-190235-27761,209,4,94.87615636358271,7.4498564119873665
20260106-190235-27761,209,5,75.97798568911332,5.965936074463367
20260106-190235-27761,209,7,76.47884600312032,6.00526457979948
20260106-190235-27761,209,8,91.87960924037654,7.214561827391309
20260106-190235-27761,210,2,112.06970646034354,8.79992669668901
20260106-190235-27761,210,4,94.15953234996059,7.393585730211348
20260106-190235-27761,210,5,77.12988993722024,6.0563857888875985
20260106-190235-27761,210,7,76.40473097741902,5.9994449268897485
20260106-190235-27761,210,8,91.874436893281,7.214155684850847
20260106-190235-27761,211,2,111.83795802922693,8.781729368701713
20260106-190235-27761,211,4,94.29713097503326,7.404390236196497
20260106-190235-27761,211,5,81.86905004748013,6.428513662613376
20260106-190235-27761,211,7,75.95277530101835,5.963956506797511
20260106-190235-27761,211,8,92.1806992111135,7.238203985074047
20260106-190235-27761,212,2,111.56112317115958,8.759991768639889
20260106-190235-27761,212,4,93.89558465500384,7.372860054730069
20260106-190235-27761,212,5,85.91135421210126,6.7459230808933635
20260106-190235-27761,212,7,74.55640229177695,5.854310639857478
20260106-190235-27761,212,8,92.54428216300484,7.266753210603977
20260106-190235-27761,213,2,112.36702915414203,8.82327304061483
20260106-190235-27761,213,4,93.43440551626108,7.336647390816163
20260106-190235-27761,213,5,87.29103735992952,6.854258428142997
20260106-190235-27761,213,7,72.7653178397005,5.7136712790197715
20260106-190235-27761,213,8,92.97574136301328,7.300632208351062
20260106-190235-27761,214,2,113.75528634611182,8.932281638132734
20260106-190235-27761,214,4,92.30778740801658,7.248183192230774
20260106-190235-27761,214,5,89.70648133068192,7.043923686971011
20260106-190235-27761,214,7,72.04329034474031,5.656976305602562
20260106-190235-27761,214,8,96.02339702130824,7.539939932416845
20260106-190235-27761,215,2,113.63610304012923,8.922923138059506
20260106-190235-27761,215,4,90.27988160456222,7.088948168049612
20260106-190235-27761,215,5,92.80665804092851,7.287355464019576
20260106-190235-27761,215,7,71.42183558763638,5.608178495020642
20260106-190235-27761,215,8,97.51713306160049,7.657230929903535
20260106-190235-27761,216,2,113.13903622614345,8.883892505566688
20260106-190235-27761,216,4,88.92215952670789,6.982337245821291
20260106-190235-27761,216,5,97.51517969908255,7.657077548160039
20260106-190235-27761,216,7,70.9944405547175,5.574618623410323
20260106-190235-27761,216,8,98.4874713223791,7.733423737358295
20260106-190235-27761,217,2,116.24606023238488,9.127861945331864
20260106-190235-27761,217,4,87.25337789557885,6.851301335310424
20260106-190235-27761,217,5,101.43376445994215,7.964772283333895
20260106-190235-27761,217,7,72.30617236933882,5.677618302618613
20260106-190235-27761,217,8,100.06804191019864,7.857533148822458
20260106-190235-27761,218,2,115.20219066867931,9.045895319990837
20260106-190235-27761,218,4,87.33442553906015,6.857665350565762
20260106-190235-27761,218,5,104.11387810503602,8.175219908838898
20260106-190235-27761,218,7,74.04365780973968,5.814048967023917
20260106-190235-27761,218,8,97.51730968669986,7.657244798842576
20260106-190235-27761,219,2,112.71427702971974,8.850539604855774
20260106-190235-27761,219,4,88.66348668976882,6.9620257622332264
20260106-190235-27761,219,5,104.29652423851537,8.189561630940407
20260106-190235-27761,219,7,73.14530166812015,5.74350833259681
20260106-190235-27761,219,8,96.36634358469969,7.566868749436581
20260106-190235-27761,220,2,108.7789053572686,8.541526729426758
20260106-190235-27761,220,4,89.959904789604,7.063822979404018
20260106-190235-27761,220,5,99.5268147803322,7.8150349642593575
20260106-190235-27761,220,7,74.76310248328586,5.870541132386819
20260106-190235-27761,220,8,100.10591432255552,7.860506962737864
20260106-190235-27761,221,2,106.83106859825078,8.388578879040994
20260106-190235-27761,221,4,91.22197312023073,7.1629229873054205
20260106-190235-27761,221,5,95.03121129666009,7.462031620508357
20260106-190235-27761,221,7,77.64326639617109,6.0966970857515
20260106-190235-27761,221,8,97.65141438235663,7.667774954838648
20260106-190235-27761,222,2,106.34255583688984,8.3502199270445
20260106-190235-27761,222,4,92.00173153548934,7.224151102485951
20260106-190235-27761,222,5,90.86960128487259,7.13525407998811
20260106-190235-27761,222,7,79.53444549250794,6.24519606860521
20260106-190235-27761,222,8,95.20165790812342,7.475415412917122
20260106-190235-27761,223,2,107.06451021766229,8.406909159396504
20260106-190235-27761,223,4,92.70305363354237,7.279220248721456
20260106-190235-27761,223,5,88.0131381371454,6.910959155822431
20260106-190235-27761,223,7,81.26270466894435,6.380902269200125
20260106-190235-27761,223,8,92.62124406148803,7.272796405384092
20260106-190235-27761,224,2,108.11065456047882,8.489054404723785
20260106-190235-27761,224,4,92.67000147684291,7.276624930456519
20260106-190235-27761,224,5,86.19087088765525,6.7678712623695745
20260106-190235-27761,224,7,82.87563290929265,6.507552465139623
20260106-190235-27761,224,8,91.01279069289834,7.146497584893825
20260106-190235-27761,225,2,109.90717062062537,8.630120265767227
20260106-190235-27761,225,4,93.6946782481828,7.3570845012039605
20260106-190235-27761,225,5,85.54757915455296,6.717358770861539
20260106-190235-27761,225,7,83.93594138614954,6.590809905235804
20260106-190235-27761,225,8,90.13763329396336,7.0777785599054095
20260106-190235-27761,226,2,111.52044552693378,8.756797682577856
20260106-190235-27761,226,4,96.08575111032825,7.544836094189241
20260106-190235-27761,226,5,87.4462059770099,6.866442563348323
20260106-190235-27761,226,7,84.99333861579876,6.673838748659141
20260106-190235-27761,226,8,89.94360868099095,7.062543377933063
20260106-190235-27761,227,2,112.43975791106557,8.828983841061111
20260106-190235-27761,227,4,98.69445348144032,7.74967637051662
20260106-190235-27761,227,5,89.28812820694436,7.011073803282558
20260106-190235-27761,227,7,86.89958449979159,6.823520804362016
20260106-190235-27761,227,8,90.16659718675521,7.080052859905554
20260106-190235-27761,228,2,113.03276151910896,8.87554761325677
20260106-190235-27761,228,4,100.63595372123274,7.902126665350069
20260106-190235-27761,228,5,91.60698302874292,7.193154698259399
20260106-190235-27761,228,7,86.72632652788114,6.809916258579
20260106-190235-27761,228,8,90.65578887680567,7.118465122675215
20260106-190235-27761,229,2,113.60656993301107,8.920604142266853
20260106-190235-27761,229,4,101.51104395833471,7.970840416663503
20260106-190235-27761,229,5,91.25427899231347,7.165459705881563
20260106-190235-27761,229,7,85.3290640129294,6.700200545957252
20260106-190235-27761,229,8,90.31341530722608,7.091581298220386
20260106-190235-27761,230,2,113.92659282210906,8.945732948741613
20260106-190235-27761,230,4,101.43658359610627,7.964993647272249
20260106-190235-27761,230,5,90.38157138170513,7.096933042936179
20260106-190235-27761,230,7,84.37259929385885,6.625097115408263
20260106-190235-27761,230,8,88.85837348020684,6.977328644021486
20260106-190235-27761,231,2,114.43698427658994,8.985809857372024
20260106-190235-27761,231,4,100.64721795594001,7.903011154502839
20260106-190235-27761,231,5,89.21187291327816,7.005086092457826
20260106-190235-27761,231,7,84.44214100564754,6.630557663003427
20260106-190235-27761,231,8,87.81396411151637,6.895319632165427
20260106-190235-27761,232,2,114.64850804439682,9.002419106294852
20260106-190235-27761,232,4,99.99915752153076,7.852124215490075
20260106-190235-27761,232,5,87.535987326217,6.873492365803475
20260106-190235-27761,232,7,86.68742982345496,6.806862015300382
20260106-190235-27761,232,8,87.85805179024824,6.898781480628508
20260106-190235-27761,233,2,114.26382571795646,8.972213117708767
20260106-190235-27761,233,4,99.34454873983648,7.800723087782501
20260106-190235-27761,233,5,87.08411755199785,6.838010690914062
20260106-190235-27761,233,7,89.26670617493798,7.009391704548615
20260106-190235-27761,233,8,88.261376851745,6.930451332261116
20260106-190235-27761,234,2,113.60705377314133,8.920642134314962
20260106-190235-27761,234,4,97.20165098840846,7.632458676937996
20260106-190235-27761,234,5,88.26008814734509,6.930350140738348
20260106-190235-27761,234,7,92.44045560431603,7.258600551562666
20260106-190235-27761,234,8,88.72620971126122,6.966950893285688
20260106-190235-27761,235,2,112.53811918404682,8.836707355464481
20260106-190235-27761,235,4,95.27898784353232,7.481487506657269
20260106-190235-27761,235,5,89.24085110195385,7.007361514997986
20260106-190235-27761,235,7,95.95055516051592,7.534220250839471
20260106-190235-27761,235,8,89.13961962615174,6.999412626805158
20260106-190235-27761,236,2,110.91012525405817,8.708874172894095
20260106-190235-27761,236,4,93.31968144386482,7.327639038253109
20260106-190235-27761,236,5,87.6141948702573,6.87963337104405
20260106-190235-27761,236,7,99.30304102494627,7.7974638229917055
20260106-190235-27761,236,8,90.38002730825384,7.096811799349355
20260106-190235-27761,237,2,110.48230208915096,8.675280683545026
20260106-190235-27761,237,4,97.6218516119875,7.66545362983106
20260106-190235-27761,237,5,86.64790512225666,6.80375846051971
20260106-190235-27761,237,7,102.40167717177344,8.04077463206783
20260106-190235-27761,237,8,92.34393747890083,7.251021764614954
20260106-190235-27761,238,2,110.11858637605229,8.646721033352359
20260106-190235-27761,238,4,100.92878912495682,7.9251206587168594
20260106-190235-27761,238,5,85.8986317588282,6.7449240896428195
20260106-190235-27761,238,7,104.23274109714805,8.184553257257233
20260106-190235-27761,238,8,94.53849611693607,7.423342686621915
20260106-190235-27761,239,2,112.29000839535524,8.817225224011624
20260106-190235-27761,239,4,103.30282309291808,8.111534325294109
20260106-190235-27761,239,5,86.43633861657813,6.78714585573784
20260106-190235-27761,239,7,104.47585940526685,8.203643369631406
20260106-190235-27761,239,8,95.44535078442938,7.4945506414791465
20260106-190235-27761,240,2,114.48423486329395,8.989520063390257
20260106-190235-27761,240,4,105.19136912032381,8.259826554562814
20260106-190235-27761,240,5,86.79859114899755,6.815590614198138
20260106-190235-27761,240,7,103.59776252503657,8.134693530975836
20260106-190235-27761,240,8,96.63011086950004,7.587580258768937
20260106-190235-27761,241,2,116.32280734506794,9.133888274722066
20260106-190235-27761,241,4,107.05016657400031,8.405782869190386
20260106-190235-27761,241,5,86.85487301902002,6.820009973775256
20260106-190235-27761,241,7,104.66799100980258,8.218729908977611
20260106-190235-27761,241,8,97.91659822391024,7.688597694903947
20260106-190235-27761,242,2,118.01162403788635,9.26649737641723
20260106-190235-27761,242,4,109.65755421989985,8.610519910791254
20260106-190235-27761,242,5,87.26766864608803,6.852423472245492
20260106-190235-27761,242,7,107.6652980641267,8.45408416481172
20260106-190235-27761,242,8,99.35025526524048,7.80117117502065
20260106-190235-27761,243,2,119.62028705876006,9.39281265920395
20260106-190235-27761,243,4,112.45177009841524,8.829927060879228
20260106-190235-27761,243,5,87.87584978754312,6.900179013257882
20260106-190235-27761,243,7,106.18255152683352,8.337656084021068
20260106-190235-27761,243,8,100.21241944399989,7.868869947625881
20260106-190235-27761,244,2,120.93711566668203,9.496212548324895
20260106-190235-27761,244,4,115.04928488750096,9.033888866968265
20260106-190235-27761,244,5,89.06816390537053,6.993801787580232
20260106-190235-27761,244,7,106.2076250974767,8.339624908520152
20260106-190235-27761,244,8,101.88526467254945,8.000224939542017
20260106-190235-27761,245,2,121.59401035181764,9.547793169522324
20260106-190235-27761,245,4,108.7522816518216,8.53943618539191
20260106-190235-27761,245,5,90.88245311880178,7.136263230454074
20260106-190235-27761,245,7,105.8082167032926,8.308262601061035
20260106-190235-27761,245,8,102.80107017510213,8.07213573100768
20260106-190235-27761,246,2,121.86128666927073,9.568780214778664
20260106-190235-27761,246,4,105.01564019124466,8.246027984518987
20260106-190235-27761,246,5,92.73113783849736,7.281425473958003
20260106-190235-27761,246,7,105.94940803491608,8.319349213203935
20260106-190235-27761,246,8,102.23849786478394,8.02796148224101
20260106-190235-27761,247,2,121.66380246422082,9.55327337905042
20260106-190235-27761,247,4,102.92223305960633,8.08164967135492
20260106-190235-27761,247,5,93.4912660660486,7.341112189430056
20260106-190235-27761,247,7,106.13071959855166,8.333586142340712
20260106-190235-27761,247,8,100.81393245408627,7.916101894269178
20260106-190235-27761,248,2,120.94152954194847,9.496559134213443
20260106-190235-27761,248,4,101.99651641683762,8.008960638291805
20260106-190235-27761,248,5,93.93978183582678,7.376330501505797
20260106-190235-27761,248,7,105.98395839304676,8.322062173097356
20260106-190235-27761,248,8,99.41918133890354,7.806583381538208
20260106-190235-27761,249,2,120.07164644318384,9.42825425731501
20260106-190235-27761,249,4,101.81102561905952,7.994395547734213
20260106-190235-27761,249,5,94.68101571337193,7.434533596646481
20260106-190235-27761,249,7,104.70733515097115,8.22181928584102
20260106-190235-27761,249,8,98.30048664955952,7.718741344888579
20260106-190235-27761,250,2,119.83370555128586,9.409570685518664
20260106-190235-27761,250,4,102.22188274991335,8.026656831791426
20260106-190235-27761,250,5,96.11945097185264,7.5474822714700585
20260106-190235-27761,250,7,103.5942546930186,8.134418089327978
20260106-190235-27761,250,8,98.54504666672604,7.737944663001738
20260106-190235-27761,251,2,119.94614020035664,9.418399268203862
20260106-190235-27761,251,4,102.357052132137,8.037270589003557
20260106-190235-27761,251,5,96.358620761431,7.5662623386517
20260106-190235-27761,251,7,103.14024521534942,8.098768400850346
20260106-190235-27761,251,8,98.32076897572107,7.720333951749944
20260106-190235-27761,252,2,120.00141039647531,9.422739189220144
20260106-190235-27761,252,4,102.64203315293578,8.059647841270781
20260106-190235-27761,252,5,96.19073676232897,7.553079767443952
20260106-190235-27761,252,7,104.09711660039412,8.17390376358579
20260106-190235-27761,252,8,98.1667172244175,7.708237514971574
20260106-190235-27761,253,2,119.35287271371693,9.371814775758477
20260106-190235-27761,253,4,101.67637742419717,7.983822715145868
20260106-190235-27761,253,5,96.31505454166084,7.562841436138987
20260106-190235-27761,253,7,105.54456275593922,8.287559991200775
20260106-190235-27761,253,8,98.52040957879869,7.7360101119564275
20260106-190235-27761,254,2,118.11168770536455,9.274354566077324
20260106-190235-27761,254,4,100.53704180764333,7.894359913597899
20260106-190235-27761,254,5,96.41244096745632,7.570488403685529
20260106-190235-27761,254,7,107.32220767163977,8.427144054057601
20260106-190235-27761,254,8,97.97746726102666,7.693377247573803
20260106-190235-27761,255,2,116.68778091085017,9.162546693902001
20260106-190235-27761,255,4,100.35447744486036,7.880024612287136
20260106-190235-27761,255,5,96.62866259136624,7.587466537212805
20260106-190235-27761,255,7,108.97548347212705,8.55696241722826
20260106-190235-27761,255,8,96.34609115140977,7.565278489820401
20260106-190235-27761,256,2,115.30879898976092,9.05426640831083
20260106-190235-27761,256,4,100.68750108521658,7.906174262500025
20260106-190235-27761,256,5,96.67610018722137,7.59119142754559
20260106-190235-27761,256,7,107.10964660369477,8.410453354353235
20260106-190235-27761,256,8,94.1349038290193,7.3916518518620915
20260106-190235-27761,257,2,114.97167186704091,9.027794544850998
20260106-190235-27761,257,4,101.22012901755971,7.947997221703432
20260106-190235-27761,257,5,96.57187762298486,7.583007673394804
20260106-190235-27761,257,7,106.77926638954439,8.38451127099828
20260106-190235-27761,257,8,91.46531857599723,7.182030935745308
20260106-190235-27761,258,2,115.36084925542748,9.05835349425828
20260106-190235-27761,258,4,101.68964041328115,7.9848641502972955
20260106-190235-27761,258,5,96.18881402495327,7.552928790444926
20260106-190235-27761,258,7,107.62431887987454,8.45086640125278
20260106-190235-27761,258,8,88.82457691094586,6.974674873065092
20260106-190235-27761,259,2,116.08466208460642,9.115188655517061
20260106-190235-27761,259,4,101.87093375282905,7.999099648444013
20260106-190235-27761,259,5,95.56344159400936,7.503823356655073
20260106-190235-27761,259,7,108.78826947990363,8.5422620181624
20260106-190235-27761,259,8,86.56453410996994,6.797212009922808
20260106-190235-27761,260,2,115.53498667966498,9.072027096312217
20260106-190235-27761,260,4,101.24371153062873,7.949848965523287
20260106-190235-27761,260,5,95.39869777796267,7.4908873585987505
20260106-190235-27761,260,7,110.11858489328809,8.64672091692289
20260106-190235-27761,260,8,84.12208217969632,6.6054260346985405
20260106-190235-27761,261,2,115.22067786009185,9.04734696945434
20260106-190235-27761,261,4,100.61960763368779,7.900843139438238
20260106-190235-27761,261,5,96.75332813864743,7.5972555133092605
20260106-190235-27761,261,7,110.82537902083348,8.702219737331156
20260106-190235-27761,261,8,82.83187570821276,6.504116566410902
20260106-190235-27761,262,2,115.4720034221899,9.067081531034988
20260106-190235-27761,262,4,101.28158447824056,7.952822821467932
20260106-190235-27761,262,5,98.96992064840335,7.77130657686928
20260106-190235-27761,262,7,111.44253166174592,8.750679737559846
20260106-190235-27761,262,8,82.60374983100932,6.48620368825307
20260106-190235-27761,263,2,116.06635434428405,9.113751096894777
20260106-190235-27761,263,4,100.71993299753348,7.908720877995294
20260106-190235-27761,263,5,101.49562215392707,7.9696294672231565
20260106-190235-27761,263,7,105.90669970151684,8.315995673562211
20260106-190235-27761,263,8,83.26875353201224,6.538421044813411
20260106-190235-27761,264,2,116.54356589610438,9.151222656404197
20260106-190235-27761,264,4,100.08137473607779,7.858580067691989
20260106-190235-27761,264,5,103.22251602030573,8.105228461073215
20260106-190235-27761,264,7,102.02649778530113,8.011314832418641
20260106-190235-27761,264,8,84.54628200804888,6.638735012763647
20260106-190235-27761,265,2,117.04846162997487,9.19086803059016
20260106-190235-27761,265,4,100.10428303612845,7.860378871022155
20260106-190235-27761,265,5,105.16004272560996,8.257366746414293
20260106-190235-27761,265,7,99.64711424096984,7.824481106920908
20260106-190235-27761,265,8,87.02338945496933,6.833242205128213
20260106-190235-27761,266,2,116.35879751603196,9.13671429146011
20260106-190235-27761,266,4,99.83516599691991,7.83924728878942
20260106-190235-27761,266,5,106.59665224056678,8.370172060380735
20260106-190235-27761,266,7,97.93784955996004,7.690266390266427
20260106-190235-27761,266,8,89.51800622787893,7.0291242631016875
20260106-190235-27761,267,2,114.54604148966048,8.994373237352907
20260106-190235-27761,267,4,99.01851627257172,7.775122397789743
20260106-190235-27761,267,5,108.10536791982726,8.488639287635726
20260106-190235-27761,267,7,96.95727133293892,7.613269521168634
20260106-190235-27761,267,8,91.18080411458284,7.159690318609129
20260106-190235-27761,268,2,113.38124480029828,8.902911183898162
20260106-190235-27761,268,4,96.96799369936747,7.614111461792613
20260106-190235-27761,268,5,109.23473803511729,8.577319579053285
20260106-190235-27761,268,7,96.01749412746805,7.539476425955262
20260106-190235-27761,268,8,91.78774551933067,7.207348513135196
20260106-190235-27761,269,2,112.96909363035573,8.87054828942826
20260106-190235-27761,269,4,97.24093910932939,7.6355436549849145
20260106-190235-27761,269,5,109.74075993337394,8.61705338181071
20260106-190235-27761,269,7,95.51407227376254,7.499946783645656
20260106-190235-27761,269,8,92.01848009236733,7.225466231055988
20260106-190235-27761,270,2,112.34044347635498,8.821185482584232
20260106-190235-27761,270,4,98.15892423861126,7.707625594890678
20260106-190235-27761,270,5,109.93122384649737,8.632008970852462
20260106-190235-27761,270,7,95.07376736777758,7.465373204225858
20260106-190235-27761,270,8,92.78461099727855,7.285624288181554
20260106-190235-27761,271,2,113.52444174632267,8.91415528070188
20260106-190235-27761,271,4,99.41091658284729,7.805934417159179
20260106-190235-27761,271,5,110.314872453179,8.662133789795215
20260106-190235-27761,271,7,94.30644592812446,7.405121664045955
20260106-190235-27761,271,8,93.27951672862794,7.324485228351742
20260106-190235-27761,272,2,115.01996454226793,9.031586577643866
20260106-190235-27761,272,4,100.29787442757102,7.875580035615259
20260106-190235-27761,272,5,111.76387177248877,8.775911974785734
20260106-190235-27761,272,7,93.96606997363445,7.37839469613079
20260106-190235-27761,272,8,93.7649326958003,7.362601014173227
20260106-190235-27761,273,2,116.58660708619486,9.154602332586972
20260106-190235-27761,273,4,100.59856869912565,7.899191122244914
20260106-190235-27761,273,5,113.49929816230946,8.912180958619699
20260106-190235-27761,273,7,96.94697921843127,7.61246136474455
20260106-190235-27761,273,8,94.07450881911629,7.386909520711431
20260106-190235-27761,274,2,117.96716865914996,9.263006655449809
20260106-190235-27761,274,4,100.91836060222188,7.924301791259089
20260106-190235-27761,274,5,114.15991179561652,8.964053598707256
20260106-190235-27761,274,7,99.01825242400113,7.775101679897696
20260106-190235-27761,274,8,94.45041958478019,7.416426749647059
20260106-190235-27761,275,2,118.0226886727132,9.267366192607414
20260106-190235-27761,275,4,100.42125239365532,7.885267908384987
20260106-190235-27761,275,5,115.15115280251395,9.04188772957951
20260106-190235-27761,275,7,100.85170555252431,7.919067909866615
20260106-190235-27761,275,8,94.41451585997565,7.413607520826023
20260106-190235-27761,276,2,117.18696427126991,9.201743521650052
20260106-190235-27761,276,4,99.70780599043928,7.829246738627224
20260106-190235-27761,276,5,114.44897434117773,8.986751340068764
20260106-190235-27761,276,7,101.70362144643732,7.985961967636202
20260106-190235-27761,276,8,93.1882319114556,7.31731737072983
20260106-190235-27761,277,2,115.70810198735654,9.085620439829178
20260106-190235-27761,277,4,95.83391702904862,7.525061602714394
20260106-190235-27761,277,5,114.04664537042935,8.95515970337796
20260106-190235-27761,277,7,102.84101265508917,8.075272090574165
20260106-190235-27761,277,8,90.2258229870574,7.084703382492552
20260106-190235-27761,278,2,114.63622620265353,9.00145471270041
20260106-190235-27761,278,4,92.67808956412664,7.277260022467208
20260106-190235-27761,278,5,113.98569086904966,8.950373439891456
20260106-190235-27761,278,7,104.22779735315467,8.184165065067543
20260106-190235-27761,278,8,88.44862544881867,6.945154448565693
20260106-190235-27761,279,2,114.97770837327612,9.028268542812192
20260106-190235-27761,279,4,90.46330249929683,7.103350725879785
20260106-190235-27761,279,5,115.95088904194958,9.104684541545906
20260106-190235-27761,279,7,105.47815670274022,8.28234566148738
20260106-190235-27761,279,8,87.2642797777609,6.852157371853109
20260106-190235-27761,280,2,115.18461219009916,9.044515024388836
20260106-190235-27761,280,4,91.27697662954732,7.167241967566317
20260106-190235-27761,280,5,114.0620140610504,8.956366482222672
20260106-190235-27761,280,7,106.32442407878278,8.34879618688078
20260106-190235-27761,280,8,86.98325958920964,6.830091131674137
20260106-190235-27761,281,2,115.37825452733156,9.059720189342345
20260106-190235-27761,281,4,92.7325327784838,7.281535007301264
20260106-190235-27761,281,5,113.16581037195841,8.88599486246562
20260106-190235-27761,281,7,106.80360402279427,8.386422308292248
20260106-190235-27761,281,8,86.93183330795739,6.826053042170768
20260106-190235-27761,282,2,115.59517325104511,9.07675306047326
20260106-190235-27761,282,4,92.85978423767699,7.2915270341238125
20260106-190235-27761,282,5,112.33188316223945,8.820513310423738
20260106-190235-27761,282,7,106.40342703244917,8.354999649199405
20260106-190235-27761,282,8,86.23761273183014,6.771541520955936
20260106-190235-27761,283,2,116.88483847274573,9.178020028797572
20260106-190235-27761,283,4,94.28304221816775,7.4032839601868625
20260106-190235-27761,283,5,111.81469586631962,8.7799027793864
20260106-190235-27761,283,7,105.08805030412118,8.2517137644281
20260106-190235-27761,283,8,85.60535039653698,6.721895078760372
20260106-190235-27761,284,2,117.1900315198277,9.201984367845885
20260106-190235-27761,284,4,96.41776866393703,7.57090674455545
20260106-190235-27761,284,5,112.33701024219414,8.820915898502127
20260106-190235-27761,284,7,103.47316434712668,8.124909844850665
20260106-190235-27761,284,8,84.98371503748257,6.673083086969491
20260106-190235-27761,285,2,117.27363649606079,9.20854918973725
20260106-190235-27761,285,4,95.74465404832658,7.518052503539499
20260106-190235-27761,285,5,113.37085420262238,8.902095294388227
20260106-190235-27761,285,7,103.40364546486073,8.119451089873087
20260106-190235-27761,285,8,84.37294154442885,6.625123989574557
20260106-190235-27761,286,2,117.45962649529915,9.223153478543823
20260106-190235-27761,286,4,94.53141062341912,7.422786320182415
20260106-190235-27761,286,5,116.32240225521728,9.13385646629583
20260106-190235-27761,286,7,103.90037022112148,8.158454863342165
20260106-190235-27761,286,8,83.77326749253955,6.578036441429691
20260106-190235-27761,287,2,117.67788369147783,9.24029144908073
20260106-190235-27761,287,4,92.56241783225819,7.268177257878353
20260106-190235-27761,287,5,118.53516586626789,9.307606877440492
20260106-190235-27761,287,7,95.17471703783197,7.473299964494905
20260106-190235-27761,287,8,87.14861716351797,6.843075323197566
20260106-190235-27761,288,2,117.4169849965387,9.21980518688517
20260106-190235-27761,288,4,90.10955457867018,7.075573765727559
20260106-190235-27761,288,5,119.98829157933785,9.421709074724415
20260106-190235-27761,288,7,92.63603165663814,7.273957555506202
20260106-190235-27761,288,8,89.8061226823452,7.051747715589362
20260106-190235-27761,289,2,116.00107652734751,9.108625358440516
20260106-190235-27761,289,4,88.56330383853634,6.954159214037858
20260106-190235-27761,289,5,120.58401776286537,9.468486628730016
20260106-190235-27761,289,7,87.36145142854441,6.859787474856847
20260106-190235-27761,289,8,90.54071484450824,7.109429290594508
20260106-190235-27761,290,2,114.3299309744107,8.977403828289141
20260106-190235-27761,290,4,87.59930127657988,6.878463897715788
20260106-190235-27761,290,5,120.75831480814863,9.482172764532333
20260106-190235-27761,290,7,88.05630001468371,6.914348308613359
20260106-190235-27761,290,8,90.16103291694455,7.079615942847404
20260106-190235-27761,291,2,113.48634689183714,8.911164000207073
20260106-190235-27761,291,4,90.14536735979124,7.07838585347744
20260106-190235-27761,291,5,120.52351556010872,9.463735880592425
20260106-190235-27761,291,7,88.95066233289783,6.9845753404236905
20260106-190235-27761,291,8,89.59403985334407,7.035094568117286
20260106-190235-27761,292,2,112.99942104975975,8.872929656133719
20260106-190235-27761,292,4,93.63423340048364,7.3523382566946704
20260106-190235-27761,292,5,118.87482858819145,9.33427784097677
20260106-190235-27761,292,7,89.57641450450805,7.033710592173569
20260106-190235-27761,292,8,88.92109604853587,6.982253739490696
20260106-190235-27761,293,2,113.53255508544872,8.914792355535301
20260106-190235-27761,293,4,96.30888086979712,7.562356667671521
20260106-190235-27761,293,5,117.75846659307905,9.246618971918922
20260106-190235-27761,293,7,90.13818735023982,7.077822065458985
20260106-190235-27761,293,8,88.15732990838205,6.922281368195649
20260106-190235-27761,294,2,114.51727346426921,8.992114317233925
20260106-190235-27761,294,4,98.48375948417822,7.733132276756591
20260106-190235-27761,294,5,118.71088441007807,9.321404632013229
20260106-190235-27761,294,7,90.3679257744184,7.095861563875086
20260106-190235-27761,294,8,86.46515436389262,6.789408523073082
20260106-190235-27761,295,2,115.52817205494104,9.071491999005994
20260106-190235-27761,295,4,100.06983055074193,7.857673596282924
20260106-190235-27761,295,5,114.59833636479866,8.998479530501728
20260106-190235-27761,295,7,89.45676391803535,7.024315400346701
20260106-190235-27761,295,8,86.4422967306069,6.787613698193752
20260106-190235-27761,296,2,116.23084063503491,9.126666873574624
20260106-190235-27761,296,4,100.25228873619054,7.872000560347265
20260106-190235-27761,296,5,110.90512271578487,8.708481364065618
20260106-190235-27761,296,7,85.91980346949681,6.746586532668788
20260106-190235-27761,296,8,85.10636299967685,6.682713638444076
20260106-190235-27761,297,2,116.70987166888457,9.16428130227671
20260106-190235-27761,297,4,99.92663378456432,7.846429513601118
20260106-190235-27761,297,5,109.4507335826808,8.594279960635461
20260106-190235-27761,297,7,83.61391473778589,6.56552375976898
20260106-190235-27761,297,8,81.57884370469135,6.40572610811613
20260106-190235-27761,298,2,116.25020727696996,9.128187579167351
20260106-190235-27761,298,4,99.96770305597305,7.849654350975088
20260106-190235-27761,298,5,109.07912725362951,8.565100724256947
20260106-190235-27761,298,7,82.53230393838774,6.480593620753947
20260106-190235-27761,298,8,83.87925788283927,6.586359008648345
20260106-190235-27761,299,2,116.45042480560309,9.143909040666736
20260106-190235-27761,299,4,100.71497202944997,7.908331333337257
20260106-190235-27761,299,5,109.95446733722335,8.633834093992553
20260106-190235-27761,299,7,81.98473307718174,6.437597314329599
20260106-190235-27761,299,8,87.08693497432594,6.838231920278748
20260106-190235-27761,300,2,114.1650231735286,8.964454953831366
20260106-190235-27761,300,4,105.35500991871531,8.272675941573054
20260106-190235-27761,300,5,113.45893428778989,8.909011510352318
20260106-190235-27761,300,7,81.16906982447902,6.373549882961456
20260106-190235-27761,300,8,89.38532162847608,7.01870561576689
20260106-190235-27761,301,2,114.09355454525921,8.958843101085895
20260106-190235-27761,301,4,109.14680220753284,8.570414690469235
20260106-190235-27761,301,5,116.01790870983265,9.109947053452423
20260106-190235-27761,301,7,80.83488124484506,6.3473087594988
20260106-190235-27761,301,8,90.62004102977679,7.115658133673866
20260106-190235-27761,302,2,115.1523082339528,9.041978456255666
20260106-190235-27761,302,4,110.6461094382872,8.6881431484368
20260106-190235-27761,302,5,116.66927671919036,9.161093709546721
20260106-190235-27761,302,7,81.08488424712861,6.366939471165077
20260106-190235-27761,302,8,91.5826705317025,7.191245634708448
20260106-190235-27761,303,2,116.53115431163764,9.150248075164122
20260106-190235-27761,303,4,107.1691766959722,8.415127770525405
20260106-190235-27761,303,5,113.970145380547,8.949152778540512
20260106-190235-27761,303,7,80.08999923589731,6.28881920613549
20260106-190235-27761,303,8,91.5771030690324,7.190808466940896
20260106-190235-27761,304,2,117.93535637455913,9.260508694303168
20260106-190235-27761,304,4,103.95124610298053,8.162449734437393
20260106-190235-27761,304,5,112.87661233340361,8.863286481936319
20260106-190235-27761,304,7,78.17281129265025,6.138277959109738
20260106-190235-27761,304,8,90.84554034105854,7.1333647688753725
20260106-190235-27761,305,2,118.7850396662791,9.327227443898385
20260106-190235-27761,305,4,101.10990655806832,7.93934234435532
20260106-190235-27761,305,5,113.22503588422076,8.89064536243518
20260106-190235-27761,305,7,78.36087316494546,6.15304493533293
20260106-190235-27761,305,8,90.04727776342409,7.070683671638995
20260106-190235-27761,306,2,118.6655028916839,9.3178411887968
20260106-190235-27761,306,4,99.52035862809296,7.814528014895052
20260106-190235-27761,306,5,113.95826911261832,8.94822023137408
20260106-190235-27761,306,7,79.13126433505637,6.2135375165921785
20260106-190235-27761,306,8,89.57428813866001,7.03354362587925
20260106-190235-27761,307,2,117.89318067911641,9.257196978407764
20260106-190235-27761,307,4,99.23906231342363,7.792440092767632
20260106-190235-27761,307,5,114.63678278514908,9.001498416617517
20260106-190235-27761,307,7,78.98041201697966,6.201692305401495
20260106-190235-27761,307,8,89.24843265804971,7.007956833215527
20260106-190235-27761,308,2,116.68146759678002,9.162050960462652
20260106-190235-27761,308,4,99.71589526920408,7.829881924195274
20260106-190235-27761,308,5,113.56308901490317,8.917189937803048
20260106-190235-27761,308,7,79.31272294851415,6.227785992360929
20260106-190235-27761,308,8,89.04649403828255,6.992100228363881
20260106-190235-27761,309,2,115.38299907204576,9.060092740025421
20260106-190235-27761,309,4,100.27002167327696,7.873392984325219
20260106-190235-27761,309,5,110.76510809389335,8.697487149410955
20260106-190235-27761,309,7,79.99189927016441,6.281116210074706
20260106-190235-27761,309,8,89.00511617746002,6.988851159961683
20260106-190235-27761,310,2,112.22304079047123,8.811966800190904
20260106-190235-27761,310,4,101.92503601252608,8.003347860869086
20260106-190235-27761,310,5,108.63342687501226,8.53010348205478
20260106-190235-27761,310,7,82.52254704787666,6.4798274911369695
20260106-190235-27761,310,8,88.83682261105987,6.97563642875
20260106-190235-27761,311,2,109.11919717568296,8.568247090817096
20260106-190235-27761,311,4,104.02921390383354,8.168571914586506
20260106-190235-27761,311,5,109.56524516106096,8.60327162776385
20260106-190235-27761,311,7,83.8287722508364,6.582394780714737
20260106-190235-27761,311,8,88.8598068791321,6.977441197233837
20260106-190235-27761,312,2,107.22383956670836,8.419420003196498
20260106-190235-27761,312,4,106.0467290095019,8.326991041396896
20260106-190235-27761,312,5,110.14914985795838,8.649120936134867
20260106-190235-27761,312,7,84.5520279853591,6.639186197840577
20260106-190235-27761,312,8,88.88691900130596,6.97957009267987
20260106-190235-27761,313,2,107.1998396478788,8.417535483881714
20260106-190235-27761,313,4,108.43748793255163,8.51471798328674
20260106-190235-27761,313,5,111.495024454687,8.754801571591324
20260106-190235-27761,313,7,84.73333207944842,6.65342254045436
20260106-190235-27761,313,8,88.71321587513256,6.965930592536694
20260106-190235-27761,314,2,107.29506589373769,8.425012829987333
20260106-190235-27761,314,4,111.2435571118409,8.735055877116432
20260106-190235-27761,314,5,110.00937748970547,8.638145743697084
20260106-190235-27761,314,7,84.40746593893225,6.627834910754536
20260106-190235-27761,314,8,88.88574340865185,6.979477782906712
20260106-190235-27761,315,2,107.06278086943789,8.406773367681788
20260106-190235-27761,315,4,113.97624975976285,8.949632106017358
20260106-190235-27761,315,5,108.5442788465497,8.523103409150133
20260106-190235-27761,315,7,83.9271925800482,6.590122932325755
20260106-190235-27761,315,8,88.74833530563994,6.968688237076467
20260106-190235-27761,316,2,106.72537283185346,8.380279446252029
20260106-190235-27761,316,4,116.40161913887695,9.140076726804782
20260106-190235-27761,316,5,107.05328821399215,8.406027986305164
20260106-190235-27761,316,7,84.00635256135696,6.5963387247537915
20260106-190235-27761,316,8,89.44473418716731,7.023370802978125
20260106-190235-27761,317,2,106.52593149096924,8.364618932492304
20260106-190235-27761,317,4,117.8642196501419,9.25492290328001
20260106-190235-27761,317,5,106.51921312490973,8.364091393599658
20260106-190235-27761,317,7,84.0273392718701,6.59798664121537
20260106-190235-27761,317,8,90.00814768739801,7.067611103578087
20260106-190235-27761,318,2,106.61168195366227,8.371352222064832
20260106-190235-27761,318,4,118.47164040604498,9.30261873737132
20260106-190235-27761,318,5,106.70865922264842,8.3789670618398
20260106-190235-27761,318,7,83.19870908565491,6.53292102154287
20260106-190235-27761,318,8,89.68953305443995,7.042592876056312
20260106-190235-27761,319,2,106.33023378859983,8.349252376355471
20260106-190235-27761,319,4,115.29267884924333,9.05300062418972
20260106-190235-27761,319,5,106.92231160772032,8.395743453842494
20260106-190235-27761,319,7,83.23293933918305,6.5356088462135205
20260106-190235-27761,319,8,87.02117441412273,6.833068275904197
20260106-190235-27761,320,2,106.17413521953169,8.336995219549731
20260106-190235-27761,320,4,108.85457715510586,8.547468623048209
20260106-190235-27761,320,5,107.27324406796377,8.423299338685682
20260106-190235-27761,320,7,83.56737398695357,6.561869291414695
20260106-190235-27761,320,8,83.52718923933449,6.5587139085325425
20260106-190235-27761,321,2,105.09842126615882,8.25252811211034
20260106-190235-27761,321,4,103.6470890079972,8.138566740319991
20260106-190235-27761,321,5,108.13945365011696,8.491315764066568
20260106-190235-27761,321,7,83.60047082988143,6.564468118527356
20260106-190235-27761,321,8,83.8058104069677,6.580591773022048
20260106-190235-27761,322,2,104.57522059895064,8.211445399711874
20260106-190235-27761,322,4,98.77864213773778,7.756287024077782
20260106-190235-27761,322,5,108.93163978880081,8.553519727748919
20260106-190235-27761,322,7,83.466851688983,6.553976089215252
20260106-190235-27761,322,8,84.5690960666416,6.64052641607513
20260106-190235-27761,323,2,104.14021805860475,8.17728817213609
20260106-190235-27761,323,4,100.0920694033818,7.859419833327978
20260106-190235-27761,323,5,109.79628339086062,8.62141318939174
20260106-190235-27761,323,7,83.43931447724509,6.551813814927414
20260106-190235-27761,323,8,85.01927210447734,6.675875095559377
20260106-190235-27761,324,2,104.53567269587913,8.208340023075948
20260106-190235-27761,324,4,98.71161045089237,7.751023568419461
20260106-190235-27761,324,5,110.92136905159983,8.709757057281715
20260106-190235-27761,324,7,84.20389661847558,6.61185026018041
20260106-190235-27761,324,8,85.96515418101146,6.750147556870388
20260106-190235-27761,325,2,104.79430425926442,8.228648265785997
20260106-190235-27761,325,4,99.3829894033821,7.803741521863018
20260106-190235-27761,325,5,111.58696665463475,8.762021048160213
20260106-190235-27761,325,7,84.70925887375817,6.651532266515761
20260106-190235-27761,325,8,87.87103126919953,6.899800654024603
20260106-190235-27761,326,2,104.65351620520006,8.217593319764752
20260106-190235-27761,326,4,101.02049581614102,7.932321642689298
20260106-190235-27761,326,5,109.4650424880795,8.595403523127016
20260106-190235-27761,326,7,85.43808327450708,6.708760945914668
20260106-190235-27761,326,8,89.690514200152,7.042669917485414
20260106-190235-27761,327,2,104.07156223593846,8.17189718624127
20260106-190235-27761,327,4,105.49133524570043,8.28338046576841
20260106-190235-27761,327,5,109.03728251375848,8.56181499562307
20260106-190235-27761,327,7,85.83220288578853,6.739707968072094
20260106-190235-27761,327,8,90.55399898114418,7.110472386291974
20260106-190235-27761,328,2,103.51937795805526,8.128538625556937
20260106-190235-27761,328,4,109.81841204392207,8.623150773356109
20260106-190235-27761,328,5,107.40204690578814,8.433413182711686
20260106-190235-27761,328,7,86.0721738898431,6.758550948139667
20260106-190235-27761,328,8,92.33445956337832,7.25027754064516
20260106-190235-27761,329,2,101.90218209469444,8.001553327734285
20260106-190235-27761,329,4,112.77197970204435,8.855070528534416
20260106-190235-27761,329,5,106.27828585729677,8.345173325897054
20260106-190235-27761,329,7,86.62037829943536,6.80159700198938
20260106-190235-27761,329,8,93.51050794316025,7.3426230982513365
20260106-190235-27761,330,2,100.52163449099754,7.893150101764194
20260106-190235-27761,330,4,114.29062447835162,8.974317407391393
20260106-190235-27761,330,5,105.3622286297084,8.273242768502383
20260106-190235-27761,330,7,88.70592568373279,6.965358152829755
20260106-190235-27761,330,8,92.23820600755299,7.242719528205302
20260106-190235-27761,331,2,102.73309114355364,8.06679788803983
20260106-190235-27761,331,4,115.53479493654723,9.072012040277592
20260106-190235-27761,331,5,104.87413288777321,8.234916561665074
20260106-190235-27761,331,7,90.37018669071688,7.096039095326916
20260106-190235-27761,331,8,88.89649254961635,6.980321825918224
20260106-190235-27761,332,2,102.41549403267895,8.041859558289081
20260106-190235-27761,332,4,111.81186006393372,8.779680106784584
20260106-190235-27761,332,5,104.75781193107906,8.225782818706984
20260106-190235-27761,332,7,91.65590965375591,7.1969965099963025
20260106-190235-27761,332,8,86.14222548758843,6.764051532950808
20260106-190235-27761,333,2,101.98048194395635,8.007701580956581
20260106-190235-27761,333,4,109.1739716482653,8.572548086677603
20260106-190235-27761,333,5,104.65332313346978,8.217578159404944
20260106-190235-27761,333,7,92.44353194296797,7.258842111529996
20260106-190235-27761,333,8,84.40958654683173,6.628001424923773
20260106-190235-27761,334,2,101.115392567385,7.9397731162505005
20260106-190235-27761,334,4,105.16716436599873,8.25792595117498
20260106-190235-27761,334,5,104.2893433879298,8.188997776882351
20260106-190235-27761,334,7,93.34290152223568,7.329462323010504
20260106-190235-27761,334,8,83.34113356954037,6.544104463148915
20260106-190235-27761,335,2,101.67473591276426,7.983693820543235
20260106-190235-27761,335,4,101.6543254111513,7.982091149101419
20260106-190235-27761,335,5,104.35796907298108,8.194386396314266
20260106-190235-27761,335,7,92.86804034626752,7.292175319487371
20260106-190235-27761,335,8,83.50768106505701,6.557182089550856
20260106-190235-27761,336,2,102.66216853730866,8.06122890998317
20260106-190235-27761,336,4,100.49722477641775,7.8912334045069805
20260106-190235-27761,336,5,104.73308979027465,8.223841589147852
20260106-190235-27761,336,7,92.95823144380324,7.2992572961613185
20260106-190235-27761,336,8,83.58930375595435,6.563591258624009
20260106-190235-27761,337,2,103.3272710468406,8.11345402517731
20260106-190235-27761,337,4,100.88728708746427,7.9218618397261364
20260106-190235-27761,337,5,104.98379461518131,8.243527409262546
20260106-190235-27761,337,7,91.88708636287889,7.215148945284279
20260106-190235-27761,337,8,82.54964690587427,6.481955423576537
20260106-190235-27761,338,2,103.46522190002032,8.124286188783957
20260106-190235-27761,338,4,101.91601336409465,8.00263938533797
20260106-190235-27761,338,5,104.80369732723968,8.229385827364858
20260106-190235-27761,338,7,90.74776040544288,7.125686902188631
20260106-190235-27761,338,8,84.32873302542642,6.621652652503389
20260106-190235-27761,339,2,102.94890246471941,8.083743803814547
20260106-190235-27761,339,4,102.85910021200962,8.07669235997657
20260106-190235-27761,339,5,104.61293780480297,8.21440702651708
20260106-190235-27761,339,7,88.75183454535856,6.968963004040624
20260106-190235-27761,339,8,84.19799323078666,6.611386714940886
20260106-190235-27761,340,2,100.35914921201771,7.880391448337904
20260106-190235-27761,340,4,104.70236909246363,8.221429341473199
20260106-190235-27761,340,5,104.57900354804207,8.211742444076076
20260106-190235-27761,340,7,86.78925971681288,6.81485789237889
20260106-190235-27761,340,8,83.93386668908579,6.590646996072789
20260106-190235-27761,341,2,98.26684488910968,7.716099729814741
20260106-190235-27761,341,4,106.02153677200623,8.325012898950652
20260106-190235-27761,341,5,104.9156995135563,8.238180452251326
20260106-190235-27761,341,7,85.82484264158609,6.73913002768573
20260106-190235-27761,341,8,86.7587464948189,6.812461936100358
20260106-190235-27761,342,2,97.33561010670371,7.642977401922507
20260106-190235-27761,342,4,109.45852932631271,8.59489209726608
20260106-190235-27761,342,5,105.39595290706812,8.27589086296107
20260106-190235-27761,342,7,83.85895020284164,6.584764410955504
20260106-190235-27761,342,8,88.63077970883661,6.9594575478266405
20260106-190235-27761,343,2,97.51277051576729,7.656888374499799
20260106-190235-27761,343,4,111.53186720361617,8.757694534374233
20260106-190235-27761,343,5,105.53881042577773,8.287108307285868
20260106-190235-27761,343,7,82.60156070813574,6.486031794157635
20260106-190235-27761,343,8,89.80582714091243,7.051724509113442
20260106-190235-27761,344,2,98.57376099132192,7.740199366432036
20260106-190235-27761,344,4,111.5165079811651,8.756488498988253
20260106-190235-27761,344,5,105.25274045487807,8.264645548583704
20260106-190235-27761,344,7,81.34700774179572,6.387521906966913
20260106-190235-27761,344,8,87.55607504023364,6.875069691348742
20260106-190235-27761,345,2,99.13153143342127,7.78399656336492
20260106-190235-27761,345,4,111.29286033574469,8.738927260115167
20260106-190235-27761,345,5,103.65475023653558,8.13916831456939
20260106-190235-27761,345,7,78.91677052098086,6.196695053982306
20260106-190235-27761,345,8,88.4598748701844,6.946037774546684
20260106-190235-27761,346,2,100.46308284524878,7.8885525150761096
20260106-190235-27761,346,4,108.58716103862706,8.526470600506235
20260106-190235-27761,346,5,102.35387763301195,8.03702132128901
20260106-190235-27761,346,7,77.46730296339179,6.082880102030717
20260106-190235-27761,346,8,89.34610172078717,7.015625993952806
20260106-190235-27761,347,2,100.8163072027407,7.916288364054298
20260106-190235-27761,347,4,105.07108287379043,8.250381449497885
20260106-190235-27761,347,5,101.58889905055041,7.9769537467158536
20260106-190235-27761,347,7,78.43128267539736,6.158573624131144
20260106-190235-27761,347,8,89.5226356073746,7.029487770792568
20260106-190235-27761,348,2,100.26226057583023,7.872783568179016
20260106-190235-27761,348,4,101.80443820129939,7.993878291151319
20260106-190235-27761,348,5,100.65884705849976,7.903924293773979
20260106-190235-27761,348,7,77.90738316763999,6.117436037442384
20260106-190235-27761,348,8,87.70798504355008,6.886997953997949
20260106-190235-27761,349,2,98.9464788954025,7.76946588579794
20260106-190235-27761,349,4,98.89286256178966,7.765255829214047
20260106-190235-27761,349,5,100.34117779282506,7.878980298290975
20260106-190235-27761,349,7,77.20588723025779,6.062353241011817
20260106-190235-27761,349,8,86.63946935021143,6.803096067639665
20260106-190235-27761,350,2,97.88385469450733,7.686026610641864
20260106-190235-27761,350,4,97.47748890966145,7.654117995623302
20260106-190235-27761,350,5,100.636919669715,7.902202513463758
20260106-190235-27761,350,7,75.88086445772812,5.958309930486767
20260106-190235-27761,350,8,86.19313751631145,6.768049242366607
20260106-190235-27761,351,2,96.48628309121209,7.576286627814977
20260106-190235-27761,351,4,96.87983505256133,7.607189077019099
20260106-190235-27761,351,5,101.40863562595368,7.962799119451734
20260106-190235-27761,351,7,75.72114939988037,5.9457688000973965
20260106-190235-27761,351,8,85.99814253587647,6.752737865293827
20260106-190235-27761,352,2,94.53823696273156,7.423322337340428
20260106-190235-27761,352,4,96.00659757822163,7.538620808164835
20260106-190235-27761,352,5,102.05026105735747,8.013180769778291
20260106-190235-27761,352,7,76.16943690296537,5.98096918823784
20260106-190235-27761,352,8,85.59175394550098,6.720827459541666
20260106-190235-27761,353,2,93.09296909043752,7.309837152673083
20260106-190235-27761,353,4,92.5021691978605,7.2634464204110225
20260106-190235-27761,353,5,103.08797700605213,8.094664201554115
20260106-190235-27761,353,7,77.19435886626867,6.061448011925017
20260106-190235-27761,353,8,88.31237493164707,6.934455798579308
20260106-190235-27761,354,2,92.33095280869284,7.2500021835915005
20260106-190235-27761,354,4,89.60570663802018,7.036010666259937
20260106-190235-27761,354,5,104.13065202770743,8.176537029179322
20260106-190235-27761,354,7,79.09116680259456,6.210388982010204
20260106-190235-27761,354,8,90.18920140148886,7.081827785877746
20260106-190235-27761,355,2,90.4377016813889,7.1013405009217605
20260106-190235-27761,355,4,88.39150169318279,6.940668982527525
20260106-190235-27761,355,5,105.10056709961812,8.252696607038555
20260106-190235-27761,355,7,84.59842117938686,6.642829079753666
20260106-190235-27761,355,8,91.73703489400042,7.203366618297206
20260106-190235-27761,356,2,86.23154682160694,6.771065214137629
20260106-190235-27761,356,4,88.53120741821259,6.951638942012562
20260106-190235-27761,356,5,107.66576406631634,8.454120756190772
20260106-190235-27761,356,7,87.53913441580046,6.873739481268636
20260106-190235-27761,356,8,89.68014781432247,7.041855929135746
20260106-190235-27761,357,2,83.87463164237133,6.585995747439897
20260106-190235-27761,357,4,89.96196066352411,7.063984410537962
20260106-190235-27761,357,5,108.87155959508513,8.548802116564598
20260106-190235-27761,357,7,88.94451350418609,6.984092522687812
20260106-190235-27761,357,8,83.65863892088468,6.569035587766655
20260106-190235-27761,358,2,83.38524984302568,6.54756855692647
20260106-190235-27761,358,4,90.99334379448429,7.144970577409585
20260106-190235-27761,358,5,109.16138394981633,8.571559676632377
20260106-190235-27761,358,7,89.15703757792119,7.00078031753639
20260106-190235-27761,358,8,76.31344739059179,5.992277165876876
20260106-190235-27761,359,2,84.31610884793425,6.620661378054246
20260106-190235-27761,359,4,91.99091072017329,7.2233014314679105
20260106-190235-27761,359,5,109.92944267385614,8.631869109785882
20260106-190235-27761,359,7,88.56897654247987,6.954604645550546
20260106-190235-27761,359,8,71.91833828165227,5.647164831739516
20260106-190235-27761,360,2,85.43088160579052,6.708195457177335
20260106-190235-27761,360,4,92.39105947377544,7.254721873357945
20260106-190235-27761,360,5,110.57597792084705,8.682636288179081
20260106-190235-27761,360,7,87.52161675296516,6.872363961034695
20260106-190235-27761,360,8,70.12945045578388,5.506697954173351
20260106-190235-27761,361,2,85.36338203269442,6.7028952621999025
20260106-190235-27761,361,4,96.65491045457159,7.589527569399354
20260106-190235-27761,361,5,110.80728270064678,8.700798779820403
20260106-190235-27761,361,7,86.46885433119878,6.789699051549534
20260106-190235-27761,361,8,70.56011934407981,5.540514895140264
20260106-190235-27761,362,2,86.59951047419007,6.799958420625353
20260106-190235-27761,362,4,100.25432094485167,7.8721601332400235
20260106-190235-27761,362,5,111.37911231451893,8.745699929685122
20260106-190235-27761,362,7,85.7789667109099,6.735527762275714
20260106-190235-27761,362,8,73.51771147361859,5.77275065947552
20260106-190235-27761,363,2,87.07429213938626,6.837239180811308
20260106-190235-27761,363,4,103.13112776147238,8.098052481015161
20260106-190235-27761,363,5,111.57056404858425,8.76073308430773
20260106-190235-27761,363,7,87.36229505061254,6.859853717667628
20260106-190235-27761,363,8,78.92295933460842,6.197181011409894
20260106-190235-27761,364,2,86.65101787069985,6.8040028794531615
20260106-190235-27761,364,4,105.32199239779176,8.270083342975175
20260106-190235-27761,364,5,111.08810148808959,8.722849205600935
20260106-190235-27761,364,7,88.79220036194347,6.972132604802672
20260106-190235-27761,364,8,83.03277084220585,6.519891234773099
20260106-190235-27761,365,2,88.41021238858542,6.94213818194981
20260106-190235-27761,365,4,106.27038720781327,8.344553108903071
20260106-190235-27761,365,5,110.7186501883708,8.693839186228105
20260106-190235-27761,365,7,90.44944856994492,7.102262888973555
20260106-190235-27761,365,8,85.86151849893915,6.742009885824373
20260106-190235-27761,366,2,88.08556503767304,6.9166462539298665
20260106-190235-27761,366,4,104.42812687739033,8.199895320674843
20260106-190235-27761,366,5,109.87653122025463,8.627714401722349
20260106-190235-27761,366,7,90.21054974309823,7.0835040983014315
20260106-190235-27761,366,8,86.69076504375592,6.807123903147622
20260106-190235-27761,367,2,88.43051802343713,6.9437326190538995
20260106-190235-27761,367,4,102.20204804836533,8.025099373266851
20260106-190235-27761,367,5,109.8458246368426,8.625303262337173
20260106-190235-27761,367,7,91.35014624013444,7.17298738468151
20260106-190235-27761,367,8,87.47041765305684,6.868343710242934
20260106-190235-27761,368,2,88.81634049159773,6.974028133738328
20260106-190235-27761,368,4,99.53014246190136,7.815296260151026
20260106-190235-27761,368,5,109.19472961213991,8.574178041517664
20260106-190235-27761,368,7,91.6687575050352,7.1980053477370145
20260106-190235-27761,368,8,87.9489133175134,6.905916100721098
20260106-190235-27761,369,2,89.88085507719221,7.05761584549969
20260106-190235-27761,369,4,98.67529830472185,7.748172269575263
20260106-190235-27761,369,5,108.35648552615122,8.508357520133112
20260106-190235-27761,369,7,91.1778926757136,7.159461706886653
20260106-190235-27761,369,8,88.70747246933041,6.965479609379473
20260106-190235-27761,370,2,89.48239225793814,7.026327786384156
20260106-190235-27761,370,4,97.40548023397872,7.648463737326857
20260106-190235-27761,370,5,108.04753830189672,8.484098395946441
20260106-190235-27761,370,7,91.33135516618549,7.171511873782753
20260106-190235-27761,370,8,88.2046507556317,6.92599709120568
20260106-190235-27761,371,2,89.77942799391748,7.049651597835738
20260106-190235-27761,371,4,96.76041619537901,7.597812081017252
20260106-190235-27761,371,5,108.34584127737666,8.507521713456036
20260106-190235-27761,371,7,91.52597093823043,7.1867934746908535
20260106-190235-27761,371,8,87.19265541087304,6.846533290214839
20260106-190235-27761,372,2,90.26760956868286,7.087984544430273
20260106-190235-27761,372,4,97.08704196217415,7.62345935801859
20260106-190235-27761,372,5,106.67077706156694,8.37599248243598
20260106-190235-27761,372,7,91.38099985870888,7.175410069547547
20260106-190235-27761,372,8,89.55855767939067,7.032308440271581
20260106-190235-27761,373,2,91.2559580941973,7.165591552157962
20260106-190235-27761,373,4,97.17439000170111,7.630318092365402
20260106-190235-27761,373,5,108.17925009557244,8.49444065672363
20260106-190235-27761,373,7,90.91051901863229,7.1384670183373995
20260106-190235-27761,373,8,92.6817155810773,7.277544744220968
20260106-190235-27761,374,2,92.09884898031672,7.231776949134823
20260106-190235-27761,374,4,96.95457260015093,7.613057611532584
20260106-190235-27761,374,5,109.96494588929576,8.63465688984914
20260106-190235-27761,374,7,94.14765160793878,7.392652831730605
20260106-190235-27761,374,8,95.12834907048345,7.469659063428694
20260106-190235-27761,375,2,91.84431819952786,7.211790707680844
20260106-190235-27761,375,4,96.44227438664329,7.572830980553523
20260106-190235-27761,375,5,110.54519927157367,8.68021949004528
20260106-190235-27761,375,7,96.64154898511175,7.588478401381337
20260106-190235-27761,375,8,97.5241487568466,7.657781815649933
20260106-190235-27761,376,2,92.0093493653523,7.22474926898874
20260106-190235-27761,376,4,94.62512338027035,7.430144824249947
20260106-190235-27761,376,5,109.36702444818687,8.587706960039172
20260106-190235-27761,376,7,98.10489342606047,7.703382992631541
20260106-190235-27761,376,8,98.80950238079805,7.758710229111057
20260106-190235-27761,377,2,94.02801106376941,7.383258428444513
20260106-190235-27761,377,4,94.95159459142114,7.455779965247865
20260106-190235-27761,377,5,107.3824542669783,8.431874731414124
20260106-190235-27761,377,7,98.72435435619984,7.752024244124586
20260106-190235-27761,377,8,99.68065092522264,7.827114471211721
20260106-190235-27761,378,2,95.3205311924028,7.48474956949603
20260106-190235-27761,378,4,95.78889446304254,7.521526345122811
20260106-190235-27761,378,5,106.64333957084531,8.373838038432178
20260106-190235-27761,378,7,99.04546868176203,7.777238752268264
20260106-190235-27761,378,8,100.24021236597743,7.871052300768527
20260106-190235-27761,379,2,95.58137323874865,7.505231383536207
20260106-190235-27761,379,4,96.05402291689084,7.542344736040049
20260106-190235-27761,379,5,107.74567377859874,8.46039541892211
20260106-190235-27761,379,7,98.7279558094333,7.752307037088509
20260106-190235-27761,379,8,100.9546369629497,7.927150280162203
20260106-190235-27761,380,2,94.939235498639,7.454809505754791
20260106-190235-27761,380,4,97.09540687219881,7.62411618667788
20260106-190235-27761,380,5,108.73867869199658,8.538368055090698
20260106-190235-27761,380,7,97.48569036002556,7.654761989118871
20260106-190235-27761,380,8,101.79299682562771,7.992979892552802
20260106-190235-27761,381,2,93.54804180211302,7.345570328308954
20260106-190235-27761,381,4,97.51046204255765,7.656707108788772
20260106-190235-27761,381,5,108.18205476206329,8.494660884475692
20260106-190235-27761,381,7,94.33985315745612,7.40774486328992
20260106-190235-27761,381,8,102.72648910477399,8.066279483386648
20260106-190235-27761,382,2,92.92421315782666,7.296586115586335
20260106-190235-27761,382,4,97.5140717269023,7.656990548075216
20260106-190235-27761,382,5,106.18496059949727,8.337845248992743
20260106-190235-27761,382,7,90.10012093257731,7.074833017877656
20260106-190235-27761,382,8,102.8199767706509,8.073620312882374
20260106-190235-27761,383,2,92.00545203350109,7.22444324307249
20260106-190235-27761,383,4,98.14249961285408,7.70633590200891
20260106-190235-27761,383,5,104.81541053465763,8.230305570709573
20260106-190235-27761,383,7,86.80079504006244,6.815763667920067
20260106-190235-27761,383,8,102.41058030250204,8.041473722841397
20260106-190235-27761,384,2,89.15664329166289,7.000749357428791
20260106-190235-27761,384,4,98.48593735267212,7.7333032871367084
20260106-190235-27761,384,5,102.15362348139726,8.021296984083394
20260106-190235-27761,384,7,84.59106468648645,6.642251433926679
20260106-190235-27761,384,8,101.0041340210264,7.9310368833891935
20260106-190235-27761,385,2,87.5101874072949,6.871466507054792
20260106-190235-27761,385,4,98.63744015518331,7.745199575603505
20260106-190235-27761,385,5,104.16214453455447,8.179009880768767
20260106-190235-27761,385,7,82.81549579279914,6.502830384270425
20260106-190235-27761,385,8,96.41639436152859,7.5707988317141
20260106-190235-27761,386,2,88.79921804936902,6.972683646978792
20260106-190235-27761,386,4,98.72420969559006,7.752012885098118
20260106-190235-27761,386,5,105.90453435936011,8.315825646773936
20260106-190235-27761,386,7,81.40121984527232,6.391778744534665
20260106-190235-27761,386,8,92.53694622985037,7.266177179167383
20260106-190235-27761,387,2,91.06677851388201,7.15073681137327
20260106-190235-27761,387,4,98.35051445252077,7.7226696232142755
20260106-190235-27761,387,5,108.06563474111809,8.485519362804023
20260106-190235-27761,387,7,80.83149472492302,6.347042843507653
20260106-190235-27761,387,8,89.57218380707558,7.033378389757255
20260106-190235-27761,388,2,93.60185652563123,7.349795962845888
20260106-190235-27761,388,4,96.56968808127878,7.582835746411845
20260106-190235-27761,388,5,109.96582604598409,8.634726001427849
20260106-190235-27761,388,7,80.94818542136382,6.356205619134517
20260106-190235-27761,388,8,89.91298948979217,7.060139100750839
20260106-190235-27761,389,2,95.58546453512577,7.505552639916277
20260106-190235-27761,389,4,95.12068556498916,7.469057310388382
20260106-190235-27761,389,5,110.96681893485543,8.713325868637208
20260106-190235-27761,389,7,81.6266529652441,6.4094801822685055
20260106-190235-27761,389,8,91.07598177739756,7.151459469144626
20260106-190235-27761,390,2,97.1744207404025,7.630320506026751
20260106-190235-27761,390,4,96.84481061931673,7.604438891845243
20260106-190235-27761,390,5,111.63269537683729,8.76561175448064
20260106-190235-27761,390,7,81.20633379485788,6.376475920854466
20260106-190235-27761,390,8,96.54740331531322,7.581085904165054
20260106-190235-27761,391,2,98.22549682772211,7.712853001320904
20260106-190235-27761,391,4,98.22900064592346,7.7131281277962405
20260106-190235-27761,391,5,111.12197735527162,8.72550920318105
20260106-190235-27761,391,7,81.14426949203335,6.371602513645799
20260106-190235-27761,391,8,102.82347055029142,8.073894651110804
20260106-190235-27761,392,2,98.51504330199128,7.735588741685809
20260106-190235-27761,392,4,99.35977945197921,7.801919032294426
20260106-190235-27761,392,5,109.25200823424848,8.578675667966085
20260106-190235-27761,392,7,81.24178029073829,6.379259247189959
20260106-190235-27761,392,8,108.33876175413499,8.506965815813919
20260106-190235-27761,393,2,97.82179793462082,7.68115379571905
20260106-190235-27761,393,4,100.27566693586868,7.873836261090723
20260106-190235-27761,393,5,103.89307614112649,8.157882118295328
20260106-190235-27761,393,7,82.47061738537008,6.475749875179232
20260106-190235-27761,393,8,110.10960503684683,8.646015801500305
20260106-190235-27761,394,2,96.68156149385237,7.591620259738865
20260106-190235-27761,394,4,101.70891587211071,7.9863776960189945
20260106-190235-27761,394,5,96.81801659503813,7.602334974051504
20260106-190235-27761,394,7,84.18762409311205,6.610572510511103
20260106-190235-27761,394,8,111.5668051716932,8.760437930138528
20260106-190235-27761,395,2,96.28728494355774,7.560660914431363
20260106-190235-27761,395,4,102.74148490710859,8.067456982333246
20260106-190235-27761,395,5,89.89478218792256,7.058709428747069
20260106-190235-27761,395,7,86.41353172469952,6.785355015170394
20260106-190235-27761,395,8,115.6464900988223,9.08078255705184
20260106-190235-27761,396,2,96.13371376708773,7.548602213303788
20260106-190235-27761,396,4,103.29748041853276,8.111114808330605
20260106-190235-27761,396,5,84.7559326068437,6.655197176889724
20260106-190235-27761,396,7,88.65315075229417,6.961214164746348
20260106-190235-27761,396,8,118.98584890599007,9.342995367678034
20260106-190235-27761,397,2,95.89911835467468,7.53018133492534
20260106-190235-27761,397,4,102.35967881943415,8.037476841490514
20260106-190235-27761,397,5,83.7660521607118,6.577469879838857
20260106-190235-27761,397,7,89.74792238912404,7.047177717770609
20260106-190235-27761,397,8,120.75317764211117,9.481769384475525
20260106-190235-27761,398,2,95.52552515503042,7.50084608568549
20260106-190235-27761,398,4,102.37162787146002,8.038415103802818
20260106-190235-27761,398,5,84.33209545256896,6.621916676683624
20260106-190235-27761,398,7,90.65728629647046,7.11858270291791
20260106-190235-27761,398,8,120.18458925117929,9.437122741606345
20260106-190235-27761,399,2,94.79831484617029,7.443744147854411
20260106-190235-27761,399,4,103.91142750186538,8.159323102075756
20260106-190235-27761,399,5,86.35154147683073,6.78048742289783
20260106-190235-27761,399,7,90.92578275459724,7.139665555942713
20260106-190235-27761,399,8,118.39098248643596,9.296285323976345
20260106-190235-27761,400,2,94.35607957675718,7.409018992623431
20260106-190235-27761,400,4,103.7496060023071,8.146616569873274
20260106-190235-27761,400,5,89.74448759120959,7.046908010899593
20260106-190235-27761,400,7,91.49944242707782,7.184710405493221
20260106-190235-27761,400,8,115.99969010223646,9.10851649370148
20260106-190235-27761,401,2,94.0280861097943,7.383264321201252
20260106-190235-27761,401,4,102.59858319878289,8.056236068155668
20260106-190235-27761,401,5,92.95981676452703,7.299381778562502
20260106-190235-27761,401,7,91.45063787160538,7.1808781788890235
20260106-190235-27761,401,8,112.42242981355456,8.827623205857307
20260106-190235-27761,402,2,93.54001940630816,7.344940394518241
20260106-190235-27761,402,4,98.99039753716207,7.772914461156161
20260106-190235-27761,402,5,96.33599773597554,7.5644859356258225
20260106-190235-27761,402,7,91.28107634024211,7.16756388465463
20260106-190235-27761,402,8,108.13444007345791,8.490922088483028
20260106-190235-27761,403,2,93.29884925279212,7.32600325495215
20260106-190235-27761,403,4,98.41337272395947,7.727605374349993
20260106-190235-27761,403,5,94.7927996973261,7.44331108786806
20260106-190235-27761,403,7,91.67617719811508,7.198587956162405
20260106-190235-27761,403,8,105.26527118509524,8.265629485374921
20260106-190235-27761,404,2,93.19430350057473,7.317794123465857
20260106-190235-27761,404,4,97.76619919400049,7.676788076763051
20260106-190235-27761,404,5,88.24570780817764,6.929220969131284
20260106-190235-27761,404,7,92.93392210459223,7.297348480569144
20260106-190235-27761,404,8,105.07983472990236,8.251068661900572
20260106-190235-27761,405,2,93.11187286207493,7.31132151280888
20260106-190235-27761,405,4,98.7196895468805,7.751657954416504
20260106-190235-27761,405,5,84.75609224933844,6.6552097123223195
20260106-190235-27761,405,7,94.0834434871572,7.387611087854797
20260106-190235-27761,405,8,104.99460548225824,8.244376299125912
20260106-190235-27761,406,2,93.2523052590495,7.322348531958376
20260106-190235-27761,406,4,99.15550327354457,7.785878877886234
20260106-190235-27761,406,5,84.17470473282746,6.609558057747164
20260106-190235-27761,406,7,95.03915099866869,7.462655061024765
20260106-190235-27761,406,8,105.06396690109766,8.24982268977548
20260106-190235-27761,407,2,93.33168826542125,7.328581836738926
20260106-190235-27761,407,4,99.26273904045138,7.794299234446882
20260106-190235-27761,407,5,86.70688652476872,6.808389792526969
20260106-190235-27761,407,7,95.4584125814268,7.495576278644932
20260106-190235-27761,407,8,107.91639924621393,8.473801107646771
20260106-190235-27761,408,2,93.16089346223183,7.315170703652982
20260106-190235-27761,408,4,99.28570725990993,7.796102742763023
20260106-190235-27761,408,5,91.2047958562253,7.161574195835614
20260106-190235-27761,408,7,95.15519195882692,7.471766818121828
20260106-190235-27761,408,8,112.4236126120638,8.827716081447928
20260106-190235-27761,409,2,92.89198127758551,7.2940552069904525
20260106-190235-27761,409,4,99.03450887229933,7.776378167165228
20260106-190235-27761,409,5,96.67099885206083,7.59079086099745
20260106-190235-27761,409,7,97.28665619101935,7.639133447270134
20260106-190235-27761,409,8,116.26348194348625,9.129229931252993
20260106-190235-27761,410,2,93.03210308726061,7.305057838233933
20260106-190235-27761,410,4,98.48226640508125,7.733015037343544
20260106-190235-27761,410,5,102.84057365376012,8.075237619354088
20260106-190235-27761,410,7,100.32801882729267,7.877947031266846
20260106-190235-27761,410,8,118.20509003384653,9.281688694718344
20260106-190235-27761,411,2,93.30539263823712,7.326517054033837
20260106-190235-27761,411,4,99.87706049950764,7.842536924886546
20260106-190235-27761,411,5,108.27762249871441,8.502165045088407
20260106-190235-27761,411,7,102.80519045462353,8.072459263199416
20260106-190235-27761,411,8,118.90350447917531,9.336529526526686
20260106-190235-27761,412,2,93.89558338808301,7.372859955249033
20260106-190235-27761,412,4,100.60689604762985,7.899845001502111
20260106-190235-27761,412,5,108.71908779207126,8.53682974033366
20260106-190235-27761,412,7,103.96016646825258,8.16315017850012
20260106-190235-27761,412,8,119.6055844304662,9.39165818084114
20260106-190235-27761,413,2,94.4917982145695,7.419675878429993
20260106-190235-27761,413,4,101.25659992585611,7.950860986851986
20260106-190235-27761,413,5,108.27792173908287,8.5021885420118
20260106-190235-27761,413,7,105.97470084433262,8.321335252748865
20260106-190235-27761,413,8,120.86075040009592,9.490216202217137
20260106-190235-27761,414,2,95.2149783757153,7.476461361390411
20260106-190235-27761,414,4,101.51886969224998,7.971454908188262
20260106-190235-27761,414,5,108.1662709610571,8.4934215103733
20260106-190235-27761,414,7,107.31498673638899,8.426577052475324
20260106-190235-27761,414,8,121.34065321229522,9.527899084614829
20260106-190235-27761,415,2,95.91108401556086,7.531120901396972
20260106-190235-27761,415,4,101.34325920395844,7.957665638340552
20260106-190235-27761,415,5,107.72032803852359,8.458405223161103
20260106-190235-27761,415,7,108.45883933517035,8.516394536066707
20260106-190235-27761,415,8,122.39110725616911,9.610382735873447
20260106-190235-27761,416,2,96.86598661945351,7.6061016716884176
20260106-190235-27761,416,4,98.99787036766939,7.773501242033512
20260106-190235-27761,416,5,106.32950399173023,8.349195071315966
20260106-190235-27761,416,7,109.13170991657664,8.569229615052384
20260106-190235-27761,416,8,123.2882747202242,9.680830033075326
20260106-190235-27761,417,2,97.7054759662316,7.672019973320738
20260106-190235-27761,417,4,93.04313966145098,7.305924451049522
20260106-190235-27761,417,5,104.7024230198681,8.22143357595566
20260106-190235-27761,417,7,109.16847666019322,8.572116609753458
20260106-190235-27761,417,8,122.95925982562328,9.65499515721053
20260106-190235-27761,418,2,98.31662937386666,7.720008902331838
20260106-190235-27761,418,4,87.9183912355779,6.903519448743092
20260106-190235-27761,418,5,102.9761452258033,8.08588295727649
20260106-190235-27761,418,7,108.76701984398457,8.540593456297422
20260106-190235-27761,418,8,121.9185233996175,9.5732745518062
20260106-190235-27761,419,2,98.55913869262855,7.739051195702382
20260106-190235-27761,419,4,85.02994168206818,6.6767128911033256
20260106-190235-27761,419,5,100.69840996312844,7.9070308483607326
20260106-190235-27761,419,7,107.47545325547217,8.439177189031446
20260106-190235-27761,419,8,120.6261015912771,9.471791131051258
20260106-190235-27761,420,2,97.93593074080317,7.690115720933403
20260106-190235-27761,420,4,84.38524223760228,6.62608986341918
20260106-190235-27761,420,5,99.59147549382098,7.820112246576129
20260106-190235-27761,420,7,105.27661064331302,8.266519881220939
20260106-190235-27761,420,8,117.94786471045944,9.261490872649992
20260106-190235-27761,421,2,97.48614918574204,7.654798016987589
20260106-190235-27761,421,4,84.69523315774588,6.65043094059393
20260106-190235-27761,421,5,99.24783058031903,7.793128593776277
20260106-190235-27761,421,7,103.32801181902792,8.113512192019655
20260106-190235-27761,421,8,115.89665540926167,9.100426013463496
20260106-190235-27761,422,2,97.0007336135629,7.616682262181723
20260106-190235-27761,422,4,85.89306233326829,6.744486767745423
20260106-190235-27761,422,5,100.05840648852839,7.856776557170101
20260106-190235-27761,422,7,101.9087599820456,8.002069835971323
20260106-190235-27761,422,8,116.36140031811037,9.136918668434223
20260106-190235-27761,423,2,96.41524422118513,7.5707085205048275
20260106-190235-27761,423,4,87.75195640629148,6.890450669108029
20260106-190235-27761,423,5,101.11517652942022,7.939756152538238
20260106-190235-27761,423,7,97.43327906037757,7.650646554095904
20260106-190235-27761,423,8,116.57421073442072,9.153628947446917
20260106-190235-27761,424,2,95.70110274588474,7.514632772363803
20260106-190235-27761,424,4,90.60003515122987,7.114087234005471
20260106-190235-27761,424,5,104.48933287666664,8.204701332254963
20260106-190235-27761,424,7,99.44428083029557,7.808554241383836
20260106-190235-27761,424,8,116.77561332575138,9.1694434623253
20260106-190235-27761,425,2,95.06558692021085,7.464730859909923
20260106-190235-27761,425,4,92.7997954852521,7.28681660308372
20260106-190235-27761,425,5,107.861359426984,8.469479276262357
20260106-190235-27761,425,7,97.58109250184636,7.6622531469102695
20260106-190235-27761,425,8,112.66365401681213,8.846564589511996
20260106-190235-27761,426,2,94.67105177338607,7.4337512091105875
20260106-190235-27761,426,4,92.71826951338514,7.280415028572953
20260106-190235-27761,426,5,110.02054056736158,8.639022289805625
20260106-190235-27761,426,7,96.50516943849634,7.577769619757394
20260106-190235-27761,426,8,110.52013137904882,8.678251111402858
20260106-190235-27761,427,2,94.1876105921103,7.395790487237074
20260106-190235-27761,427,4,90.9060985635109,7.138119915786113
20260106-190235-27761,427,5,111.86473352051887,8.783831831250058
20260106-190235-27761,427,7,100.80781222852269,7.9156213225069445
20260106-190235-27761,427,8,107.3088623988417,8.4260961578323
20260106-190235-27761,428,2,94.20266707132295,7.396972750647644
20260106-190235-27761,428,4,89.96186680497813,7.063977040586255
20260106-190235-27761,428,5,113.1603259273199,8.885564213431948
20260106-190235-27761,428,7,99.86132165564077,7.841301080904318
20260106-190235-27761,428,8,106.28453096920443,8.34566370397277
20260106-190235-27761,429,2,94.23978467922943,7.399887295880696
20260106-190235-27761,429,4,91.37752516929521,7.175137230320072
20260106-190235-27761,429,5,114.37083346030072,8.980615569346675
20260106-190235-27761,429,7,98.56956953002542,7.739870244911813
20260106-190235-27761,429,8,106.88672452574798,8.39294908841943
20260106-190235-27761,430,2,93.00667445678283,7.303061133760715
20260106-190235-27761,430,4,91.03156769671017,7.147971990978632
20260106-190235-27761,430,5,115.27442657543811,9.051567420903952
20260106-190235-27761,430,7,101.20447562750786,7.946768087717436
20260106-190235-27761,430,8,107.10692345406963,8.41023952746065
20260106-190235-27761,431,2,90.68773602974231,7.120973673941117
20260106-190235-27761,431,4,93.28682576190819,7.325059147559005
20260106-190235-27761,431,5,115.65594913181187,9.0815252983292
20260106-190235-27761,431,7,101.29764144060204,7.954083644719954
20260106-190235-27761,431,8,108.05925344238173,8.485018291079262
20260106-190235-27761,432,2,89.83849667641441,7.054289783233564
20260106-190235-27761,432,4,93.4171416255547,7.3352917972528875
20260106-190235-27761,432,5,115.0186939538007,9.031486808618618
20260106-190235-27761,432,7,102.92235958828304,8.081659606627488
20260106-190235-27761,432,8,109.03424940317187,8.561576830005722
20260106-190235-27761,433,2,91.19975020668993,7.161178001828769
20260106-190235-27761,433,4,94.14316376101256,7.3923004374465116
20260106-190235-27761,433,5,114.79135868640215,9.013636010647739
20260106-190235-27761,433,7,103.72176855339357,8.144430720390849
20260106-190235-27761,433,8,108.18389378342572,8.494805287933987
20260106-190235-27761,434,2,94.61529841619098,7.429373349366798
20260106-190235-27761,434,4,94.89731591421904,7.4515179001844505
20260106-190235-27761,434,5,115.41944996785254,9.062954933755195
20260106-190235-27761,434,7,98.52620296060401,7.736465019324555
20260106-190235-27761,434,8,107.2196631660364,8.419092064265184
20260106-190235-27761,435,2,97.67955600524564,7.669984688640679
20260106-190235-27761,435,4,97.53740212707612,7.658822495510598
20260106-190235-27761,435,5,116.58080107848782,9.154146433809006
20260106-190235-27761,435,7,94.81040053981769,7.44469313952696
20260106-190235-27761,435,8,106.04772766779011,8.327069457946818
20260106-190235-27761,436,2,100.34198095678585,7.879043364254147
20260106-190235-27761,436,4,99.63110814308223,7.823224277644203
20260106-190235-27761,436,5,111.78898554798668,8.77788395624655
20260106-190235-27761,436,7,91.54525014414557,7.188307314640846
20260106-190235-27761,436,8,104.86110893013822,8.23389389571806
20260106-190235-27761,437,2,102.00073233455974,8.009291680177125
20260106-190235-27761,437,4,99.11659744857278,7.782823918445013
20260106-190235-27761,437,5,108.27069656913585,8.50162120791311
20260106-190235-27761,437,7,89.33528794489413,7.014776875683661
20260106-190235-27761,437,8,103.34518354659821,8.114860548758035
20260106-190235-27761,438,2,102.92577606267669,8.081927874700767
20260106-190235-27761,438,4,99.48453209992375,7.811714847700781
20260106-190235-27761,438,5,105.41752555795554,8.277584788576283
20260106-190235-27761,438,7,87.9930804355731,6.909384186911428
20260106-190235-27761,438,8,101.81430452700687,7.994653013828247
20260106-190235-27761,439,2,103.5630096285827,8.13196466738771
20260106-190235-27761,439,4,98.22317124683545,7.71267039228251
20260106-190235-27761,439,5,102.67721643690426,8.062410499705877
20260106-190235-27761,439,7,88.3271603337541,6.935616776499501
20260106-190235-27761,439,8,101.30039786723076,7.954300084586209
20260106-190235-27761,440,2,103.35073462850005,8.11529643027648
20260106-190235-27761,440,4,97.23081818042891,7.634748940380589
20260106-190235-27761,440,5,100.3485409030555,7.879558463723312
20260106-190235-27761,440,7,89.18260073108259,7.002787584986815
20260106-190235-27761,440,8,101.3119622375184,7.955208140956114
20260106-190235-27761,441,2,103.53109838029825,8.129458935423449
20260106-190235-27761,441,4,96.71103338262198,7.593934448550248
20260106-190235-27761,441,5,98.62151338376917,7.7439489751925095
20260106-190235-27761,441,7,89.6175734640676,7.03694247203188
20260106-190235-27761,441,8,101.90445744274727,8.001731992394939
20260106-190235-27761,442,2,103.73284506452396,8.145300469130994
20260106-190235-27761,442,4,96.5537297766311,7.581582669951324
20260106-190235-27761,442,5,97.53385141381678,7.658543686746034
20260106-190235-27761,442,7,94.54555534216111,7.423896990425126
20260106-190235-27761,442,8,102.43561018297497,8.04343911670514
20260106-190235-27761,443,2,103.25426833854848,8.10772171354805
20260106-190235-27761,443,4,96.22209597103267,7.555542152209424
20260106-190235-27761,443,5,96.73939311709377,7.596161308888975
20260106-190235-27761,443,7,98.41686720244115,7.7278797674527615
20260106-190235-27761,443,8,102.58718524517128,8.055341079139971
20260106-190235-27761,444,2,102.69720144665403,8.063979760716594
20260106-190235-27761,444,4,96.1321413564163,7.548478744624492
20260106-190235-27761,444,5,97.11293615950305,7.625492619687251
20260106-190235-27761,444,7,102.15471366813962,8.021382587621778
20260106-190235-27761,444,8,102.16204309289193,8.021958108006245
20260106-190235-27761,445,2,102.57731472358438,8.054566026994603
20260106-190235-27761,445,4,96.21542225356164,7.555018119208942
20260106-190235-27761,445,5,93.29835545815499,7.325964481257213
20260106-190235-27761,445,7,105.01899459877633,8.24629137898411
20260106-190235-27761,445,8,102.09184777627286,8.016446238115542
20260106-190235-27761,446,2,102.35329530309416,8.036975595635294
20260106-190235-27761,446,4,96.08654167445977,7.544898170789833
20260106-190235-27761,446,5,101.86198629566145,7.998397077074073
20260106-190235-27761,446,7,106.94008223524789,8.397138837345636
20260106-190235-27761,446,8,102.76894410568175,8.069613130878876
20260106-190235-27761,447,2,101.83433205799756,7.996225613687746
20260106-190235-27761,447,4,96.03880839375687,7.541150062719909
20260106-190235-27761,447,5,107.06358067135,8.406836169650498
20260106-190235-27761,447,7,108.35797502995698,8.508474478807486
20260106-190235-27761,447,8,103.80740391955463,8.15115497236458
