run_id,frame,track_id,length_px,length_cm
20260109-200016-99c64,7,2,85.33101465339303,5.807833618291976
20260109-200016-99c64,7,4,80.31065196058155,5.466135686516944
20260109-200016-99c64,7,5,103.60437391453814,7.051562298503862
20260109-200016-99c64,7,3,91.39055320375515,6.220260352546565
20260109-200016-99c64,7,1,87.52178917189455,5.956942989021164
20260109-200016-99c64,8,2,85.39429182476871,5.81214041441621
20260109-200016-99c64,8,4,81.35466142453599,5.537193475847104
20260109-200016-99c64,8,5,102.99207222274116,7.009887576076146
20260109-200016-99c64,8,3,91.81577302446685,6.249201833905071
20260109-200016-99c64,8,1,87.5378468772546,5.958035914980167
20260109-200016-99c64,9,2,84.50802518384054,5.7518189801421515
20260109-200016-99c64,9,4,81.84452634967612,5.5705348581359155
20260109-200016-99c64,9,5,102.44830888047223,6.972877738182477
20260109-200016-99c64,9,3,91.94960239641397,6.258310582097817
20260109-200016-99c64,9,1,88.07520310767131,5.994609669466617
20260109-200016-99c64,10,2,86.14167877970543,5.863009364004889
20260109-200016-99c64,10,4,83.32019928084243,5.670972698867607
20260109-200016-99c64,10,5,102.34391136976724,6.965772193090799
20260109-200016-99c64,10,3,92.03293603008427,6.263982469173469
20260109-200016-99c64,10,1,88.48557999873597,6.022540905416132
20260109-200016-99c64,11,2,87.41151739090722,5.949437626998123
20260109-200016-99c64,11,4,83.64157882272414,5.692846561672984
20260109-200016-99c64,11,5,101.91480930265988,6.9365664767267345
20260109-200016-99c64,11,3,92.01439580106113,6.262720576696872
20260109-200016-99c64,11,1,88.61906818527956,6.0316264317116035
20260109-200016-99c64,12,2,88.29959239237361,6.009882142629769
20260109-200016-99c64,12,4,84.52849502954841,5.753212206960634
20260109-200016-99c64,12,5,100.86486435778397,6.865104704322233
20260109-200016-99c64,12,3,91.38297034473614,6.219744244965843
20260109-200016-99c64,12,1,87.85331632606467,5.979507522669181
20260109-200016-99c64,13,2,87.29388338922939,5.941431174568443
20260109-200016-99c64,13,4,86.76917080130643,5.905717976729903
20260109-200016-99c64,13,5,100.30183636281197,6.826783667937979
20260109-200016-99c64,13,3,91.03830240520095,6.196285317933146
20260109-200016-99c64,13,1,87.14959234958658,5.931610380168427
20260109-200016-99c64,14,2,86.59919470030108,5.894148995419474
20260109-200016-99c64,14,4,87.35489172136953,5.945583548049981
20260109-200016-99c64,14,5,101.28376299681617,6.893615950887273
20260109-200016-99c64,14,3,90.94116154891772,6.189673678154537
20260109-200016-99c64,14,1,86.86028853478119,5.911919668317035
20260109-200016-99c64,15,2,85.35560414362321,5.809507238002179
20260109-200016-99c64,15,4,88.50727131445,6.0240172684142825
20260109-200016-99c64,15,5,102.11985965458634,6.9505226957193065
20260109-200016-99c64,15,3,90.93564612074698,6.1892982848783715
20260109-200016-99c64,15,1,86.5222994465001,5.8889153199273165
20260109-200016-99c64,16,2,84.63475340180047,5.760444406754544
20260109-200016-99c64,16,4,91.08405910877487,6.199399628976537
20260109-200016-99c64,16,5,102.31570901070107,6.96385267285815
20260109-200016-99c64,16,3,90.5936371951994,6.1660203367182636
20260109-200016-99c64,16,1,86.58337976093317,5.89307259269644
20260109-200016-99c64,17,2,84.45492523995354,5.748204870542154
20260109-200016-99c64,17,4,92.43623026928734,6.2914316428416965
20260109-200016-99c64,17,5,101.92456431772986,6.93723042646061
20260109-200016-99c64,17,3,90.5077434610244,6.160174203059024
20260109-200016-99c64,17,1,86.93414614255661,5.916946594331534
20260109-200016-99c64,18,2,85.0126854330058,5.78616736768709
20260109-200016-99c64,18,4,92.96771461992027,6.327605743099853
20260109-200016-99c64,18,5,101.23197677104211,6.890091256094451
20260109-200016-99c64,18,3,90.29945539511058,6.1459976174832285
20260109-200016-99c64,18,1,87.50961221909694,5.9561141963938455
20260109-200016-99c64,19,2,86.07233756653696,5.858289834644916
20260109-200016-99c64,19,4,92.79667885076684,6.315964638232477
20260109-200016-99c64,19,5,100.74835455901996,6.8571747678405135
20260109-200016-99c64,19,3,89.8556231971393,6.115789333066028
20260109-200016-99c64,19,1,88.05938232594407,5.993532869098587
20260109-200016-99c64,20,2,86.84393805076746,5.910806815140308
20260109-200016-99c64,20,4,91.91401863114523,6.25588866564654
20260109-200016-99c64,20,5,100.24773531676324,6.823101420922603
20260109-200016-99c64,20,3,89.62367689914963,6.100002511444668
20260109-200016-99c64,20,1,88.56002906398922,6.027608087445838
20260109-200016-99c64,21,2,87.40336295011983,5.948882616190672
20260109-200016-99c64,21,4,90.73399508595138,6.175573431566755
20260109-200016-99c64,21,5,99.91810816745654,6.800666206164857
20260109-200016-99c64,21,3,89.4900420858448,6.09090700537998
20260109-200016-99c64,21,1,88.23688454093578,6.00561409578665
20260109-200016-99c64,22,2,87.20821522518712,5.935600393753718
20260109-200016-99c64,22,4,89.24199161198827,6.074024094905412
20260109-200016-99c64,22,5,99.70868458420684,6.7864123345543845
20260109-200016-99c64,22,3,89.42042585080914,6.08616875737178
20260109-200016-99c64,22,1,87.72661384329795,5.970883847655792
20260109-200016-99c64,23,2,86.5455353046387,5.89049680818918
20260109-200016-99c64,23,4,89.12475041638325,6.066044377799628
20260109-200016-99c64,23,5,100.36129921667585,6.830830852459493
20260109-200016-99c64,23,3,89.57304029436727,6.09655606261518
20260109-200016-99c64,23,1,87.81557200696314,5.976938553739562
20260109-200016-99c64,24,2,85.21010444461743,5.79960417934561
20260109-200016-99c64,24,4,88.69688752429376,6.036923002660815
20260109-200016-99c64,24,5,100.2129216933143,6.820731922171619
20260109-200016-99c64,24,3,89.67142371686636,6.103252274432112
20260109-200016-99c64,24,1,87.40697986748815,5.9491287922659435
20260109-200016-99c64,25,2,84.90169708905199,5.778613234669081
20260109-200016-99c64,25,4,88.45799269804739,6.0206632475325605
20260109-200016-99c64,25,5,100.78016239113376,6.859339685220506
20260109-200016-99c64,25,3,89.6940209432476,6.104790295884103
20260109-200016-99c64,25,1,86.82528069419828,5.9095369506818685
20260109-200016-99c64,26,2,84.86162207618683,5.775885633129158
20260109-200016-99c64,26,4,89.01237394166192,6.058395765270611
20260109-200016-99c64,26,5,101.02986007692145,6.876334708891771
20260109-200016-99c64,26,3,90.55081054963931,6.163105452454284
20260109-200016-99c64,26,1,86.5909387544746,5.893587075935491
20260109-200016-99c64,27,2,86.19151910000589,5.8664016158017676
20260109-200016-99c64,27,4,90.5437771164267,6.1626267401123505
20260109-200016-99c64,27,5,100.78470464339283,6.859648841808883
20260109-200016-99c64,27,3,90.94219508038405,6.189744022786206
20260109-200016-99c64,27,1,86.55768820716621,5.8913239638974035
20260109-200016-99c64,28,2,86.61748126989747,5.895393623226802
20260109-200016-99c64,28,4,90.78899314925653,6.179316731729093
20260109-200016-99c64,28,5,100.79774248967144,6.860536228912324
20260109-200016-99c64,28,3,91.63367191127578,6.2368075951700055
20260109-200016-99c64,28,1,86.66495091625804,5.898624521266644
20260109-200016-99c64,29,2,87.41131006796921,5.949423516101469
20260109-200016-99c64,29,4,90.4083816036174,6.153411396614399
20260109-200016-99c64,29,5,100.32156418582497,6.828126390911286
20260109-200016-99c64,29,3,91.57116559017389,6.232553264965145
20260109-200016-99c64,29,1,86.99629284111033,5.921176447762812
20260109-200016-99c64,30,2,87.9090540199838,5.983301163865931
20260109-200016-99c64,30,4,90.17169511585263,6.137301946302349
20260109-200016-99c64,30,5,98.35249629505944,6.694106905274798
20260109-200016-99c64,30,3,91.50160464442114,6.227818780078214
20260109-200016-99c64,30,1,87.13401647297512,5.930550248630253
20260109-200016-99c64,31,2,87.76169749983559,5.973271725506765
20260109-200016-99c64,31,4,89.96533589859644,6.123256642794672
20260109-200016-99c64,31,5,98.93070672503389,6.73346129461721
20260109-200016-99c64,31,3,90.69145957165267,6.172678362395025
20260109-200016-99c64,31,1,86.81593112081941,5.908900596282392
20260109-200016-99c64,32,2,87.34669018013668,5.945025331473189
20260109-200016-99c64,32,4,89.83067186773374,6.114091085713277
20260109-200016-99c64,32,5,97.09274745597386,6.608365376383292
20260109-200016-99c64,32,3,89.44640633561757,6.08793705151082
20260109-200016-99c64,32,1,86.65950577783975,5.898253912079698
20260109-200016-99c64,33,2,86.71539052502747,5.902057562074779
20260109-200016-99c64,33,4,91.0027806586613,6.193867622625391
20260109-200016-99c64,33,5,97.8896443308097,6.662604089924703
20260109-200016-99c64,33,3,88.84316396222526,6.046878928032538
20260109-200016-99c64,33,1,86.03345840503752,5.8556436256185185
20260109-200016-99c64,34,2,85.89042679630943,5.845908551108698
20260109-200016-99c64,34,4,92.19017126883168,6.274684276825548
20260109-200016-99c64,34,5,98.7495805171614,6.721133410277519
20260109-200016-99c64,34,3,88.45242322576684,6.020284175884596
20260109-200016-99c64,34,1,85.62985632382002,5.828173499484088
20260109-200016-99c64,35,2,85.87762789327644,5.845037427055923
20260109-200016-99c64,35,4,93.4460133885508,6.360159905022379
20260109-200016-99c64,35,5,99.43700599823676,6.767921238071163
20260109-200016-99c64,35,3,88.19121151548701,6.002505480077252
20260109-200016-99c64,35,1,85.54488379101903,5.822390065000888
20260109-200016-99c64,36,2,85.56693330754062,5.823890808005542
20260109-200016-99c64,36,4,93.93549215602653,6.393475004493924
20260109-200016-99c64,36,5,99.5771001456921,6.777456381918006
20260109-200016-99c64,36,3,88.34169778826283,6.012747936910433
20260109-200016-99c64,36,1,85.57729861097688,5.824596295430078
20260109-200016-99c64,37,2,85.30841312033003,5.80629530371689
20260109-200016-99c64,37,4,93.34248518312799,6.353113526934197
20260109-200016-99c64,37,5,99.50219300376023,6.772358022090348
20260109-200016-99c64,37,3,88.74456493563152,6.040168041683559
20260109-200016-99c64,37,1,85.77084528427875,5.837769546451142
20260109-200016-99c64,38,2,84.88977676258216,5.777801908645433
20260109-200016-99c64,38,4,92.65669286486965,6.306436856120828
20260109-200016-99c64,38,5,99.47710919951352,6.770650758182021
20260109-200016-99c64,38,3,88.93640505394218,6.053225140476858
20260109-200016-99c64,38,1,85.61424609585791,5.82711102991056
20260109-200016-99c64,39,2,84.55937619902654,5.755314053458016
20260109-200016-99c64,39,4,91.96354264889412,6.259259389132757
20260109-200016-99c64,39,5,99.00216564129764,6.7383249599315045
20260109-200016-99c64,39,3,89.20047486247805,6.071198365309823
20260109-200016-99c64,39,1,85.6268951067757,5.827971951946292
20260109-200016-99c64,40,2,84.00420743880031,5.717527935449642
20260109-200016-99c64,40,4,90.82763427674348,6.181946739589413
20260109-200016-99c64,40,5,98.6980997988781,6.717629509057615
20260109-200016-99c64,40,3,88.66325052065702,6.034633587477677
20260109-200016-99c64,40,1,85.31176086175716,5.806523159031688
20260109-200016-99c64,41,2,83.845470936796,5.706723948217855
20260109-200016-99c64,41,4,90.0362325866573,6.128082041508352
20260109-200016-99c64,41,5,96.18075059452994,6.546292681558489
20260109-200016-99c64,41,3,88.40260079143344,6.016893141449556
20260109-200016-99c64,41,1,84.0280912540703,5.719153525228711
20260109-200016-99c64,42,2,84.14889083176939,5.727375434358539
20260109-200016-99c64,42,4,91.08504266230796,6.199466571990142
20260109-200016-99c64,42,5,97.02580005434218,6.603808775580721
20260109-200016-99c64,42,3,89.32749172018882,6.079843437436281
20260109-200016-99c64,42,1,84.18227711400247,5.729647784841311
20260109-200016-99c64,43,2,84.33922670575045,5.740330150673168
20260109-200016-99c64,43,4,91.52347115659633,6.229307067367913
20260109-200016-99c64,43,5,97.26572342903853,6.620138536184594
20260109-200016-99c64,43,3,90.51322697564753,6.1605474242225595
20260109-200016-99c64,43,1,84.59687332276975,5.757866197678375
20260109-200016-99c64,44,2,84.74018906353973,5.767620610896772
20260109-200016-99c64,44,4,91.94478843601651,6.257982932401549
20260109-200016-99c64,44,5,97.53627389647768,6.638552850213558
20260109-200016-99c64,44,3,90.9850966908512,6.192664009341646
20260109-200016-99c64,44,1,85.7269448498768,5.834781577541913
20260109-200016-99c64,45,2,84.9972562850457,5.785117222853019
20260109-200016-99c64,45,4,91.55717064285005,6.2316007352678975
20260109-200016-99c64,45,5,98.30639907469127,6.690969417841283
20260109-200016-99c64,45,3,91.4962638961258,6.22745527593353
20260109-200016-99c64,45,1,86.55130846850096,5.890889743574975
20260109-200016-99c64,46,2,85.12031431895616,5.793492847932003
20260109-200016-99c64,46,4,90.74936206964463,6.176619345351654
20260109-200016-99c64,46,5,98.67484415381509,6.716046674050196
20260109-200016-99c64,46,3,91.86215478653541,6.252358687929502
20260109-200016-99c64,46,1,86.94001095298384,5.917345767402456
20260109-200016-99c64,47,2,85.16489170087513,5.796526891513649
20260109-200016-99c64,47,4,90.53212031929041,6.1618333505275125
20260109-200016-99c64,47,5,99.16545221070832,6.749438635669348
20260109-200016-99c64,47,3,92.24800364378424,6.278620487039847
20260109-200016-99c64,47,1,87.32888173049363,5.943813245657186
20260109-200016-99c64,48,2,84.69904663000897,5.7648203581449575
20260109-200016-99c64,48,4,90.42204290808698,6.1543412177783745
20260109-200016-99c64,48,5,98.64331324095,6.713900604458768
20260109-200016-99c64,48,3,92.93320945099006,6.325257238503585
20260109-200016-99c64,48,1,87.71791856280218,5.970292025999986
20260109-200016-99c64,49,2,83.63189254474452,5.692187290350421
20260109-200016-99c64,49,4,90.63652988932765,6.168939716406282
20260109-200016-99c64,49,5,98.58047346765201,6.709623578697287
20260109-200016-99c64,49,3,93.32001562055139,6.351584194587092
20260109-200016-99c64,49,1,88.10711925026547,5.996781958717805
20260109-200016-99c64,50,2,83.11638623682005,5.657100694020041
20260109-200016-99c64,50,4,91.48168835663883,6.2264632297404665
20260109-200016-99c64,50,5,95.57386134006998,6.504986342603658
20260109-200016-99c64,50,3,94.02934040453229,6.399862541486231
20260109-200016-99c64,50,1,87.5733692590839,5.960453653527259
20260109-200016-99c64,51,2,82.7722691242834,5.633679257594634
20260109-200016-99c64,51,4,92.47064129991277,6.293773740159047
20260109-200016-99c64,51,5,96.3578047618763,6.5583434130486715
20260109-200016-99c64,51,3,94.30988554913928,6.418957117226545
20260109-200016-99c64,51,1,87.45378785920845,5.9523146565032565
20260109-200016-99c64,52,2,82.76345268348143,5.633079189477651
20260109-200016-99c64,52,4,93.30553737582211,6.350598770508706
20260109-200016-99c64,52,5,97.10571799710468,6.609248182536868
20260109-200016-99c64,52,3,93.69096460433076,6.37683187255525
20260109-200016-99c64,52,1,87.11102440144236,5.928985353069775
20260109-200016-99c64,53,2,83.48119960795403,5.681930767468489
20260109-200016-99c64,53,4,92.28524411048335,6.281155162565908
20260109-200016-99c64,53,5,97.99348780887186,6.66967192622525
20260109-200016-99c64,53,3,93.49226998692166,6.3633082401052015
20260109-200016-99c64,53,1,86.65572080378871,5.8979962976633304
20260109-200016-99c64,54,2,83.62862358163827,5.691964796877179
20260109-200016-99c64,54,4,91.65634333728185,6.238350666826513
20260109-200016-99c64,54,5,96.36841653629794,6.559065675879907
20260109-200016-99c64,54,3,93.22495698579777,6.345114275802304
20260109-200016-99c64,54,1,86.79491583494301,5.907470245497197
20260109-200016-99c64,55,2,83.71978542779061,5.698169490879
20260109-200016-99c64,55,4,92.14360094009098,6.271514588500924
20260109-200016-99c64,55,5,96.1501673356828,6.544211111573521
20260109-200016-99c64,55,3,92.73103105432311,6.311496491677542
20260109-200016-99c64,55,1,86.82875808883178,5.909773630505008
20260109-200016-99c64,56,2,83.41576416755228,5.677477074375343
20260109-200016-99c64,56,4,93.16957024554954,6.3413445213545465
20260109-200016-99c64,56,5,96.83127189290734,6.590568722122141
20260109-200016-99c64,56,3,92.37104857706277,6.286995220458385
20260109-200016-99c64,56,1,86.38714302679547,5.879716249679799
20260109-200016-99c64,57,2,82.69407973181299,5.628357499919209
20260109-200016-99c64,57,4,92.65777649915182,6.306510610870371
20260109-200016-99c64,57,5,96.92884620672368,6.597209864060581
20260109-200016-99c64,57,3,92.73300553329078,6.311630879454057
20260109-200016-99c64,57,1,85.67672140007323,5.831363249031693
20260109-200016-99c64,58,2,82.95195204776603,5.645908908535436
20260109-200016-99c64,58,4,92.50511648850835,6.296120204221799
20260109-200016-99c64,58,5,97.80098620611876,6.656569805213496
20260109-200016-99c64,58,3,93.2549633169174,6.347156578701737
20260109-200016-99c64,58,1,85.34473176090651,5.808767237545024
20260109-200016-99c64,59,2,83.36991826588351,5.674356692295576
20260109-200016-99c64,59,4,92.14875025961396,6.2718650635440065
20260109-200016-99c64,59,5,97.28347030200872,6.621346430944484
20260109-200016-99c64,59,3,93.41442352182294,6.358009822889586
20260109-200016-99c64,59,1,85.36349317588859,5.810044184468746
20260109-200016-99c64,60,2,84.33461682513607,5.740016391136647
20260109-200016-99c64,60,4,89.96865223805945,6.123482360816439
20260109-200016-99c64,60,5,97.79103488418419,6.655892494363357
20260109-200016-99c64,60,3,93.55088846120397,6.367297954126213
20260109-200016-99c64,60,1,85.14130925974763,5.794921813981897
20260109-200016-99c64,61,2,84.70842559677703,5.765458713129036
20260109-200016-99c64,61,4,88.06688751561501,5.9940436903171035
20260109-200016-99c64,61,5,98.55701158955154,6.708026706974459
20260109-200016-99c64,61,3,93.25083779838123,6.346875786010538
20260109-200016-99c64,61,1,85.08134858184913,5.790840746362005
20260109-200016-99c64,62,2,84.70235863263306,5.765045780991061
20260109-200016-99c64,62,4,88.07092272268949,5.9943183361935075
20260109-200016-99c64,62,5,99.55795867285813,6.776153567344895
20260109-200016-99c64,62,3,92.90544510069468,6.323367530198925
20260109-200016-99c64,62,1,84.90348032591393,5.778734606048974
20260109-200016-99c64,63,2,84.46789317380494,5.749087499238038
20260109-200016-99c64,63,4,89.44219717960192,6.087650566252071
20260109-200016-99c64,63,5,99.60197276618312,6.7791492721531625
20260109-200016-99c64,63,3,92.33725727921215,6.284695303640804
20260109-200016-99c64,63,1,84.72565237151288,5.766631208755062
20260109-200016-99c64,64,2,83.80351466389183,5.7038683036053905
20260109-200016-99c64,64,4,91.48668028352554,6.226802992263044
20260109-200016-99c64,64,5,100.35925419769467,6.83069166356039
20260109-200016-99c64,64,3,92.05282915383542,6.2653364429116705
20260109-200016-99c64,64,1,84.54786497294236,5.754530571788297
20260109-200016-99c64,65,2,83.0634308662058,5.653496424423907
20260109-200016-99c64,65,4,93.34534266264637,6.353308013847049
20260109-200016-99c64,65,5,100.88634094569787,6.866566452431044
20260109-200016-99c64,65,3,96.14309711842964,6.543729895621522
20260109-200016-99c64,65,1,84.37011838658402,5.7424327125986245
20260109-200016-99c64,66,2,82.76065521857802,5.632888787303505
20260109-200016-99c64,66,4,93.56021775238479,6.367932928070621
20260109-200016-99c64,66,5,100.77695879380194,6.859121640698724
20260109-200016-99c64,66,3,99.172160347783,6.74989520757555
20260109-200016-99c64,66,1,84.63539304087848,5.760487942125078
20260109-200016-99c64,67,2,83.0801219738192,5.6546324612601895
20260109-200016-99c64,67,4,93.32007096646214,6.351587961562586
20260109-200016-99c64,67,5,100.16938780990077,6.817768901602242
20260109-200016-99c64,67,3,101.07713536134536,6.879552378191811
20260109-200016-99c64,67,1,84.94655798563434,5.78166657493904
20260109-200016-99c64,68,2,83.94266264008688,5.713339048765817
20260109-200016-99c64,68,4,92.00994091087733,6.262417366180974
20260109-200016-99c64,68,5,99.61236737176135,6.779856753951795
20260109-200016-99c64,68,3,98.24771484801859,6.686975228554804
20260109-200016-99c64,68,1,85.38497939740668,5.811506588263775
20260109-200016-99c64,69,2,83.9257822122998,5.712190126344218
20260109-200016-99c64,69,4,90.42044222608675,6.154232271520429
20260109-200016-99c64,69,5,99.75749658979899,6.789734596784664
20260109-200016-99c64,69,3,95.5011926365043,6.500040336262578
20260109-200016-99c64,69,1,85.81877958401246,5.8410320699145455
20260109-200016-99c64,70,2,83.63552425498848,5.6924344732643055
20260109-200016-99c64,70,4,88.85280909928156,6.047535399205137
20260109-200016-99c64,70,5,99.15851485033103,6.748966462275124
20260109-200016-99c64,70,3,97.03005105731457,6.604098109043762
20260109-200016-99c64,70,1,86.14287595867997,5.863090846878657
20260109-200016-99c64,71,2,83.26714756418866,5.66736187172883
20260109-200016-99c64,71,4,88.86338355560405,6.048255122076996
20260109-200016-99c64,71,5,97.51287579569129,6.636960319327767
20260109-200016-99c64,71,3,98.67808668855689,6.716267368745535
20260109-200016-99c64,71,1,85.97512432120534,5.851673267893969
20260109-200016-99c64,72,2,82.16628754175602,5.592434696969591
20260109-200016-99c64,72,4,85.7054095189728,5.833315831244235
20260109-200016-99c64,72,5,96.67771158924083,6.580117039370071
20260109-200016-99c64,72,3,99.31138551621513,6.759371206624863
20260109-200016-99c64,72,1,86.11469306468497,5.86117265148546
20260109-200016-99c64,73,2,80.82174566918876,5.500921950749283
20260109-200016-99c64,73,4,85.03591836185748,5.7877486565746565
20260109-200016-99c64,73,5,96.49083852788611,6.567398010392184
20260109-200016-99c64,73,3,100.09766473207908,6.812887256818429
20260109-200016-99c64,73,1,86.25464159641787,5.8706978843768125
20260109-200016-99c64,74,2,81.08047444480579,5.518531652065407
20260109-200016-99c64,74,4,84.88933298271942,5.777771703923078
20260109-200016-99c64,74,5,93.99593192784161,6.397588680395416
20260109-200016-99c64,74,3,100.58518072506608,6.846068765148382
20260109-200016-99c64,74,1,86.39496807078238,5.8802488409505855
20260109-200016-99c64,75,2,82.58233825898141,5.620752107142565
20260109-200016-99c64,75,4,87.50243057033313,5.95562539614584
20260109-200016-99c64,75,5,95.41819474489014,6.494391300596917
20260109-200016-99c64,75,3,100.95158776760766,6.871007307697018
20260109-200016-99c64,75,1,86.5356706491602,5.889825396066007
20260109-200016-99c64,76,2,83.68064758921497,5.695505675670073
20260109-200016-99c64,76,4,85.34087499631836,5.808504736892432
20260109-200016-99c64,76,5,97.41192061733422,6.630089067635936
20260109-200016-99c64,76,3,101.06161686634623,6.878496152183866
20260109-200016-99c64,76,1,86.67674749995962,5.89942742506055
20260109-200016-99c64,77,2,84.09591261093641,5.7237696095216855
20260109-200016-99c64,77,4,85.73806912406529,5.835538722337079
20260109-200016-99c64,77,5,99.1862916339562,6.750857016822045
20260109-200016-99c64,77,3,101.04358239726575,6.877268682942593
20260109-200016-99c64,77,1,86.4520882772476,5.88413657926871
20260109-200016-99c64,78,2,84.15292052148546,5.72764970471029
20260109-200016-99c64,78,4,83.9353573545958,5.712841833505472
20260109-200016-99c64,78,5,100.57455862016582,6.845345799199983
20260109-200016-99c64,78,3,100.34909175836721,6.8299999835538925
20260109-200016-99c64,78,1,86.63725840764407,5.896739702679214
20260109-200016-99c64,79,2,83.7644930120188,5.701212396342245
20260109-200016-99c64,79,4,82.5335688235494,5.6174327423395365
20260109-200016-99c64,79,5,101.0254016521912,6.876031257806159
20260109-200016-99c64,79,3,100.18768018808346,6.819013924755892
20260109-200016-99c64,79,1,86.58015243622872,5.89285293323274
20260109-200016-99c64,80,2,83.27438875696966,5.667854724685529
20260109-200016-99c64,80,4,82.6553891096851,5.6257241233348605
20260109-200016-99c64,80,5,101.49978947933111,6.908319231666107
20260109-200016-99c64,80,3,100.24404479005692,6.822850234819153
20260109-200016-99c64,80,1,86.36431506369702,5.878162523733156
20260109-200016-99c64,81,2,83.10573671124841,5.656375861754949
20260109-200016-99c64,81,4,82.54943098571765,5.618512359159678
20260109-200016-99c64,81,5,102.46999215234936,6.974353553697787
20260109-200016-99c64,81,3,99.79308368369887,6.792156739790563
20260109-200016-99c64,81,1,86.3410854495991,5.876581460455685
20260109-200016-99c64,82,2,83.33027897520321,5.671658747053117
20260109-200016-99c64,82,4,83.43374950803485,5.678701199806353
20260109-200016-99c64,82,5,103.79615357824369,7.06461528261167
20260109-200016-99c64,82,3,99.47450470491937,6.770473490030177
20260109-200016-99c64,82,1,86.31834937465388,5.875033988637247
20260109-200016-99c64,83,2,84.89526764995978,5.778175631616331
20260109-200016-99c64,83,4,84.9269226392376,5.780330146146144
20260109-200016-99c64,83,5,104.11487267027708,7.086308068816333
20260109-200016-99c64,83,3,99.2854331143762,6.757604823880116
20260109-200016-99c64,83,1,86.29610722895343,5.8735201348284445
20260109-200016-99c64,84,2,86.75651379437919,5.904856510466581
20260109-200016-99c64,84,4,86.92139017144201,5.916078392328144
20260109-200016-99c64,84,5,103.22753597948184,7.025913804380622
20260109-200016-99c64,84,3,98.54705786775148,6.7073492327837165
20260109-200016-99c64,84,1,85.5308179549916,5.821432710448368
20260109-200016-99c64,85,2,87.5374452360237,5.95800857831421
20260109-200016-99c64,85,4,86.47347046338054,5.885591902165783
20260109-200016-99c64,85,5,102.39204416412093,6.969048226574347
20260109-200016-99c64,85,3,97.45579900615913,6.63307553607029
20260109-200016-99c64,85,1,84.84364753735161,5.774662242884187
20260109-200016-99c64,86,2,87.31619406430596,5.942949692651028
20260109-200016-99c64,86,4,84.92455674319223,5.780169117584073
20260109-200016-99c64,86,5,102.56397654766253,6.980750357168505
20260109-200016-99c64,86,3,97.27336059094382,6.620658339750063
20260109-200016-99c64,86,1,84.05674389554432,5.721103692762538
20260109-200016-99c64,87,2,87.29062293158367,5.9412092599972555
20260109-200016-99c64,87,4,84.48826383157574,5.750473975087511
20260109-200016-99c64,87,5,102.86901159579307,7.001511774508799
20260109-200016-99c64,87,3,97.60562149098051,6.643272813902461
20260109-200016-99c64,87,1,84.09329237460695,5.723591269949562
20260109-200016-99c64,88,2,86.95521066131437,5.918380296024773
20260109-200016-99c64,88,4,84.3301996448859,5.73971574724932
20260109-200016-99c64,88,5,102.92076694355299,7.005034367669883
20260109-200016-99c64,88,3,98.14124284067294,6.679728488243782
20260109-200016-99c64,88,1,83.7655839460087,5.701286647927412
20260109-200016-99c64,89,2,87.1603844296015,5.9323449150310035
20260109-200016-99c64,89,4,84.83984225215805,5.77440324604272
20260109-200016-99c64,89,5,103.43055035017231,7.039731449604715
20260109-200016-99c64,89,3,98.32228684020107,6.69205077728629
20260109-200016-99c64,89,1,83.43848015621093,5.679023179072917
20260109-200016-99c64,90,2,87.49095538003775,5.954844367158378
20260109-200016-99c64,90,4,84.57559879651814,5.756418202371168
20260109-200016-99c64,90,5,103.55956547414102,7.048512528527744
20260109-200016-99c64,90,3,98.50356273573983,6.7043888497277395
20260109-200016-99c64,90,1,83.11198814424338,5.656801349285575
20260109-200016-99c64,91,2,88.3339349588242,6.012219580111092
20260109-200016-99c64,91,4,86.8312223089918,5.909941351242262
20260109-200016-99c64,91,5,103.11932787663056,7.0185489012435385
20260109-200016-99c64,91,3,98.43005646511672,6.699385836562898
20260109-200016-99c64,91,1,82.7861151482975,5.634621651214063
20260109-200016-99c64,92,2,89.25337095097629,6.074798600022889
20260109-200016-99c64,92,4,89.14873161270889,6.06767659556702
20260109-200016-99c64,92,5,102.96282032526793,7.007896621741032
20260109-200016-99c64,92,3,97.98941085561614,6.669394439003576
20260109-200016-99c64,92,1,83.02675530598655,5.651000197788418
20260109-200016-99c64,93,2,88.6230441689217,6.031897046699089
20260109-200016-99c64,93,4,90.69108807245922,6.172653077268468
20260109-200016-99c64,93,5,103.00147982257808,7.010527879895598
20260109-200016-99c64,93,3,98.19740357057884,6.683550922284913
20260109-200016-99c64,93,1,83.47868209906352,5.681759419772367
20260109-200016-99c64,94,2,87.53053862883479,5.957538498055784
20260109-200016-99c64,94,4,91.78976046896187,6.247431356957466
20260109-200016-99c64,94,5,102.20272853847874,6.956162950809857
20260109-200016-99c64,94,3,99.08333573143562,6.743849591042691
20260109-200016-99c64,94,1,84.09527437719386,5.723726169801657
20260109-200016-99c64,95,2,86.81799881294681,5.909041328370233
20260109-200016-99c64,95,4,91.72907580159406,6.243301012877002
20260109-200016-99c64,95,5,102.00523061011963,6.942720767888135
20260109-200016-99c64,95,3,99.3441651912452,6.7616022699657785
20260109-200016-99c64,95,1,84.49386914295361,5.750855486030439
20260109-200016-99c64,96,2,86.50399483128885,5.887669463892139
20260109-200016-99c64,96,4,91.41878492707156,6.222181871380548
20260109-200016-99c64,96,5,100.04233532271168,6.809121404447993
20260109-200016-99c64,96,3,99.42636378227698,6.767196903315795
20260109-200016-99c64,96,1,84.83132925966625,5.773823831345883
20260109-200016-99c64,97,2,86.2339872600098,5.869292100678568
20260109-200016-99c64,97,4,91.8801874804742,6.253586036350372
20260109-200016-99c64,97,5,98.14394378165987,6.679912320768552
20260109-200016-99c64,97,3,98.82965215969877,6.726583278409162
20260109-200016-99c64,97,1,85.08373564029485,5.791003215287826
20260109-200016-99c64,98,2,85.90118252896015,5.846640612082448
20260109-200016-99c64,98,4,91.76473571122692,6.245728111896417
20260109-200016-99c64,98,5,97.4802725420221,6.634741263648016
20260109-200016-99c64,98,3,97.77567592975534,6.654847127069461
20260109-200016-99c64,98,1,85.33619165840823,5.808185977676093
20260109-200016-99c64,99,2,85.69463679426559,5.832582613750347
20260109-200016-99c64,99,4,91.2470509771152,6.210493246652365
20260109-200016-99c64,99,5,97.16471244419401,6.613263486169313
20260109-200016-99c64,99,3,97.16032982549596,6.612965194624158
20260109-200016-99c64,99,1,84.93830953395099,5.78110516552442
20260109-200016-99c64,100,2,85.66291379433028,5.830423470251986
20260109-200016-99c64,100,4,90.4482693383606,6.156126251555948
20260109-200016-99c64,100,5,97.82389465717652,6.658129009363789
20260109-200016-99c64,100,3,97.6361946647085,6.645353697470019
20260109-200016-99c64,100,1,84.36746618556583,5.742252197433084
20260109-200016-99c64,101,2,85.08073826222842,5.790799206544093
20260109-200016-99c64,101,4,88.99083088427528,6.056929493089984
20260109-200016-99c64,101,5,98.52262367349421,6.70568618289008
20260109-200016-99c64,101,3,98.76429289148238,6.7221347697777345
20260109-200016-99c64,101,1,84.64179584068634,5.760923732044209
20260109-200016-99c64,102,2,85.00043644999216,5.785333672510425
20260109-200016-99c64,102,4,87.40856038456192,5.949236366050607
20260109-200016-99c64,102,5,100.08806653220012,6.81223398030275
20260109-200016-99c64,102,3,99.39967382987379,6.765380321109812
20260109-200016-99c64,102,1,84.35612964540825,5.741480605306706
20260109-200016-99c64,103,2,85.32487564538282,5.807415782675589
20260109-200016-99c64,103,4,85.08066146748152,5.790793979709341
20260109-200016-99c64,103,5,102.03318989476729,6.944623743892577
20260109-200016-99c64,103,3,99.21707559978309,6.752952247405672
20260109-200016-99c64,103,1,83.8525090515495,5.707202979196694
20260109-200016-99c64,104,2,85.95322750935661,5.85018291833578
20260109-200016-99c64,104,4,83.47381197556679,5.681427947480793
20260109-200016-99c64,104,5,102.51095122161998,6.977141326238054
20260109-200016-99c64,104,3,99.30846999707781,6.759172769396274
20260109-200016-99c64,104,1,83.58148603434606,5.688756502296838
20260109-200016-99c64,105,2,86.13692195859736,5.862685603345768
20260109-200016-99c64,105,4,82.19666428219546,5.5945022108161675
20260109-200016-99c64,105,5,102.7791071776354,6.99539266407363
20260109-200016-99c64,105,3,95.82995082594461,6.522416407526654
20260109-200016-99c64,105,1,83.74583881827891,5.699942747153557
20260109-200016-99c64,106,2,86.45789585921223,5.884531857233143
20260109-200016-99c64,106,4,81.77410950577837,5.565742118767416
20260109-200016-99c64,106,5,102.68013246387513,6.988656207554595
20260109-200016-99c64,106,3,92.80097425473141,6.3162569937335915
20260109-200016-99c64,106,1,83.43109963450736,5.678520843055414
20260109-200016-99c64,107,2,86.92066452036359,5.916029002774468
20260109-200016-99c64,107,4,81.84366810937583,5.5704764442416375
20260109-200016-99c64,107,5,102.30147010282995,6.962883538620645
20260109-200016-99c64,107,3,90.2050754568921,6.139573892413228
20260109-200016-99c64,107,1,83.38415915503606,5.675325961383849
20260109-200016-99c64,108,2,87.29006221169126,5.941171096055871
20260109-200016-99c64,108,4,82.17538935048736,5.593054187912619
20260109-200016-99c64,108,5,102.46358747801148,6.973917636193643
20260109-200016-99c64,108,3,89.75234111523592,6.108759706735178
20260109-200016-99c64,108,1,83.10606631849403,5.6563982956150145
20260109-200016-99c64,109,2,87.17616550805717,5.933419013099097
20260109-200016-99c64,109,4,81.8628027610597,5.571778794550904
20260109-200016-99c64,109,5,102.43260775823894,6.971809082126742
20260109-200016-99c64,109,3,93.65385193792436,6.374305895423781
20260109-200016-99c64,109,1,82.44783729595176,5.611597648849185
20260109-200016-99c64,110,2,86.65286806720846,5.897802133566229
20260109-200016-99c64,110,4,82.06294959030973,5.585401268023586
20260109-200016-99c64,110,5,102.53519814402483,6.978791629960036
20260109-200016-99c64,110,3,92.60779897383755,6.303109020571013
20260109-200016-99c64,110,1,82.2481445379024,5.598006080552014
20260109-200016-99c64,111,2,86.04084571338468,5.85614642355127
20260109-200016-99c64,111,4,82.14388643373421,5.59091002380375
20260109-200016-99c64,111,5,103.47969721509598,7.043076503164628
20260109-200016-99c64,111,3,91.61752250856797,6.235708428069477
20260109-200016-99c64,111,1,81.74539007790143,5.563787405590744
20260109-200016-99c64,112,2,85.4778131604266,5.817825076939548
20260109-200016-99c64,112,4,82.30935933565358,5.602172506578475
20260109-200016-99c64,112,5,103.60278140403895,7.051453908417886
20260109-200016-99c64,112,3,91.08209344125954,6.1992658409286125
20260109-200016-99c64,112,1,81.0191245205902,5.514356029007527
20260109-200016-99c64,113,2,85.54884421994856,5.822659621297308
20260109-200016-99c64,113,4,83.11980624870101,5.657333468235347
20260109-200016-99c64,113,5,104.2785579494365,7.097448881696422
20260109-200016-99c64,113,3,90.65393626684131,6.170124436228344
20260109-200016-99c64,113,1,80.8026954836579,5.499625349409076
20260109-200016-99c64,114,2,88.67217061222603,6.035240710314587
20260109-200016-99c64,114,4,85.31540223138062,5.80677099938612
20260109-200016-99c64,114,5,104.72626257016812,7.127920732498987
20260109-200016-99c64,114,3,90.64949776481981,6.169822341130096
20260109-200016-99c64,114,1,80.9398370914718,5.508959536322983
20260109-200016-99c64,115,2,91.26024530677819,6.211391284390446
20260109-200016-99c64,115,4,86.17935506539789,5.865573702417433
20260109-200016-99c64,115,5,105.01617430214438,7.147652820651792
20260109-200016-99c64,115,3,90.96176991995759,6.191076333339522
20260109-200016-99c64,115,1,81.93528563345653,5.57671215277671
20260109-200016-99c64,116,2,92.75646825222059,6.313227808405746
20260109-200016-99c64,116,4,85.84582157937855,5.842872613009349
20260109-200016-99c64,116,5,104.42404711394153,7.107351223349591
20260109-200016-99c64,116,3,91.95228461819353,6.258493140548415
20260109-200016-99c64,116,1,82.43333668032665,5.610610702153947
20260109-200016-99c64,117,2,92.37858477215164,6.287508151980047
20260109-200016-99c64,117,4,86.52124334739926,5.88884343928829
20260109-200016-99c64,117,5,103.38816183717901,7.036846385694578
20260109-200016-99c64,117,3,92.24122071897472,6.278158824900951
20260109-200016-99c64,117,1,82.2054885578278,5.5951028121905075
20260109-200016-99c64,118,2,91.50875905744061,6.228305726596106
20260109-200016-99c64,118,4,86.95663495518775,5.918477236883542
20260109-200016-99c64,118,5,102.12964440144711,6.951188669070207
20260109-200016-99c64,118,3,92.36206299273083,6.286383640026873
20260109-200016-99c64,118,1,82.24869338631213,5.598043436491801
20260109-200016-99c64,119,2,91.14933551552528,6.203842497857756
20260109-200016-99c64,119,4,86.74221015953383,5.903882970755889
20260109-200016-99c64,119,5,102.9982142713712,7.010305618644415
20260109-200016-99c64,119,3,92.77995784184064,6.314826566241094
20260109-200016-99c64,119,1,82.36785868279927,5.606154112520709
20260109-200016-99c64,120,2,89.51222886342883,6.092417090701916
20260109-200016-99c64,120,4,85.05958612814695,5.789359541541678
20260109-200016-99c64,120,5,104.51233195183565,7.113360101265664
20260109-200016-99c64,120,3,92.64723442293784,6.305793091866397
20260109-200016-99c64,120,1,82.10956860079678,5.588574269744683
20260109-200016-99c64,121,2,88.5862975041744,6.029395980518799
20260109-200016-99c64,121,4,85.4293889199179,5.814529206931332
20260109-200016-99c64,121,5,104.85031643157554,7.13636413598701
20260109-200016-99c64,121,3,92.58998306202875,6.301896426862102
20260109-200016-99c64,121,1,82.30124809338413,5.601620435965815
20260109-200016-99c64,122,2,88.28439591749171,6.008847834083724
20260109-200016-99c64,122,4,85.32135653396428,5.807176263507955
20260109-200016-99c64,122,5,103.93464476854497,7.074041325348137
20260109-200016-99c64,122,3,92.40981946433513,6.289634060081071
20260109-200016-99c64,122,1,82.62114475058019,5.623393370081144
20260109-200016-99c64,123,2,88.33550602847535,6.0123265108815005
20260109-200016-99c64,123,4,86.39727069718353,5.880405563228848
20260109-200016-99c64,123,5,102.7974134244722,6.996638631161158
20260109-200016-99c64,123,3,92.27408301740957,6.280395511789059
20260109-200016-99c64,123,1,82.74051755662313,5.631518169708362
20260109-200016-99c64,124,2,88.45134822925176,6.02021100904221
20260109-200016-99c64,124,4,86.787201797654,5.906945209608642
20260109-200016-99c64,124,5,103.28693963666291,7.029956959833854
20260109-200016-99c64,124,3,92.15285028153644,6.272144120874496
20260109-200016-99c64,124,1,82.85993701438407,5.639646144563453
20260109-200016-99c64,125,2,89.12683454236408,6.066186228414969
20260109-200016-99c64,125,4,87.7839034119076,5.974783113167869
20260109-200016-99c64,125,5,102.6893248702897,6.989281864793342
20260109-200016-99c64,125,3,92.03196402968423,6.263916312493823
20260109-200016-99c64,125,1,83.17667153614774,5.661203856153368
20260109-200016-99c64,126,2,89.4667056867306,6.089318674058058
20260109-200016-99c64,126,4,87.85429545270956,5.979574164378152
20260109-200016-99c64,126,5,102.06724938818985,6.946941914744348
20260109-200016-99c64,126,3,91.82712875890104,6.249974732439972
20260109-200016-99c64,126,1,83.12182307175392,5.657470738051913
20260109-200016-99c64,127,2,89.02919386048528,6.0595405693069395
20260109-200016-99c64,127,4,87.26823881141149,5.939685743065224
20260109-200016-99c64,127,5,101.70950148186881,6.9225927337854145
20260109-200016-99c64,127,3,91.1778674228966,6.205784447938839
20260109-200016-99c64,127,1,82.72889927885193,5.6307274018439415
20260109-200016-99c64,128,2,88.19695592412091,6.002896458313204
20260109-200016-99c64,128,4,86.11589542607003,5.861254487086523
20260109-200016-99c64,128,5,102.01524126961569,6.943402117395094
20260109-200016-99c64,128,3,90.32929815737064,6.148028787493578
20260109-200016-99c64,128,1,82.32934524878013,5.603532795784224
20260109-200016-99c64,129,2,87.99793315730852,5.989350491227337
20260109-200016-99c64,129,4,85.50093651073011,5.81939890764818
20260109-200016-99c64,129,5,102.42209669652583,6.97109367404412
20260109-200016-99c64,129,3,89.1407561345356,6.067133765384525
20260109-200016-99c64,129,1,81.78504442891499,5.5664863758756224
20260109-200016-99c64,130,2,87.79740583491143,5.975702120478032
20260109-200016-99c64,130,4,85.24354237369279,5.801880045036399
20260109-200016-99c64,130,5,102.60197845589958,6.9833368582328
20260109-200016-99c64,130,3,88.98661796188945,6.056642751483043
20260109-200016-99c64,130,1,81.15344311889615,5.523498075120209
20260109-200016-99c64,131,2,87.8549926535529,5.979621617540559
20260109-200016-99c64,131,4,85.1221343610583,5.793616724364862
20260109-200016-99c64,131,5,103.14935633029071,7.020592709856165
20260109-200016-99c64,131,3,89.25009573856045,6.074575681206641
20260109-200016-99c64,131,1,80.81371460624119,5.500375337333669
20260109-200016-99c64,132,2,87.71600093229337,5.970161507465995
20260109-200016-99c64,132,4,83.61736814785064,5.691198725044965
20260109-200016-99c64,132,5,102.44041201689319,6.972340258697912
20260109-200016-99c64,132,3,90.03799192955704,6.128201786607841
20260109-200016-99c64,132,1,80.4740057710488,5.477253938842449
20260109-200016-99c64,133,2,87.50461252636929,5.955773905309499
20260109-200016-99c64,133,4,82.53993579239393,5.617866093517325
20260109-200016-99c64,133,5,102.16219025136941,6.9534038177132
20260109-200016-99c64,133,3,91.64752147434295,6.237750229665878
20260109-200016-99c64,133,1,80.13431686357163,5.4541338966793464
20260109-200016-99c64,134,2,87.08118880085442,5.926954670500015
20260109-200016-99c64,134,4,81.9876751618651,5.5802779097945265
20260109-200016-99c64,134,5,102.62059784560438,6.984604138575344
20260109-200016-99c64,134,3,92.59314211343306,6.302111439481164
20260109-200016-99c64,134,1,81.10941455003842,5.520501385072447
20260109-200016-99c64,135,2,86.73652912957695,5.90349630622478
20260109-200016-99c64,135,4,82.84075724351915,5.638340723334456
20260109-200016-99c64,135,5,102.0402390727945,6.945103527864373
20260109-200016-99c64,135,3,92.23991841802246,6.278070187173127
20260109-200016-99c64,135,1,81.49152525336368,5.5465087564566495
20260109-200016-99c64,136,2,86.42487230257147,5.882284194724584
20260109-200016-99c64,136,4,83.02746752394,5.651048673051374
20260109-200016-99c64,136,5,101.38163627718524,6.900277441206695
20260109-200016-99c64,136,3,92.27575777508584,6.280509499815268
20260109-200016-99c64,136,1,82.2189500931208,5.596019036584956
20260109-200016-99c64,137,2,85.86077888334228,5.843890643008786
20260109-200016-99c64,137,4,83.80073091524908,5.703678834992859
20260109-200016-99c64,137,5,100.5691999412388,6.8449810746534805
20260109-200016-99c64,137,3,92.17787737727107,6.273847525065413
20260109-200016-99c64,137,1,82.55024820022734,5.6185679807402025
20260109-200016-99c64,138,2,85.67140347555828,5.83100129832827
20260109-200016-99c64,138,4,84.49873041348363,5.751186355767855
20260109-200016-99c64,138,5,100.36118025010211,6.830822755309011
20260109-200016-99c64,138,3,92.3040439406703,6.282434724120654
20260109-200016-99c64,138,1,83.15974195781546,5.660051588427722
20260109-200016-99c64,139,2,85.740578963372,5.8357095480229235
20260109-200016-99c64,139,4,84.57237613079377,5.7561988600088325
20260109-200016-99c64,139,5,100.97439060909521,6.8725593238065406
20260109-200016-99c64,139,3,92.81283697546237,6.31706439897242
20260109-200016-99c64,139,1,83.53433288729205,5.6855471459592755
20260109-200016-99c64,140,2,86.283832415257,5.872684681553524
20260109-200016-99c64,140,4,84.47772238886914,5.7497564992015695
20260109-200016-99c64,140,5,102.68208065816486,6.988788806332857
20260109-200016-99c64,140,3,92.78544120208792,6.315199776897439
20260109-200016-99c64,140,1,83.90939020460404,5.7110744469660535
20260109-200016-99c64,141,2,86.62580000551814,5.89595981633485
20260109-200016-99c64,141,4,84.94277756980637,5.781409270766272
20260109-200016-99c64,141,5,101.66473707375097,6.919545960751884
20260109-200016-99c64,141,3,92.7225110915562,6.3109166025670556
20260109-200016-99c64,141,1,84.28490768364874,5.736633067684568
20260109-200016-99c64,142,2,86.87301168457752,5.912785636422744
20260109-200016-99c64,142,4,85.34921502442187,5.809072379217954
20260109-200016-99c64,142,5,101.77499322142694,6.92705025873424
20260109-200016-99c64,142,3,92.78162024542463,6.314939713418137
20260109-200016-99c64,142,1,84.6608792012166,5.762222591354483
20260109-200016-99c64,143,2,86.1412851325302,5.862982571433545
20260109-200016-99c64,143,4,85.44254475961925,5.815424624950264
20260109-200016-99c64,143,5,102.04013490442794,6.945096437915382
20260109-200016-99c64,143,3,92.83376997499171,6.318489149151379
20260109-200016-99c64,143,1,84.08573926819493,5.723077187402666
20260109-200016-99c64,144,2,86.17148735248101,5.865038206996884
20260109-200016-99c64,144,4,85.80925498679464,5.840383802972601
20260109-200016-99c64,144,5,101.01530677030695,6.875344175921358
20260109-200016-99c64,144,3,93.27644285439445,6.348618527564894
20260109-200016-99c64,144,1,83.9567691658518,5.7142991727595085
20260109-200016-99c64,145,2,86.81995779936761,5.909174661686833
20260109-200016-99c64,145,4,85.61012028889103,5.826830217588075
20260109-200016-99c64,145,5,99.48473190256156,6.7711695776429695
20260109-200016-99c64,145,3,93.48126520852087,6.36255922848009
20260109-200016-99c64,145,1,84.01922815100285,5.718550281165967
20260109-200016-99c64,146,2,87.61242644330254,5.96311197920711
20260109-200016-99c64,146,4,85.88366523638639,5.845448343115243
20260109-200016-99c64,146,5,98.87996302745377,6.730007556794926
20260109-200016-99c64,146,3,93.62142972788617,6.372099162007989
20260109-200016-99c64,146,1,83.99672616396288,5.717018741932079
20260109-200016-99c64,147,2,87.92261295461147,5.984224017492817
20260109-200016-99c64,147,4,85.3276265530258,5.807603016050869
20260109-200016-99c64,147,5,99.66138575564145,6.783193062783579
20260109-200016-99c64,147,3,94.2192705007783,6.4127896395945045
20260109-200016-99c64,147,1,84.04424579316773,5.720253041924242
20260109-200016-99c64,148,2,88.2570691334012,6.006987907584956
20260109-200016-99c64,148,4,84.87667743297006,5.776910336838778
20260109-200016-99c64,148,5,99.44941370214852,6.768765736173023
20260109-200016-99c64,148,3,94.19925108519399,6.411427070131088
20260109-200016-99c64,148,1,84.09558065677147,5.72374701592466
20260109-200016-99c64,149,2,88.77433893900084,6.042194531798811
20260109-200016-99c64,149,4,84.8751121747076,5.776803801605428
20260109-200016-99c64,149,5,99.3966894048755,6.765177193982978
20260109-200016-99c64,149,3,94.30506222067851,6.418628829917407
20260109-200016-99c64,149,1,84.15072377249798,5.727500188702866
20260109-200016-99c64,150,2,88.40974471842016,6.017379374262895
20260109-200016-99c64,150,4,86.24646377969675,5.870141282547219
20260109-200016-99c64,150,5,97.74334395204444,6.652646535082386
20260109-200016-99c64,150,3,99.17909810768379,6.750367408162301
20260109-200016-99c64,150,1,84.20966765906095,5.731512051064561
20260109-200016-99c64,151,2,87.53376743481768,5.957758258338847
20260109-200016-99c64,151,4,88.55871502282649,6.0275186506511185
20260109-200016-99c64,151,5,96.29234579324721,6.553888118567913
20260109-200016-99c64,151,3,102.98051153600535,7.009100727995791
20260109-200016-99c64,151,1,84.27240434117368,5.735782060192595
20260109-200016-99c64,152,2,87.03895238748356,5.9240799588551605
20260109-200016-99c64,152,4,89.91529949346192,6.11985104499346
20260109-200016-99c64,152,5,95.12024726021659,6.474112279832879
20260109-200016-99c64,152,3,105.56694986622826,7.185139927188769
20260109-200016-99c64,152,1,84.33892535486555,5.740309640008818
20260109-200016-99c64,153,2,86.9938914567874,5.921013003783412
20260109-200016-99c64,153,4,89.44450936642532,6.0878079392356135
20260109-200016-99c64,153,5,95.45377937878376,6.496813276168888
20260109-200016-99c64,153,3,107.03062060457229,7.284760869876419
20260109-200016-99c64,153,1,84.40922175309656,5.745094181556217
20260109-200016-99c64,154,2,87.70360222819116,5.969317621912769
20260109-200016-99c64,154,4,88.57654926070015,6.028732491675979
20260109-200016-99c64,154,5,97.30170135232181,6.622587279976166
20260109-200016-99c64,154,3,107.58866077947725,7.322742423258097
20260109-200016-99c64,154,1,84.48328411166209,5.750135043400812
20260109-200016-99c64,155,2,87.82542246522283,5.9776089995659545
20260109-200016-99c64,155,4,87.17421303113423,5.933286122834542
20260109-200016-99c64,155,5,98.18079120955527,6.682420245130494
20260109-200016-99c64,155,3,108.07841984111904,7.35607660022318
20260109-200016-99c64,155,1,84.56110253537815,5.755431552052636
20260109-200016-99c64,156,2,86.85634499655293,5.911651261642273
20260109-200016-99c64,156,4,85.57846025008654,5.82467535937536
20260109-200016-99c64,156,5,99.24204646796049,6.75465182461412
20260109-200016-99c64,156,3,107.48165970118885,7.315459673109149
20260109-200016-99c64,156,1,84.64266666453861,5.760983002405231
20260109-200016-99c64,157,2,85.4482914886912,5.815815761120797
20260109-200016-99c64,157,4,84.83502100305151,5.774075100259421
20260109-200016-99c64,157,5,99.16901291435443,6.749680985703795
20260109-200016-99c64,157,3,106.32375873105818,7.2366501545736694
20260109-200016-99c64,157,1,84.72796568163425,5.766788658192961
20260109-200016-99c64,158,2,84.85275718594714,5.775282267427183
20260109-200016-99c64,158,4,85.39203084659665,5.811986526816358
20260109-200016-99c64,158,5,98.9653318907105,6.735817966479983
20260109-200016-99c64,158,3,105.71129485621847,7.19496439357889
20260109-200016-99c64,158,1,84.81698831832408,5.772847752465498
20260109-200016-99c64,159,2,84.47905066492193,5.749846904857065
20260109-200016-99c64,159,4,85.30316263713966,5.805937943231853
20260109-200016-99c64,159,5,98.60351250874642,6.711191671118838
20260109-200016-99c64,159,3,104.91558056104489,7.140806169247019
20260109-200016-99c64,159,1,84.90972286264861,5.779159488078776
20260109-200016-99c64,160,2,84.90547232121386,5.778870186029095
20260109-200016-99c64,160,4,84.56647598066148,5.755797281632782
20260109-200016-99c64,160,5,98.73598060887224,6.72020776788491
20260109-200016-99c64,160,3,104.40395211362491,7.10598350940792
20260109-200016-99c64,161,2,85.14318678085623,5.795049602573863
20260109-200016-99c64,161,4,84.90005973702733,5.778501792561279
20260109-200016-99c64,161,5,97.90725781083486,6.6638029056406625
20260109-200016-99c64,161,3,104.48939578216182,7.1117990105198485
20260109-200016-99c64,162,2,85.24591355424366,5.802041433274595
20260109-200016-99c64,162,4,83.96791970069893,5.715058104918116
20260109-200016-99c64,162,5,96.20774683675556,6.548130110584762
20260109-200016-99c64,162,3,104.84605918521953,7.136074377584298
20260109-200016-99c64,163,2,85.21928621799755,5.800229112874517
20260109-200016-99c64,163,4,84.21552774841649,5.731910902808016
20260109-200016-99c64,163,5,96.13961236453163,6.5434927149091795
20260109-200016-99c64,163,3,104.6292117148166,7.121315218399759
20260109-200016-99c64,164,2,84.91399415325579,5.779450202366924
20260109-200016-99c64,164,4,84.98103844458079,5.784013397714519
20260109-200016-99c64,164,5,96.80272772353653,6.588625937459948
20260109-200016-99c64,164,3,104.2886658903833,7.098136852412356
20260109-200016-99c64,165,2,85.01227562000551,5.7861394748309
20260109-200016-99c64,165,4,85.57458850259636,5.824411838950502
20260109-200016-99c64,165,5,96.24430449278742,6.550618312378333
20260109-200016-99c64,165,3,104.18536600845134,7.091106014568848
20260109-200016-99c64,166,2,85.9057879609686,5.846954068836173
20260109-200016-99c64,166,4,86.00043905628668,5.853396249509045
20260109-200016-99c64,166,5,96.01015421810939,6.534681482814884
20260109-200016-99c64,166,3,104.18838289137065,7.091311350859673
20260109-200016-99c64,167,2,86.82253641530569,5.909350168475245
20260109-200016-99c64,167,4,86.9308905268038,5.916725009311195
20260109-200016-99c64,167,5,95.5234328499105,6.501554058554798
20260109-200016-99c64,167,3,104.20626597659573,7.092528516552485
20260109-200016-99c64,168,2,87.38050089448346,5.9473265698240905
20260109-200016-99c64,168,4,86.71473934251496,5.902013241030394
20260109-200016-99c64,168,5,97.15181331455918,6.612385540453512
20260109-200016-99c64,168,3,104.08404583590526,7.0842099204966695
20260109-200016-99c64,169,2,87.6141948601957,5.963232341904366
20260109-200016-99c64,169,4,86.1331123241032,5.862426310480466
20260109-200016-99c64,169,5,98.34498904944192,6.693595944123624
20260109-200016-99c64,169,3,104.40789542595924,7.1062519007077976
20260109-200016-99c64,170,2,87.7557999108481,5.972870321448375
20260109-200016-99c64,170,4,85.99781219667645,5.853217459140539
20260109-200016-99c64,170,5,99.0880581793941,6.744171012182768
20260109-200016-99c64,170,3,104.29679697647634,7.0986902736432675
20260109-200016-99c64,171,2,86.82867330025577,5.909767859591066
20260109-200016-99c64,171,4,86.9175915748196,5.915819850726879
20260109-200016-99c64,171,5,98.59906136395662,6.710888715523443
20260109-200016-99c64,171,3,104.40966477122969,7.1063723265926395
20260109-200016-99c64,172,2,86.4739463893336,5.885624294828184
20260109-200016-99c64,172,4,89.86809119718893,6.116637935067717
20260109-200016-99c64,172,5,98.2382643970663,6.686332008185613
20260109-200016-99c64,172,3,100.03360540231424,6.808527225117356
20260109-200016-99c64,173,2,86.02265218688134,5.8549081284801225
20260109-200016-99c64,173,4,91.16692035791124,6.205039364427272
20260109-200016-99c64,173,5,95.97787459666924,6.532484454321231
20260109-200016-99c64,173,3,97.32266642977126,6.624014213455342
20260109-200016-99c64,174,2,86.02968771870604,5.855386983658629
20260109-200016-99c64,174,4,91.36853425115676,6.218761689795865
20260109-200016-99c64,174,5,95.81509521378993,6.521405298915762
20260109-200016-99c64,174,3,94.86344091510746,6.456633423750202
20260109-200016-99c64,175,2,86.75963366445689,5.905068856310534
20260109-200016-99c64,175,4,90.24952608085304,6.142599308544081
20260109-200016-99c64,175,5,95.40514375590443,6.493503018969293
20260109-200016-99c64,175,3,93.35468238930169,6.353943698054891
20260109-200016-99c64,176,2,86.35031219668578,5.87720945500298
20260109-200016-99c64,176,4,90.46362161475288,6.157171164326651
20260109-200016-99c64,176,5,95.13094200632791,6.474840189916414
20260109-200016-99c64,176,3,97.03156830776473,6.604201376750207
20260109-200016-99c64,177,2,85.94879404674377,5.8498811662317785
20260109-200016-99c64,177,4,90.0463133220905,6.128768160551748
20260109-200016-99c64,177,5,94.63840906659618,6.441317216152309
20260109-200016-99c64,177,3,99.89884480881224,6.799355095751017
20260109-200016-99c64,178,2,85.69509965752947,5.832614117334777
20260109-200016-99c64,178,4,89.80935480610565,6.112640195346278
20260109-200016-99c64,178,5,94.79360593734049,6.451880287586813
20260109-200016-99c64,178,3,101.64319836960577,6.918079984863315
20260109-200016-99c64,179,2,85.57952790552211,5.82474802656626
20260109-200016-99c64,179,4,88.63759115704887,6.032887149618094
20260109-200016-99c64,179,5,95.32914666820402,6.488330474817186
20260109-200016-99c64,179,3,98.63590113223853,6.71339611855371
20260109-200016-99c64,180,2,84.99038383139914,5.78464946716664
20260109-200016-99c64,180,4,86.10114793655904,5.860250737562212
20260109-200016-99c64,180,5,98.35392251052897,6.6942039769220125
20260109-200016-99c64,180,3,96.24304445935056,6.5505325514790345
20260109-200016-99c64,181,2,86.11252660069265,5.8610251967474785
20260109-200016-99c64,181,4,84.28418218046112,5.736583688196695
20260109-200016-99c64,181,5,99.2749607324356,6.756892048435627
20260109-200016-99c64,181,3,93.8658214259941,6.388733047425479
20260109-200016-99c64,182,2,87.15514360211077,5.931988211736052
20260109-200016-99c64,182,4,84.45183799953615,5.74799474555118
20260109-200016-99c64,182,5,99.27571849332305,6.756943623459956
20260109-200016-99c64,182,3,92.84009082527864,6.31891936138947
20260109-200016-99c64,183,2,88.19807300229427,6.0029724893342316
20260109-200016-99c64,183,4,86.62849181683973,5.8961430274726885
20260109-200016-99c64,183,5,98.59343816752207,6.71050598728064
20260109-200016-99c64,183,3,92.21480908486434,6.276361185705831
20260109-200016-99c64,183,6,86.71972114510898,5.902352314469316
20260109-200016-99c64,184,2,89.29536397592378,6.077656746067612
20260109-200016-99c64,184,4,86.85824919021361,5.911780865632138
20260109-200016-99c64,184,5,100.00632077791188,6.80667016810813
20260109-200016-99c64,184,3,92.5246713472643,6.297451154832723
20260109-200016-99c64,184,6,86.55907415612684,5.891418294909398
20260109-200016-99c64,185,2,89.37031718765458,6.082758241516334
20260109-200016-99c64,185,4,88.51328157406009,6.024426341105612
20260109-200016-99c64,185,5,101.41133500028047,6.902298807565849
20260109-200016-99c64,185,3,92.68385754455407,6.308285749404732
20260109-200016-99c64,185,6,87.09170909689676,5.9276707070932435
20260109-200016-99c64,186,2,88.1626631979128,6.000562413078382
20260109-200016-99c64,186,4,89.46521978918643,6.08921754030563
20260109-200016-99c64,186,5,100.37265507278774,6.831603759276071
20260109-200016-99c64,186,3,92.65984435386699,6.306651354024325
20260109-200016-99c64,186,6,87.2537944103867,5.9387026224705775
20260109-200016-99c64,187,2,87.57218862841624,5.9603732969709675
20260109-200016-99c64,187,4,90.30584283666637,6.146432362082871
20260109-200016-99c64,187,5,103.17199366860689,7.022133461422701
20260109-200016-99c64,187,3,92.22912488179965,6.277335553197548
20260109-200016-99c64,187,6,87.48480279592421,5.954425607519821
20260109-200016-99c64,188,2,86.96060894388846,5.918747716090527
20260109-200016-99c64,188,4,90.46480468144102,6.157251686684342
20260109-200016-99c64,188,5,104.5058221068139,7.112917025592409
20260109-200016-99c64,188,3,91.26574894503476,6.211765875216763
20260109-200016-99c64,188,6,87.68035573864196,5.967735410051589
20260109-200016-99c64,189,2,86.51709541507434,5.888561121060844
20260109-200016-99c64,189,4,88.69266180279124,6.036635389915278
20260109-200016-99c64,189,5,104.83815349404631,7.1355362972724885
20260109-200016-99c64,189,3,90.81389087945792,6.181011330991391
20260109-200016-99c64,189,6,87.36888426134563,5.946535913897364
20260109-200016-99c64,190,2,85.72965206443831,5.834965837061223
20260109-200016-99c64,190,4,87.67002758742055,5.967032451295946
20260109-200016-99c64,190,5,105.83641353976135,7.203480271416607
20260109-200016-99c64,190,3,90.04059367866752,6.128378867895478
20260109-200016-99c64,190,6,86.94172907443806,5.917462706871448
20260109-200016-99c64,191,2,85.77213688914382,5.837857456177604
20260109-200016-99c64,191,4,88.08276237926299,5.995124171630434
20260109-200016-99c64,191,5,105.74841305984019,7.197490747586521
20260109-200016-99c64,191,3,90.26651849964298,6.143755853342067
20260109-200016-99c64,191,6,86.71084972302184,5.90174850419413
20260109-200016-99c64,192,2,86.11875394210962,5.861449044547496
20260109-200016-99c64,192,4,87.83283146119106,5.978113273610238
20260109-200016-99c64,192,5,106.17852644187973,7.226765296471627
20260109-200016-99c64,192,3,90.79564601096922,6.1797695414615195
20260109-200016-99c64,192,6,86.78908652756955,5.907073488849307
20260109-200016-99c64,193,2,86.17523062297877,5.865292982969343
20260109-200016-99c64,193,4,88.24689374174802,6.00629534601209
20260109-200016-99c64,193,5,105.40186197083936,7.173903648882372
20260109-200016-99c64,193,3,90.85664645886146,6.183921378322226
20260109-200016-99c64,193,6,86.89156707551402,5.914048560855546
20260109-200016-99c64,194,2,86.01882050436748,5.854647334973693
20260109-200016-99c64,194,4,87.84309059563365,5.978811534918302
20260109-200016-99c64,194,5,103.91698335813064,7.072839247374877
20260109-200016-99c64,194,3,90.83660700844504,6.182557445240059
20260109-200016-99c64,194,6,87.17998668223976,5.933679091383284
20260109-200016-99c64,195,2,85.83623739474827,5.842220290405126
20260109-200016-99c64,195,4,88.92676641959149,6.052569111894006
20260109-200016-99c64,195,5,102.87401811974794,7.0018525305428625
20260109-200016-99c64,195,3,90.60586447650525,6.1668525548246205
20260109-200016-99c64,195,6,87.22620606051164,5.936824893176857
20260109-200016-99c64,196,2,84.95060462297994,5.781941998787124
20260109-200016-99c64,196,4,88.46081810305992,6.020855551377578
20260109-200016-99c64,196,5,104.01168732572046,7.079285026661434
20260109-200016-99c64,196,3,90.19745976938067,6.139055550446535
20260109-200016-99c64,196,6,87.13153151788096,5.930381116623626
20260109-200016-99c64,197,2,84.62238994410869,5.759602920156591
20260109-200016-99c64,197,4,90.42635638771549,6.15463480355255
20260109-200016-99c64,197,5,104.71363092009494,7.127060992083999
20260109-200016-99c64,197,3,90.06036775713919,6.129724739126297
20260109-200016-99c64,197,6,86.99931916717348,5.921382426776666
20260109-200016-99c64,198,2,84.36602802102244,5.74215431250323
20260109-200016-99c64,198,4,92.14784162363345,6.271803219598803
20260109-200016-99c64,198,5,104.91636709863506,7.140859702882787
20260109-200016-99c64,198,3,94.06538112089044,6.402315559125156
20260109-200016-99c64,198,6,86.97522769440405,5.919742703329889
20260109-200016-99c64,199,2,84.3574203213132,5.741568451805914
20260109-200016-99c64,199,4,92.63340738654868,6.304851990590284
20260109-200016-99c64,199,5,103.93261218018505,7.0739029825069455
20260109-200016-99c64,199,3,97.30793278885032,6.623011406499301
20260109-200016-99c64,199,6,86.78227436239969,5.90660983654132
20260109-200016-99c64,200,2,84.54008957877986,5.7540013598036985
20260109-200016-99c64,200,4,91.5387392460077,6.23034625017068
20260109-200016-99c64,200,5,100.36815198802117,6.83129726852122
20260109-200016-99c64,200,3,99.32802135769613,6.760503481915557
20260109-200016-99c64,200,6,86.73169113704637,5.903167020843863
20260109-200016-99c64,201,2,85.44948002162107,5.815896655524018
20260109-200016-99c64,201,4,90.27627495976459,6.1444199014296235
20260109-200016-99c64,201,5,97.72038273922429,6.651083739839938
20260109-200016-99c64,201,3,100.27385440012226,6.824879148411577
20260109-200016-99c64,201,6,86.54863865266563,5.890708029502711
20260109-200016-99c64,202,2,86.2917457709065,5.873223283527981
20260109-200016-99c64,202,4,91.40091159831357,6.220965369736297
20260109-200016-99c64,202,5,95.66219348057491,6.510998440048931
20260109-200016-99c64,202,3,100.88358063398782,6.866378578992392
20260109-200016-99c64,202,6,86.5459707805884,5.8905264477272885
20260109-200016-99c64,203,2,87.81111074306523,5.976634909413386
20260109-200016-99c64,203,4,91.4208421722594,6.222321892424614
20260109-200016-99c64,203,5,95.76247446141117,6.517823804239687
20260109-200016-99c64,203,3,100.87062249693462,6.865496617090103
20260109-200016-99c64,203,6,86.30153359395382,5.873889466251519
20260109-200016-99c64,204,2,91.07105689286371,6.198514666961403
20260109-200016-99c64,204,4,91.95017677559879,6.258349675723421
20260109-200016-99c64,204,5,96.38838069377347,6.560424484343843
20260109-200016-99c64,204,3,96.18858290100907,6.546825767131923
20260109-200016-99c64,204,6,85.95230919585859,5.850120415715512
20260109-200016-99c64,205,2,92.41480128122996,6.289973134493341
20260109-200016-99c64,205,4,92.39940324796915,6.288925107400367
20260109-200016-99c64,205,5,96.47408709094952,6.566257867397398
20260109-200016-99c64,205,3,92.33745405846973,6.284708696909268
20260109-200016-99c64,205,6,85.7728437545591,5.8379055671339675
20260109-200016-99c64,206,2,94.4355503175046,6.427510162907668
20260109-200016-99c64,206,4,93.23724151863281,6.34595039058512
20260109-200016-99c64,206,5,96.0590862404555,6.53801191367343
20260109-200016-99c64,206,3,89.94508974146783,6.121878640757659
20260109-200016-99c64,206,6,86.04759839027724,5.856606026944355
20260109-200016-99c64,207,2,96.05612500826496,6.537810365104745
20260109-200016-99c64,207,4,93.04210485523976,6.332668921023098
20260109-200016-99c64,207,5,94.81017924200586,6.453008306471772
20260109-200016-99c64,207,3,88.44475076984071,6.019761970123378
20260109-200016-99c64,207,6,85.9815736174869,5.852112222474674
20260109-200016-99c64,208,2,97.72016371048016,6.651068832218029
20260109-200016-99c64,208,4,92.24670362558398,6.278532004681603
20260109-200016-99c64,208,5,95.25639838921931,6.483379052382138
20260109-200016-99c64,208,3,91.85262963178984,6.251710383040881
20260109-200016-99c64,208,6,85.75028010715323,5.836369831147616
20260109-200016-99c64,209,2,98.53535515282482,6.706552717923881
20260109-200016-99c64,209,4,91.20933281207785,6.207926057831114
20260109-200016-99c64,209,5,95.87760487961124,6.525659856770251
20260109-200016-99c64,209,3,90.58729667142487,6.165588785455396
20260109-200016-99c64,209,6,86.12628516131996,5.861961637398925
20260109-200016-99c64,210,2,98.62299558915748,6.71251773632337
20260109-200016-99c64,210,4,91.71043056052252,6.242031973028404
20260109-200016-99c64,210,5,96.08664828093012,6.539887852286225
20260109-200016-99c64,210,3,89.64295976024302,6.10131494924199
20260109-200016-99c64,210,6,86.29539998577266,5.873471998160455
20260109-200016-99c64,211,2,97.8162614425691,6.657609474460885
20260109-200016-99c64,211,4,92.03108801861984,6.263856689078697
20260109-200016-99c64,211,5,94.32064813846615,6.419689644882126
20260109-200016-99c64,211,3,88.9865140373611,6.056635678130265
20260109-200016-99c64,211,6,86.8121507419579,5.90864329462565
20260109-200016-99c64,212,2,96.9041235648023,6.595527181726764
20260109-200016-99c64,212,4,93.04839092565845,6.3330967660598985
20260109-200016-99c64,212,5,94.20630547913103,6.411907209110223
20260109-200016-99c64,212,3,88.50688283254281,6.023990827403475
20260109-200016-99c64,212,6,87.36159695756459,5.946039922515355
20260109-200016-99c64,213,2,95.8405763144712,6.523139603772782
20260109-200016-99c64,213,4,92.56695046911044,6.300328773318889
20260109-200016-99c64,213,5,94.70788570427239,6.446045962829245
20260109-200016-99c64,213,3,87.7946152943444,5.9755121895908365
20260109-200016-99c64,213,6,88.53612572178656,6.025981168616874
20260109-200016-99c64,214,2,93.87553109173619,6.389393910575277
20260109-200016-99c64,214,4,92.34665819484815,6.2853351525175025
20260109-200016-99c64,214,5,94.21738570361585,6.412661355776854
20260109-200016-99c64,214,3,87.4718326361403,5.9535428273216295
20260109-200016-99c64,214,6,89.4664578558646,6.089301806094621
20260109-200016-99c64,215,2,92.24804593213574,6.278623365286525
20260109-200016-99c64,215,4,92.37873655036599,6.287518482369523
20260109-200016-99c64,215,5,93.62588384055576,6.372402319604405
20260109-200016-99c64,215,3,87.58486924494505,5.961236370160427
20260109-200016-99c64,215,6,89.61684444494902,6.099537478216563
20260109-200016-99c64,216,2,90.68010736225442,6.171905703782529
20260109-200016-99c64,216,4,91.90130911526245,6.255023625497703
20260109-200016-99c64,216,5,93.76153417045956,6.381635006565269
20260109-200016-99c64,216,3,92.21188297764527,6.276162027826991
20260109-200016-99c64,216,6,89.63778475962125,6.1009627262817006
20260109-200016-99c64,217,2,89.54337095235894,6.0945366960033045
20260109-200016-99c64,217,4,91.96124992895915,6.259103341112354
20260109-200016-99c64,217,5,93.08106991148864,6.335320976252256
20260109-200016-99c64,217,3,95.38943466275524,6.492433820393893
20260109-200016-99c64,217,6,89.18115031840767,6.069883090469064
20260109-200016-99c64,218,2,89.73153210227213,6.107343395379389
20260109-200016-99c64,218,4,92.3284806839628,6.284097947507745
20260109-200016-99c64,218,5,93.3470900650385,6.3534269462469375
20260109-200016-99c64,218,3,93.00315914822342,6.3300181827491375
20260109-200016-99c64,218,6,89.21867983829901,6.072437439649003
20260109-200016-99c64,219,2,90.47885485862648,6.1582079754585015
20260109-200016-99c64,219,4,92.98642725740837,6.328879370110286
20260109-200016-99c64,219,5,92.13753748154795,6.2711018949625625
20260109-200016-99c64,219,3,90.71920057136997,6.174566481403309
20260109-200016-99c64,219,6,89.35810142326817,6.0819268072791495
20260109-200016-99c64,220,2,91.42880139539213,6.222863616250043
20260109-200016-99c64,220,4,93.35711095543844,6.354108992093766
20260109-200016-99c64,220,5,91.05603924901534,6.1974925300846255
20260109-200016-99c64,220,3,88.67905521270622,6.0357092927436105
20260109-200016-99c64,220,6,89.13141388606167,6.066497909535656
20260109-200016-99c64,221,2,91.5494945927196,6.231078284876507
20260109-200016-99c64,221,4,94.29808525786156,6.4181539610861105
20260109-200016-99c64,221,5,89.46049128927598,6.088895707255179
20260109-200016-99c64,221,3,87.64311239387254,5.965200538637156
20260109-200016-99c64,221,6,89.29549028490848,6.077665342960203
20260109-200016-99c64,222,2,90.69393107557288,6.172846578882475
20260109-200016-99c64,222,4,94.09317884658003,6.404207539039233
20260109-200016-99c64,222,5,87.07289313156899,5.926390047342095
20260109-200016-99c64,222,3,86.99048476295484,5.920781136026438
20260109-200016-99c64,222,6,89.70907912285773,6.105815191722097
20260109-200016-99c64,223,2,89.370994503797,6.08280434127828
20260109-200016-99c64,223,4,93.80501690273199,6.384594545665242
20260109-200016-99c64,223,5,85.96124883351605,5.8507288689061046
20260109-200016-99c64,223,3,86.19976932342335,5.866963145804863
20260109-200016-99c64,223,6,89.96884554366908,6.123495517660088
20260109-200016-99c64,224,2,88.86632781271327,6.048455515280912
20260109-200016-99c64,224,4,91.82564388886755,6.249873668622387
20260109-200016-99c64,224,5,85.9393066505016,5.849235431277505
20260109-200016-99c64,224,3,85.77476781576785,5.838036523356827
20260109-200016-99c64,224,6,90.09380902459117,6.1320008320350095
20260109-200016-99c64,225,2,88.78370431212795,6.042831961567066
20260109-200016-99c64,225,4,90.0458964965332,6.128739790404101
20260109-200016-99c64,225,5,85.22813023140641,5.800831057649289
20260109-200016-99c64,225,3,84.9782316276845,5.783822359021297
20260109-200016-99c64,225,6,90.0025441817937,6.12578912783437
20260109-200016-99c64,226,2,88.4501594301982,6.020130096525973
20260109-200016-99c64,226,4,89.6833569327021,6.104064477736932
20260109-200016-99c64,226,5,85.13931924481618,5.794786368790407
20260109-200016-99c64,226,3,84.47061516856033,5.74927276473281
20260109-200016-99c64,226,6,90.14745030361418,6.135651786203356
20260109-200016-99c64,227,2,86.69009866665407,5.90033613750334
20260109-200016-99c64,227,4,89.18273652997337,6.069991051834511
20260109-200016-99c64,227,5,86.33359321170316,5.876071520766054
20260109-200016-99c64,227,3,85.0265044390723,5.787107922400173
20260109-200016-99c64,227,6,89.95079384059788,6.122266875432053
20260109-200016-99c64,228,2,84.56159430086136,5.755465022791468
20260109-200016-99c64,228,4,87.61379164267443,5.963204897952304
20260109-200016-99c64,228,5,89.3010466985661,6.0780435258069545
20260109-200016-99c64,228,3,85.78307414704493,5.838601872195484
20260109-200016-99c64,228,6,89.53326864221091,6.093849108533045
20260109-200016-99c64,229,2,83.70574430401518,5.697213818301652
20260109-200016-99c64,229,4,87.07221033444766,5.926343574531572
20260109-200016-99c64,229,5,90.65614161863785,6.1702745377635955
20260109-200016-99c64,229,3,86.58622298136993,5.8932661091019805
20260109-200016-99c64,229,6,89.62370147522138,6.100004184151084
20260109-200016-99c64,230,2,84.18364843787563,5.729741120434758
20260109-200016-99c64,230,4,87.08305036424744,5.927081372971567
20260109-200016-99c64,230,5,93.03781584891475,6.332377000960684
20260109-200016-99c64,230,3,86.79894891306567,5.907744746472032
20260109-200016-99c64,230,6,89.439565716251,6.087471462541926
20260109-200016-99c64,231,2,84.16865496416818,5.72872062863577
20260109-200016-99c64,231,4,87.51010918769497,5.956148021269158
20260109-200016-99c64,231,5,94.25256105039146,6.415055474285444
20260109-200016-99c64,231,3,87.58463707631712,5.961220568206496
20260109-200016-99c64,231,6,89.319484413674,6.079298440940486
20260109-200016-99c64,232,2,83.76513626919315,5.701256177969096
20260109-200016-99c64,232,4,88.3207329301442,6.011321018359438
20260109-200016-99c64,232,5,94.55008464677007,6.435305644194964
20260109-200016-99c64,232,3,87.99865751010712,5.989399792416973
20260109-200016-99c64,232,6,89.3805054578678,6.0834516796349
20260109-200016-99c64,233,2,83.47966356601685,5.681826220768347
20260109-200016-99c64,233,4,87.52904590110205,5.957436899424332
20260109-200016-99c64,233,5,94.21877441378061,6.412755874723028
20260109-200016-99c64,233,3,87.7030585460801,5.969280617603666
20260109-200016-99c64,233,6,89.36019788837687,6.082069497725142
20260109-200016-99c64,234,2,83.46512148168289,5.680836451613276
20260109-200016-99c64,234,4,86.45998298372946,5.8846739119360665
20260109-200016-99c64,234,5,93.4109899722157,6.3577761272641435
20260109-200016-99c64,234,3,86.46590476497936,5.885076962577888
20260109-200016-99c64,234,6,89.16655295083879,6.068889558604367
20260109-200016-99c64,235,2,83.60629795044689,5.690445260845531
20260109-200016-99c64,235,4,86.08513099772783,5.859160586270986
20260109-200016-99c64,235,5,92.98095658813051,6.328507023231774
20260109-200016-99c64,235,3,84.54779881706907,5.7545260690608115
20260109-200016-99c64,235,6,89.42129328731372,6.086227797181789
20260109-200016-99c64,236,2,84.1951712910558,5.73052539347253
20260109-200016-99c64,236,4,85.83097430718757,5.841862072036398
20260109-200016-99c64,236,5,93.46717428204407,6.36160016621138
20260109-200016-99c64,236,3,83.78874968899837,5.702863363983989
20260109-200016-99c64,236,6,88.98692728582247,6.056663804812181
20260109-200016-99c64,237,2,84.29691719892605,5.73745046411247
20260109-200016-99c64,237,4,85.81503851259826,5.84077744361699
20260109-200016-99c64,237,5,93.52142101453103,6.365292328995333
20260109-200016-99c64,237,3,87.80933325769239,5.976513929493643
20260109-200016-99c64,237,6,87.88482184156442,5.98165186365498
20260109-200016-99c64,238,2,83.91424162355162,5.711404646181129
20260109-200016-99c64,238,4,85.46016519735248,5.81662391422453
20260109-200016-99c64,238,5,94.1119548144213,6.405485476465472
20260109-200016-99c64,238,3,92.0110129160583,6.262490329425983
20260109-200016-99c64,238,6,87.51459396009972,5.956453265640721
20260109-200016-99c64,239,2,83.00218587790634,5.649327943556284
20260109-200016-99c64,239,4,85.52865782591822,5.821285686880171
20260109-200016-99c64,239,5,94.17796898004522,6.409978558985954
20260109-200016-99c64,239,3,91.69857067236438,6.24122476058128
20260109-200016-99c64,239,6,87.14552870550376,5.931333798800997
20260109-200016-99c64,240,2,83.8076500331766,5.7041497667621766
20260109-200016-99c64,240,4,84.83469491327091,5.774052905806466
20260109-200016-99c64,240,5,93.64474267812844,6.373685897343418
20260109-200016-99c64,240,3,93.75459639733126,6.381162805078222
20260109-200016-99c64,240,6,86.77764091173194,5.906294472770408
20260109-200016-99c64,241,2,84.05925000204162,5.7212742643844186
20260109-200016-99c64,241,4,84.09220351228474,5.72351715936707
20260109-200016-99c64,241,5,94.19243354804195,6.410963052193104
20260109-200016-99c64,241,3,92.25095494566506,6.278821359727822
20260109-200016-99c64,241,6,86.42234377284309,5.88211209692379
20260109-200016-99c64,242,2,84.1481377351036,5.727324176792329
20260109-200016-99c64,242,4,85.85212295284404,5.843301499608236
20260109-200016-99c64,242,5,94.32509542269617,6.41999233771856
20260109-200016-99c64,242,3,91.28701827024943,6.213213516528915
20260109-200016-99c64,242,6,86.05711999127824,5.857254089956593
20260109-200016-99c64,243,2,83.71200871539962,5.697640189172608
20260109-200016-99c64,243,4,87.06544987532517,5.925883441461243
20260109-200016-99c64,243,5,94.26930799024001,6.416195311197627
20260109-200016-99c64,243,3,94.32014085620752,6.419655118034325
20260109-200016-99c64,243,6,85.69193266290961,5.832398564081403
20260109-200016-99c64,244,2,83.86382259439242,5.707973006070651
20260109-200016-99c64,244,4,85.90168944833341,5.8466751142314
20260109-200016-99c64,244,5,94.55720445325748,6.43579023530924
20260109-200016-99c64,244,3,92.74300841560984,6.312311699627688
20260109-200016-99c64,244,6,85.32678225578178,5.80754555115446
20260109-200016-99c64,245,2,84.41543353317412,5.745516970214133
20260109-200016-99c64,245,4,86.36516717587972,5.878220520533046
20260109-200016-99c64,245,5,95.67251097513245,6.51170067348646
20260109-200016-99c64,245,3,91.50544972491056,6.22808048548301
20260109-200016-99c64,245,6,84.96166924593784,5.782695083576396
20260109-200016-99c64,246,2,84.72129722772857,5.766334787218465
20260109-200016-99c64,246,4,87.71396532735388,5.9700229593091585
20260109-200016-99c64,246,5,96.31728742269118,6.555585705718003
20260109-200016-99c64,246,3,90.63114813459464,6.168573421265052
20260109-200016-99c64,246,6,84.59659411759006,5.757847194303862
20260109-200016-99c64,247,2,85.83707806264147,5.842277508279211
20260109-200016-99c64,247,4,88.01440627395348,5.990471691075215
20260109-200016-99c64,247,5,96.8729174226103,6.593403216806669
20260109-200016-99c64,247,3,89.36135801183585,6.082148458511601
20260109-200016-99c64,247,6,84.2315573632946,5.7330019168614115
20260109-200016-99c64,248,2,88.14540055067243,5.999387475883616
20260109-200016-99c64,248,4,88.19816116041909,6.002978489587752
20260109-200016-99c64,248,5,95.18315778895915,6.478394121379703
20260109-200016-99c64,248,3,92.18824868468937,6.274553421135375
20260109-200016-99c64,248,6,84.48581630415066,5.750307390497854
20260109-200016-99c64,249,2,88.97507032131453,6.055856791355703
20260109-200016-99c64,249,4,87.2655608731798,5.939503476163173
20260109-200016-99c64,249,5,95.4183152723705,6.4943995039864495
20260109-200016-99c64,249,3,94.55928918579723,6.435932127208436
20260109-200016-99c64,249,6,84.81541506305427,5.7727406729366395
20260109-200016-99c64,250,2,90.35570612562486,6.1498261771817315
20260109-200016-99c64,250,4,85.56063193427983,5.823461921420587
20260109-200016-99c64,250,5,95.76180693745123,6.517778370957177
20260109-200016-99c64,250,3,95.980744327148,6.532679775063843
20260109-200016-99c64,250,6,85.05887085858454,5.789310858578895
20260109-200016-99c64,251,2,92.74181645342749,6.312230571821315
20260109-200016-99c64,251,4,85.81559344640692,5.840815213743631
20260109-200016-99c64,251,5,96.33034691123984,6.556474565846278
20260109-200016-99c64,251,3,96.57509844395558,6.573132942470637
20260109-200016-99c64,251,6,84.85087747648495,5.775154329890621
20260109-200016-99c64,252,2,93.92785564409898,6.392955245167501
20260109-200016-99c64,252,4,84.69539356815154,5.764571721989025
20260109-200016-99c64,252,5,97.0535733809877,6.605699094837311
20260109-200016-99c64,252,3,96.95656455291991,6.5990964412158615
20260109-200016-99c64,252,6,84.2471189531213,5.734061076006732
20260109-200016-99c64,253,2,94.12466155018318,6.40635032739261
20260109-200016-99c64,253,4,85.47181939276788,5.817417126730002
20260109-200016-99c64,253,5,97.82476433395836,6.658188201652443
20260109-200016-99c64,253,3,97.2883376829352,6.621677716570145
20260109-200016-99c64,253,6,84.13641918818512,5.726526584369138
20260109-200016-99c64,254,2,93.90708551242838,6.391541580165827
20260109-200016-99c64,254,4,85.07090409361726,5.790129869430268
20260109-200016-99c64,254,5,98.48100558939534,6.7028535562192255
20260109-200016-99c64,254,3,93.44459481638033,6.36006335359644
20260109-200016-99c64,254,6,84.07220109078065,5.7221557465615325
20260109-200016-99c64,255,2,92.9713860892091,6.3278556321097374
20260109-200016-99c64,255,4,83.9020480047204,5.710574719223572
20260109-200016-99c64,255,5,99.75730203407169,6.789721354855006
20260109-200016-99c64,255,3,94.47943378546859,6.430496977040415
20260109-200016-99c64,255,6,84.21724399446396,5.732027714632324
20260109-200016-99c64,256,2,90.19334613618366,6.13877556670004
20260109-200016-99c64,256,4,84.313898424235,5.738606247055281
20260109-200016-99c64,256,5,99.37484546565237,6.763690443062561
20260109-200016-99c64,256,3,95.4278093922181,6.495045696565442
20260109-200016-99c64,256,6,83.89525952742346,5.7101126791690575
20260109-200016-99c64,257,2,87.48526325093336,5.9544569471926545
20260109-200016-99c64,257,4,85.02855282338062,5.7872473403515166
20260109-200016-99c64,257,5,99.14533337876662,6.748069299690086
20260109-200016-99c64,257,3,94.71004963541009,6.4461932451750625
20260109-200016-99c64,257,6,83.282286934658,5.668392293611528
20260109-200016-99c64,258,2,89.67701437742251,6.1036327882049575
20260109-200016-99c64,258,4,84.3782191348162,5.742984068961927
20260109-200016-99c64,258,5,99.2680962089378,6.756424832494202
20260109-200016-99c64,258,3,93.86250843563322,6.388507557351639
20260109-200016-99c64,258,6,82.9400994627845,5.645102193160035
20260109-200016-99c64,259,2,92.73603767949987,6.31183725460101
20260109-200016-99c64,259,4,85.13496898220363,5.794490279478072
20260109-200016-99c64,259,5,99.93799452924898,6.802019719667923
20260109-200016-99c64,259,3,94.24217612541962,6.414348651372112
20260109-200016-99c64,259,6,83.21417467639023,5.663756409871105
20260109-200016-99c64,260,2,94.89158286394812,6.458548832317941
20260109-200016-99c64,260,4,85.60743150242138,5.8266472123289175
20260109-200016-99c64,260,5,99.47047279647114,6.770199068666191
20260109-200016-99c64,260,3,94.38601205084669,6.42413846960651
20260109-200016-99c64,260,6,83.59471495902558,5.689656894654759
20260109-200016-99c64,261,2,96.61692555057147,6.575979795715572
20260109-200016-99c64,261,4,86.66880640849618,5.898886935320042
20260109-200016-99c64,261,5,99.05933426749561,6.74221599381283
20260109-200016-99c64,261,3,94.8528364175763,6.455911656201594
20260109-200016-99c64,261,6,84.18156928711053,5.729599608444539
20260109-200016-99c64,262,2,98.0619624464422,6.674332474370573
20260109-200016-99c64,262,4,86.24209824967636,5.8698441540984705
20260109-200016-99c64,262,5,98.94724045506129,6.734586619957345
20260109-200016-99c64,262,3,95.15615071406036,6.4765559550557
20260109-200016-99c64,262,6,84.74625116666006,5.7680332121818125
20260109-200016-99c64,263,2,99.41216433319023,6.76623045473784
20260109-200016-99c64,263,4,85.86803046827785,5.844384203280462
20260109-200016-99c64,263,5,98.36225672952335,6.6947712238656285
20260109-200016-99c64,263,3,95.23024119976091,6.481598731300599
20260109-200016-99c64,263,6,84.92317471905574,5.780075053705027
20260109-200016-99c64,264,2,103.33716905179904,7.033375694358923
20260109-200016-99c64,264,4,85.15821920901558,5.796072745706324
20260109-200016-99c64,264,5,97.93200105950672,6.665486990519366
20260109-200016-99c64,264,3,94.69937210355694,6.445466506735247
20260109-200016-99c64,264,6,84.27603879547175,5.736029429873387
20260109-200016-99c64,265,2,105.59226360092077,7.186862840714981
20260109-200016-99c64,265,4,86.17882185552074,5.865537410873699
20260109-200016-99c64,265,5,97.44521853301963,6.632355403679428
20260109-200016-99c64,265,3,93.77275605520192,6.3823987949689585
20260109-200016-99c64,265,6,83.11258492173076,5.656841967393398
20260109-200016-99c64,266,2,106.72181847994808,7.263743056270459
20260109-200016-99c64,266,4,88.33283173828875,6.012144492274152
20260109-200016-99c64,266,5,96.95844530002366,6.5992244493767975
20260109-200016-99c64,266,3,94.01361808862175,6.398792442937965
20260109-200016-99c64,266,6,82.91113081128674,5.643130517225691
20260109-200016-99c64,267,2,106.99750826104861,7.282507164319554
20260109-200016-99c64,267,4,90.07321361825052,6.1305990592585635
20260109-200016-99c64,267,5,97.0788489144717,6.607419408297604
20260109-200016-99c64,267,3,94.04325909833902,6.400809881186126
20260109-200016-99c64,267,6,83.1187870589458,5.6572640997349515
20260109-200016-99c64,268,2,107.45903319060795,7.313919658504258
20260109-200016-99c64,268,4,90.84153662646985,6.182892966871978
20260109-200016-99c64,268,5,96.67250504542947,6.579762669504606
20260109-200016-99c64,268,3,94.80426245152803,6.452605595513874
20260109-200016-99c64,268,6,83.70925469088688,5.697452743655692
20260109-200016-99c64,269,2,105.3316447515948,7.169124496446789
20260109-200016-99c64,269,4,91.36539612467286,6.218548101377097
20260109-200016-99c64,269,5,96.73072422562608,6.583725206611995
20260109-200016-99c64,269,3,95.37012310886591,6.4911194296960275
20260109-200016-99c64,269,6,84.46287920721339,5.748746236640263
20260109-200016-99c64,270,2,105.78449581496972,7.199946626485103
20260109-200016-99c64,270,4,91.58876580566186,6.233751177864874
20260109-200016-99c64,270,5,96.60631696754946,6.575257750098654
20260109-200016-99c64,270,3,96.02934512323283,6.5359876618682335
20260109-200016-99c64,270,6,85.38232088097787,5.811325643256233
20260109-200016-99c64,271,2,103.76087447642054,7.062214102285573
20260109-200016-99c64,271,4,90.51840195896933,6.160899646005372
20260109-200016-99c64,271,5,96.38475919276652,6.560177996295128
20260109-200016-99c64,271,3,97.33066057155806,6.624558313928158
20260109-200016-99c64,271,6,85.89586973796024,5.846279010778378
20260109-200016-99c64,272,2,105.78375109061713,7.199895938758619
20260109-200016-99c64,272,4,89.66618971229778,6.102896035521615
20260109-200016-99c64,272,5,96.79195381923593,6.587892639680102
20260109-200016-99c64,272,3,98.0053175477302,6.670477086638685
20260109-200016-99c64,272,6,85.6404611755908,5.828895291143095
20260109-200016-99c64,273,2,107.18275696655259,7.295115635740423
20260109-200016-99c64,273,4,89.67453387538706,6.103463959284192
20260109-200016-99c64,273,5,95.62299727726332,6.508330652396023
20260109-200016-99c64,273,3,98.27460110966045,6.688805172038636
20260109-200016-99c64,273,6,85.59316320438302,5.825676077726105
20260109-200016-99c64,274,2,108.02209687311425,7.352243123867732
20260109-200016-99c64,274,4,89.29898992389896,6.077903536787656
20260109-200016-99c64,274,5,96.07606229541692,6.5391673447099805
20260109-200016-99c64,274,3,97.84328672615092,6.659448880111549
20260109-200016-99c64,274,6,85.41986597103998,5.813881052179357
20260109-200016-99c64,275,2,107.99443331456293,7.350360275691033
20260109-200016-99c64,275,4,89.51962572404894,6.092920538785286
20260109-200016-99c64,275,5,96.13632240796389,6.543268792570573
20260109-200016-99c64,275,3,97.71742274215079,6.650882275336282
20260109-200016-99c64,275,6,85.06428544455635,5.789679388293019
20260109-200016-99c64,276,2,106.70606909719528,7.262671115487959
20260109-200016-99c64,276,4,89.87405906456927,6.117044122442166
20260109-200016-99c64,276,5,95.61809678582395,6.507997113189401
20260109-200016-99c64,276,3,97.59587097616527,6.642609170466723
20260109-200016-99c64,276,6,85.52881270494657,5.82129622831849
20260109-200016-99c64,277,2,106.0513749042569,7.218111057707175
20260109-200016-99c64,277,4,89.91323882032898,6.119710790635225
20260109-200016-99c64,277,5,94.89852284923357,6.459021184369713
20260109-200016-99c64,277,3,98.06454278288466,6.674508098260643
20260109-200016-99c64,277,6,86.00157879574571,5.853473822911554
20260109-200016-99c64,278,2,106.37402474110783,7.240071379836367
20260109-200016-99c64,278,4,90.1639974072401,6.136778021782698
20260109-200016-99c64,278,5,91.38544914359844,6.219912957964556
20260109-200016-99c64,278,3,97.48761283452147,6.635240861569347
20260109-200016-99c64,278,6,86.20040737870366,5.8670065733783225
20260109-200016-99c64,279,2,106.99283842409429,7.282189324010665
20260109-200016-99c64,279,4,90.23961888679064,6.141925001142812
20260109-200016-99c64,279,5,89.52894378535059,6.093554748397171
20260109-200016-99c64,279,3,96.76993628023405,6.586394073142173
20260109-200016-99c64,279,6,86.39926952187912,5.880541608034026
20260109-200016-99c64,280,2,107.85327484908778,7.340752691805817
20260109-200016-99c64,280,4,89.05088884854361,6.061017182253655
20260109-200016-99c64,280,5,87.24893111256358,5.938371614750728
20260109-200016-99c64,280,3,97.10958053190406,6.6095110759238835
20260109-200016-99c64,280,6,86.59816499407121,5.894078911142579
20260109-200016-99c64,281,2,108.44291218894254,7.380884824054787
20260109-200016-99c64,281,4,88.56939034040886,6.028245238382351
20260109-200016-99c64,281,5,86.15476384767315,5.863899965129805
20260109-200016-99c64,281,3,97.98511505649319,6.669102056607034
20260109-200016-99c64,281,6,87.65237055232053,5.965830671117077
20260109-200016-99c64,282,2,108.64853853208739,7.394880246391835
20260109-200016-99c64,282,4,88.41116297293908,6.017475904068708
20260109-200016-99c64,282,5,85.33515115718188,5.808115158665833
20260109-200016-99c64,282,3,98.82886227848293,6.726529517198207
20260109-200016-99c64,282,6,87.95401253211125,5.986361148084129
20260109-200016-99c64,283,2,108.74266004370253,7.40128638232709
20260109-200016-99c64,283,4,88.75300639123697,6.04074258740825
20260109-200016-99c64,283,5,84.70024752219432,5.764902093748763
20260109-200016-99c64,283,3,99.52642275344914,6.774007156996076
20260109-200016-99c64,283,6,88.59421237404858,6.029934685555021
20260109-200016-99c64,284,2,108.53227580272866,7.386967126046709
20260109-200016-99c64,284,4,88.10914800633408,5.996920040724054
20260109-200016-99c64,284,5,84.93903753802755,5.781154715228795
20260109-200016-99c64,284,3,99.56604539375417,6.776703968974039
20260109-200016-99c64,284,6,88.3049471792277,6.0102466022724474
20260109-200016-99c64,285,2,107.93349187786332,7.346212455273701
20260109-200016-99c64,285,4,88.09706701987507,5.996097779796022
20260109-200016-99c64,285,5,86.08413286567719,5.859092651008494
20260109-200016-99c64,285,3,99.48941138967284,6.771488074764697
20260109-200016-99c64,285,6,87.91849567498227,5.983943785561397
20260109-200016-99c64,286,2,107.21197031430805,7.297103966289241
20260109-200016-99c64,286,4,88.73905656245987,6.039793128587561
20260109-200016-99c64,286,5,87.23200199083267,5.9372193781024665
20260109-200016-99c64,286,3,99.23228350751998,6.7539873340992616
20260109-200016-99c64,286,6,87.42822756836107,5.950574961773507
20260109-200016-99c64,287,2,106.94682833434904,7.279057766896425
20260109-200016-99c64,287,4,87.74270919440926,5.97197933587496
20260109-200016-99c64,287,5,88.10817625325764,5.996853900877845
20260109-200016-99c64,287,3,95.49094973108069,6.49934317954049
20260109-200016-99c64,287,6,87.02706022614682,5.923270549818057
20260109-200016-99c64,288,2,107.10875938042734,7.2900791824635425
20260109-200016-99c64,288,4,87.56290894186556,5.9597416992367185
20260109-200016-99c64,288,5,88.47854601053179,6.022062155300141
20260109-200016-99c64,288,3,96.72994546881685,6.583672202554848
20260109-200016-99c64,288,6,87.69270151148882,5.968575692976561
20260109-200016-99c64,289,2,106.7314161222044,7.264396294833002
20260109-200016-99c64,289,4,86.74761919343011,5.904251122582432
20260109-200016-99c64,289,5,88.4479893918021,6.019982398505492
20260109-200016-99c64,289,3,97.72913704286816,6.6516795787528356
20260109-200016-99c64,289,6,88.16741598980856,6.000885899499644
20260109-200016-99c64,290,2,106.19042850149418,7.227575379209264
20260109-200016-99c64,290,4,85.23619212657614,5.8013797695799285
20260109-200016-99c64,290,5,88.15812800474387,6.000253736948618
20260109-200016-99c64,290,3,98.73654769170633,6.720246364903375
20260109-200016-99c64,290,6,88.48484581776323,6.02249093529738
20260109-200016-99c64,291,2,106.28519553138148,7.2340254506671124
20260109-200016-99c64,291,4,84.5165562174023,5.7523996227575
20260109-200016-99c64,291,5,88.4701152674518,6.021488338695639
20260109-200016-99c64,291,3,99.5101359525975,6.772898638248176
20260109-200016-99c64,291,6,88.35111905677896,6.0133891710529905
20260109-200016-99c64,292,2,106.75386604213064,7.265924290254189
20260109-200016-99c64,292,4,85.41078595005293,5.813263044162487
20260109-200016-99c64,292,5,87.58869738467035,5.961496922536165
20260109-200016-99c64,292,3,94.25804848795758,6.415428962453894
20260109-200016-99c64,292,6,87.3246755631734,5.943526963816218
20260109-200016-99c64,293,2,107.31203901319127,7.30391488206088
20260109-200016-99c64,293,4,85.21864938112847,5.800185768229049
20260109-200016-99c64,293,5,87.18665402363722,5.9341328866378005
20260109-200016-99c64,293,3,96.117796146861,6.542007850784147
20260109-200016-99c64,293,6,86.80686698095809,5.9082836691730485
20260109-200016-99c64,294,2,107.73262741316752,7.332541137810536
20260109-200016-99c64,294,4,84.92138187761041,5.779953028614142
20260109-200016-99c64,294,5,87.29301078419547,5.941371782975925
20260109-200016-99c64,294,3,94.65430241466147,6.442398955559438
20260109-200016-99c64,294,6,86.39677384750456,5.880371746447453
20260109-200016-99c64,295,2,108.12306035684637,7.359114940843319
20260109-200016-99c64,295,4,84.80974909488336,5.772355033546824
20260109-200016-99c64,295,5,87.69676665830197,5.968852376623422
20260109-200016-99c64,295,3,93.909996327911,6.391739697252389
20260109-200016-99c64,295,6,86.17674071427204,5.86539576340639
20260109-200016-99c64,296,2,108.38374720677169,7.376857913395476
20260109-200016-99c64,296,4,85.7064849294668,5.833389026263021
20260109-200016-99c64,296,5,88.12295221403154,5.99785958822463
20260109-200016-99c64,296,3,93.56549602768145,6.368292180153103
20260109-200016-99c64,296,6,86.40334482414997,5.880818982885708
20260109-200016-99c64,297,2,108.44280722675379,7.380877680076352
20260109-200016-99c64,297,4,85.81865339320484,5.8410234810653705
20260109-200016-99c64,297,5,88.26816153431068,6.007742883008269
20260109-200016-99c64,297,3,93.42542149737577,6.35875837149654
20260109-200016-99c64,297,6,86.85071120606369,5.911267812342687
20260109-200016-99c64,298,2,108.22604809539,7.3661245334587955
20260109-200016-99c64,298,4,89.06752595089397,6.062149543362144
20260109-200016-99c64,298,5,88.62419558989411,6.031975415173431
20260109-200016-99c64,298,3,93.35887908034275,6.35422933491756
20260109-200016-99c64,298,6,86.27722020068691,5.872234638363162
20260109-200016-99c64,299,2,108.19527049433134,7.364029736076566
20260109-200016-99c64,299,4,91.47570762976135,6.226056167117785
20260109-200016-99c64,299,5,88.3117367895108,6.010708719440718
20260109-200016-99c64,299,3,92.98897257155298,6.329052610298724
20260109-200016-99c64,299,6,86.27410708665462,5.872022752351871
20260109-200016-99c64,300,2,107.47561674750075,7.3150483751804165
20260109-200016-99c64,300,4,91.46828072644394,6.225550674256346
20260109-200016-99c64,300,5,88.40705885267413,6.017196567795196
20260109-200016-99c64,300,3,92.7565776944918,6.313235257309343
20260109-200016-99c64,300,6,86.05180729416307,5.856892495042544
20260109-200016-99c64,301,2,107.04574505193577,7.285790276056721
20260109-200016-99c64,301,4,90.89388984273144,6.186456252397937
20260109-200016-99c64,301,5,88.37973125966032,6.015336586239166
20260109-200016-99c64,301,3,92.95976579524014,6.32706472701806
20260109-200016-99c64,301,6,85.58325845577309,5.825001936768199
20260109-200016-99c64,302,2,106.99952072227981,7.282644137260068
20260109-200016-99c64,302,4,90.88322026458715,6.185730055306632
20260109-200016-99c64,302,5,88.44090556477268,6.019500256239462
20260109-200016-99c64,302,3,93.36787026041148,6.3548412962083445
20260109-200016-99c64,302,6,85.72384524525017,5.834570611013189
20260109-200016-99c64,303,2,106.95132814508405,7.279364034812832
20260109-200016-99c64,303,4,91.26115262606497,6.211453038718315
20260109-200016-99c64,303,5,88.6993763271068,6.037092396552422
20260109-200016-99c64,303,3,93.56320498362547,6.368136246197046
20260109-200016-99c64,303,6,86.26672582701666,5.871520366108782
20260109-200016-99c64,304,2,106.36779692878207,7.239647499985168
20260109-200016-99c64,304,4,89.0953006675701,6.064039957227553
20260109-200016-99c64,304,5,88.66838709866555,6.034983195302711
20260109-200016-99c64,304,3,93.76592858176654,6.381934100743687
20260109-200016-99c64,304,6,86.80711237081408,5.908300370995486
20260109-200016-99c64,305,2,105.66511630095954,7.1918213702975375
20260109-200016-99c64,305,4,89.89071954591334,6.118178074781067
20260109-200016-99c64,305,5,88.95437753904635,6.054448390939966
20260109-200016-99c64,305,3,93.92521518487655,6.392775529176755
20260109-200016-99c64,305,6,87.1587386351741,5.932232898313012
20260109-200016-99c64,306,2,105.29283263164885,7.166482850429396
20260109-200016-99c64,306,4,90.09977024974438,6.132406567323541
20260109-200016-99c64,306,5,88.20312508166492,6.003316345979209
20260109-200016-99c64,306,3,94.0101038890538,6.398553258082669
20260109-200016-99c64,306,6,87.03384929764391,5.923732630315259
20260109-200016-99c64,307,2,104.64774568025065,7.122576684561451
20260109-200016-99c64,307,4,90.93870691090864,6.18950660960147
20260109-200016-99c64,307,5,87.29172778870304,5.941284459224024
20260109-200016-99c64,307,3,94.02631622117133,6.399656708309829
20260109-200016-99c64,307,6,86.40451619738826,5.880898709359142
20260109-200016-99c64,308,2,104.07861997128533,7.08384062313069
20260109-200016-99c64,308,4,90.42669625711906,6.154657935879711
20260109-200016-99c64,308,5,86.80032321506641,5.907838284763988
20260109-200016-99c64,308,3,93.74156993168675,6.380276192568046
20260109-200016-99c64,308,6,85.48418870608626,5.818259011875954
20260109-200016-99c64,309,2,103.71668885438956,7.0592067228219735
20260109-200016-99c64,309,4,88.16427811191936,6.000672328000828
20260109-200016-99c64,309,5,85.84498842148903,5.842815906284136
20260109-200016-99c64,309,3,93.72160361684485,6.378917237268578
20260109-200016-99c64,309,6,84.6838722771951,5.763787555279948
20260109-200016-99c64,310,2,104.2524036226471,7.095668755455004
20260109-200016-99c64,310,4,88.97912250748475,6.056132592870107
20260109-200016-99c64,310,5,84.32629732376991,5.739450145910125
20260109-200016-99c64,310,3,93.86228387984383,6.388492273545768
20260109-200016-99c64,310,6,84.80204996509968,5.771831012298854
20260109-200016-99c64,311,2,104.65188673880759,7.122858534943753
20260109-200016-99c64,311,4,88.71777976210231,6.038344978499246
20260109-200016-99c64,311,5,84.097943683018,5.7239078491613355
20260109-200016-99c64,311,3,93.73483231524483,6.37981761422537
20260109-200016-99c64,311,6,85.52428698145042,5.820988196717379
20260109-200016-99c64,312,2,105.27315630725431,7.165143632575639
20260109-200016-99c64,312,4,90.31156539005637,6.146821852798479
20260109-200016-99c64,312,5,84.19104510233511,5.730244555166965
20260109-200016-99c64,312,3,94.03103497110496,6.399977877753462
20260109-200016-99c64,312,6,85.98245935109689,5.852172507629584
20260109-200016-99c64,313,2,105.61140761634805,7.1881658283430925
20260109-200016-99c64,313,4,90.90301192521808,6.187077123221399
20260109-200016-99c64,313,5,85.5916670263985,5.825574244262238
20260109-200016-99c64,313,3,93.92489298734836,6.392753599639838
20260109-200016-99c64,313,6,86.25257989119581,5.870557559772115
20260109-200016-99c64,314,2,105.72702441779245,7.1960349852843954
20260109-200016-99c64,314,4,91.16986072100414,6.205239492595093
20260109-200016-99c64,314,5,86.54269618450363,5.890303570860011
20260109-200016-99c64,314,3,93.85824410224171,6.3882173165882845
20260109-200016-99c64,314,6,86.55007461184783,5.890805764330391
20260109-200016-99c64,315,2,104.96036762838189,7.143854484521378
20260109-200016-99c64,315,4,90.8895325867954,6.186159687103223
20260109-200016-99c64,315,5,86.43673672384536,5.883091715706445
20260109-200016-99c64,315,3,94.0480127148795,6.401133423734686
20260109-200016-99c64,315,6,86.57658549686943,5.892610158780691
20260109-200016-99c64,316,2,104.19726574647281,7.091915939293296
20260109-200016-99c64,316,4,89.17603501554342,6.069534930681401
20260109-200016-99c64,316,5,86.45184606408492,5.884120093659642
20260109-200016-99c64,316,3,94.39266702071687,6.424591422825194
20260109-200016-99c64,316,6,86.79778330797703,5.907665412592703
20260109-200016-99c64,317,2,104.09238329268779,7.084777387811916
20260109-200016-99c64,317,4,87.90119954057803,5.982766569149903
20260109-200016-99c64,317,5,86.43980142880761,5.883300306880265
20260109-200016-99c64,317,3,94.84533736447815,6.455401252652947
20260109-200016-99c64,317,6,87.20760510971088,5.935558867830367
20260109-200016-99c64,318,2,104.49782887118174,7.112372986794652
20260109-200016-99c64,318,4,87.76082078820524,5.973212054409439
20260109-200016-99c64,318,5,86.15417244166643,5.863859712617845
20260109-200016-99c64,318,3,94.6136213378044,6.439630103849909
20260109-200016-99c64,318,6,87.62758648954899,5.964143808332811
20260109-200016-99c64,319,2,104.87007073111099,7.137708661015967
20260109-200016-99c64,319,4,87.54718912428088,5.958671770730506
20260109-200016-99c64,319,5,86.45224602930087,5.884147316251999
20260109-200016-99c64,319,3,94.35190861220778,6.4218173077378635
20260109-200016-99c64,319,6,88.23712492971379,6.00563045722372
20260109-200016-99c64,320,2,104.96681999892274,7.144293648343548
20260109-200016-99c64,320,4,88.2097562460743,6.003767678941107
20260109-200016-99c64,320,5,86.46899978401366,5.885287617000195
20260109-200016-99c64,320,3,94.49022591357824,6.431231515176434
20260109-200016-99c64,320,6,88.42993921274012,6.018753860005181
20260109-200016-99c64,321,2,104.7774875616876,7.1314072283417005
20260109-200016-99c64,321,4,89.10360442680734,6.064605131007006
20260109-200016-99c64,321,5,85.98589833792397,5.852406573325255
20260109-200016-99c64,321,3,94.14360385884211,6.407639586374052
20260109-200016-99c64,321,6,88.70634593478748,6.037566764775495
20260109-200016-99c64,322,2,104.70159802945265,7.126242004672664
20260109-200016-99c64,322,4,89.41171661273611,6.085575985729773
20260109-200016-99c64,322,5,85.39774395455589,5.812375374653283
20260109-200016-99c64,322,3,93.95325818081912,6.394684202772803
20260109-200016-99c64,322,6,88.71184067604834,6.037940750050934
20260109-200016-99c64,323,2,104.78384900401652,7.131840203371574
20260109-200016-99c64,323,4,89.57864908229199,6.096937810180229
20260109-200016-99c64,323,5,84.73092538969402,5.766990103025647
20260109-200016-99c64,323,3,93.45318983415781,6.360648351131048
20260109-200016-99c64,323,6,88.33118215523756,6.012032217693335
20260109-200016-99c64,324,2,104.38705726942136,7.104833605770423
20260109-200016-99c64,324,4,88.64204603455232,6.033190359270938
20260109-200016-99c64,324,5,84.11183551663393,5.72485336069219
20260109-200016-99c64,324,3,92.5507147318288,6.299223730080096
20260109-200016-99c64,324,6,88.22199316062027,6.004600552708903
20260109-200016-99c64,325,2,105.04772540107187,7.149800264155065
20260109-200016-99c64,325,4,87.27780483805006,5.940336829792958
20260109-200016-99c64,325,5,84.61788143432068,5.759296060161763
20260109-200016-99c64,325,3,92.33298442162919,6.284404482700525
20260109-200016-99c64,325,6,88.06918320573679,5.994199940495548
20260109-200016-99c64,326,2,105.09672697178003,7.153135428642021
20260109-200016-99c64,326,4,87.67703368948573,5.9675093034144
20260109-200016-99c64,326,5,80.56209424629124,5.483249451845256
20260109-200016-99c64,326,3,92.84563340578664,6.319296602718865
20260109-200016-99c64,326,6,87.84599888425696,5.979009480020756
20260109-200016-99c64,327,2,105.46991838919524,7.178535732024397
20260109-200016-99c64,327,4,88.85855120683048,6.047926220823724
20260109-200016-99c64,327,5,78.66996591971593,5.354466657572346
20260109-200016-99c64,327,3,93.4018284700823,6.357152573444931
20260109-200016-99c64,327,6,87.68906955193147,5.968328493093808
20260109-200016-99c64,328,2,106.1098438740242,7.222090596092142
20260109-200016-99c64,328,4,90.03034931375156,6.127681611836838
20260109-200016-99c64,328,5,78.6788230145885,5.3550694927029285
20260109-200016-99c64,328,3,93.95873731470893,6.395057125773116
20260109-200016-99c64,328,6,88.10263173574478,5.996476527711251
20260109-200016-99c64,329,2,106.82842657548483,7.270999059070324
20260109-200016-99c64,329,4,90.32413604614334,6.147677441816405
20260109-200016-99c64,329,5,79.3782234249984,5.402672362922218
20260109-200016-99c64,329,3,94.34231130525433,6.421164091996837
20260109-200016-99c64,329,6,88.30811540201088,6.0104622391175635
20260109-200016-99c64,330,2,106.77146845807138,7.267122352922013
20260109-200016-99c64,330,4,89.87480212573821,6.11709469696838
20260109-200016-99c64,330,5,81.62302114105684,5.555458682111626
20260109-200016-99c64,330,3,95.39425871361736,6.4927621568714
20260109-200016-99c64,330,6,88.66994981890221,6.035089557791935
20260109-200016-99c64,331,2,106.07305920360291,7.219586943154482
20260109-200016-99c64,331,4,89.4555213608676,6.088557442001825
20260109-200016-99c64,331,5,83.34531560632637,5.672682176249379
20260109-200016-99c64,331,3,96.15773416074767,6.54472612784485
20260109-200016-99c64,331,6,88.45838913176554,6.020690229762704
20260109-200016-99c64,332,2,105.35370872537435,7.170626223447112
20260109-200016-99c64,332,4,88.62455617882182,6.031999957721123
20260109-200016-99c64,332,5,87.02662450919394,5.923240893876694
20260109-200016-99c64,332,3,96.40353958163097,6.561456234626812
20260109-200016-99c64,332,6,87.74350785637587,5.9720336947248835
20260109-200016-99c64,333,2,105.26328886442751,7.164472030738852
20260109-200016-99c64,333,4,88.12838514645291,5.998229366642136
20260109-200016-99c64,333,5,90.15595903982265,6.136230911207336
20260109-200016-99c64,333,3,96.5383357393012,6.570630784575782
20260109-200016-99c64,333,6,87.62271571263018,5.963812291567762
20260109-200016-99c64,334,2,104.83242151653405,7.135146165128506
20260109-200016-99c64,334,4,88.41552228506059,6.017772609312338
20260109-200016-99c64,334,5,92.33467721970766,6.284519698599797
20260109-200016-99c64,334,3,96.60485333931707,6.575158132049024
20260109-200016-99c64,334,6,88.03392772087982,5.9918003675968405
20260109-200016-99c64,335,2,104.40784128535033,7.106248215768039
20260109-200016-99c64,335,4,89.01766189760401,6.058755676241051
20260109-200016-99c64,335,5,92.36190742315551,6.286373051588272
20260109-200016-99c64,335,3,96.41710953799179,6.562379838419305
20260109-200016-99c64,335,6,88.00738879102036,5.989994064347579
20260109-200016-99c64,336,2,103.70898251694456,7.058682211003278
20260109-200016-99c64,336,4,88.68661683699196,6.036223955037432
20260109-200016-99c64,336,5,92.07647117579229,6.2669455756576395
20260109-200016-99c64,336,3,96.61618562806395,6.575929434814186
20260109-200016-99c64,336,6,87.56524554640352,5.959900734148507
20260109-200016-99c64,337,2,102.86822291633104,7.001458095092091
20260109-200016-99c64,337,4,88.51242362153421,6.024367946797951
20260109-200016-99c64,337,5,91.73471865319492,6.243685078897588
20260109-200016-99c64,337,3,95.53792628874615,6.502540516780523
20260109-200016-99c64,337,6,86.92142136007203,5.916080515101143
20260109-200016-99c64,338,2,102.51055719995576,6.977114508178089
20260109-200016-99c64,338,4,89.16125563966538,6.0685290108944345
20260109-200016-99c64,338,5,89.52410937846889,6.093225707064121
20260109-200016-99c64,338,3,94.32918306320784,6.420270552340519
20260109-200016-99c64,338,6,86.57133760349132,5.8922529745644905
20260109-200016-99c64,339,2,101.8662794588919,6.933263419107287
20260109-200016-99c64,339,4,89.83342868835415,6.11427872153999
20260109-200016-99c64,339,5,87.65024616308907,5.965686080088282
20260109-200016-99c64,339,3,94.47830594991191,6.430420213846064
20260109-200016-99c64,339,6,87.45011419743496,5.952064618267605
20260109-200016-99c64,340,2,101.39896976759627,6.901457200157651
20260109-200016-99c64,340,4,89.61252992219403,6.099243821444695
20260109-200016-99c64,340,5,86.43928502954073,5.883265159507006
20260109-200016-99c64,340,3,95.41386313447758,6.4940964807980714
20260109-200016-99c64,340,6,88.50359799998192,6.023767253817071
20260109-200016-99c64,341,2,101.323155039237,6.896297067819893
20260109-200016-99c64,341,4,89.03249182047982,6.059765036377979
20260109-200016-99c64,341,5,85.55407145474497,5.823015399440866
20260109-200016-99c64,341,3,96.37217314858933,6.559321359926855
20260109-200016-99c64,341,6,88.62004837625254,6.031693145861299
20260109-200016-99c64,342,2,101.26712283108895,6.892483381278005
20260109-200016-99c64,342,4,88.52834997537698,6.025451932657496
20260109-200016-99c64,342,5,85.49301002903401,5.818859412283494
20260109-200016-99c64,342,3,96.9061614172332,6.595665882853258
20260109-200016-99c64,342,6,88.66977722299349,6.0350778105002245
20260109-200016-99c64,343,2,101.54234228713538,6.911215477875323
20260109-200016-99c64,343,4,88.0680630270414,5.99412369844555
20260109-200016-99c64,343,5,87.12687050857069,5.930063877145374
20260109-200016-99c64,343,3,97.18716915960806,6.614791944107706
20260109-200016-99c64,343,6,88.78927329940183,6.043211000204312
20260109-200016-99c64,344,2,100.9106040592213,6.868217858159409
20260109-200016-99c64,344,4,89.15328251906215,6.067986341173814
20260109-200016-99c64,344,5,89.03654746888557,6.060041073540441
20260109-200016-99c64,344,3,97.44425294810364,6.6322896836530205
20260109-200016-99c64,344,6,88.4462282221785,6.0198625290747945
20260109-200016-99c64,345,2,99.59824302887442,6.778895417282025
20260109-200016-99c64,345,4,90.43904778224153,6.155498610318364
20260109-200016-99c64,345,5,91.2296461120875,6.2093086297737266
20260109-200016-99c64,345,3,97.84288469698545,6.659421517041835
20260109-200016-99c64,345,6,88.34747367719112,6.013141057770761
20260109-200016-99c64,346,2,97.67656805286019,6.648101607147926
20260109-200016-99c64,346,4,89.9323223826611,6.121009663680617
20260109-200016-99c64,346,5,94.08666638023276,6.403764284952272
20260109-200016-99c64,346,3,98.37663315240638,6.695749717704826
20260109-200016-99c64,346,6,87.82400573526446,5.977512573525392
20260109-200016-99c64,347,2,95.89314633351313,6.526717645416211
20260109-200016-99c64,347,4,89.1467580844571,6.06754227249851
20260109-200016-99c64,347,5,96.40444936529342,6.561518156686002
20260109-200016-99c64,347,3,98.68895966425575,6.717007409562478
20260109-200016-99c64,347,6,88.20757157453288,6.003618984953642
20260109-200016-99c64,348,2,94.03376731595988,6.400163847700844
20260109-200016-99c64,348,4,85.31525104201216,5.806760709074907
20260109-200016-99c64,348,5,98.08268994518788,6.675743237673075
20260109-200016-99c64,348,3,98.81207547925779,6.725386967361207
20260109-200016-99c64,348,6,88.42749914294532,6.018587782999736
20260109-200016-99c64,349,2,92.79796086274642,6.316051895044134
20260109-200016-99c64,349,4,81.91034699801821,5.57501476940583
20260109-200016-99c64,349,5,100.36192627913992,6.830873531835502
20260109-200016-99c64,349,3,98.62289533866279,6.71251091303414
20260109-200016-99c64,349,6,88.57253185917774,6.028459057688176
20260109-200016-99c64,350,2,93.45111125734346,6.360506878205294
20260109-200016-99c64,350,4,85.43635263218324,5.815003173898291
20260109-200016-99c64,350,5,100.50262911358483,6.840450104379464
20260109-200016-99c64,350,3,98.2623187735353,6.687969206769167
20260109-200016-99c64,350,6,88.20121970358028,6.003186661374608
20260109-200016-99c64,351,2,93.80455581616346,6.38456316300696
20260109-200016-99c64,351,4,88.91210592907686,6.0515712837301505
20260109-200016-99c64,351,5,99.59082718824251,6.778390677373507
20260109-200016-99c64,351,3,97.60550982334665,6.643265213535342
20260109-200016-99c64,351,6,87.46696588628464,5.9532115846481615
20260109-200016-99c64,352,2,94.1226597258341,6.406214078423818
20260109-200016-99c64,352,4,89.81460366251521,6.11299744510871
20260109-200016-99c64,352,5,98.0424986827429,6.673007723907796
20260109-200016-99c64,352,3,97.39371940077521,6.628850249161146
20260109-200016-99c64,352,6,87.32205199683176,5.943348397595476
20260109-200016-99c64,353,2,94.27269646146031,6.416425938679883
20260109-200016-99c64,353,4,90.21039329833789,6.139935837462763
20260109-200016-99c64,353,5,97.28156210271354,6.6212165543215225
20260109-200016-99c64,353,3,96.97265857079124,6.600191838691517
20260109-200016-99c64,353,6,86.73395496857493,5.903321102650005
20260109-200016-99c64,354,2,93.69615727936694,6.377185298478597
20260109-200016-99c64,354,4,90.30148843468773,6.146135991035347
20260109-200016-99c64,354,5,96.91889100143187,6.596532288899831
20260109-200016-99c64,354,3,96.76441171784404,6.586018058169125
20260109-200016-99c64,354,6,87.51251951566188,5.956312073974428
20260109-200016-99c64,355,2,92.96980052085344,6.327747714522709
20260109-200016-99c64,355,4,89.49411970803158,6.0911845381307055
20260109-200016-99c64,355,5,96.77763803241058,6.586918272876493
20260109-200016-99c64,355,3,96.25420452113204,6.551292132063655
20260109-200016-99c64,355,6,88.29092656302403,6.0092923254896435
20260109-200016-99c64,356,2,92.1776573150483,6.273832547102468
20260109-200016-99c64,356,4,89.77456781964136,6.110272509572389
20260109-200016-99c64,356,5,96.61760407961181,6.576025978030262
20260109-200016-99c64,356,3,95.70563612334722,6.513955250561326
20260109-200016-99c64,356,6,88.88586642280315,6.0497853599686335
20260109-200016-99c64,357,2,93.29307101886208,6.349750280339637
20260109-200016-99c64,357,4,90.66929439233051,6.171169747102619
20260109-200016-99c64,357,5,97.5305201108055,6.63816123375388
20260109-200016-99c64,357,3,95.2308355252222,6.481639182517642
20260109-200016-99c64,357,6,89.47878849242954,6.090141058807925
20260109-200016-99c64,358,2,94.08403575430414,6.403585238239099
20260109-200016-99c64,358,4,90.73545254301595,6.175672629591895
20260109-200016-99c64,358,5,96.61451954237559,6.575816037024285
20260109-200016-99c64,358,3,95.03721169934013,6.468460680306834
20260109-200016-99c64,358,6,89.62245836227011,6.099919574900636
20260109-200016-99c64,359,2,94.30533127862618,6.41864714264696
20260109-200016-99c64,359,4,90.51421118115705,6.160614411611245
20260109-200016-99c64,359,5,93.89614964430126,6.3907972587392985
20260109-200016-99c64,359,3,95.15711543800919,6.476621616482616
20260109-200016-99c64,359,6,89.73619011890067,6.107660431168541
20260109-200016-99c64,360,2,93.91496154790018,6.3920776420394345
20260109-200016-99c64,360,4,89.0261240048745,6.05933162756762
20260109-200016-99c64,360,5,88.58584745472442,6.029365349073291
20260109-200016-99c64,360,3,95.21044885768924,6.480251617005339
20260109-200016-99c64,360,6,89.26764459799601,6.075770098690208
20260109-200016-99c64,361,2,93.83650755775525,6.3867378752113515
20260109-200016-99c64,361,4,87.61718135652868,5.963435610011208
20260109-200016-99c64,361,5,85.6495292903255,5.829512488791859
20260109-200016-99c64,361,3,95.07246181190627,6.4708598875545364
20260109-200016-99c64,361,6,87.85868182316334,5.979872711276806
20260109-200016-99c64,362,2,94.55570843743996,6.435688412882849
20260109-200016-99c64,362,4,87.23653869346441,5.93752815696989
20260109-200016-99c64,362,5,84.53923203520375,5.75394299333014
20260109-200016-99c64,362,3,95.28823445396924,6.485545891343092
20260109-200016-99c64,362,6,87.2919034584254,5.941296415726866
20260109-200016-99c64,363,2,95.23229595096622,6.481738582598229
20260109-200016-99c64,363,4,87.02277157548204,5.922978653962732
20260109-200016-99c64,363,5,84.41491869486511,5.745481929083411
20260109-200016-99c64,363,3,95.99207810387178,6.533451179104284
20260109-200016-99c64,363,6,86.5470939867201,5.890602895831866
20260109-200016-99c64,364,2,95.69563172841218,6.513274327435421
20260109-200016-99c64,364,4,86.32467392302694,5.875464452575954
20260109-200016-99c64,364,5,85.32654759087468,5.807529579297779
20260109-200016-99c64,364,3,96.12146123045888,6.542257305168582
20260109-200016-99c64,364,6,86.87410108047364,5.912859783321557
20260109-200016-99c64,365,2,95.63476620028288,6.509131673537536
20260109-200016-99c64,365,4,86.73652298682636,5.903495888134434
20260109-200016-99c64,365,5,86.58721585237684,5.893333686285212
20260109-200016-99c64,365,3,95.93200419947159,6.529362405016988
20260109-200016-99c64,365,6,87.21461477604174,5.936035962541297
20260109-200016-99c64,366,2,95.57765642085887,6.505244644908856
20260109-200016-99c64,366,4,86.98018329855834,5.920079993640137
20260109-200016-99c64,366,5,87.16991246943701,5.932993416285767
20260109-200016-99c64,366,3,95.61941509251902,6.508086840306487
20260109-200016-99c64,366,6,87.82892075975758,5.977847101886526
20260109-200016-99c64,367,2,94.77961939331183,6.450928329838001
20260109-200016-99c64,367,4,86.26203257935732,5.871200932411133
20260109-200016-99c64,367,5,87.91678289390234,5.983827209571094
20260109-200016-99c64,367,3,95.24187927543889,6.482390846658061
20260109-200016-99c64,367,6,88.07134309756152,5.994346947916033
20260109-200016-99c64,368,2,93.73885715754169,6.380091554650138
20260109-200016-99c64,368,4,86.3840179010723,5.879503546124003
20260109-200016-99c64,368,5,88.92208384602571,6.052250404700779
20260109-200016-99c64,368,3,95.03607673446385,6.4683834318738835
20260109-200016-99c64,368,6,88.13283261701211,5.998532072160581
20260109-200016-99c64,369,2,92.58898312989248,6.301828369081463
20260109-200016-99c64,369,4,86.97309850032278,5.919597785271486
20260109-200016-99c64,369,5,90.70559887516211,6.173640717320663
20260109-200016-99c64,369,3,94.86311669421575,6.456611356498309
20260109-200016-99c64,369,6,88.72743778053012,6.039002326408901
20260109-200016-99c64,370,2,92.87799280582902,6.321499061135623
20260109-200016-99c64,370,4,88.59366497763297,6.029897428441437
20260109-200016-99c64,370,5,91.08991732362759,6.199798353136832
20260109-200016-99c64,370,3,94.89406107287097,6.4587175051639605
20260109-200016-99c64,370,6,89.32214537040613,6.079479552040929
20260109-200016-99c64,371,2,93.26852380727433,6.348079538215291
20260109-200016-99c64,371,4,92.16460943343387,6.27294447696999
20260109-200016-99c64,371,5,92.00194920288538,6.261873431358076
20260109-200016-99c64,371,3,95.16621378169582,6.477240871586386
20260109-200016-99c64,371,6,89.05602233846811,6.061366579896281
20260109-200016-99c64,372,2,94.86586461335587,6.456798386468914
20260109-200016-99c64,372,4,93.57108835383796,6.368672807290706
20260109-200016-99c64,372,5,92.16954748548451,6.273280572641945
20260109-200016-99c64,372,3,94.46461980612695,6.42948870205868
20260109-200016-99c64,372,6,88.67116611790226,6.035172342020519
20260109-200016-99c64,373,2,95.29540221183719,6.486033746143393
20260109-200016-99c64,373,4,92.00364586229004,6.261988910068474
20260109-200016-99c64,373,5,93.33968429888984,6.352922892031924
20260109-200016-99c64,373,3,94.77563342671193,6.450657035386454
20260109-200016-99c64,373,6,88.69236668249506,6.036615303319748
20260109-200016-99c64,374,2,95.87599949753259,6.525550590613691
20260109-200016-99c64,374,4,90.47211615932675,6.157749323413925
20260109-200016-99c64,374,5,94.55993647259731,6.435976183101285
20260109-200016-99c64,374,3,94.974430213125,6.464187621704079
20260109-200016-99c64,374,6,88.60746354500387,6.030836592047852
20260109-200016-99c64,375,2,96.18499289791679,6.546581422906863
20260109-200016-99c64,375,4,88.47908486365876,6.022098830936999
20260109-200016-99c64,375,5,94.93060588455394,6.461204832740325
20260109-200016-99c64,375,3,94.60766382101748,6.439224620961687
20260109-200016-99c64,375,6,88.65158083214314,6.033839320474745
20260109-200016-99c64,376,2,96.71487359188541,6.582646374444298
20260109-200016-99c64,376,4,87.33482916079836,5.944218042035227
20260109-200016-99c64,376,5,94.58357872705177,6.437585331671597
20260109-200016-99c64,376,3,95.02177840267021,6.467410253101618
20260109-200016-99c64,376,6,88.03820302763943,5.99209135523396
20260109-200016-99c64,377,2,97.39608009633955,6.629010923765998
20260109-200016-99c64,377,4,87.10596119481522,5.9286407390770215
20260109-200016-99c64,377,5,93.44085730303746,6.359808969469758
20260109-200016-99c64,377,3,95.40599929859077,6.493561249257492
20260109-200016-99c64,377,6,87.63046071300242,5.964339434878061
20260109-200016-99c64,378,2,98.98928664212129,6.737448384343013
20260109-200016-99c64,378,4,87.38936254260291,5.9479297148595816
20260109-200016-99c64,378,5,90.02224040919053,6.127129700334223
20260109-200016-99c64,378,3,95.14532249174657,6.475818960261535
20260109-200016-99c64,378,6,87.25103532633274,5.938514832589145
20260109-200016-99c64,379,2,100.46303611668033,6.837755310002473
20260109-200016-99c64,379,4,87.4114772994973,5.949434898280561
20260109-200016-99c64,379,5,88.04889459028774,5.992819048643363
20260109-200016-99c64,379,3,94.55613052603849,6.4357171412457115
20260109-200016-99c64,379,6,87.01992072314748,5.922784618111914
20260109-200016-99c64,380,2,100.95157596149191,6.87100650414445
20260109-200016-99c64,380,4,87.63644033326283,5.964746422181729
20260109-200016-99c64,380,5,88.0695661613154,5.994226005371171
20260109-200016-99c64,380,3,94.58084001681954,6.43739892848136
20260109-200016-99c64,380,6,87.22459793439964,5.936715440254801
20260109-200016-99c64,381,2,100.95467203390596,6.87121723026231
20260109-200016-99c64,381,4,88.39516715287829,6.016387190171673
20260109-200016-99c64,381,5,90.09396858137602,6.13201169185266
20260109-200016-99c64,381,3,94.77299106544565,6.45047718993804
20260109-200016-99c64,381,6,87.548563017931,5.958765281229139
20260109-200016-99c64,382,2,101.0835283185338,6.879987498198647
20260109-200016-99c64,382,4,88.80503906845331,6.044284056277621
20260109-200016-99c64,382,5,92.2723525742179,6.280277733673049
20260109-200016-99c64,382,3,94.90772608534374,6.45964757870353
20260109-200016-99c64,382,6,87.70661635991205,5.969522770950427
20260109-200016-99c64,383,2,100.56670654787409,6.844811368317912
20260109-200016-99c64,383,4,88.67637766863466,6.035527052669044
20260109-200016-99c64,383,5,94.60532429577438,6.4390653872596975
20260109-200016-99c64,383,3,95.40945069968284,6.493796159897827
20260109-200016-99c64,383,6,87.83822780501096,5.9784805617197305
20260109-200016-99c64,384,2,101.79334761994174,6.928299503140518
20260109-200016-99c64,384,4,88.41192755216005,6.017527943165177
20260109-200016-99c64,384,5,94.61243143301296,6.439549116074499
20260109-200016-99c64,384,3,95.55607146329743,6.5037755209017885
20260109-200016-99c64,384,6,88.38478176281218,6.01568033560291
20260109-200016-99c64,385,2,101.61476118885902,6.916144482103606
20260109-200016-99c64,385,4,89.0949358692737,6.064015128180127
20260109-200016-99c64,385,5,96.48544819079008,6.567031131114732
20260109-200016-99c64,385,3,94.80802131237252,6.452861432602742
20260109-200016-99c64,385,6,88.68838133653277,6.036344051110286
20260109-200016-99c64,386,2,101.35385351735455,6.898386479904887
20260109-200016-99c64,386,4,90.40527924803955,6.1532002428493335
20260109-200016-99c64,386,5,97.3546406100849,6.626190452892986
20260109-200016-99c64,386,3,94.13064142507046,6.406757332026794
20260109-200016-99c64,386,6,88.96030238039701,6.054851649859589
20260109-200016-99c64,387,2,98.26378873621125,6.6880692559562265
20260109-200016-99c64,387,4,91.38938322665602,6.220180721097712
20260109-200016-99c64,387,5,97.78067566679954,6.655187421170098
20260109-200016-99c64,387,3,93.28139621261312,6.348955665011375
20260109-200016-99c64,387,6,88.56226020150926,6.027759944019307
20260109-200016-99c64,388,2,96.85988849460887,6.592516436702573
20260109-200016-99c64,388,4,91.89998567672644,6.254933549095209
20260109-200016-99c64,388,5,99.58715866800331,6.778140989083017
20260109-200016-99c64,388,3,91.70320988896961,6.241540516795732
20260109-200016-99c64,388,6,88.56696160385101,6.028079932744209
20260109-200016-99c64,389,2,98.9476718918289,6.734615984579028
20260109-200016-99c64,389,4,90.29896308962901,6.145964109990813
20260109-200016-99c64,389,5,101.46092801524138,6.905674227167881
20260109-200016-99c64,389,3,91.38630335050216,6.2199710973361855
20260109-200016-99c64,389,6,88.67021667994517,6.03510772099488
20260109-200016-99c64,390,2,100.85775983725065,6.864621153606671
20260109-200016-99c64,390,4,88.88582623214684,6.049782624496124
20260109-200016-99c64,390,5,102.5851924138514,6.98219435993108
20260109-200016-99c64,390,3,91.48151124621805,6.226451175180233
20260109-200016-99c64,390,6,88.53219857975184,6.02571387790639
20260109-200016-99c64,391,2,102.54804241673897,6.979665841982179
20260109-200016-99c64,391,4,87.72555354697022,5.970811681343431
20260109-200016-99c64,391,5,94.37375278047539,6.423304074247596
20260109-200016-99c64,391,3,91.61542461996058,6.2355656407367475
20260109-200016-99c64,391,6,88.37368060624577,6.014924764248576
20260109-200016-99c64,392,2,103.51197925938648,7.0452736965632905
20260109-200016-99c64,392,4,87.1536987520688,5.931889871775122
20260109-200016-99c64,392,5,85.88607773563423,5.845612543603103
20260109-200016-99c64,392,3,91.89557470364353,6.25463332768258
20260109-200016-99c64,392,6,88.43450561795554,6.019064660501725
20260109-200016-99c64,393,2,101.83552857244375,6.9311704399855545
20260109-200016-99c64,393,4,87.32109928731141,5.943283553899391
20260109-200016-99c64,393,5,78.67033893078093,5.35449204560051
20260109-200016-99c64,393,3,91.6729448194814,6.239480603542063
20260109-200016-99c64,393,6,88.31397694024429,6.010861189475123
20260109-200016-99c64,394,2,100.28554407211537,6.825674775538059
20260109-200016-99c64,394,4,89.8199296066308,6.1133599416453945
20260109-200016-99c64,394,5,80.01352226077225,5.44591232615313
20260109-200016-99c64,394,3,91.30313551820224,6.21431049509966
20260109-200016-99c64,394,6,88.12509961364982,5.998005745395567
20260109-200016-99c64,395,2,99.52329916217018,6.773794557878235
20260109-200016-99c64,395,4,89.34014038434437,6.080704335870544
20260109-200016-99c64,395,5,82.68716043139997,5.627886555729491
20260109-200016-99c64,395,3,91.34193931368232,6.2169515745339305
20260109-200016-99c64,395,6,88.37068768842784,6.014721059080058
20260109-200016-99c64,396,2,99.63698781659282,6.78153248050644
20260109-200016-99c64,396,4,89.68087690292677,6.103895680959324
20260109-200016-99c64,396,5,84.38132672088791,5.743195578726955
20260109-200016-99c64,396,3,91.101547461562,6.200589928232421
20260109-200016-99c64,396,6,88.7202514642297,6.038513208477152
20260109-200016-99c64,397,2,99.41484899114846,6.766413179000604
20260109-200016-99c64,397,4,89.10023587367229,6.064375859197428
20260109-200016-99c64,397,5,86.6581905895933,5.898164397211708
20260109-200016-99c64,397,3,91.73687196399618,6.243831638397824
20260109-200016-99c64,397,6,89.41090811614188,6.085520957511495
20260109-200016-99c64,398,2,98.82004718379747,6.725929540701143
20260109-200016-99c64,398,4,88.49970309348826,6.023502157134864
20260109-200016-99c64,398,5,89.45375871585676,6.08843747215273
20260109-200016-99c64,398,3,92.34426736814238,6.285172427114861
20260109-200016-99c64,398,6,90.02883985188906,6.12757887424036
20260109-200016-99c64,399,2,99.1839304923355,6.750696311857526
20260109-200016-99c64,399,4,88.64883107670619,6.033652165521371
20260109-200016-99c64,399,5,91.63506079692006,6.236902126059736
20260109-200016-99c64,399,3,92.49798281654435,6.295634669389913
20260109-200016-99c64,399,6,90.27154961673752,6.1440982832442295
20260109-200016-99c64,400,2,97.87724106272584,6.661759893735935
20260109-200016-99c64,400,4,89.14415120236482,6.067364841847814
20260109-200016-99c64,400,5,89.07871195981885,6.062910889971608
20260109-200016-99c64,400,3,92.32338263850282,6.283750962300429
20260109-200016-99c64,400,6,90.61870694838942,6.167726644277955
20260109-200016-99c64,401,2,97.2763652441476,6.620862843657102
20260109-200016-99c64,401,4,89.67444683809869,6.10345803531749
20260109-200016-99c64,401,5,89.83506125436872,6.114389837900461
20260109-200016-99c64,401,3,91.98383081242908,6.260640250226586
20260109-200016-99c64,401,6,90.26646101398345,6.143751940730136
20260109-200016-99c64,402,2,97.32100527564461,6.623901151319363
20260109-200016-99c64,402,4,88.18625092607361,6.0021678504583065
20260109-200016-99c64,402,5,90.65151225404196,6.16995945210054
20260109-200016-99c64,402,3,91.65861507716531,6.238505286894266
20260109-200016-99c64,402,6,89.99529239945103,6.125295554126694
20260109-200016-99c64,403,2,97.68356064694485,6.648577539880813
20260109-200016-99c64,403,4,86.22487915745911,5.8686721813630935
20260109-200016-99c64,403,5,91.52645658237837,6.229510262610491
20260109-200016-99c64,403,3,91.40068430033855,6.220949899290692
20260109-200016-99c64,403,6,89.83467689423351,6.114363677427344
20260109-200016-99c64,404,2,98.36012124115041,6.694625877402631
20260109-200016-99c64,404,4,85.79102182953051,5.839142810536775
20260109-200016-99c64,404,5,92.45823366428758,6.292929246704935
20260109-200016-99c64,404,3,91.58435446456679,6.2334509314044535
20260109-200016-99c64,404,6,90.07114719303172,6.130458413399562
20260109-200016-99c64,405,2,98.5703975185192,6.7089377854209795
20260109-200016-99c64,405,4,86.12443774126274,5.861835897556746
20260109-200016-99c64,405,5,93.44514341220062,6.360100692344384
20260109-200016-99c64,405,3,92.00357877414635,6.261984343888429
20260109-200016-99c64,405,6,90.74489133595185,6.176315056488515
20260109-200016-99c64,406,2,98.0822830528496,6.6757155436041495
20260109-200016-99c64,406,4,87.32771865987675,5.943734084280087
20260109-200016-99c64,406,5,94.48545824382826,6.430907016132712
20260109-200016-99c64,406,3,92.51220885496963,6.296602927702052
20260109-200016-99c64,406,6,91.25037903689328,6.2107197623868995
20260109-200016-99c64,407,2,98.9150276532023,6.732394139364726
20260109-200016-99c64,407,4,87.66649328931511,5.96679189848596
20260109-200016-99c64,407,5,95.57743430840996,6.505229527402601
20260109-200016-99c64,407,3,92.61406553775659,6.3035355379486395
20260109-200016-99c64,407,6,91.79184092251414,6.247572957618506
20260109-200016-99c64,408,2,96.96131973442797,6.599420090279871
20260109-200016-99c64,408,4,87.73187693123243,5.97124206604996
20260109-200016-99c64,408,5,96.71932183190378,6.582949132333981
20260109-200016-99c64,408,3,92.56604075456856,6.30026685596421
20260109-200016-99c64,408,6,91.73166257522246,6.243477074897394
20260109-200016-99c64,409,2,96.9218719656118,6.596735180475062
20260109-200016-99c64,409,4,87.00638194200778,5.921863136179779
20260109-200016-99c64,409,5,97.90937452297956,6.66394697414851
20260109-200016-99c64,409,3,92.73786769221087,6.311961809657434
20260109-200016-99c64,409,6,91.2315433325857,6.20943775915342
20260109-200016-99c64,409,7,85.13017040416385,5.794163676741979
20260109-200016-99c64,410,2,96.4620233632865,6.565436781144436
20260109-200016-99c64,410,4,85.64220975422865,5.82901430360109
20260109-200016-99c64,410,5,99.14585801006268,6.748105007355006
20260109-200016-99c64,410,3,92.93638678828852,6.325473495704482
20260109-200016-99c64,410,6,90.95094987439668,6.190339895074779
20260109-200016-99c64,410,7,84.98795731343719,5.7844843125314584
20260109-200016-99c64,411,2,97.2660734439746,6.620162359041042
20260109-200016-99c64,411,4,85.09473631609639,5.791751947680188
20260109-200016-99c64,411,5,100.42705730446691,6.835306505708184
20260109-200016-99c64,411,3,93.44124163860982,6.359835128271067
20260109-200016-99c64,411,6,89.99125044970751,6.125020449328055
20260109-200016-99c64,411,7,83.07754007284022,5.65445673088401
20260109-200016-99c64,412,2,99.63575573623432,6.781448622160731
20260109-200016-99c64,412,4,84.80077865789494,5.771744484079861
20260109-200016-99c64,412,5,101.75128330557105,6.925436504966585
20260109-200016-99c64,412,3,94.08416292536047,6.403593893806354
20260109-200016-99c64,412,6,90.27578095330418,6.1443862781645056
20260109-200016-99c64,412,7,78.86786265692731,5.367935984381539
20260109-200016-99c64,413,2,100.6281845786781,6.848995710617605
20260109-200016-99c64,413,4,85.38639621989988,5.8116030206024805
20260109-200016-99c64,413,5,103.1168783809868,7.0183821826921955
20260109-200016-99c64,413,3,94.24590582162178,6.4146025034454395
20260109-200016-99c64,413,6,90.12635693328288,6.134216120802788
20260109-200016-99c64,413,7,76.50730917105183,5.2072710497299175
20260109-200016-99c64,414,2,99.53797635919923,6.774793523127552
20260109-200016-99c64,414,4,85.80948450658592,5.840399424640353
20260109-200016-99c64,414,5,104.52222106786955,7.114033178232934
20260109-200016-99c64,414,3,94.21459359115156,6.412471317902559
20260109-200016-99c64,414,6,89.91365719333085,6.119739266105664
20260109-200016-99c64,414,7,77.12811255897763,5.2495244179968985
20260109-200016-99c64,415,2,98.97115776177554,6.736214489244476
20260109-200016-99c64,415,4,85.03651073559507,5.787788974952702
20260109-200016-99c64,415,5,105.96572995121913,7.212281856689114
20260109-200016-99c64,415,3,94.85536024791028,6.456083434150329
20260109-200016-99c64,415,6,89.17579145662266,6.069518353476809
20260109-200016-99c64,415,7,81.52596218423618,5.548852616606966
20260109-200016-99c64,416,2,98.77083808277017,6.722580251202674
20260109-200016-99c64,416,4,85.0694148118334,5.790028505338365
20260109-200016-99c64,416,3,94.99661409695099,6.4656975100699
20260109-200016-99c64,416,6,89.34275685397408,6.080882419072043
20260109-200016-99c64,416,7,87.33170757842043,5.944005579648011
20260109-200016-99c64,417,2,97.48673197575357,6.6351809082078885
20260109-200016-99c64,417,4,85.56508956186364,5.8237653182505005
20260109-200016-99c64,417,3,96.03842507368414,6.536605665084271
20260109-200016-99c64,417,6,89.68785918203098,6.104370911629889
20260109-200016-99c64,417,7,92.40836769890201,6.289535249442026
20260109-200016-99c64,418,2,96.6796238145034,6.5802471900100326
20260109-200016-99c64,418,4,86.04254708842053,5.8562622232188435
20260109-200016-99c64,418,3,96.33448383174566,6.556756134582891
20260109-200016-99c64,418,6,90.0500949377986,6.129025546391237
20260109-200016-99c64,418,7,97.01174218898409,6.602851963531084
20260109-200016-99c64,419,2,95.95037114142325,6.530612503159678
20260109-200016-99c64,419,4,87.26367487426299,5.939375110551237
20260109-200016-99c64,419,3,97.13910937461571,6.611520879816485
20260109-200016-99c64,419,6,90.88638294676394,6.185945315044782
20260109-200016-99c64,419,7,101.02417928005858,6.875948060225598
20260109-200016-99c64,420,2,95.02470705969102,6.467609584526084
20260109-200016-99c64,420,4,87.5025907863785,5.955636300834343
20260109-200016-99c64,420,3,98.13302687014819,6.679169289574759
20260109-200016-99c64,420,6,91.59741513983394,6.234339872303637
20260109-200016-99c64,420,7,104.52823942607263,7.114442802133936
20260109-200016-99c64,421,2,96.23001756297074,6.5496459096519795
20260109-200016-99c64,421,4,87.7953169219052,5.975559944046255
20260109-200016-99c64,421,3,99.43544980865084,6.7678153200737015
20260109-200016-99c64,421,6,92.2613073934817,6.27952597216804
20260109-200016-99c64,421,7,105.63301744760352,7.189636645313463
20260109-200016-99c64,422,2,97.461470789695,6.633461571267799
20260109-200016-99c64,422,4,87.6849241094208,5.968046344329096
20260109-200016-99c64,422,3,100.45905673716939,6.8374844638840075
20260109-200016-99c64,422,6,92.15085303588653,6.272008183542956
20260109-200016-99c64,422,7,106.11452294696164,7.222409065024206
20260109-200016-99c64,423,2,98.4294212159862,6.699342599982725
20260109-200016-99c64,423,4,86.45891519603501,5.88460123574331
20260109-200016-99c64,423,3,100.18067845439056,6.818537369959337
20260109-200016-99c64,423,6,92.07266985659668,6.26668684875151
20260109-200016-99c64,423,7,107.37368564181024,7.308110699532428
20260109-200016-99c64,424,2,99.20226641689007,6.75194429888174
20260109-200016-99c64,424,4,86.04766384216609,5.856610481756969
20260109-200016-99c64,424,3,100.3355273568394,6.829076757836664
20260109-200016-99c64,424,6,91.51688777423706,6.228858986567005
20260109-200016-99c64,424,7,107.14180514803384,7.292328356703727
20260109-200016-99c64,425,2,99.09134793655082,6.744394920948982
20260109-200016-99c64,425,4,85.28203478726857,5.804499931071069
20260109-200016-99c64,425,3,100.95993439408727,6.871575399123851
20260109-200016-99c64,425,6,91.59186684251814,6.233962241874584
20260109-200016-99c64,425,7,100.63089992557063,6.849180523642879
20260109-200016-99c64,426,2,98.71514178807399,6.718789427736381
20260109-200016-99c64,426,4,85.49987131868798,5.819326408121749
20260109-200016-99c64,426,3,100.77281231574881,6.858839421452507
20260109-200016-99c64,426,6,90.07282210872658,6.1305724121808955
20260109-200016-99c64,426,7,88.59478914944604,6.029973942272607
20260109-200016-99c64,427,2,98.24021214444683,6.686464576546162
20260109-200016-99c64,427,4,86.40917251654791,5.881215629614489
20260109-200016-99c64,427,3,99.77681393952601,6.791049381961151
20260109-200016-99c64,427,6,89.02440565986399,6.059214672882851
20260109-200016-99c64,427,7,85.11796543995752,5.793332977590967
20260109-200016-99c64,428,2,97.9915769604504,6.669541869296399
20260109-200016-99c64,428,4,88.05502375051655,5.993236213996117
20260109-200016-99c64,428,3,97.64761332952548,6.646130879197782
20260109-200016-99c64,428,6,88.3441238854155,6.012913062904325
20260109-200016-99c64,428,7,81.6649512337296,5.558312544834718
20260109-200016-99c64,429,2,97.67295348986988,6.647855591317272
20260109-200016-99c64,429,4,86.85868616834686,5.911810607412463
20260109-200016-99c64,429,3,97.48827036558778,6.635285614711537
20260109-200016-99c64,429,6,87.91345567647588,5.983600751169032
20260109-200016-99c64,429,7,78.23889903713938,5.325127211152663
20260109-200016-99c64,430,2,97.73824417856228,6.652299432261733
20260109-200016-99c64,430,4,86.73148353899141,5.9031528912220885
20260109-200016-99c64,430,3,98.97778345032725,6.7366654495063605
20260109-200016-99c64,430,6,90.07562074358809,6.130762893985196
20260109-200016-99c64,430,7,74.84351159750976,5.094028994412741
20260109-200016-99c64,431,2,98.5895409556177,6.710240733686647
20260109-200016-99c64,431,4,87.22321495968522,5.936621311677141
20260109-200016-99c64,431,3,100.23713240810594,6.8223797615165624
20260109-200016-99c64,431,6,91.70993456613739,6.24199821446036
20260109-200016-99c64,431,7,71.48315869571027,4.865315312386695
20260109-200016-99c64,432,2,99.04853159133123,6.741480737750893
20260109-200016-99c64,432,4,87.78295381499599,5.974718481323405
20260109-200016-99c64,432,3,100.65867748429966,6.851071130945228
20260109-200016-99c64,432,6,92.70963499707325,6.310040224678967
20260109-200016-99c64,432,7,68.16302200718695,4.63933884233937
20260109-200016-99c64,433,2,99.30995779399092,6.759274032424309
20260109-200016-99c64,433,4,88.60569828953359,6.030716444524625
20260109-200016-99c64,433,3,99.28933293833812,6.7578702552570125
20260109-200016-99c64,433,6,93.29927495250591,6.3501725349504445
20260109-200016-99c64,433,7,64.88927495630567,4.416519762346906
20260109-200016-99c64,434,2,99.32703194635346,6.760436140205376
20260109-200016-99c64,434,4,89.53625907935715,6.094052644861096
20260109-200016-99c64,434,3,97.81451241388211,6.657490431371466
20260109-200016-99c64,434,6,93.24861279871006,6.346724347193791
20260109-200016-99c64,434,7,61.66930583948919,4.19736093759285
20260109-200016-99c64,435,2,98.46285812348636,6.701618396142656
20260109-200016-99c64,435,4,89.69996702628944,6.1051950005641995
20260109-200016-99c64,435,3,97.21013499932714,6.6163550542679985
20260109-200016-99c64,435,6,92.5495276560486,6.299142934853979
20260109-200016-99c64,435,7,58.511993678736545,3.98246669562063
20260109-200016-99c64,436,2,97.08746736917514,6.6080060010056325
20260109-200016-99c64,436,4,88.94381892862815,6.0537297465783775
20260109-200016-99c64,436,3,97.47679628790398,6.634504661451089
20260109-200016-99c64,436,6,91.57728850497213,6.232970005238908
20260109-200016-99c64,436,7,55.428046772037604,3.772565868887153
20260109-200016-99c64,436,8,75.8644353332455,5.163515513683639
20260109-200016-99c64,437,2,95.87224798377736,6.525295253585347
20260109-200016-99c64,437,4,88.20406270393507,6.00338016280084
20260109-200016-99c64,437,3,98.78344167883397,6.723438082194466
20260109-200016-99c64,437,6,90.78739435604362,6.179207914026546
20260109-200016-99c64,437,7,52.430412708965996,3.5685397014079387
20260109-200016-99c64,437,8,71.54919877426096,4.869810158603153
20260109-200016-99c64,438,2,95.02883334834667,6.467890429633462
20260109-200016-99c64,438,4,88.53052788857897,6.025600166656161
20260109-200016-99c64,438,3,99.53885797838282,6.774853528244727
20260109-200016-99c64,438,6,91.06352390423389,6.198001953679038
20260109-200016-99c64,438,7,49.534763831762135,3.371454890403347
20260109-200016-99c64,438,8,68.09033314982005,4.634391464282218
20260109-200016-99c64,439,2,94.73573676996487,6.447941573191914
20260109-200016-99c64,439,4,88.69379767442693,6.0367127000644505
20260109-200016-99c64,439,3,98.01181611936354,6.670919395018074
20260109-200016-99c64,439,6,92.55542910560052,6.2995446016716485
20260109-200016-99c64,439,7,46.76005049260565,3.1826012423161396
20260109-200016-99c64,439,8,66.76140164702453,4.543941197287341
20260109-200016-99c64,440,2,94.7885557752785,6.4515365614384645
20260109-200016-99c64,440,4,88.81116375076465,6.044700916852567
20260109-200016-99c64,440,3,96.07394289818939,6.539023093448953
20260109-200016-99c64,440,6,92.92437297628379,6.324655806831001
20260109-200016-99c64,440,7,44.12909085218323,3.003531815917293
20260109-200016-99c64,440,8,66.1993018540359,4.5056833365573965
20260109-200016-99c64,441,2,94.60927641957858,6.4393343782893595
20260109-200016-99c64,441,4,89.06024597337874,6.061654050623366
20260109-200016-99c64,441,3,94.66559012298626,6.443167224074097
20260109-200016-99c64,441,6,92.60341554638026,6.302810673979763
20260109-200016-99c64,441,7,41.6691233406234,2.8361005241229074
20260109-200016-99c64,441,8,65.94882566475798,4.488635326070484
20260109-200016-99c64,442,2,95.46460502208465,6.497550095429246
20260109-200016-99c64,442,4,89.44969903097419,6.08816116025797
20260109-200016-99c64,442,3,93.85660787420359,6.388105950981704
20260109-200016-99c64,442,6,91.50378580330589,6.227967234985836
20260109-200016-99c64,442,8,67.54956893009437,4.597585753865561
20260109-200016-99c64,443,2,96.34050438325811,6.557165907765791
20260109-200016-99c64,443,4,88.06800620113694,5.994119830738133
20260109-200016-99c64,443,3,93.90273166937905,6.391245247160373
20260109-200016-99c64,443,6,90.93599910534606,6.189322309857209
20260109-200016-99c64,443,8,72.43352496357947,4.929999521084334
20260109-200016-99c64,444,2,94.91065774241774,6.459847114318814
20260109-200016-99c64,444,4,87.37044719425748,5.946642290861771
20260109-200016-99c64,444,3,94.29548574924969,6.4179770322921845
20260109-200016-99c64,444,6,90.5186364090514,6.1609156032405465
20260109-200016-99c64,444,8,78.6246050105432,5.351379285245652
20260109-200016-99c64,445,2,94.01055200574731,6.398583757980134
20260109-200016-99c64,445,4,88.24631767189062,6.006256137315253
20260109-200016-99c64,445,3,95.14760252479672,6.475974144782114
20260109-200016-99c64,445,6,89.76950895073787,6.109928190815515
20260109-200016-99c64,445,8,81.24903027267298,5.530003966177955
20260109-200016-99c64,446,2,94.39371562181299,6.424662793132027
20260109-200016-99c64,446,4,88.74759089761028,6.040373995916956
20260109-200016-99c64,446,3,96.34680157764255,6.557594509926394
20260109-200016-99c64,446,6,88.24889774609805,6.006431743356978
20260109-200016-99c64,446,8,83.56709901604242,5.687777287307889
20260109-200016-99c64,447,2,93.99370738913207,6.397437272952824
20260109-200016-99c64,447,4,90.89145251723255,6.186290362175857
20260109-200016-99c64,447,3,92.58478133551311,6.301542384873344
20260109-200016-99c64,447,6,88.88537153843068,6.049751676950715
20260109-200016-99c64,447,8,84.65278001986563,5.761671341636876
20260109-200016-99c64,448,2,93.76112136863227,6.381606910282342
20260109-200016-99c64,448,4,92.07591357678385,6.266907624131106
20260109-200016-99c64,448,3,88.98518745067435,6.056545387457076
20260109-200016-99c64,448,6,89.92315353319846,6.120385609784546
20260109-200016-99c64,448,8,84.06814550903775,5.721879713936304
20260109-200016-99c64,449,2,94.35360410523504,6.421932707061817
20260109-200016-99c64,449,4,92.00770145602073,6.262264943509619
20260109-200016-99c64,449,3,85.51685051100877,5.820482052694507
20260109-200016-99c64,449,6,92.51291364308987,6.296650897272731
20260109-200016-99c64,449,8,79.91390922062303,5.4391324236083305
20260109-200016-99c64,450,2,94.99488871998665,6.465580076773478
20260109-200016-99c64,450,4,91.63795330473371,6.237098997082418
20260109-200016-99c64,450,3,82.67564243841957,5.627102613488578
20260109-200016-99c64,450,6,93.72091359595832,6.378870272791262
20260109-200016-99c64,450,8,71.96575747147165,4.898162143112878
20260109-200016-99c64,451,2,95.05674427232938,6.469790114095001
20260109-200016-99c64,451,4,90.17904410303619,6.13780213600475
20260109-200016-99c64,451,3,79.86849280153106,5.4360412731433305
20260109-200016-99c64,451,6,94.77225011615127,6.450426759151076
20260109-200016-99c64,451,8,73.12222276871816,4.976873946306809
20260109-200016-99c64,452,2,94.64162913276782,6.441536381582847
20260109-200016-99c64,452,4,89.18734223133355,6.070304526920962
20260109-200016-99c64,452,3,75.78181219815099,5.157891984845974
20260109-200016-99c64,452,6,95.12190132330964,6.474224859336095
20260109-200016-99c64,452,8,71.85826145751113,4.890845706454435
20260109-200016-99c64,453,2,95.35501395953878,6.490091064736788
20260109-200016-99c64,453,4,88.74993213935568,6.0405333464482105
20260109-200016-99c64,453,3,72.70880382567961,4.948735661000219
20260109-200016-99c64,453,6,94.99147535967725,6.465347755280094
20260109-200016-99c64,453,8,71.05105142425056,4.835905054603098
20260109-200016-99c64,454,2,96.59497729219464,6.5744859445832295
20260109-200016-99c64,454,4,89.76209043805149,6.109423269040557
20260109-200016-99c64,454,3,71.52987089110954,4.868494656496525
20260109-200016-99c64,454,6,94.70472606343762,6.4458309100921305
20260109-200016-99c64,454,8,71.7900355136816,4.886202085001879
20260109-200016-99c64,455,2,97.86157688925718,6.660693752501782
20260109-200016-99c64,455,4,90.4233003892138,6.154426804961327
20260109-200016-99c64,455,3,71.41629077533558,4.8607641212692
20260109-200016-99c64,455,6,95.00545945949675,6.466299546670166
20260109-200016-99c64,455,8,68.91909750415196,4.69079915494759
20260109-200016-99c64,456,2,99.09869861141374,6.74489522551889
20260109-200016-99c64,456,4,92.18701783271429,6.274469646396388
20260109-200016-99c64,456,3,73.68192849704758,5.014968861251231
20260109-200016-99c64,456,6,95.18648313245772,6.478620452237737
20260109-200016-99c64,456,8,65.36761594382354,4.449076797788213
20260109-200016-99c64,457,2,99.85937110455856,6.796668420718097
20260109-200016-99c64,457,4,90.58341574829372,6.165324640514397
20260109-200016-99c64,457,3,74.02510325097445,5.038326158488365
20260109-200016-99c64,457,6,93.91041132187071,6.39176794273711
20260109-200016-99c64,457,8,64.44245219151173,4.386107932775567
20260109-200016-99c64,458,2,100.52322940055798,6.841852209343469
20260109-200016-99c64,458,4,90.53804232615737,6.162236416525372
20260109-200016-99c64,458,3,73.42536431171338,4.997506487143924
20260109-200016-99c64,458,6,92.3340480394029,6.28447687507847
20260109-200016-99c64,458,8,70.47803652854759,4.796904285790449
20260109-200016-99c64,459,2,100.92261162241132,6.869035121723567
20260109-200016-99c64,459,4,91.3226589196033,6.215639304647525
20260109-200016-99c64,459,3,70.43533171213079,4.793997693510304
20260109-200016-99c64,459,6,87.90566647446676,5.98307059938926
20260109-200016-99c64,459,8,69.83429757018627,4.753089867563248
20260109-200016-99c64,460,2,101.25410406011065,6.891597292485275
20260109-200016-99c64,460,4,91.00344312826643,6.193912711896384
20260109-200016-99c64,460,3,73.76614140465844,5.020700593821189
20260109-200016-99c64,460,6,84.84428140451091,5.77470538540408
20260109-200016-99c64,460,8,71.34746689445879,4.856079802786392
20260109-200016-99c64,461,2,101.09600524005286,6.880836707416955
20260109-200016-99c64,461,4,91.14765200297948,6.203727913954118
20260109-200016-99c64,461,3,77.74946840945374,5.291815388190748
20260109-200016-99c64,461,6,82.75569071548041,5.632550891309821
20260109-200016-99c64,461,8,75.45355056642225,5.135549710491292
20260109-200016-99c64,462,2,101.06596466576245,6.8787920738451485
20260109-200016-99c64,462,4,91.69113558766122,6.240718710875094
20260109-200016-99c64,462,3,80.01697408249856,5.446147265422843
20260109-200016-99c64,462,6,80.94464808588634,5.509286984147338
20260109-200016-99c64,462,8,75.82630557163039,5.160920310611635
20260109-200016-99c64,463,2,102.05215376448362,6.945914470371323
20260109-200016-99c64,463,4,91.02079823585576,6.195093942164369
20260109-200016-99c64,463,3,81.24709101622722,5.529871975730801
20260109-200016-99c64,463,6,80.63211473434158,5.488015214283683
20260109-200016-99c64,463,8,77.62470768648633,5.2833238740087625
20260109-200016-99c64,464,2,103.5273722399947,7.046321379760605
20260109-200016-99c64,464,4,91.7938362552434,6.247708764752077
20260109-200016-99c64,464,3,78.82650519323883,5.365121096161201
20260109-200016-99c64,464,6,82.0232034844878,5.5826960526862734
20260109-200016-99c64,464,8,74.33182859398653,5.059202621354342
20260109-200016-99c64,465,2,105.06845351197148,7.151211069122232
20260109-200016-99c64,465,4,91.56960582044742,6.232447103294725
20260109-200016-99c64,465,3,76.27686523840741,5.1915864826990425
20260109-200016-99c64,465,6,84.4355356569927,5.746885168998442
20260109-200016-99c64,465,8,69.36600949375666,4.721217057373654
20260109-200016-99c64,466,2,105.66753295934765,7.191985853866465
20260109-200016-99c64,466,4,91.48322065323741,6.226567521523878
20260109-200016-99c64,466,3,76.96458451564516,5.238394306964496
20260109-200016-99c64,466,6,86.80004414951031,5.907819290892592
20260109-200016-99c64,466,8,69.22664311099597,4.711731446938279
20260109-200016-99c64,467,2,106.13090184187367,7.2235238519148455
20260109-200016-99c64,467,4,91.52147601918752,6.229171273528323
20260109-200016-99c64,467,3,80.97590935619891,5.511414701219604
20260109-200016-99c64,467,6,88.98358363317078,6.05643622778925
20260109-200016-99c64,467,8,71.96482248710076,4.8980985058329995
20260109-200016-99c64,468,2,107.6022380065503,7.32366652191271
20260109-200016-99c64,468,4,90.70702575838567,6.173737834416819
20260109-200016-99c64,468,3,83.55692825342649,5.687085040798405
20260109-200016-99c64,468,6,90.59345227677814,6.16600775072678
20260109-200016-99c64,468,8,74.7997926195226,5.091053375862528
20260109-200016-99c64,469,2,107.96927574200802,7.3486479909346345
20260109-200016-99c64,469,4,89.87069411135953,6.116815095652142
20260109-200016-99c64,469,3,85.78506982432846,5.838737702780245
20260109-200016-99c64,469,6,93.2974617961172,6.350049127175765
20260109-200016-99c64,469,8,76.76769544661092,5.2249935644694485
20260109-200016-99c64,470,2,107.68612398917229,7.329376003183435
20260109-200016-99c64,470,4,89.07449511588082,6.062623881454414
20260109-200016-99c64,470,3,86.8933702463492,5.9141712889894915
20260109-200016-99c64,470,6,92.65249280111202,6.306150989702977
20260109-200016-99c64,470,8,78.91862853415483,5.371391231803846
20260109-200016-99c64,471,2,107.58399255487129,7.322424692689506
20260109-200016-99c64,471,4,88.62799250076087,6.03223384203812
20260109-200016-99c64,471,3,87.20283660842362,5.9352343121902225
20260109-200016-99c64,471,6,86.52471608566763,5.8890798021880455
20260109-200016-99c64,471,8,78.45091757905747,5.3395577018769895
20260109-200016-99c64,472,2,107.41682919000797,7.311047152950367
20260109-200016-99c64,472,4,88.27812985428629,6.008421350785869
20260109-200016-99c64,472,3,83.86005773346598,5.707716760601807
20260109-200016-99c64,472,6,85.76458315778143,5.837343331095085
20260109-200016-99c64,472,8,79.40753740742566,5.4046675429082836
20260109-200016-99c64,473,2,106.49402513732758,7.248238894756989
20260109-200016-99c64,473,4,87.55914680053954,5.959485638870405
20260109-200016-99c64,473,3,83.83944286913655,5.706313663467953
20260109-200016-99c64,473,6,70.53172470775063,4.80055843209759
20260109-200016-99c64,473,8,80.36425808684753,5.469784248104294
20260109-200016-99c64,474,2,107.06516892047915,7.287112311159453
20260109-200016-99c64,474,4,86.81251755072563,5.908668260510579
20260109-200016-99c64,474,3,78.6908058056378,5.355885070215744
20260109-200016-99c64,474,6,72.45988097084137,4.931793374182664
20260109-200016-99c64,474,8,81.32107605786622,5.534907575199846
20260109-200016-99c64,475,2,107.53041378260505,7.318777992881017
20260109-200016-99c64,475,4,85.28137211762069,5.804454828184687
20260109-200016-99c64,475,3,81.01516272365741,5.514086379601523
20260109-200016-99c64,475,6,70.06013095527975,4.7684606296642995
20260109-200016-99c64,475,8,82.27798792624415,5.600037293174985
20260109-200016-99c64,476,2,107.76230298616012,7.3345609285181546
20260109-200016-99c64,476,4,84.84031242694944,5.774435247267257
20260109-200016-99c64,476,3,82.50762178151727,5.615666724396101
20260109-200016-99c64,476,6,73.20785646493437,4.9827023811585835
20260109-200016-99c64,476,8,83.23499045350572,5.66517318161129
20260109-200016-99c64,477,2,107.60367112782505,7.3237640635856
20260109-200016-99c64,477,4,85.13431801345034,5.794445972982654
20260109-200016-99c64,477,3,86.97598935813645,5.91979454399121
20260109-200016-99c64,477,6,76.38514165311659,5.1989560353050965
20260109-200016-99c64,477,8,84.19208054812098,5.730315030091815
20260109-200016-99c64,478,2,107.03170540884003,7.284834704257986
20260109-200016-99c64,478,4,86.18915102720501,5.8662404390844936
20260109-200016-99c64,478,3,86.29390217965698,5.873370053882074
20260109-200016-99c64,478,6,82.02875381588512,5.583073821559795
20260109-200016-99c64,478,8,85.14925525728036,5.795462637641254
20260109-200016-99c64,479,2,106.64073119074204,7.2582240607893915
20260109-200016-99c64,479,4,87.55746417936818,5.959371115635852
20260109-200016-99c64,479,3,82.02075879201217,5.582529661050079
20260109-200016-99c64,479,6,85.57106368050427,5.824171931100723
20260109-200016-99c64,479,8,86.10651175921467,5.860615812203226
20260109-200016-99c64,480,2,106.62414193660196,7.25709495634491
20260109-200016-99c64,480,4,88.41483324199163,6.017725711387631
20260109-200016-99c64,480,3,86.09258945088865,5.859668226490475
20260109-200016-99c64,480,6,87.56846840919034,5.960120089923386
20260109-200016-99c64,480,8,87.0638473560189,5.92577437015184
20260109-200016-99c64,481,2,103.08535526493499,7.016236643770588
20260109-200016-99c64,481,4,87.19396400787667,5.934630421706235
20260109-200016-99c64,481,3,90.24285312804716,6.142145131363641
20260109-200016-99c64,481,6,88.9191645078665,6.052051707540395
20260109-200016-99c64,481,8,88.02125946694146,5.990938135834953
20260109-200016-99c64,482,2,104.12999903578499,7.0873376055501485
20260109-200016-99c64,482,4,86.56211139283974,5.8916250165282555
20260109-200016-99c64,482,3,93.54618885718688,6.366978087799603
20260109-200016-99c64,482,6,89.15670420666193,6.0682192294425645
20260109-200016-99c64,482,8,88.97874562210461,6.056106941146758
20260109-200016-99c64,483,2,105.45160871186621,7.177289531449336
20260109-200016-99c64,483,4,85.75790685109392,5.836888925641415
20260109-200016-99c64,483,3,94.41740258648689,6.426274984787161
20260109-200016-99c64,483,6,88.31627657953919,6.011017708443767
20260109-200016-99c64,483,8,89.93630345662345,6.121280625127512
20260109-200016-99c64,484,2,105.773912008542,7.199226267222646
20260109-200016-99c64,484,4,85.88436089055458,5.845495691007227
20260109-200016-99c64,484,3,93.48619110599374,6.3628944968823165
20260109-200016-99c64,484,6,88.23917830342768,6.00577021476598
20260109-200016-99c64,484,8,90.89393070509502,6.186459033588456
20260109-200016-99c64,485,2,105.35854373457946,7.170955305775738
20260109-200016-99c64,485,4,87.10317364032178,5.92845101142916
20260109-200016-99c64,485,3,92.65012449193158,6.305989796897143
20260109-200016-99c64,485,6,88.00175752235525,5.989610786689394
20260109-200016-99c64,485,8,91.85162519643004,6.251642018760042
20260109-200016-99c64,485,9,80.80237230749144,5.49960335326369
20260109-200016-99c64,486,2,104.53776842189555,7.115091368455498
20260109-200016-99c64,486,4,88.08886405688395,5.995539466450951
20260109-200016-99c64,486,3,90.67051027046465,6.171252502686059
20260109-200016-99c64,486,6,81.39216828555247,5.539746282809649
20260109-200016-99c64,486,8,92.80938484900328,6.3168294389618636
20260109-200016-99c64,486,9,80.53296867372978,5.481267095486768
20260109-200016-99c64,487,2,104.13754709891083,7.087851344838885
20260109-200016-99c64,487,4,89.82782961076796,6.113897634883884
20260109-200016-99c64,487,3,88.85648692848049,6.0477857210857655
20260109-200016-99c64,487,6,76.84996275653575,5.230592874992224
20260109-200016-99c64,487,9,82.76683884313547,5.633309659629161
20260109-200016-99c64,488,2,99.41467439274221,6.766401295414107
20260109-200016-99c64,488,4,88.48545574876226,6.02253244866477
20260109-200016-99c64,488,3,88.64479091596091,6.033377182486245
20260109-200016-99c64,488,6,80.40748756689787,5.472726550250325
20260109-200016-99c64,488,9,82.12659444250265,5.58973308938653
20260109-200016-99c64,489,2,95.20131996122726,6.479630282406364
20260109-200016-99c64,489,4,89.17616100638836,6.069543505920636
20260109-200016-99c64,489,3,86.88657425818447,5.913708737727292
20260109-200016-99c64,489,6,83.4443305582398,5.679421371473674
20260109-200016-99c64,489,9,81.09463122168104,5.519495196270252
20260109-200016-99c64,490,2,92.39197827449209,6.288419745888493
20260109-200016-99c64,490,4,89.84547944570035,6.115098925002066
20260109-200016-99c64,490,3,85.52880207104829,5.821295504549855
20260109-200016-99c64,490,6,85.96439246637426,5.8509428321019215
20260109-200016-99c64,490,9,79.46527015208872,5.408596972046005
20260109-200016-99c64,491,2,92.18559420147193,6.274372750637876
20260109-200016-99c64,491,4,90.3296890861525,6.148055395044547
20260109-200016-99c64,491,3,83.32471671134827,5.6712801660278975
20260109-200016-99c64,491,6,88.05603143572105,5.993304799469185
20260109-200016-99c64,491,9,79.06535418165181,5.3813777314565225
20260109-200016-99c64,492,2,93.86770394123712,6.388861175930217
20260109-200016-99c64,492,4,90.85069100323595,6.183516035721595
20260109-200016-99c64,492,3,81.96154525768495,5.578499445814499
20260109-200016-99c64,492,6,89.42011160928436,6.086147369339548
20260109-200016-99c64,492,9,80.1010279522038,5.451868173491315
20260109-200016-99c64,493,2,95.50975091500914,6.5006228332341305
20260109-200016-99c64,493,4,92.19374530466591,6.274927534280711
20260109-200016-99c64,493,3,81.75941933468658,5.564742270472257
20260109-200016-99c64,493,6,83.71554318186408,5.697880753441512
20260109-200016-99c64,493,9,81.93310568956504,5.576563780564444
20260109-200016-99c64,494,2,98.1038635083133,6.677184361187641
20260109-200016-99c64,494,4,92.46413662575614,6.293331016427278
20260109-200016-99c64,494,3,82.08924315211192,5.587190870934083
20260109-200016-99c64,494,6,78.41932802313467,5.337407640898333
20260109-200016-99c64,494,9,83.88880396694192,5.70967329823187
20260109-200016-99c64,495,2,100.10271230868365,6.813230806994341
20260109-200016-99c64,495,4,92.46310345107983,6.293260696079595
20260109-200016-99c64,495,3,83.03731035023839,5.6517185994281665
20260109-200016-99c64,495,6,74.65635288797885,5.0812905235345385
20260109-200016-99c64,495,9,85.88902072308404,5.845812850390954
20260109-200016-99c64,496,2,100.50590397142575,6.840672999062492
20260109-200016-99c64,496,4,91.69432787798696,6.240935985814909
20260109-200016-99c64,496,3,83.6843233486789,5.695755856679569
20260109-200016-99c64,496,6,72.0705483348606,4.9052944607321205
20260109-200016-99c64,496,9,84.89895614040437,5.7784266791269205
20260109-200016-99c64,497,2,98.98258949534272,6.736992560462737
20260109-200016-99c64,497,4,90.38695231760765,6.151952867986691
20260109-200016-99c64,497,3,83.30563935086907,5.6699817150954965
20260109-200016-99c64,497,6,69.76876595295211,4.748629628444101
20260109-200016-99c64,497,9,82.90538319357101,5.64273932057193
20260109-200016-99c64,498,2,96.040484003699,6.536745800801707
20260109-200016-99c64,498,4,90.38921856895426,6.152107114491456
20260109-200016-99c64,498,3,83.0261161686222,5.650956696565721
20260109-200016-99c64,498,6,69.55185090317444,4.733865869645153
20260109-200016-99c64,498,9,80.84368021369805,5.502414868482893
20260109-200016-99c64,499,2,97.03030224863492,6.604115205727786
20260109-200016-99c64,499,4,90.65888369267243,6.170461169902292
20260109-200016-99c64,499,3,82.45677981034103,5.612206297837048
20260109-200016-99c64,499,6,68.80241039114475,4.682857150032993
20260109-200016-99c64,499,9,80.68414837104051,5.491556748457741
20260109-200016-99c64,500,2,99.72895038444612,6.787791673548646
20260109-200016-99c64,500,4,89.9993250037773,6.125570022853809
20260109-200016-99c64,500,3,82.231171157929,5.596850831581566
20260109-200016-99c64,500,6,68.86080014715876,4.68683129693983
20260109-200016-99c64,500,9,82.47034872442725,5.61312983068983
20260109-200016-99c64,501,2,97.67009054316495,6.647660732294584
20260109-200016-99c64,501,4,90.09355670022072,6.131983658232877
20260109-200016-99c64,501,3,82.08279361735326,5.586751900122054
20260109-200016-99c64,501,6,75.0933259591416,5.111031959321935
20260109-200016-99c64,501,9,84.46048857271195,5.74858352431951
20260109-200016-99c64,502,2,99.42069483374277,6.766811061075303
20260109-200016-99c64,502,4,89.82057362758879,6.1134037752571935
20260109-200016-99c64,502,3,82.15155996898707,5.591432303026536
20260109-200016-99c64,502,6,75.97627431037921,5.17112754283706
20260109-200016-99c64,502,9,86.48837938277624,5.886606638995416
20260109-200016-99c64,503,2,98.94870949237162,6.7346866061618
20260109-200016-99c64,503,4,89.99133256467404,6.125026038269721
20260109-200016-99c64,503,3,82.23599177479883,5.597178934333318
20260109-200016-99c64,503,6,76.87048385092994,5.231989589919275
20260109-200016-99c64,503,9,87.25074815763776,5.938495287198672
20260109-200016-99c64,504,2,97.07899813854587,6.6074295648461705
20260109-200016-99c64,504,4,85.40111128999688,5.812604563583681
20260109-200016-99c64,504,3,81.08161177441295,5.5186090614476155
20260109-200016-99c64,504,6,77.7755661617205,5.293591663834398
20260109-200016-99c64,504,9,88.13757174320466,5.998854628461291
20260109-200016-99c64,505,2,94.2508342959678,6.4149379472358365
20260109-200016-99c64,505,4,84.44372767238916,5.74744273722395
20260109-200016-99c64,505,3,81.05752619704124,5.516969739255754
20260109-200016-99c64,505,6,78.69114607747329,5.355908229933387
20260109-200016-99c64,505,9,89.25370938681077,6.074821634777897
20260109-200016-99c64,506,2,92.625181505738,6.30429211740342
20260109-200016-99c64,506,4,85.31585835383113,5.806802044174616
20260109-200016-99c64,506,3,81.94163013187122,5.577143974563123
20260109-200016-99c64,506,6,79.61686143717492,5.418914638668626
20260109-200016-99c64,506,9,91.33381929648795,6.216398906678823
20260109-200016-99c64,507,2,92.90885557196417,6.32359965505732
20260109-200016-99c64,507,4,87.55866723337213,5.959452998378219
20260109-200016-99c64,507,3,81.5077803980639,5.547615120610922
20260109-200016-99c64,507,6,83.64786760720834,5.693274591435595
20260109-200016-99c64,507,9,91.4866585815249,6.226801515172804
20260109-200016-99c64,508,2,92.7760276178175,6.314559065763082
20260109-200016-99c64,508,4,91.17258296118105,6.205424774793843
20260109-200016-99c64,508,3,80.24563285839281,5.4617103304016235
20260109-200016-99c64,508,6,85.4315801276199,5.81467834578557
20260109-200016-99c64,508,9,91.26352065695356,6.211614212582939
20260109-200016-99c64,509,2,92.56395321426935,6.300124772962167
20260109-200016-99c64,509,4,92.47418871435237,6.29401518569821
20260109-200016-99c64,509,3,80.60889510590701,5.486434830654421
20260109-200016-99c64,509,6,87.23030319184502,5.937103753766915
20260109-200016-99c64,509,9,88.97170760944796,6.055627917116874
20260109-200016-99c64,510,2,93.97303400853666,6.396030193061492
20260109-200016-99c64,510,4,91.89410938120275,6.254533594321061
20260109-200016-99c64,510,3,83.51863124829082,5.684478454731074
20260109-200016-99c64,510,6,89.04312713932985,6.060488901699508
20260109-200016-99c64,510,9,87.66798480510442,5.9668934146296335
20260109-200016-99c64,511,2,95.47047163103021,6.497949390911642
20260109-200016-99c64,511,4,91.34917185040243,6.217443838338354
20260109-200016-99c64,511,3,85.81693167421552,5.840906296739507
20260109-200016-99c64,511,6,90.86920804392926,6.184776349944819
20260109-200016-99c64,511,9,85.911753034676,5.847360066066538
20260109-200016-99c64,512,2,96.04218940433582,6.536861874461342
20260109-200016-99c64,512,4,93.33865049348245,6.35285252875517
20260109-200016-99c64,512,3,89.47631605542702,6.089972778812653
20260109-200016-99c64,512,6,92.70776253519077,6.3099127804300705
20260109-200016-99c64,512,9,85.08184504514543,5.790874536845269
20260109-200016-99c64,513,2,94.8296669978561,6.454334689897913
20260109-200016-99c64,513,4,95.4293018731889,6.495147278401684
20260109-200016-99c64,513,3,90.94961751315397,6.190249211371455
20260109-200016-99c64,513,6,94.55806301951266,6.435848671388791
20260109-200016-99c64,513,9,84.77207917768565,5.769791128589316
20260109-200016-99c64,514,2,96.0092426488545,6.534619439223986
20260109-200016-99c64,514,4,96.94087652410515,6.598028676329609
20260109-200016-99c64,514,3,90.07302097198242,6.130585947291281
20260109-200016-99c64,514,6,96.41943327822102,6.5625379977553715
20260109-200016-99c64,514,9,84.2447165307352,5.733897561374262
20260109-200016-99c64,515,2,96.0192641920721,6.535301529503152
20260109-200016-99c64,515,4,98.21410633645161,6.684687752610302
20260109-200016-99c64,515,3,88.03728122676007,5.99202861525415
20260109-200016-99c64,515,6,98.29124441858944,6.68993795558176
20260109-200016-99c64,515,9,84.763512128193,5.7692080346432855
20260109-200016-99c64,516,2,93.73359100368384,6.3797331275818685
20260109-200016-99c64,516,4,99.65222857788761,6.7825698032920165
20260109-200016-99c64,516,3,88.16226103867,6.000535041155291
20260109-200016-99c64,516,6,100.17291115359906,6.818008708828991
20260109-200016-99c64,516,9,85.93623205055603,5.849026166627374
20260109-200016-99c64,517,2,91.29207270107607,6.213557533219628
20260109-200016-99c64,517,4,99.83164510883522,6.794781322917646
20260109-200016-99c64,517,3,88.88295890785146,6.049587467524126
20260109-200016-99c64,517,6,102.06388838658458,6.946713156910007
20260109-200016-99c64,517,9,86.96018437352885,5.9187188188130495
20260109-200016-99c64,518,2,89.11702800982627,6.065518772278612
20260109-200016-99c64,518,4,100.27930107479987,6.82524986216002
20260109-200016-99c64,518,3,89.29172616315432,6.077409147801198
20260109-200016-99c64,518,6,103.9636680776603,7.076016721411091
20260109-200016-99c64,518,9,87.44579553352108,5.951770679638527
20260109-200016-99c64,519,2,87.72766482117571,5.970955379732087
20260109-200016-99c64,519,4,100.05306762510287,6.809851870702055
20260109-200016-99c64,519,3,88.40806252450396,6.017264880108353
20260109-200016-99c64,519,9,85.1704520314738,5.796905340956808
20260109-200016-99c64,520,2,86.83692142115085,5.910329246491441
20260109-200016-99c64,520,4,98.81956912618092,6.72589700295261
20260109-200016-99c64,520,3,87.77654767979877,5.974282464389669
20260109-200016-99c64,520,9,82.93851241846905,5.644994175115642
20260109-200016-99c64,521,2,86.63250410998276,5.896416113771934
20260109-200016-99c64,521,4,98.42677214416094,6.699162297797565
20260109-200016-99c64,521,3,89.14719692198311,6.067572140833568
20260109-200016-99c64,521,9,82.29207386381076,5.600996015886497
20260109-200016-99c64,522,2,89.17047891679219,6.069156769267934
20260109-200016-99c64,522,4,97.9968247864502,6.66989904892667
20260109-200016-99c64,522,3,90.92184468864026,6.188358926291162
20260109-200016-99c64,522,9,79.31858739460635,5.398613391590643
20260109-200016-99c64,523,2,90.57477545322165,6.16473656129847
20260109-200016-99c64,523,4,97.75595263862591,6.653504712547026
20260109-200016-99c64,523,3,93.33652560395355,6.352707903674931
20260109-200016-99c64,523,9,78.18076368212955,5.321170379388633
20260109-200016-99c64,524,2,91.92833613269653,6.256863149158513
20260109-200016-99c64,524,4,97.66023199113373,6.64698973558668
20260109-200016-99c64,524,3,96.08301205610198,6.539640362098907
20260109-200016-99c64,524,9,78.01662685396627,5.309998832999801
20260109-200016-99c64,525,2,92.24849591205917,6.27865399199989
20260109-200016-99c64,525,4,97.85565390334911,6.660290619868035
20260109-200016-99c64,525,3,96.52186804649834,6.569509953887612
20260109-200016-99c64,525,9,77.52495527171223,5.276534485292548
20260109-200016-99c64,526,2,91.98077717428909,6.260432412287243
20260109-200016-99c64,526,4,98.14689376052415,6.680113103408848
20260109-200016-99c64,526,3,95.17400670692925,6.477771276777739
20260109-200016-99c64,526,9,77.94655031010821,5.305229255268588
20260109-200016-99c64,527,2,90.45508558924537,6.156590181947495
20260109-200016-99c64,527,4,98.03849332598129,6.672735109715315
20260109-200016-99c64,527,3,94.24589733032569,6.414601925507452
20260109-200016-99c64,527,9,78.06712451859025,5.313435825228707
20260109-200016-99c64,528,2,91.35097481423199,6.217566552383
20260109-200016-99c64,528,4,97.9088525295615,6.663911446023897
20260109-200016-99c64,528,3,95.2697729348119,6.484289356048835
20260109-200016-99c64,528,9,71.60906195381614,4.873884590251841
20260109-200016-99c64,529,2,92.16897662113676,6.273241718244587
20260109-200016-99c64,529,4,97.3525965818571,6.626051331426935
20260109-200016-99c64,529,3,95.03946747461724,6.4686142137851705
20260109-200016-99c64,529,9,71.03137792453977,4.834566029004096
20260109-200016-99c64,530,2,92.37301030429889,6.287128740321451
20260109-200016-99c64,530,4,96.01236152236123,6.534831717238929
20260109-200016-99c64,530,3,94.19234990379385,6.410957359164865
20260109-200016-99c64,530,9,75.05354607016679,5.108324444622172
20260109-200016-99c64,531,2,92.4678425983837,6.293583253817191
20260109-200016-99c64,531,4,95.32788131253238,6.488244351673817
20260109-200016-99c64,531,3,94.51433665976214,6.432872550418049
20260109-200016-99c64,531,9,79.53110569535932,5.413077897100496
20260109-200016-99c64,532,2,91.71610013748956,6.242417858041543
20260109-200016-99c64,532,4,94.86651573406995,6.4568427033071485
20260109-200016-99c64,532,3,96.28669103323476,6.553503242032259
20260109-200016-99c64,532,9,83.08896098956684,5.655234065882146
20260109-200016-99c64,532,10,65.20593709343828,4.438072547265136
20260109-200016-99c64,533,2,92.15619244486913,6.2723715965308005
20260109-200016-99c64,533,4,95.78920560115179,6.51964318975469
20260109-200016-99c64,533,3,98.08360771603915,6.675805703359503
20260109-200016-99c64,533,9,85.5278214350709,5.821228760112093
20260109-200016-99c64,533,10,65.33498826944107,4.446856079976115
20260109-200016-99c64,534,2,92.30617604613833,6.282579840335026
20260109-200016-99c64,534,4,96.66340672632545,6.579143416073987
20260109-200016-99c64,534,3,98.94618941257386,6.7345150834835605
20260109-200016-99c64,534,9,87.54079008247317,5.958236236589881
20260109-200016-99c64,534,10,65.5473577094124,4.4613104536639625
20260109-200016-99c64,535,2,93.02068516058026,6.331211045205702
20260109-200016-99c64,535,4,96.53027640775026,6.570082247131189
20260109-200016-99c64,535,3,98.09994170624962,6.6769174339284
20260109-200016-99c64,535,9,87.64556909191724,5.96536774740119
20260109-200016-99c64,535,10,65.22016886704168,4.439041195927261
20260109-200016-99c64,536,2,93.02718622095401,6.331653522974736
20260109-200016-99c64,536,4,96.955253187005,6.599007186504928
20260109-200016-99c64,536,3,95.5393993326394,6.502640775682626
20260109-200016-99c64,536,9,84.10195254824671,5.724180702148507
20260109-200016-99c64,536,10,69.64111274132426,4.739941244543047
20260109-200016-99c64,537,2,92.89908144611013,6.322934404597624
20260109-200016-99c64,537,4,97.20144418934125,6.615763536885822
20260109-200016-99c64,537,3,94.10541409906553,6.405040299683206
20260109-200016-99c64,537,9,81.6007152838152,5.553940491942447
20260109-200016-99c64,537,10,72.69221946399065,4.947606889547702
20260109-200016-99c64,538,2,92.93558184110762,6.325418709067792
20260109-200016-99c64,538,4,97.11296727044302,6.60974158547569
20260109-200016-99c64,538,3,97.86174443383312,6.660705155987662
20260109-200016-99c64,538,9,80.53157193411423,5.481172030036905
20260109-200016-99c64,538,10,75.64912076758041,5.148860687673928
20260109-200016-99c64,539,2,92.15057377654917,6.271989176482343
20260109-200016-99c64,539,4,96.93344511655324,6.597522876899162
20260109-200016-99c64,539,3,100.44144265612937,6.836285607261535
20260109-200016-99c64,539,9,80.12822287971771,5.453719125515077
20260109-200016-99c64,539,10,77.88004237791736,5.300702565810716
20260109-200016-99c64,540,2,92.18265926335793,6.274172991707137
20260109-200016-99c64,540,4,95.98958533870437,6.533281515525331
20260109-200016-99c64,540,3,102.54028821509814,6.979138072411461
20260109-200016-99c64,540,9,79.12874739535938,5.38569242570032
20260109-200016-99c64,540,10,79.0430558641706,5.379860054461531
20260109-200016-99c64,541,2,92.18347763979702,6.274228692371364
20260109-200016-99c64,541,4,95.53494283489734,6.502337455752453
20260109-200016-99c64,541,3,103.78491595975922,7.063850423331738
20260109-200016-99c64,541,9,78.44368132325057,5.339065184942594
20260109-200016-99c64,541,10,79.46126331319988,5.408324256976388
20260109-200016-99c64,542,2,92.73290624333148,6.31162412154117
20260109-200016-99c64,542,4,94.86600576859259,6.456807993833042
20260109-200016-99c64,542,3,101.64481220484338,6.918189826362159
20260109-200016-99c64,542,9,78.21528145256495,5.323519741673583
20260109-200016-99c64,542,10,79.2477894559569,5.393794713998864
20260109-200016-99c64,543,2,93.3980016232911,6.356892109069389
20260109-200016-99c64,543,4,94.16838101995793,6.409325979415067
20260109-200016-99c64,543,3,98.9247766840745,6.733057681799741
20260109-200016-99c64,543,9,78.972813648573,5.375079200714179
20260109-200016-99c64,543,10,78.50069980661492,5.342945999742379
20260109-200016-99c64,544,2,93.44690836548621,6.360220819300197
20260109-200016-99c64,544,4,94.05396108402805,6.40153828401269
20260109-200016-99c64,544,3,94.36682051666527,6.422832247737965
20260109-200016-99c64,544,9,79.89292194357006,5.437703979170868
20260109-200016-99c64,544,10,78.16131546685502,5.3198466871889565
20260109-200016-99c64,545,2,93.13842360360707,6.339224606164212
20260109-200016-99c64,545,4,94.1882604677747,6.410679022336358
20260109-200016-99c64,545,3,93.35234798672363,6.353784813013778
20260109-200016-99c64,545,9,80.75653834963302,5.496483784108316
20260109-200016-99c64,545,10,78.16260146333765,5.319934215195452
20260109-200016-99c64,546,2,92.76743502274209,6.31397423312339
20260109-200016-99c64,546,4,93.88916315201159,6.39032174130922
20260109-200016-99c64,546,3,94.7280947434404,6.4474214385287905
20260109-200016-99c64,546,9,81.84658377889545,5.570674891705607
20260109-200016-99c64,546,10,78.44861406537312,5.339400919208103
20260109-200016-99c64,547,2,92.77013027581842,6.314157678515316
20260109-200016-99c64,547,4,93.65842710642482,6.374617292370534
20260109-200016-99c64,547,3,95.52619958020973,6.501742368858031
20260109-200016-99c64,547,9,82.8009692651514,5.635632658051197
20260109-200016-99c64,547,10,78.72367931662272,5.3581225202569165
20260109-200016-99c64,548,2,92.43059808376215,6.291048302779815
20260109-200016-99c64,548,4,93.46208039452033,6.36125346400318
20260109-200016-99c64,548,3,97.2282363576446,6.617587076151249
20260109-200016-99c64,548,9,81.22952620193882,5.528676472321665
20260109-200016-99c64,548,10,78.8558492238721,5.367118321300271
20260109-200016-99c64,549,2,92.18896434784764,6.274602130887238
20260109-200016-99c64,549,4,93.90227578037711,6.391214218260945
20260109-200016-99c64,549,3,99.1175833984248,6.746180569438948
20260109-200016-99c64,549,9,73.89950367493357,5.02977754995328
20260109-200016-99c64,549,10,78.19262221704192,5.321977499730604
20260109-200016-99c64,550,2,91.46592598482572,6.225390404891353
20260109-200016-99c64,550,4,94.43407141275904,6.427409505101893
20260109-200016-99c64,550,3,100.21437769185916,6.820831020926408
20260109-200016-99c64,550,9,72.25459833121235,4.917821345131657
20260109-200016-99c64,550,10,77.75277385719072,5.292040364895505
20260109-200016-99c64,551,2,91.67054096248326,6.239316991266455
20260109-200016-99c64,551,4,94.11435203765086,6.405648637230872
20260109-200016-99c64,551,3,99.36783677776984,6.763213414947173
20260109-200016-99c64,551,9,70.7280963644211,4.8139239582655735
20260109-200016-99c64,551,10,77.68546478681624,5.287459148050437
20260109-200016-99c64,552,2,91.68969994905783,6.240620997866777
20260109-200016-99c64,552,4,90.29097131728173,6.1454201707877365
20260109-200016-99c64,552,3,98.66945157315962,6.715679642070705
20260109-200016-99c64,552,9,69.32781944783443,4.718617751207048
20260109-200016-99c64,552,10,77.60517919740275,5.281994718181015
20260109-200016-99c64,553,2,91.57510039662257,6.232821077334036
20260109-200016-99c64,553,4,91.36200407412176,6.218317230276997
20260109-200016-99c64,553,3,97.92808987792863,6.665220786115858
20260109-200016-99c64,553,9,68.06155876979979,4.632433010930807
20260109-200016-99c64,553,10,77.44943432353378,5.271394348338855
20260109-200016-99c64,554,2,91.76197378582495,6.245540128626021
20260109-200016-99c64,554,4,91.69599626357937,6.2410495401418
20260109-200016-99c64,554,3,96.7478223847614,6.584888948351625
20260109-200016-99c64,554,9,66.93692040783606,4.555887425324389
20260109-200016-99c64,554,10,77.13496939025592,5.2499911103874055
20260109-200016-99c64,555,2,92.14841334983363,6.271842132655906
20260109-200016-99c64,555,4,89.40758777495228,6.085294967122613
20260109-200016-99c64,555,3,95.91227733721448,6.528019747435033
20260109-200016-99c64,555,9,65.9611487462259,4.489474064565756
20260109-200016-99c64,555,10,77.10251146208846,5.247781945910026
20260109-200016-99c64,556,2,93.02542102838329,6.331533379732603
20260109-200016-99c64,556,4,90.74277569626217,6.1761710609745295
20260109-200016-99c64,556,3,95.71213411228199,6.514397519280852
20260109-200016-99c64,556,9,65.14093392702615,4.433648275777011
20260109-200016-99c64,556,10,77.36531387905222,5.265668909031351
20260109-200016-99c64,557,2,89.79837967200365,6.1118932013832765
20260109-200016-99c64,557,4,91.57924686629127,6.233103296009588
20260109-200016-99c64,557,3,95.56864651344324,6.504631408989903
20260109-200016-99c64,557,9,64.48221228040585,4.388814099834326
20260109-200016-99c64,557,10,77.6327185446425,5.28386911223779
20260109-200016-99c64,558,2,90.59785016240706,6.166307081375885
20260109-200016-99c64,558,4,89.19215762053582,6.070632273865116
20260109-200016-99c64,558,3,93.14042217945409,6.339360634032159
20260109-200016-99c64,558,9,63.98997130013536,4.355310997531742
20260109-200016-99c64,558,10,77.56575827043339,5.279311635296711
20260109-200016-99c64,559,2,91.76757716243623,6.245921507884092
20260109-200016-99c64,559,4,87.84007616204968,5.978606365335118
20260109-200016-99c64,559,3,90.03530010306095,6.1280185744371884
20260109-200016-99c64,559,9,63.668072470710634,4.333401790770101
20260109-200016-99c64,559,10,77.28834203959433,5.260430020935608
20260109-200016-99c64,560,2,90.56613387535894,6.164148394772736
20260109-200016-99c64,560,4,86.93501102646523,5.917005460405736
20260109-200016-99c64,560,3,86.89721717132808,5.914433119934666
20260109-200016-99c64,560,9,63.519105598283296,4.323262747970603
20260109-200016-99c64,560,10,76.75959089672335,5.2244419493563585
20260109-200016-99c64,561,2,89.32215300932158,6.079480071963844
20260109-200016-99c64,561,4,86.11327871391177,5.861076387377949
20260109-200016-99c64,561,3,84.81492904119938,5.7727075931229335
20260109-200016-99c64,561,9,63.544286907658,4.3249766483119165
20260109-200016-99c64,561,10,76.5809286190851,5.212281766020875
20260109-200016-99c64,562,2,87.70481433870151,5.9694001210626935
20260109-200016-99c64,562,4,85.79631849969579,5.839503314618156
20260109-200016-99c64,562,3,85.66938579227241,5.830863969962185
20260109-200016-99c64,562,9,63.74341001175209,4.338529444593946
20260109-200016-99c64,562,10,76.80382113057506,5.227452365207527
20260109-200016-99c64,563,2,85.77684445905146,5.83817786468184
20260109-200016-99c64,563,4,89.1359121852327,6.066804074571391
20260109-200016-99c64,563,3,87.15033842473821,5.931661159833534
20260109-200016-99c64,563,9,64.11485428492064,4.363810833146433
20260109-200016-99c64,563,10,77.57661784101526,5.280050763729225
20260109-200016-99c64,564,2,83.82539274939374,5.705357378603479
20260109-200016-99c64,564,4,91.82986637721339,6.2501610613115215
20260109-200016-99c64,564,3,88.85534193583214,6.047707790138585
20260109-200016-99c64,564,9,64.6556498594946,4.400618677649302
20260109-200016-99c64,564,10,78.59156734582525,5.349130662507505
20260109-200016-99c64,565,2,81.76660477268094,5.565231328624387
20260109-200016-99c64,565,4,90.23681255994994,6.141733995803949
20260109-200016-99c64,565,3,90.78218197865368,6.178853147113725
20260109-200016-99c64,565,10,79.0235906521797,5.378535205424553
20260109-200016-99c64,566,2,79.76393340406288,5.428924709650084
20260109-200016-99c64,566,4,88.99485843947775,6.057203618161618
20260109-200016-99c64,566,3,92.48930338751921,6.295043926623235
20260109-200016-99c64,566,10,78.8900150153944,5.369443727055784
20260109-200016-99c64,567,2,80.23393062744766,5.46091384848273
20260109-200016-99c64,567,4,88.50305799341427,6.023730499674272
20260109-200016-99c64,567,3,92.42306863418328,6.29053583037375
20260109-200016-99c64,567,10,78.93862089119999,5.372751959598159
20260109-200016-99c64,568,2,82.51123822088348,5.615912867937403
20260109-200016-99c64,568,4,88.54833573554653,6.026812211452624
20260109-200016-99c64,568,3,93.01384691212007,6.330745617606387
20260109-200016-99c64,568,10,78.71766965037645,5.357713487951353
20260109-200016-99c64,568,11,82.07520268150873,5.5862352428132045
20260109-200016-99c64,569,2,84.16198505063355,5.728266658315425
20260109-200016-99c64,569,4,88.33419175656597,6.0122370583816105
20260109-200016-99c64,569,3,93.09195891684455,6.336062108086123
20260109-200016-99c64,569,10,78.47607597634291,5.341270042766527
20260109-200016-99c64,569,11,84.62594094589652,5.759844609859282
20260109-200016-99c64,570,2,85.52427753136763,5.820987553522068
20260109-200016-99c64,570,4,88.14035166626883,5.999043836695764
20260109-200016-99c64,570,3,91.64790974751433,6.237776656469626
20260109-200016-99c64,570,10,78.20980424984309,5.323146950113194
20260109-200016-99c64,570,11,86.44968231459785,5.883972823677402
20260109-200016-99c64,571,2,85.58567227253762,5.825166226929407
20260109-200016-99c64,571,4,87.84381569475919,5.978860886904739
20260109-200016-99c64,571,3,90.43811989409961,6.155435456024858
20260109-200016-99c64,571,10,77.95058132947148,5.305503616119319
20260109-200016-99c64,571,11,80.50600885231005,5.479432145347938
20260109-200016-99c64,572,2,86.39518016682689,5.880263276716322
20260109-200016-99c64,572,4,91.35584020736567,6.217897702714715
20260109-200016-99c64,572,3,89.58528281704926,6.097389318086171
20260109-200016-99c64,572,10,77.2570609848282,5.258300957285957
20260109-200016-99c64,572,11,75.38468959784764,5.130862867730776
20260109-200016-99c64,573,2,86.41440431052105,5.881571718066555
20260109-200016-99c64,573,4,93.88043090981343,6.389727403951256
20260109-200016-99c64,573,3,82.45526257496998,5.6121030311569235
20260109-200016-99c64,573,10,76.66349345849366,5.217901327114268
20260109-200016-99c64,573,11,71.08465747877605,4.83819236331546
20260109-200016-99c64,574,2,87.10111882934534,5.928311156063362
20260109-200016-99c64,574,4,92.00180308071889,6.261863485932788
20260109-200016-99c64,574,3,74.64135913084365,5.080270012444778
20260109-200016-99c64,574,10,76.59585034825625,5.213297374714563
20260109-200016-99c64,574,11,70.29538699827636,4.784472720472922
20260109-200016-99c64,575,2,87.91054140351822,5.983402398758421
20260109-200016-99c64,575,4,93.760416327194,6.381558923470229
20260109-200016-99c64,575,3,70.29486943730936,4.784437494031565
20260109-200016-99c64,575,10,76.88555784060715,5.2330155618283705
20260109-200016-99c64,575,11,70.66275398991466,4.809476599460583
20260109-200016-99c64,576,2,89.81640235331079,6.11311986832041
20260109-200016-99c64,576,4,92.66537355537959,6.3070276847471884
20260109-200016-99c64,576,3,64.93366553594258,4.419541091716982
20260109-200016-99c64,576,10,77.03895076207236,5.243455852146169
20260109-200016-99c64,576,11,71.69461666189108,4.87970764898118
20260109-200016-99c64,577,2,91.48627799842045,6.226775611773465
20260109-200016-99c64,577,4,91.2401291976129,6.210022133729881
20260109-200016-99c64,577,3,55.7010590721642,3.7911477411562577
20260109-200016-99c64,577,10,77.51360857542711,5.27576220191576
20260109-200016-99c64,577,11,74.38251594007468,5.062652523758861
20260109-200016-99c64,578,2,94.99281062249534,6.4654386364716006
20260109-200016-99c64,578,4,93.00124804506528,6.329888108482296
20260109-200016-99c64,578,3,48.26291247838421,3.284889635347813
20260109-200016-99c64,578,10,78.29697518938777,5.329080013434686
20260109-200016-99c64,578,11,76.56896021258555,5.211467167555032
20260109-200016-99c64,579,2,97.30284682598422,6.622665243662317
20260109-200016-99c64,579,4,94.20077557102367,6.411530830294824
20260109-200016-99c64,579,3,46.5189728790663,3.166192921446891
20260109-200016-99c64,579,10,79.55847322940778,5.414940597139187
20260109-200016-99c64,579,11,78.17850755484858,5.321016821952069
20260109-200016-99c64,580,2,95.95178831067193,6.530708959099394
20260109-200016-99c64,580,4,95.03273074741224,6.468155695966095
20260109-200016-99c64,580,3,47.44640447343143,3.2293161412316183
20260109-200016-99c64,580,10,79.6947822060491,5.4242181131775
20260109-200016-99c64,580,11,80.13670927466829,5.4542967299194345
20260109-200016-99c64,581,2,98.68304922813759,6.7166051310975465
20260109-200016-99c64,581,4,91.8972854187301,6.2547497630564175
20260109-200016-99c64,581,3,44.41818180656485,3.0232080399774617
20260109-200016-99c64,581,10,79.1258202927319,5.385493200071595
20260109-200016-99c64,581,11,80.63785293786373,5.488405770184839
20260109-200016-99c64,582,2,101.69017470504306,6.921277306977966
20260109-200016-99c64,582,4,89.81315479247601,6.112898831537122
20260109-200016-99c64,582,3,41.16547582655007,2.8018210657584923
20260109-200016-99c64,582,10,78.12552289078064,5.317410558573184
20260109-200016-99c64,582,11,84.2022918156066,5.731010033459925
20260109-200016-99c64,583,2,104.03043274628116,7.080560884966457
20260109-200016-99c64,583,4,91.62166192055619,6.2359901663823605
20260109-200016-99c64,583,3,37.91285265395013,2.580439727610883
20260109-200016-99c64,583,10,76.81734752945117,5.228373004373089
20260109-200016-99c64,583,11,81.65206010945167,5.557435143982717
20260109-200016-99c64,584,2,105.00654858779755,7.146997671435406
20260109-200016-99c64,584,4,93.46436648963159,6.361409061122185
20260109-200016-99c64,584,3,34.66033560141355,2.359065612249432
20260109-200016-99c64,584,10,75.473140055651,5.136883018135295
20260109-200016-99c64,584,11,81.15136836165506,5.523356862163776
20260109-200016-99c64,585,2,101.94170873618381,6.938397316720469
20260109-200016-99c64,585,4,92.14764798832701,6.271790040315198
20260109-200016-99c64,585,3,31.40795763741609,2.1377009635877116
20260109-200016-99c64,585,10,75.25659264781818,5.12214428192931
20260109-200016-99c64,585,11,82.38430866964053,5.6072737380986455
20260109-200016-99c64,586,2,99.41266743613004,6.766264697131173
20260109-200016-99c64,586,4,91.02337948417934,6.195269628119256
20260109-200016-99c64,586,3,28.15576696191134,1.916349062230224
20260109-200016-99c64,586,10,75.95296705648263,5.169541195208587
20260109-200016-99c64,586,11,81.28193220058863,5.532243350343622
20260109-200016-99c64,587,2,96.81516649646672,6.589472550193754
20260109-200016-99c64,587,4,89.69504360761611,6.104859900875018
20260109-200016-99c64,587,3,24.90383694898878,1.695014902193568
20260109-200016-99c64,587,10,77.55723376510343,5.278731437008483
20260109-200016-99c64,587,11,81.73720806529082,5.563230518178842
20260109-200016-99c64,588,2,99.4472204791118,6.768616460150269
20260109-200016-99c64,588,4,91.92058633920865,6.256335679617262
20260109-200016-99c64,588,3,21.6522850447431,1.4737064771407735
20260109-200016-99c64,588,10,78.88144368526798,5.368860341759548
20260109-200016-99c64,588,11,81.42518960945071,5.541993793352394
20260109-200016-99c64,589,2,101.96341369903857,6.939874608575765
20260109-200016-99c64,589,4,93.47960987939827,6.362446562807865
20260109-200016-99c64,589,3,18.401311688149267,1.2524374294294511
20260109-200016-99c64,589,10,79.78834919330292,5.430586506854083
20260109-200016-99c64,589,11,79.37400218929618,5.402385055491014
20260109-200016-99c64,590,2,103.44014614782596,7.040384562619175
20260109-200016-99c64,590,4,94.38255985161615,6.423903504642955
20260109-200016-99c64,590,3,15.151289296249947,1.0312331066571798
20260109-200016-99c64,590,10,80.4167981763993,5.473360252674805
20260109-200016-99c64,590,11,77.71443050842414,5.289430624569447
20260109-200016-99c64,591,2,105.137062871585,7.1558807867730945
20260109-200016-99c64,591,4,91.76716352651016,6.245893354830399
20260109-200016-99c64,591,3,11.9029968554782,0.8101465285098555
20260109-200016-99c64,591,10,80.81847458750985,5.5006993130809025
20260109-200016-99c64,591,11,80.12100998463721,5.4532281985677775
20260109-200016-99c64,592,2,105.41200949788919,7.17459431392347
20260109-200016-99c64,592,4,89.65679252412936,6.102256440345306
20260109-200016-99c64,592,3,8.658381618582997,0.5893102296822165
20260109-200016-99c64,592,10,81.19044692531632,5.526016642979794
20260109-200016-99c64,592,11,83.3495530772329,5.672970588687546
20260109-200016-99c64,593,2,103.50669027192474,7.044913715385148
20260109-200016-99c64,593,4,88.97983490674972,6.056181080473559
20260109-200016-99c64,593,3,5.42404661421103,0.36917362814863675
20260109-200016-99c64,593,10,80.83707864752252,5.5019655500478155
20260109-200016-99c64,593,11,87.37523734232178,5.946968319833505
20260109-200016-99c64,594,2,101.28014992471032,6.8933700365297925
20260109-200016-99c64,594,4,88.84534304502478,6.047027241636818
20260109-200016-99c64,594,3,2.2448746962533677,0.15279155864619584
20260109-200016-99c64,594,10,80.77088326905886,5.497460133746621
20260109-200016-99c64,594,11,90.34167206640636,6.14887098543508
20260109-200016-99c64,595,2,99.13479468355251,6.747352010805077
20260109-200016-99c64,595,4,89.12433867032394,6.066016353374802
20260109-200016-99c64,595,3,1.3509679638131429,0.09195012141060296
20260109-200016-99c64,595,10,81.28534291756026,5.532475491925095
20260109-200016-99c64,595,11,91.96776357672877,6.259546675609756
20260109-200016-99c64,596,2,97.65056668754872,6.646331891831744
20260109-200016-99c64,596,4,92.04441910999113,6.264764035146819
20260109-200016-99c64,596,3,4.447160643067267,0.3026844248092393
20260109-200016-99c64,596,10,81.68231335643924,5.559494252568624
20260109-200016-99c64,596,11,92.68727726922954,6.3085185040721425
20260109-200016-99c64,597,2,97.24535067380333,6.618751917576661
20260109-200016-99c64,597,4,93.73861110774192,6.380074807910343
20260109-200016-99c64,597,10,81.59873430751301,5.5538056619417535
20260109-200016-99c64,597,11,92.85344799283001,6.319828482264982
20260109-200016-99c64,598,2,100.40694698799824,6.83393774931245
20260109-200016-99c64,598,4,94.51818931923103,6.433134771666374
20260109-200016-99c64,598,10,81.29755727271204,5.533306830246389
20260109-200016-99c64,598,11,91.92071473799747,6.256344418746935
20260109-200016-99c64,599,2,100.4778775627145,6.838765454433211
20260109-200016-99c64,599,4,94.82135196804903,6.453768749016432
20260109-200016-99c64,599,10,80.64465420242266,5.4888686805710885
20260109-200016-99c64,599,11,90.82752580374687,6.1819393566569705
20260109-200016-99c64,600,2,101.4368981985921,6.904038700184593
20260109-200016-99c64,600,4,96.43544075662147,6.56362750514698
20260109-200016-99c64,600,10,78.90871994014505,5.370716829118799
20260109-200016-99c64,600,11,90.0475516128874,6.128852441594798
20260109-200016-99c64,601,2,100.58338051216793,6.845946238338729
20260109-200016-99c64,601,4,97.21401460232634,6.616619109357651
20260109-200016-99c64,601,10,78.28647898096997,5.328365616302985
20260109-200016-99c64,601,11,90.011984617473,6.126431666540048
20260109-200016-99c64,602,2,100.01592455466002,6.807323824198907
20260109-200016-99c64,602,4,97.48773701254133,6.635249313423357
20260109-200016-99c64,602,10,77.37521636212361,5.266342895791267
20260109-200016-99c64,602,11,90.2083334297325,6.139795637862603
20260109-200016-99c64,603,2,100.11266026707825,6.813907888913878
20260109-200016-99c64,603,4,97.0333513048817,6.604322731812482
20260109-200016-99c64,603,10,77.54037243595906,5.277583814486337
20260109-200016-99c64,603,11,90.65792305995207,6.170395786934202
20260109-200016-99c64,604,2,99.90247762258574,6.79960235377377
20260109-200016-99c64,604,4,93.86357565499232,6.3885801948621275
20260109-200016-99c64,604,10,78.05185725809079,5.312396698843674
20260109-200016-99c64,604,11,90.7227740011053,6.174809697605926
20260109-200016-99c64,605,2,100.25566316164736,6.823641009069136
20260109-200016-99c64,605,4,91.50760515611296,6.228227189302834
20260109-200016-99c64,605,10,79.20147700514754,5.390642577465053
20260109-200016-99c64,605,11,88.86134970535801,6.048116693348807
20260109-200016-99c64,606,2,100.38660416458002,6.832553167935806
20260109-200016-99c64,606,4,92.74478471591192,6.312432598888672
20260109-200016-99c64,606,10,80.09679558519625,5.45158010843676
20260109-200016-99c64,606,11,86.91083770703617,5.915360166278904
20260109-200016-99c64,607,2,100.43314127296232,6.83572059520312
20260109-200016-99c64,607,4,91.77209263253377,6.246228841614289
20260109-200016-99c64,607,10,81.44215017322706,5.543148170021716
20260109-200016-99c64,607,11,85.80219402247609,5.839903216797534
20260109-200016-99c64,608,2,100.01885061599457,6.8075229789547365
20260109-200016-99c64,608,4,91.07740226338599,6.198946548105551
20260109-200016-99c64,608,10,82.13056401358511,5.590003267919817
20260109-200016-99c64,608,11,86.84393836641057,5.910806836623736
20260109-200016-99c64,609,2,98.53848783385382,6.706765935711921
20260109-200016-99c64,609,4,90.34877434301907,6.14935438342402
20260109-200016-99c64,609,10,82.13692873036977,5.590436465817006
20260109-200016-99c64,609,11,88.48453564133428,6.0224698239453245
20260109-200016-99c64,610,2,97.75273889789396,6.653285977641091
20260109-200016-99c64,610,4,89.59756667152153,6.098225386697989
20260109-200016-99c64,610,10,81.41168115777195,5.54107437571615
20260109-200016-99c64,610,11,89.81659478142276,6.113132965439463
20260109-200016-99c64,611,2,94.37607613293449,6.423462207191098
20260109-200016-99c64,611,4,92.13063053201861,6.270631791403625
20260109-200016-99c64,611,10,81.30372617775598,5.533726700726633
20260109-200016-99c64,611,11,90.88599238571051,6.185918732522292
20260109-200016-99c64,612,2,91.78239653684629,6.24693015006713
20260109-200016-99c64,612,4,91.1084116945482,6.201057124400928
20260109-200016-99c64,612,10,81.96312512978322,5.578606975700581
20260109-200016-99c64,612,11,91.29772034998808,6.213941925756724
20260109-200016-99c64,613,2,89.62848085784772,6.100329480401277
20260109-200016-99c64,613,4,90.69398579399017,6.172850303149259
20260109-200016-99c64,613,10,81.84384317260664,5.57048835946521
20260109-200016-99c64,613,11,92.44256492398381,6.291862794641026
20260109-200016-99c64,614,2,88.06489070226094,5.993907782408656
20260109-200016-99c64,614,4,90.36034011626113,6.150141577704196
20260109-200016-99c64,614,10,81.02639985153863,5.51485120548982
20260109-200016-99c64,614,11,91.6804685296135,6.239992685307609
20260109-200016-99c64,615,2,88.26951594331992,6.0078350673354874
20260109-200016-99c64,615,4,90.49918017240361,6.159591365086958
20260109-200016-99c64,615,10,80.58030651614756,5.484489022633985
20260109-200016-99c64,615,11,91.92415143500504,6.2565783285919965
20260109-200016-99c64,616,2,89.28751094333501,6.077122249825421
20260109-200016-99c64,616,4,90.94282697655947,6.189787031156208
20260109-200016-99c64,616,10,80.08768960088652,5.450960333293848
20260109-200016-99c64,616,11,90.96889949278447,6.1915615891743
20260109-200016-99c64,616,12,80.18798921450296,5.457786965676334
20260109-200016-99c64,617,2,90.32295464584459,6.147597032877174
20260109-200016-99c64,617,4,91.28370491485195,6.212988001609809
20260109-200016-99c64,617,10,79.16040783253553,5.387847311027166
20260109-200016-99c64,617,11,90.38805195802338,6.152027712152091
20260109-200016-99c64,617,12,79.43397479271654,5.406466934790541
20260109-200016-99c64,618,2,90.47583935884956,6.158002733307667
20260109-200016-99c64,618,4,91.22001242746855,6.208652938081495
20260109-200016-99c64,618,10,78.33969847755408,5.331987862946427
20260109-200016-99c64,618,11,89.09194143067492,6.063811319503616
20260109-200016-99c64,618,12,69.02664726378744,4.698119249665639
20260109-200016-99c64,619,2,90.23029750009358,6.141290565196536
20260109-200016-99c64,619,4,90.94164524348949,6.189706599567769
20260109-200016-99c64,619,10,77.62210771026407,5.283146913388151
20260109-200016-99c64,619,11,87.06566901553211,5.925898356669578
20260109-200016-99c64,619,12,67.59263808165288,4.6005171436697125
20260109-200016-99c64,620,2,89.88613249038366,6.117865868774581
20260109-200016-99c64,620,4,90.75212303457823,6.176807263250268
20260109-200016-99c64,620,10,77.52366981485314,5.276446994014126
20260109-200016-99c64,620,11,85.7867888382384,5.838854702991914
20260109-200016-99c64,620,12,69.12635364440348,4.704905505186592
20260109-200016-99c64,621,2,88.85310198331237,6.047555333595081
20260109-200016-99c64,621,4,90.47986617911438,6.15827680835768
20260109-200016-99c64,621,10,77.65217589629783,5.2851934262814675
20260109-200016-99c64,621,11,81.63439749309782,5.556232983930319
20260109-200016-99c64,621,12,75.02541444087683,5.106409738427815
20260109-200016-99c64,622,2,91.76369302287321,6.245657144025021
20260109-200016-99c64,622,4,90.01220144623449,6.1264464244258585
20260109-200016-99c64,622,10,77.15498960527049,5.251353734261965
20260109-200016-99c64,622,11,79.27345361470162,5.395541478226949
20260109-200016-99c64,622,12,81.49674068724859,5.546863731401854
20260109-200016-99c64,623,2,93.56677457318547,6.368379201028115
20260109-200016-99c64,623,4,89.85852305436606,6.115986704307401
20260109-200016-99c64,623,10,76.65111882787873,5.217059080060354
20260109-200016-99c64,623,11,80.94479311754363,5.509296855349952
20260109-200016-99c64,623,12,84.69148908237061,5.764305973317539
20260109-200016-99c64,624,2,95.4520223057515,6.496693685562025
20260109-200016-99c64,624,4,89.64315345333475,6.101328132458601
20260109-200016-99c64,624,10,76.68049352382543,5.21905839235424
20260109-200016-99c64,624,11,83.77561328675849,5.701969268925328
20260109-200016-99c64,624,12,83.93327469287786,5.712700082551378
20260109-200016-99c64,625,2,97.01138565712083,6.6028276971169335
20260109-200016-99c64,625,4,90.08617710037808,6.13148138495944
20260109-200016-99c64,625,10,76.59862407151141,5.213486160975158
20260109-200016-99c64,625,11,85.26229279068154,5.803156243410304
20260109-200016-99c64,625,12,83.70838374072996,5.697393464698073
20260109-200016-99c64,626,2,98.15245185502525,6.68049140065784
20260109-200016-99c64,626,4,89.9812272844508,6.124338248649016
20260109-200016-99c64,626,10,76.30546720827536,5.193533201401769
20260109-200016-99c64,626,11,88.50100390447305,6.023590693451925
20260109-200016-99c64,626,12,75.3627214885753,5.12936766549885
20260109-200016-99c64,627,2,98.69093636129911,6.717141948306547
20260109-200016-99c64,627,4,89.39273515436707,6.084284062125118
20260109-200016-99c64,627,10,76.15389057045324,5.18321653170709
20260109-200016-99c64,627,11,88.90730694624784,6.05124465344313
20260109-200016-99c64,627,12,79.39322728458055,5.40369356160876
20260109-200016-99c64,628,2,99.19526197872351,6.751467560012218
20260109-200016-99c64,628,4,89.21004724422653,6.071849884581589
20260109-200016-99c64,628,10,76.62311996880159,5.215153410525278
20260109-200016-99c64,628,11,83.49236370389566,5.682690622627731
20260109-200016-99c64,628,12,82.96180633950259,5.646579615277463
20260109-200016-99c64,629,2,99.16655582482866,6.74951375029462
20260109-200016-99c64,629,4,89.56910865520048,6.096288465819096
20260109-200016-99c64,629,10,77.34633383994321,5.264377082024939
20260109-200016-99c64,629,11,79.41440233825983,5.405134786574
20260109-200016-99c64,629,12,83.23049799667777,5.664867414219445
20260109-200016-99c64,630,2,99.1439124115134,6.747972585249068
20260109-200016-99c64,630,4,89.83550408817281,6.114419978231794
20260109-200016-99c64,630,10,77.97338789690451,5.3070558858256325
20260109-200016-99c64,630,11,77.83367689211194,5.297546819587811
20260109-200016-99c64,630,12,82.48676626384628,5.614247247818347
20260109-200016-99c64,631,2,98.57280308198506,6.709101513842875
20260109-200016-99c64,631,4,89.76896668224909,6.109891282720937
20260109-200016-99c64,631,10,78.36905959600604,5.333986251123441
20260109-200016-99c64,631,11,77.70770829201848,5.288973094390194
20260109-200016-99c64,631,12,81.97888288741223,5.579679486497253
20260109-200016-99c64,632,2,98.31249759893893,6.691384498035647
20260109-200016-99c64,632,4,89.65557760536083,6.102173750058591
20260109-200016-99c64,632,10,78.82182041277463,5.364802238761171
20260109-200016-99c64,632,11,78.19470799657628,5.3221194628907655
20260109-200016-99c64,632,12,80.48455405145073,5.477971880118343
20260109-200016-99c64,633,2,98.72918258103756,6.71974507779788
20260109-200016-99c64,633,4,89.62032359169,6.099774277292342
20260109-200016-99c64,633,10,79.5279690700837,5.412864410857566
20260109-200016-99c64,633,11,78.533655001157,5.34518900936246
20260109-200016-99c64,633,12,79.78628543451629,5.430446042478852
20260109-200016-99c64,634,2,99.16914568982467,6.749690022720909
20260109-200016-99c64,634,4,89.91399619687739,6.119762339500517
20260109-200016-99c64,634,10,80.39028379686874,5.4715556203798394
20260109-200016-99c64,634,11,77.38424439581598,5.266957365428111
20260109-200016-99c64,634,12,78.00251534142146,5.309038369593903
20260109-200016-99c64,635,2,98.87729854751397,6.729826205896517
20260109-200016-99c64,635,4,90.19460959138964,6.138861560493155
20260109-200016-99c64,635,10,81.46352680217012,5.5446031146831105
20260109-200016-99c64,635,11,80.8677299501962,5.5040517512588965
20260109-200016-99c64,635,12,76.39607701886571,5.199700322538572
20260109-200016-99c64,636,2,97.88870701182431,6.6625402937453595
20260109-200016-99c64,636,4,90.20681331930354,6.139692175499138
20260109-200016-99c64,636,10,81.73366359249366,5.562989272854923
20260109-200016-99c64,636,11,84.89000909314974,5.777817721621365
20260109-200016-99c64,636,12,75.49295038503534,5.138231356690217
20260109-200016-99c64,637,2,97.40233239779032,6.62943647040581
20260109-200016-99c64,637,4,90.2126507392982,6.140089484311495
20260109-200016-99c64,637,10,81.393934460459,5.539866492911914
20260109-200016-99c64,637,11,88.25769027366321,6.007030183881682
20260109-200016-99c64,637,12,75.362647392876,5.129362622367755
20260109-200016-99c64,638,2,97.5790103004437,6.641461592418101
20260109-200016-99c64,638,4,89.98025256771507,6.124271907089044
20260109-200016-99c64,638,10,81.15377056847917,5.52352036212458
20260109-200016-99c64,638,11,88.37319505812403,6.014891716678284
20260109-200016-99c64,638,12,75.77251491081927,5.1572591891603325
20260109-200016-99c64,639,2,97.24588514406126,6.618788294904935
20260109-200016-99c64,639,4,89.62890864221451,6.1003585964317955
20260109-200016-99c64,639,10,80.73547380110628,5.4950500803889275
20260109-200016-99c64,639,11,87.87151323226084,5.980746047770333
20260109-200016-99c64,639,12,76.23455573739048,5.188706796533615
20260109-200016-99c64,640,2,99.74197439903688,6.788678119234222
20260109-200016-99c64,640,4,89.45318261249231,6.088398261175323
20260109-200016-99c64,640,10,80.500627814683,5.479065899014661
20260109-200016-99c64,640,11,87.83286468762897,5.978115535081333
20260109-200016-99c64,640,12,76.71507399721379,5.221412022352631
20260109-200016-99c64,641,2,101.95862370716634,6.939548590234839
20260109-200016-99c64,641,4,89.10452080778683,6.064667502095426
20260109-200016-99c64,641,10,80.18695203684857,5.457716372876356
20260109-200016-99c64,641,11,87.63761359504325,5.964826277193873
20260109-200016-99c64,641,12,77.46027673505326,5.272132308884407
20260109-200016-99c64,642,2,100.50151431721655,6.840374228663564
20260109-200016-99c64,642,4,90.9136537967219,6.187801434532269
20260109-200016-99c64,642,10,80.26121006165032,5.4627705522345105
20260109-200016-99c64,642,11,85.73822553416817,5.835549367984004
20260109-200016-99c64,642,12,77.50834129261408,5.275403698008091
20260109-200016-99c64,643,2,99.56686420791182,6.776759699430442
20260109-200016-99c64,643,4,92.21268203363853,6.2762164134953125
20260109-200016-99c64,643,10,80.4722775984415,5.47713631526786
20260109-200016-99c64,643,11,85.3674124065361,5.810310936711232
20260109-200016-99c64,643,12,77.21238918832168,5.255260487620926
20260109-200016-99c64,644,2,99.30857963195838,6.759180231409326
20260109-200016-99c64,644,4,93.61279330520985,6.37151134635661
20260109-200016-99c64,644,10,80.59576724543454,5.485541316968947
20260109-200016-99c64,644,11,86.756740312066,5.904871927803899
20260109-200016-99c64,644,12,76.62180539893856,5.215063937745948
20260109-200016-99c64,645,2,99.19163317613156,6.751220575000106
20260109-200016-99c64,645,4,94.38015063368952,6.4237395274896905
20260109-200016-99c64,645,10,79.91974445658374,5.439529583770096
20260109-200016-99c64,645,11,88.84026744110442,6.046681783854538
20260109-200016-99c64,645,12,77.38080008040473,5.2667229370562145
20260109-200016-99c64,646,2,101.91147322057235,6.936339414974569
20260109-200016-99c64,646,4,93.15338680884949,6.340243037818838
20260109-200016-99c64,646,10,79.67865750023654,5.4231206270069245
20260109-200016-99c64,646,11,88.77821558375275,6.042458385543053
20260109-200016-99c64,646,12,78.39591697264277,5.335814228624511
20260109-200016-99c64,647,2,100.76009020484791,6.857973524056513
20260109-200016-99c64,647,4,91.24883933103014,6.210614966311164
20260109-200016-99c64,647,10,80.09330879669207,5.45134278924424
20260109-200016-99c64,647,11,84.99148700519419,5.784724551822316
20260109-200016-99c64,647,12,78.6244261251251,5.3513671098748405
20260109-200016-99c64,648,2,100.13288498035932,6.81528443143117
20260109-200016-99c64,648,4,90.32551432504339,6.147771250785671
20260109-200016-99c64,648,10,80.486654922301,5.478114870429678
20260109-200016-99c64,648,11,83.63331531380449,5.69228412742673
20260109-200016-99c64,648,12,78.6898913873477,5.355822832712675
20260109-200016-99c64,649,2,99.63019224095136,6.781069957321566
20260109-200016-99c64,649,4,91.47443649307093,6.225969650504406
20260109-200016-99c64,649,10,80.18690356998533,5.457713074105342
20260109-200016-99c64,649,11,84.13904977018552,5.726705628092451
20260109-200016-99c64,649,12,79.21397149597206,5.39149298249245
20260109-200016-99c64,650,2,99.38638027810164,6.764475530076886
20260109-200016-99c64,650,4,92.49757073985032,6.295606622461294
20260109-200016-99c64,650,10,80.05147671927668,5.448495597674762
20260109-200016-99c64,650,11,84.68392315245991,5.763791017972552
20260109-200016-99c64,650,12,79.06774852095234,5.381540695934792
20260109-200016-99c64,651,2,99.2437267046063,6.7547661855521435
20260109-200016-99c64,651,4,92.8521505896768,6.319740177893115
20260109-200016-99c64,651,10,79.68237190751503,5.4233734384794205
20260109-200016-99c64,651,11,87.06268000330695,5.925694917325076
20260109-200016-99c64,651,12,79.00572403911676,5.377319160866622
20260109-200016-99c64,652,2,101.68922815253933,6.921212882343207
20260109-200016-99c64,652,4,93.87907749308697,6.389635287161184
20260109-200016-99c64,652,10,78.6233167115729,5.35129160052632
20260109-200016-99c64,652,11,89.77886271795137,6.11056483065744
20260109-200016-99c64,652,12,79.67965361805291,5.423188425175799
20260109-200016-99c64,653,2,103.62839609742565,7.053197305915007
20260109-200016-99c64,653,4,94.3322079639322,6.420476434342396
20260109-200016-99c64,653,10,78.24898059861997,5.325813386418827
20260109-200016-99c64,653,11,91.36033864465001,6.218203877150773
20260109-200016-99c64,653,12,79.66456314377967,5.42216133128554
20260109-200016-99c64,654,2,104.91470625952837,7.140746662187824
20260109-200016-99c64,654,4,93.53634813760742,6.366308304811156
20260109-200016-99c64,654,10,78.74361936531864,5.35947968781946
20260109-200016-99c64,654,11,91.29275735564721,6.213604132452644
20260109-200016-99c64,654,12,79.05452433606975,5.380640626178824
20260109-200016-99c64,655,2,105.38833349209854,7.172982868156227
20260109-200016-99c64,655,4,91.85382397069385,6.251791672612634
20260109-200016-99c64,655,10,79.67553597239655,5.422908168331692
20260109-200016-99c64,655,11,87.70318754651309,5.969289397682686
20260109-200016-99c64,655,12,78.69849656866651,5.356408522002295
20260109-200016-99c64,656,2,106.02173271764964,7.216093539357058
20260109-200016-99c64,656,4,91.03618772282891,6.196141387576496
20260109-200016-99c64,656,10,79.77721356304178,5.4298285891373625
20260109-200016-99c64,656,11,84.69994932656509,5.764881797838685
20260109-200016-99c64,656,12,79.35995711793439,5.401429114231466
20260109-200016-99c64,657,2,104.22380234421256,7.093722083812894
20260109-200016-99c64,657,4,92.29930106131455,6.2821119123706515
20260109-200016-99c64,657,10,80.48055944658599,5.477699997725762
20260109-200016-99c64,657,11,81.96054555795864,5.57843140385224
20260109-200016-99c64,657,12,79.97281390668093,5.443141617889585
20260109-200016-99c64,658,2,102.47219788116251,6.974503680893695
20260109-200016-99c64,658,4,92.22769551330528,6.277238266947897
20260109-200016-99c64,658,10,80.30368968200814,5.465661817130499
20260109-200016-99c64,658,11,82.12338279844778,5.589514497185469
20260109-200016-99c64,658,12,79.84943754551,5.434744326693393
20260109-200016-99c64,659,2,101.21709362773994,6.889078273647597
20260109-200016-99c64,659,4,92.00105576716803,6.2618126219792565
20260109-200016-99c64,659,10,80.16593426047055,5.456285852581645
20260109-200016-99c64,659,11,83.09037954803443,5.655330616375434
20260109-200016-99c64,659,12,79.83506143625091,5.4337658542001925
20260109-200016-99c64,660,2,99.65046818574467,6.782449986778516
20260109-200016-99c64,660,4,90.9040520796037,6.187147918624848
20260109-200016-99c64,660,10,79.71553759134656,5.425630774505633
20260109-200016-99c64,660,11,84.3958660429505,5.744185159875208
20260109-200016-99c64,660,12,80.17494178473584,5.456898926297667
20260109-200016-99c64,661,2,99.07578918843117,6.743335955217063
20260109-200016-99c64,661,4,90.60683172560938,6.166918388119666
20260109-200016-99c64,661,10,79.07794610487262,5.382234767966611
20260109-200016-99c64,661,11,84.97171827175258,5.78337904438707
20260109-200016-99c64,661,12,80.95792896018807,5.510190912321205
20260109-200016-99c64,662,2,101.5013795149501,6.908427453305798
20260109-200016-99c64,662,4,90.36789473040224,6.150655762870753
20260109-200016-99c64,662,10,78.46659754765926,5.340624918165805
20260109-200016-99c64,662,11,84.80617867866299,5.7721120224512665
20260109-200016-99c64,662,12,81.53356983726437,5.549370411727449
20260109-200016-99c64,663,2,103.41433501909188,7.038627795260943
20260109-200016-99c64,663,4,90.92537257759462,6.188599042878946
20260109-200016-99c64,663,10,77.98809909056607,5.308057164967335
20260109-200016-99c64,663,11,84.42843488674319,5.746401873536195
20260109-200016-99c64,663,12,81.2643228944434,5.531044818711946
20260109-200016-99c64,664,2,106.8730148051077,7.274033840972728
20260109-200016-99c64,664,4,90.46520587092327,6.157278992603201
20260109-200016-99c64,664,10,77.56055442543953,5.2789574491192415
20260109-200016-99c64,664,11,87.57170299988366,5.960340243927722
20260109-200016-99c64,664,12,80.79702894487328,5.499239671181923
20260109-200016-99c64,665,2,107.16679767927515,7.294029408352288
20260109-200016-99c64,665,4,92.42842890692354,6.290900663399006
20260109-200016-99c64,665,10,77.7669626499256,5.293006088176582
20260109-200016-99c64,665,11,88.03841516444821,5.99210579377421
20260109-200016-99c64,665,12,81.23901880504124,5.529322561667342
20260109-200016-99c64,666,2,102.21692133011076,6.957128946265469
20260109-200016-99c64,666,4,92.75294707243903,6.312988148460363
20260109-200016-99c64,666,10,78.58420086061996,5.348629281847756
20260109-200016-99c64,666,11,92.12342617402646,6.270141445511045
20260109-200016-99c64,666,12,81.98254837865035,5.579928968626661
20260109-200016-99c64,667,2,98.28842748292814,6.689746228181111
20260109-200016-99c64,667,4,93.44658324232157,6.360198690637443
20260109-200016-99c64,667,10,79.31573335027088,5.3984191384845825
20260109-200016-99c64,667,11,93.88716746703105,6.390185910200583
20260109-200016-99c64,667,12,82.497813715339,5.614999163876495
20260109-200016-99c64,668,2,99.8930747387317,6.798962370935429
20260109-200016-99c64,668,4,94.10275894451273,6.404859583493012
20260109-200016-99c64,668,10,78.05373803989194,5.312524709366199
20260109-200016-99c64,668,11,94.12876891791008,6.406629884696176
20260109-200016-99c64,668,12,83.98458235323398,5.716192205033486
20260109-200016-99c64,669,2,101.00191694380003,6.874432832198962
20260109-200016-99c64,669,4,95.11804860561374,6.4739626341247
20260109-200016-99c64,669,10,76.76563680685443,5.224853448507694
20260109-200016-99c64,669,11,88.6485521752028,6.033633182815796
20260109-200016-99c64,669,12,85.7892957146999,5.839025327019405
20260109-200016-99c64,670,2,100.48418230152254,6.839194570085387
20260109-200016-99c64,670,4,94.04274970609481,6.400775210727643
20260109-200016-99c64,670,10,75.764151416218,5.156689949648662
20260109-200016-99c64,670,11,80.23021434520086,5.460660909395393
20260109-200016-99c64,670,12,87.84952900239415,5.979249748332073
20260109-200016-99c64,671,2,100.19544845868484,6.819542651893825
20260109-200016-99c64,671,4,96.16352269252447,6.545120109207786
20260109-200016-99c64,671,10,75.48874633239606,5.137945218779509
20260109-200016-99c64,671,11,73.77857321670096,5.021546732780279
20260109-200016-99c64,671,12,88.32204170603914,6.0114100967873965
20260109-200016-99c64,672,2,94.88301440582859,6.457965642497386
20260109-200016-99c64,672,4,96.3078248831581,6.554941662570997
20260109-200016-99c64,672,10,77.19777950229624,5.254266117332516
20260109-200016-99c64,672,11,71.32727820346624,4.854705712032495
20260109-200016-99c64,672,12,88.7884663008774,6.04315607394826
20260109-200016-99c64,673,2,94.45307398127692,6.428702865513934
20260109-200016-99c64,673,4,96.11057049751479,6.541516055750918
20260109-200016-99c64,673,10,79.17369240781053,5.388751491098155
20260109-200016-99c64,673,11,70.39634838174094,4.79134439449926
20260109-200016-99c64,673,12,89.96818797988166,6.123450762290822
20260109-200016-99c64,674,2,90.69161472210776,6.172688922307299
20260109-200016-99c64,674,4,94.9929855049937,6.465450539394088
20260109-200016-99c64,674,10,80.90329732788346,5.506472552332054
20260109-200016-99c64,674,11,70.2516898509887,4.781498587772502
20260109-200016-99c64,674,12,95.20759261387798,6.4800572141976795
20260109-200016-99c64,675,2,88.73562784392952,6.039559761776805
20260109-200016-99c64,675,4,94.27017182775266,6.41625410605161
20260109-200016-99c64,675,10,81.95914779737795,5.5783362689130405
20260109-200016-99c64,675,11,70.68581682022315,4.81104631103313
20260109-200016-99c64,675,12,98.17882306172093,6.6822862882661065
20260109-200016-99c64,676,2,87.24815558717198,5.938318830631618
20260109-200016-99c64,676,4,94.2782138836055,6.4168014676707354
20260109-200016-99c64,676,10,82.9023686029109,5.642534140297767
20260109-200016-99c64,676,11,70.10369946908754,4.771426007261411
20260109-200016-99c64,676,12,98.89878920461626,6.7312889115880505
20260109-200016-99c64,677,2,84.82104534560916,5.773123883477796
20260109-200016-99c64,677,4,94.74359527673705,6.448476442020164
20260109-200016-99c64,677,10,83.34698429549694,5.672795751238527
20260109-200016-99c64,677,11,69.06446751763039,4.700693386895973
20260109-200016-99c64,677,12,96.70527398505963,6.581993002168444
20260109-200016-99c64,678,2,81.92450513581024,5.575978406237935
20260109-200016-99c64,678,4,96.29937797245898,6.55436674555954
20260109-200016-99c64,678,10,85.61989964583984,5.827495824088634
20260109-200016-99c64,678,11,64.48717235258819,4.389151694249285
20260109-200016-99c64,678,12,94.53690984438633,6.434408935530365
20260109-200016-99c64,679,2,81.89295371980505,5.573830941153593
20260109-200016-99c64,679,4,97.38695047605937,6.62838953990222
20260109-200016-99c64,679,10,88.00442672145716,5.989792458785302
20260109-200016-99c64,679,11,67.05587932342395,4.563984054574062
20260109-200016-99c64,679,12,94.90767450472752,6.459644068003017
20260109-200016-99c64,680,2,82.70591615550453,5.629163115318432
20260109-200016-99c64,680,4,96.6623694885563,6.579072819182455
20260109-200016-99c64,680,10,89.67974046872064,6.103818332520258
20260109-200016-99c64,680,11,68.53955614819506,4.6649666595107036
20260109-200016-99c64,680,12,95.89863062301221,6.5270909193196625
20260109-200016-99c64,681,2,83.34668250425477,5.672775210602405
20260109-200016-99c64,681,4,97.06727675494265,6.60663177935141
20260109-200016-99c64,681,10,92.83592201643246,6.318635622255892
20260109-200016-99c64,681,11,69.5350199362316,4.7327203136473015
20260109-200016-99c64,681,12,97.07378659817888,6.607074854903139
20260109-200016-99c64,682,2,83.53183485799717,5.685377124091175
20260109-200016-99c64,682,4,97.3069020576014,6.6229412524571485
20260109-200016-99c64,682,10,95.75421460605185,6.517261618663516
20260109-200016-99c64,682,11,69.14463573024744,4.706149827818971
20260109-200016-99c64,682,12,97.55608303837658,6.639901107945373
20260109-200016-99c64,683,2,81.2362069557827,5.529131180459469
20260109-200016-99c64,683,4,97.81931522676382,6.657817322341062
20260109-200016-99c64,683,10,97.75035817611727,6.65312394000417
20260109-200016-99c64,683,11,70.29308527920793,4.7843160599499015
20260109-200016-99c64,683,12,97.79304820542359,6.656029525838092
20260109-200016-99c64,684,2,85.77488247761043,5.838044327516977
20260109-200016-99c64,684,4,95.01541524237791,6.466977161143034
20260109-200016-99c64,684,10,98.33810679467669,6.693127521349589
20260109-200016-99c64,684,11,69.7551646147648,4.747703888729193
20260109-200016-99c64,684,12,96.98801845182516,6.601237269052378
20260109-200016-99c64,685,2,85.26557245741527,5.803379465398116
20260109-200016-99c64,685,4,94.9825561201291,6.464740690433769
20260109-200016-99c64,685,10,97.83071618746749,6.65859329908439
20260109-200016-99c64,685,11,69.04481488298983,4.6993557814237175
20260109-200016-99c64,685,12,98.25305891932763,6.687338958871773
20260109-200016-99c64,686,2,85.11932509035198,5.793425518659442
20260109-200016-99c64,686,4,95.35670104958915,6.490205892133971
20260109-200016-99c64,686,10,95.9113838079308,6.527958931687866
20260109-200016-99c64,686,11,68.58262867332581,4.667898278928277
20260109-200016-99c64,686,12,99.82111919628453,6.794064904051383
20260109-200016-99c64,687,2,84.30799746508616,5.738204613615622
20260109-200016-99c64,687,4,95.02383353762472,6.46755013051814
20260109-200016-99c64,687,10,94.0221402581728,6.399372482247475
20260109-200016-99c64,687,11,68.27970087958822,4.647280286378551
20260109-200016-99c64,687,12,96.7492662261357,6.584987219660213
20260109-200016-99c64,688,2,82.82880848454626,5.637527462126424
20260109-200016-99c64,688,4,95.49330168765357,6.4995032593486135
20260109-200016-99c64,688,10,91.8632260178199,6.25243159850126
20260109-200016-99c64,688,11,68.53191368445951,4.664446495089946
20260109-200016-99c64,688,12,94.98829189617244,6.465131081114892
20260109-200016-99c64,689,2,81.53897374626733,5.549738214741454
20260109-200016-99c64,689,4,96.14423086640635,6.543807061229367
20260109-200016-99c64,689,10,90.87408844776863,6.185108521941182
20260109-200016-99c64,689,11,69.3625790530887,4.720983573350079
20260109-200016-99c64,689,12,95.12064969135356,6.474139670261739
20260109-200016-99c64,690,2,81.6970211195764,5.560495298220604
20260109-200016-99c64,690,4,96.79695066627282,6.588232737079907
20260109-200016-99c64,690,10,92.23710417594766,6.277878643104439
20260109-200016-99c64,690,11,70.08224899039261,4.769966036208694
20260109-200016-99c64,690,12,96.96126849151243,6.599416602564077
20260109-200016-99c64,691,2,81.42514146185017,5.5419905163111665
20260109-200016-99c64,691,4,97.81388522291256,6.657447743249065
20260109-200016-99c64,691,10,93.44551649195887,6.360126085047975
20260109-200016-99c64,691,11,71.50497056244855,4.866799880376831
20260109-200016-99c64,691,12,95.28837272534444,6.485555302424686
20260109-200016-99c64,692,2,86.99760157379396,5.921265523249705
20260109-200016-99c64,692,4,98.1089346318775,6.67752951402613
20260109-200016-99c64,692,10,95.03373958309486,6.468224359743464
20260109-200016-99c64,692,11,70.72767291434454,4.813895137237248
20260109-200016-99c64,692,12,95.07784431783463,6.471226233823925
20260109-200016-99c64,693,2,92.84988558785672,6.3195860164341235
20260109-200016-99c64,693,4,96.89686501775748,6.595033147597226
20260109-200016-99c64,693,10,95.37637885092134,6.4915452105116485
20260109-200016-99c64,693,11,70.1457856662866,4.774290494833152
20260109-200016-99c64,693,12,95.62838058205561,6.5086970530380075
20260109-200016-99c64,694,2,91.19519583596191,6.206963861313462
20260109-200016-99c64,694,4,96.49348726564939,6.567578289840284
20260109-200016-99c64,694,10,95.17792472909767,6.4780379467682385
20260109-200016-99c64,694,11,70.32182488735877,4.78627214664444
20260109-200016-99c64,694,12,94.83112060393306,6.454433625815596
20260109-200016-99c64,695,2,95.36432785552303,6.490724990847175
20260109-200016-99c64,695,4,95.83953401502266,6.5230686623712035
20260109-200016-99c64,695,10,95.00816886314139,6.466483955183728
20260109-200016-99c64,695,11,70.29503950103084,4.784449068976535
20260109-200016-99c64,695,12,93.59435974673853,6.370256714133738
20260109-200016-99c64,696,2,94.7104318343908,6.446219258554818
20260109-200016-99c64,696,4,96.76398983801494,6.585989344015609
20260109-200016-99c64,696,10,95.28059883870816,6.48502619304594
20260109-200016-99c64,696,11,70.85526588868193,4.822579421243767
20260109-200016-99c64,696,12,92.68034904183526,6.308046952290658
20260109-200016-99c64,697,2,94.54996571484467,6.435297549402731
20260109-200016-99c64,697,4,95.63382675841328,6.509067732869598
20260109-200016-99c64,697,10,95.24223871984053,6.482415311306562
20260109-200016-99c64,697,11,72.23826534790048,4.916709683094694
20260109-200016-99c64,697,12,92.62296804163812,6.304141463725336
20260109-200016-99c64,698,2,98.42745699732691,6.69920891054742
20260109-200016-99c64,698,4,96.54335364278006,6.570972315127554
20260109-200016-99c64,698,10,95.0428886597812,6.468847067856933
20260109-200016-99c64,698,11,74.18855791495562,5.049451275146037
20260109-200016-99c64,698,12,92.60710483134962,6.303061775567615
20260109-200016-99c64,699,2,101.73309827730317,6.924198788305735
20260109-200016-99c64,699,4,94.86078795575183,6.456452856970396
20260109-200016-99c64,699,10,95.33032087792017,6.488410394348111
20260109-200016-99c64,699,11,75.94119148360281,5.168739721461627
20260109-200016-99c64,699,12,92.21681064181423,6.276497416474792
20260109-200016-99c64,700,2,103.79739496880904,7.064699774632398
20260109-200016-99c64,700,4,93.12973564287485,6.338633282709078
20260109-200016-99c64,700,10,96.64303791366466,6.577757065807129
20260109-200016-99c64,700,11,74.22172306305268,5.051708574708876
20260109-200016-99c64,700,12,95.841518530325,6.523203733244739
20260109-200016-99c64,701,2,105.04486032956967,7.149605260513577
20260109-200016-99c64,701,4,91.36776330645944,6.2187092174498
20260109-200016-99c64,701,10,96.45387283570606,6.56488203667924
20260109-200016-99c64,701,11,72.97429420282627,4.966805573141643
20260109-200016-99c64,701,12,99.87383663245656,6.79765297925843
20260109-200016-99c64,702,2,105.57521793836011,7.185702672018194
20260109-200016-99c64,702,4,91.11179737119632,6.201287561677896
20260109-200016-99c64,702,10,95.08149081975408,6.471474423494738
20260109-200016-99c64,702,11,70.50768863010899,4.798922478976137
20260109-200016-99c64,702,12,102.41259358193786,6.970446869261513
20260109-200016-99c64,703,2,105.61654776395369,7.188515679123472
20260109-200016-99c64,703,4,90.61337615831833,6.167363817913911
20260109-200016-99c64,703,10,93.84738204639996,6.387478019003019
20260109-200016-99c64,703,11,69.78832546856938,4.749960896012182
20260109-200016-99c64,703,12,103.90347086513384,7.071919554676829
20260109-200016-99c64,704,2,105.0994385125413,7.153319982612868
20260109-200016-99c64,704,4,92.12747076173822,6.270416729856132
20260109-200016-99c64,704,10,97.88107609159474,6.662020915003318
20260109-200016-99c64,704,11,64.70937552510007,4.404275375370945
20260109-200016-99c64,704,12,106.54169364617167,7.25148332785465
20260109-200016-99c64,705,2,95.58418661227422,6.505689105406484
20260109-200016-99c64,705,4,92.61686373698372,6.3037259901026195
20260109-200016-99c64,705,10,99.46034395095357,6.769509675135007
20260109-200016-99c64,705,11,64.8809824638127,4.4159553554091024
20260109-200016-99c64,705,12,107.43251789790746,7.312114964056755
20260109-200016-99c64,706,2,88.24307557557803,6.006035472460458
20260109-200016-99c64,706,4,92.44969303439115,6.29234795094002
20260109-200016-99c64,706,10,100.69102482811957,6.853272768786554
20260109-200016-99c64,706,11,73.81253955493142,5.023858563266139
20260109-200016-99c64,706,12,105.76692477502284,7.198750699342711
20260109-200016-99c64,707,2,85.09256730670943,5.791604319696539
20260109-200016-99c64,707,4,92.03218008701852,6.263931017874447
20260109-200016-99c64,707,10,100.53898565425943,6.842924617779222
20260109-200016-99c64,707,11,81.9524792531277,5.577882391789477
20260109-200016-99c64,707,12,104.05120735244209,7.08197485451268
20260109-200016-99c64,708,2,89.73436196750254,6.107536002797538
20260109-200016-99c64,708,4,91.01545805443756,6.194730476602704
20260109-200016-99c64,708,10,100.24115410953493,6.822653488166327
20260109-200016-99c64,708,11,90.03600937282317,6.128066849039175
20260109-200016-99c64,708,12,102.76518702211428,6.994445224885946
20260109-200016-99c64,709,2,95.24486627613139,6.482594149092823
20260109-200016-99c64,709,4,90.90276983970475,6.187060646300451
20260109-200016-99c64,709,10,96.30681633430572,6.554873018315981
20260109-200016-99c64,709,11,96.60404284500848,6.575102967861512
20260109-200016-99c64,709,12,100.69221132120879,6.8533535243533255
20260109-200016-99c64,710,2,99.75082498713367,6.789280511498031
20260109-200016-99c64,710,4,91.09902274103958,6.200418089695324
20260109-200016-99c64,710,10,95.76557341566598,6.5180347265025445
20260109-200016-99c64,710,11,90.81343583104135,6.180980359304222
20260109-200016-99c64,710,12,99.57167761117393,6.777087311206742
20260109-200016-99c64,711,2,103.3039464818742,7.031114486528696
20260109-200016-99c64,711,4,91.25142099890017,6.210790680821389
20260109-200016-99c64,711,10,95.27297938379056,6.484507594660543
20260109-200016-99c64,711,11,87.99202055347979,5.988948065222822
20260109-200016-99c64,711,12,98.97222852996757,6.73628736829705
20260109-200016-99c64,712,2,104.99941787259534,7.146512337847823
20260109-200016-99c64,712,4,91.64417686278388,6.237522587377412
20260109-200016-99c64,712,10,92.74364265640278,6.3123548675779855
20260109-200016-99c64,712,11,88.57863444279208,6.028874414172775
20260109-200016-99c64,712,12,96.94875302775989,6.598564770068872
20260109-200016-99c64,713,2,105.44906231053582,7.177116217264424
20260109-200016-99c64,713,4,92.01810755988734,6.262973207909351
20260109-200016-99c64,713,10,89.2508586676263,6.074627607989594
20260109-200016-99c64,713,11,93.60750807281855,6.371151620757572
20260109-200016-99c64,713,12,94.70226251862364,6.445663235320549
20260109-200016-99c64,714,2,105.65561799802764,7.191174893007789
20260109-200016-99c64,714,4,91.95804873299174,6.258885460033198
20260109-200016-99c64,714,10,84.99932295135712,5.785257885121363
20260109-200016-99c64,714,11,97.78317494088198,6.655357527761426
20260109-200016-99c64,714,12,92.20329886405898,6.2755777724578
20260109-200016-99c64,715,2,105.77549649565206,7.199334111217505
20260109-200016-99c64,715,4,92.09891532577176,6.268473178362402
20260109-200016-99c64,715,10,81.10451919013784,5.520168195130669
20260109-200016-99c64,715,11,99.95945722461411,6.803480522216528
20260109-200016-99c64,715,12,89.33946820786366,6.080658585926306
20260109-200016-99c64,716,2,106.76330138513919,7.266566482340475
20260109-200016-99c64,716,4,92.1324870473967,6.270758150295166
20260109-200016-99c64,716,10,79.94246176626345,5.441075778379533
20260109-200016-99c64,716,11,100.23280170537403,6.82208500349664
20260109-200016-99c64,716,12,88.51463817723675,6.024518674773131
20260109-200016-99c64,717,2,107.47455152215157,7.314975873387029
20260109-200016-99c64,717,4,92.44738448518584,6.292190825541494
20260109-200016-99c64,717,10,79.58461036845318,5.416719553541504
20260109-200016-99c64,717,11,99.5206355101765,6.773613263331825
20260109-200016-99c64,717,12,88.21860616563012,6.004370025702412
20260109-200016-99c64,718,2,108.12796530980494,7.359448783711643
20260109-200016-99c64,718,4,92.68240577467105,6.308186938462815
20260109-200016-99c64,718,10,80.46270062798465,5.476484483677591
20260109-200016-99c64,718,11,98.50879736609009,6.704745131230439
20260109-200016-99c64,718,12,87.96409567986287,5.987047431315705
20260109-200016-99c64,719,2,108.3426305377658,7.374059414239049
20260109-200016-99c64,719,4,92.76792186541992,6.314007368804274
20260109-200016-99c64,719,10,81.4489075033736,5.543608090126433
20260109-200016-99c64,719,11,98.37838656062111,6.695869058875413
20260109-200016-99c64,719,12,89.02950908161694,6.059562024013568
20260109-200016-99c64,720,2,107.60009230913869,7.323520480598043
20260109-200016-99c64,720,4,92.69836259145045,6.309272997702925
20260109-200016-99c64,720,10,80.5614582908013,5.483206167188567
20260109-200016-99c64,720,11,97.92113330104303,6.664747304799967
20260109-200016-99c64,720,12,89.86889459768952,6.1166926164336335
20260109-200016-99c64,721,2,107.24794776761259,7.299552678092932
20260109-200016-99c64,721,4,92.58430077470388,6.301509676751509
20260109-200016-99c64,721,10,78.29393245793061,5.328872917830348
20260109-200016-99c64,721,11,98.43220173594601,6.699531848843349
20260109-200016-99c64,721,12,89.68282154099666,6.104028037692729
20260109-200016-99c64,722,2,106.4695733181045,7.246574645265886
20260109-200016-99c64,722,4,92.59101787899213,6.301966858987785
20260109-200016-99c64,722,10,75.65627179080236,5.149347403474066
20260109-200016-99c64,722,11,98.8388882878795,6.727211911456229
20260109-200016-99c64,722,12,90.41662356339089,6.153972364174055
20260109-200016-99c64,723,2,106.05477880298498,7.218342735222631
20260109-200016-99c64,723,4,91.9362953448437,6.257404872236238
20260109-200016-99c64,723,10,75.56784050983353,5.143328558290921
20260109-200016-99c64,723,11,94.78689398614937,6.4514234560826935
20260109-200016-99c64,723,12,90.77717303390632,6.178512226314716
20260109-200016-99c64,724,2,106.1325891526447,7.223638694334806
20260109-200016-99c64,724,4,91.19529549032201,6.206970644028342
20260109-200016-99c64,724,10,75.93807057682976,5.168527305057701
20260109-200016-99c64,724,11,91.5135856585123,6.228634236646995
20260109-200016-99c64,724,12,91.66534040324034,6.238963028725078
20260109-200016-99c64,725,2,106.37223753070504,7.239949738007748
20260109-200016-99c64,725,4,90.98088971784776,6.192377672663946
20260109-200016-99c64,725,10,75.48747970148902,5.137859008840559
20260109-200016-99c64,725,11,88.988283913052,6.0567561401167955
20260109-200016-99c64,725,12,92.20998683660102,6.276032971917523
20260109-200016-99c64,726,2,106.04629321114912,7.2177651854801885
20260109-200016-99c64,726,4,91.5434223413681,6.230664992878502
20260109-200016-99c64,726,10,74.89423841029073,5.097481583015078
20260109-200016-99c64,726,11,85.29102802587174,5.805112032470648
20260109-200016-99c64,726,12,93.47929052313384,6.362424826654178
20260109-200016-99c64,727,2,105.83204962701343,7.203183253043304
20260109-200016-99c64,727,4,92.1437308033957,6.271523427309065
20260109-200016-99c64,727,10,75.82378313715319,5.160748627668263
20260109-200016-99c64,727,11,82.93594414799416,5.644819372464279
20260109-200016-99c64,727,12,94.82476129465486,6.454000795966273
20260109-200016-99c64,728,2,104.75719905197636,7.130026343686284
20260109-200016-99c64,728,4,92.52983126404438,6.297802351150553
20260109-200016-99c64,728,10,77.68848816297097,5.287664926286445
20260109-200016-99c64,728,11,80.84707694821373,5.502646058384861
20260109-200016-99c64,728,12,95.00877809460054,6.466525420938754
20260109-200016-99c64,729,2,104.27278043288457,7.097055650056123
20260109-200016-99c64,729,4,92.17683694826331,6.273776710970523
20260109-200016-99c64,729,10,79.28207255468162,5.396128103964065
20260109-200016-99c64,729,11,79.7972308957911,5.431191016838032
20260109-200016-99c64,729,12,93.74357488040624,6.380412654188985
20260109-200016-99c64,730,2,104.33498571689834,7.101289490954395
20260109-200016-99c64,730,4,94.69284217061248,6.445022063829768
20260109-200016-99c64,730,10,80.62064341018836,5.487234448435134
20260109-200016-99c64,730,11,80.17358324839996,5.4568064610546925
20260109-200016-99c64,730,12,93.49481268746484,6.363481302405655
20260109-200016-99c64,731,2,104.13660511786956,7.087787231348831
20260109-200016-99c64,731,4,93.6383452985413,6.373250476337515
20260109-200016-99c64,731,10,81.53358964758992,5.5493717600657435
20260109-200016-99c64,731,11,80.87427976203415,5.504497547169567
20260109-200016-99c64,731,12,93.37683427002449,6.355451408212715
20260109-200016-99c64,732,2,104.16629809709949,7.089808206766729
20260109-200016-99c64,732,4,92.2512905471248,6.278844201568485
20260109-200016-99c64,732,10,81.94277374499023,5.5772218116162255
20260109-200016-99c64,732,11,81.084881967695,5.518831638649574
20260109-200016-99c64,732,12,93.55889033030275,6.367842580538425
20260109-200016-99c64,733,2,104.15351898262465,7.088938429570707
20260109-200016-99c64,733,4,91.74989293763731,6.244717877109071
20260109-200016-99c64,733,10,82.73599230004096,5.631210169886538
20260109-200016-99c64,733,11,81.32604449392922,5.535245738880593
20260109-200016-99c64,733,12,93.4587118507357,6.361024192830015
20260109-200016-99c64,734,2,104.07944113179214,7.083896513285246
20260109-200016-99c64,734,4,91.03862478265523,6.1963072597162645
20260109-200016-99c64,734,10,82.9938956802893,5.648763692813244
20260109-200016-99c64,734,11,81.68218781592523,5.559485707979992
20260109-200016-99c64,734,12,93.1981842832552,6.343292061423267
20260109-200016-99c64,735,2,103.55683343432631,7.04832657934213
20260109-200016-99c64,735,4,93.2160253274341,6.344506365701594
20260109-200016-99c64,735,10,83.96070506702243,5.714567059637802
20260109-200016-99c64,735,11,81.70302302673196,5.5609038024238355
20260109-200016-99c64,735,12,93.46428230091924,6.361403331036403
20260109-200016-99c64,736,2,103.21655011253057,7.025166079914144
20260109-200016-99c64,736,4,93.21846626073459,6.344672501479309
20260109-200016-99c64,736,10,85.67906662125124,5.8315228704126785
20260109-200016-99c64,736,11,83.87212444235101,5.7085380497638925
20260109-200016-99c64,736,12,93.73697667390408,6.379963564421339
20260109-200016-99c64,737,2,99.19998203949291,6.751788818674479
20260109-200016-99c64,737,4,92.75873004056375,6.313381751147787
20260109-200016-99c64,737,10,87.1461160395404,5.931373774164902
20260109-200016-99c64,737,11,85.01199301265827,5.786120239896699
20260109-200016-99c64,737,12,94.28528814346883,6.417282958772484
20260109-200016-99c64,738,2,100.70151261911555,6.853986593008328
20260109-200016-99c64,738,4,92.55957872159568,6.299827034493731
20260109-200016-99c64,738,10,87.82449674486739,5.9775459928171975
20260109-200016-99c64,738,11,86.35169222034607,5.877303382724815
20260109-200016-99c64,738,12,94.46793834093738,6.429714569501061
20260109-200016-99c64,739,2,101.96858356011504,6.9402264817262695
20260109-200016-99c64,739,4,92.43818082060123,6.291564402044679
20260109-200016-99c64,739,10,87.60174445543879,5.96238493748052
20260109-200016-99c64,739,11,84.96652184408418,5.7830253630505695
20260109-200016-99c64,739,12,94.76553732391994,6.449969870403742
20260109-200016-99c64,740,2,103.010000601922,7.0111078245842755
20260109-200016-99c64,740,4,92.0216237808929,6.26321253034854
20260109-200016-99c64,740,10,87.0695585652131,5.926163088754261
20260109-200016-99c64,740,11,84.13849184361199,5.7266676542710515
20260109-200016-99c64,740,12,94.54690810202732,6.435089440937309
20260109-200016-99c64,741,2,103.47382033521471,7.042676508617701
20260109-200016-99c64,741,4,94.61839750299274,6.439955181113551
20260109-200016-99c64,741,10,86.94340563357397,5.917576817509323
20260109-200016-99c64,741,11,83.40402697345354,5.676678212780318
20260109-200016-99c64,741,12,94.55251406709773,6.43547099637212
20260109-200016-99c64,742,2,100.38404502184103,6.832378986540051
20260109-200016-99c64,742,4,95.82401945573638,6.522012704237318
20260109-200016-99c64,742,10,86.56112164193681,5.891557651706788
20260109-200016-99c64,742,11,83.34638660906369,5.672755071265668
20260109-200016-99c64,742,12,93.96213703713764,6.395288519039616
20260109-200016-99c64,743,2,98.33586362929434,6.692974846130948
20260109-200016-99c64,743,4,95.97562202916062,6.532331139171315
20260109-200016-99c64,743,10,86.71678915766154,5.902152756368023
20260109-200016-99c64,743,11,85.72374648036593,5.83456388883817
20260109-200016-99c64,743,12,93.73041980794531,6.379517288390278
20260109-200016-99c64,744,2,97.74859070990804,6.653003642012744
20260109-200016-99c64,744,4,96.30357773362542,6.554652591382308
20260109-200016-99c64,744,10,86.60889422473448,5.894809168327468
20260109-200016-99c64,744,11,88.300035738729,6.009912317846574
20260109-200016-99c64,744,12,94.29122304682981,6.417686902536674
20260109-200016-99c64,745,2,97.07842708851815,6.607390697810988
20260109-200016-99c64,745,4,96.44433837427924,6.564233098355561
20260109-200016-99c64,745,10,86.57708913616325,5.892644437679566
20260109-200016-99c64,745,11,87.13145047550873,5.930375600685302
20260109-200016-99c64,745,12,94.96536359214103,6.463570525723574
20260109-200016-99c64,746,2,96.8798670628563,6.593876225998224
20260109-200016-99c64,746,4,97.36255419059214,6.626729070171799
20260109-200016-99c64,746,10,85.97908124884349,5.851942585884096
20260109-200016-99c64,746,11,87.98086781270516,5.9881889829234956
20260109-200016-99c64,746,12,95.75363025181974,6.517221846112259
20260109-200016-99c64,747,2,100.07332371443283,6.811230548748526
20260109-200016-99c64,747,4,98.23601857345434,6.686179152041487
20260109-200016-99c64,747,10,85.51723843368734,5.820508455642873
20260109-200016-99c64,747,11,88.45169048769498,6.020234303973141
20260109-200016-99c64,747,12,94.94877698268657,6.462441601282743
20260109-200016-99c64,748,2,98.21352024383374,6.684647861740339
20260109-200016-99c64,748,4,98.03836391568854,6.672726301740256
20260109-200016-99c64,748,10,85.10999111362797,5.792790225805721
20260109-200016-99c64,748,11,87.94889372364611,5.986012749696858
20260109-200016-99c64,748,12,93.89750648372352,6.39088960848626
20260109-200016-99c64,749,2,97.14968070334237,6.612240389816665
20260109-200016-99c64,749,4,97.3874076390436,6.628420655511938
20260109-200016-99c64,749,10,85.5056198881542,5.819717669553933
20260109-200016-99c64,749,11,86.36634791497838,5.878300884469412
20260109-200016-99c64,749,12,92.5694640484235,6.300499853558541
20260109-200016-99c64,750,2,96.97859428695791,6.600595837777212
20260109-200016-99c64,750,4,96.81259112112691,6.589297263968237
20260109-200016-99c64,750,10,86.48594662309328,5.886441059533724
20260109-200016-99c64,750,11,84.11796290919852,5.725270405733476
20260109-200016-99c64,750,12,93.4621456632739,6.3612579063511685
20260109-200016-99c64,751,2,96.87285757368055,6.593399143344897
20260109-200016-99c64,751,4,96.66645508160295,6.579350894449032
20260109-200016-99c64,751,10,87.40236155180172,5.948814458618179
20260109-200016-99c64,751,11,84.52009909789749,5.752640759705527
20260109-200016-99c64,751,12,94.01194436410955,6.398678525231382
20260109-200016-99c64,752,2,96.18438526854968,6.546540066194065
20260109-200016-99c64,752,4,97.09232094346007,6.608336346918139
20260109-200016-99c64,752,10,87.3000455611533,5.941850586776381
20260109-200016-99c64,752,11,87.52514045162735,5.957171085161536
20260109-200016-99c64,752,12,93.69081158664163,6.376821457804146
20260109-200016-99c64,753,2,94.76921895023806,6.450220450725413
20260109-200016-99c64,753,4,97.45444762148065,6.63298355758628
20260109-200016-99c64,753,10,87.10436675375568,5.928532217592475
20260109-200016-99c64,753,11,89.16194289465719,6.068575787118319
20260109-200016-99c64,753,12,94.23459776130669,6.413832849725483
20260109-200016-99c64,754,2,94.09417979859448,6.40427566623523
20260109-200016-99c64,754,4,97.13241216179455,6.611065051441191
20260109-200016-99c64,754,10,87.58845630424779,5.961480514024107
20260109-200016-99c64,754,11,89.4356848367618,6.087207320571302
20260109-200016-99c64,754,12,94.54393458944864,6.43488705653594
20260109-200016-99c64,755,2,94.57895292373452,6.4372704883977105
20260109-200016-99c64,755,4,95.82115290210311,6.5218175997184336
20260109-200016-99c64,755,10,88.5962419237123,6.030072821575257
20260109-200016-99c64,755,11,88.1420391852585,5.999158693287584
20260109-200016-99c64,755,12,94.636374387106,6.441178730983775
20260109-200016-99c64,756,2,95.19370812129775,6.47911220231533
20260109-200016-99c64,756,4,96.92916137207685,6.5972313149707915
20260109-200016-99c64,756,10,89.86316441299364,6.1163026063130355
20260109-200016-99c64,756,11,87.75284703368733,5.972669341543066
20260109-200016-99c64,756,12,93.74279878587534,6.380359831332889
20260109-200016-99c64,757,2,95.41401561522417,6.494106859003579
20260109-200016-99c64,757,4,96.84984505253189,6.59183285593449
20260109-200016-99c64,757,10,90.33398016064824,6.148347455871623
20260109-200016-99c64,757,11,87.92552846814779,5.984422454340189
20260109-200016-99c64,757,12,93.42581515155318,6.358785164544471
20260109-200016-99c64,758,2,95.61757017368205,6.507961270703361
20260109-200016-99c64,758,4,96.95565295813967,6.599034395887648
20260109-200016-99c64,758,10,89.39307003711141,6.084306855048284
20260109-200016-99c64,758,11,88.09561464429018,5.995998927628582
20260109-200016-99c64,758,12,93.2547070222128,6.347139134669136
20260109-200016-99c64,759,2,95.92792068823938,6.5290844714436975
20260109-200016-99c64,759,4,97.23876453645524,6.618303649264602
20260109-200016-99c64,759,10,88.28404386457211,6.008823872517228
20260109-200016-99c64,759,11,88.4520784991924,6.020260712966731
20260109-200016-99c64,759,12,93.34376207791351,6.353200435457346
20260109-200016-99c64,760,2,94.62117018897554,6.4401438967749005
20260109-200016-99c64,760,4,97.39963213200222,6.629252683836693
20260109-200016-99c64,760,10,87.28686528763676,5.940953505733356
20260109-200016-99c64,760,11,89.37788808363614,6.083273534864021
20260109-200016-99c64,760,12,93.69513581091286,6.377115774884489
20260109-200016-99c64,761,2,94.66183070408654,6.44291134900265
20260109-200016-99c64,761,4,97.94267470403814,6.666213464378736
20260109-200016-99c64,761,10,86.65963210888167,5.898262510473556
20260109-200016-99c64,761,11,89.2206805856272,6.0725736153131695
20260109-200016-99c64,761,12,93.96744010869722,6.395649458815253
20260109-200016-99c64,762,2,95.13597799540068,6.475182951417105
20260109-200016-99c64,762,4,97.78024785156924,6.6551583030389345
20260109-200016-99c64,762,10,87.14962556305117,5.9316126407565255
20260109-200016-99c64,762,11,87.44363997017923,5.9516239668249735
20260109-200016-99c64,762,12,94.75084596065719,6.448969940966567
20260109-200016-99c64,763,2,95.81684636892295,6.521524486736201
20260109-200016-99c64,763,4,98.17198484664401,6.6818208629389355
20260109-200016-99c64,763,10,87.87166848583233,5.980756614700956
20260109-200016-99c64,763,11,85.82159237474262,5.841223515201235
20260109-200016-99c64,763,12,95.28048222101874,6.485018255766161
20260109-200016-99c64,764,2,96.34311645134648,6.557343691387825
20260109-200016-99c64,764,4,98.29200712236026,6.689989867030592
20260109-200016-99c64,764,10,88.45985308127594,6.020789869679286
20260109-200016-99c64,764,11,85.7574628807655,5.836858707955508
20260109-200016-99c64,764,12,95.26683587888644,6.484089452974765
20260109-200016-99c64,765,2,96.56247522987103,6.572273776229277
20260109-200016-99c64,765,4,98.84628860319884,6.727715594674719
20260109-200016-99c64,765,10,89.44606322926708,6.0879136988692855
20260109-200016-99c64,765,11,85.6997031495448,5.832927442047916
20260109-200016-99c64,765,12,95.44526188403078,6.496233555037352
20260109-200016-99c64,766,2,96.35186867830647,6.557939388956636
20260109-200016-99c64,766,4,98.58668472127886,6.710046331523704
20260109-200016-99c64,766,10,90.39496275629655,6.152498077665769
20260109-200016-99c64,766,11,85.08274800801973,5.790935994665252
20260109-200016-99c64,766,12,95.4971364830391,6.499764264724559
20260109-200016-99c64,767,2,95.30827998072071,6.486910237995203
20260109-200016-99c64,767,4,98.78544476719539,6.723574417194971
20260109-200016-99c64,767,10,90.22247747411225,6.14075831546325
20260109-200016-99c64,767,11,86.56065186870298,5.891525677813222
20260109-200016-99c64,767,12,95.75876021181634,6.51757100349952
20260109-200016-99c64,768,2,94.14795039870751,6.407935422307282
20260109-200016-99c64,768,4,99.41549584681691,6.766457205549598
20260109-200016-99c64,768,10,89.14897104117566,6.067692891643003
20260109-200016-99c64,768,11,87.1906975036893,5.934408095592912
20260109-200016-99c64,768,12,95.81876984131412,6.521655402882724
20260109-200016-99c64,769,2,93.69142740283363,6.376863371731891
20260109-200016-99c64,769,4,96.92618752636895,6.597028907895848
20260109-200016-99c64,769,10,88.66270030837723,6.03459613870962
20260109-200016-99c64,769,11,85.84752175105523,5.842988330773409
20260109-200016-99c64,769,12,96.38972772854974,6.560516166763072
20260109-200016-99c64,770,2,93.63811189837757,6.373234590562303
20260109-200016-99c64,770,4,94.92979044422893,6.461149331915067
20260109-200016-99c64,770,10,88.94567323205479,6.053855954919196
20260109-200016-99c64,770,11,84.78139298257673,5.770425048499683
20260109-200016-99c64,770,12,97.44126684554493,6.6320864423474
20260109-200016-99c64,771,2,93.69350226517619,6.377004591841782
20260109-200016-99c64,771,4,94.34603197958937,6.42141733002024
20260109-200016-99c64,771,10,89.26021444707962,6.0752643847893895
20260109-200016-99c64,771,11,84.40253644179128,5.744639163226654
20260109-200016-99c64,771,12,97.91892895223275,6.664597271530366
20260109-200016-99c64,772,2,93.17269030123087,6.341556879831129
20260109-200016-99c64,772,4,94.93358569768161,6.4614076459721765
20260109-200016-99c64,772,10,89.30847600455246,6.078549182199809
20260109-200016-99c64,772,11,84.60977842544533,5.758744549933661
20260109-200016-99c64,772,12,97.66837846226294,6.647544203960071
20260109-200016-99c64,773,2,93.67858717476253,6.375989434997858
20260109-200016-99c64,773,4,95.8833434300334,6.526050436282255
20260109-200016-99c64,773,10,89.59763029532638,6.098229717086819
20260109-200016-99c64,773,11,85.16828272007331,5.796757692417393
20260109-200016-99c64,773,12,97.54413503296183,6.6390878980263155
20260109-200016-99c64,774,2,94.61719789060392,6.439873532615769
20260109-200016-99c64,774,4,96.48022760013642,6.566675805187472
20260109-200016-99c64,774,10,89.01064745965998,6.058278256762679
20260109-200016-99c64,774,11,85.80999441124798,5.8404341299752245
20260109-200016-99c64,774,12,96.88130914493487,6.5939743775649236
20260109-200016-99c64,775,2,96.24439057883261,6.550624171601141
20260109-200016-99c64,775,4,97.41428260137148,6.630249829937347
20260109-200016-99c64,775,10,87.26200769162674,5.939261638100429
20260109-200016-99c64,775,11,84.89104903357826,5.777888502462379
20260109-200016-99c64,775,12,95.84429713881309,6.523392852006009
20260109-200016-99c64,776,2,97.57767472013431,6.641370689617375
20260109-200016-99c64,776,4,96.75937575067395,6.585675298159182
20260109-200016-99c64,776,10,86.71163206739699,5.901801752429623
20260109-200016-99c64,776,11,83.84018835827439,5.706364403247556
20260109-200016-99c64,776,12,96.05854988200134,6.5379754078299905
20260109-200016-99c64,777,2,98.21462563240557,6.684723097139036
20260109-200016-99c64,777,4,96.66021986443683,6.578926510606629
20260109-200016-99c64,777,10,86.63791178356458,5.896784173012209
20260109-200016-99c64,777,11,83.06352591029889,5.653502893352951
20260109-200016-99c64,777,12,96.57618288957435,6.573206752441695
20260109-200016-99c64,778,2,98.41646976269718,6.6984610929934645
20260109-200016-99c64,778,4,96.05927072123944,6.538024469878267
20260109-200016-99c64,778,10,86.96677299885853,5.919167256463106
20260109-200016-99c64,778,11,84.36419135143198,5.742029304363616
20260109-200016-99c64,778,12,95.8671647623238,6.524949277335479
20260109-200016-99c64,779,2,98.58402391834997,6.70986523089148
20260109-200016-99c64,779,4,97.1417444430449,6.611700228896906
20260109-200016-99c64,779,10,87.75748965133216,5.972985329240435
20260109-200016-99c64,779,11,85.69707589143476,5.832748624556558
20260109-200016-99c64,779,12,95.37519412702028,6.4914645753600695
20260109-200016-99c64,780,2,98.79023108037113,6.723900185154987
20260109-200016-99c64,780,4,98.1814518636917,6.682465210836331
20260109-200016-99c64,780,10,88.30735398377374,6.0104104151652376
20260109-200016-99c64,780,11,86.84908588227842,5.9111571889057215
20260109-200016-99c64,780,12,93.64096797047182,6.3734289816824905
20260109-200016-99c64,781,2,98.46205162083577,6.701563503636967
20260109-200016-99c64,781,4,98.36376181405531,6.694873663530486
20260109-200016-99c64,781,10,88.05345564512815,5.993129484980545
20260109-200016-99c64,781,11,88.28241775604387,6.008713195668773
20260109-200016-99c64,781,12,91.47149480263845,6.225769431994667
20260109-200016-99c64,782,2,97.9801027343141,6.668760905931918
20260109-200016-99c64,782,4,98.39404994165717,6.696935146174701
20260109-200016-99c64,782,10,87.65743201258944,5.966175166248499
20260109-200016-99c64,782,11,88.59057273929757,6.02968696328017
20260109-200016-99c64,782,12,90.23474984225486,6.141593602287908
20260109-200016-99c64,783,2,97.44459127414646,6.632312710935345
20260109-200016-99c64,783,4,97.51998858882693,6.637444433096495
20260109-200016-99c64,783,10,87.56444401594092,5.959846180061864
20260109-200016-99c64,783,11,88.08461295115283,5.995250125993905
20260109-200016-99c64,783,12,90.92828172073985,6.188797046142213
20260109-200016-99c64,784,2,96.40996819878526,6.561893781736495
20260109-200016-99c64,784,4,96.06888083948603,6.538678557586645
20260109-200016-99c64,784,10,87.12396600906929,5.9298661899396485
20260109-200016-99c64,784,11,87.21885373576784,5.936324476312096
20260109-200016-99c64,784,12,90.9370741035667,6.1893954768156805
20260109-200016-99c64,785,2,95.97027408507549,6.531967145263912
20260109-200016-99c64,785,4,94.90571728319283,6.459510854808801
20260109-200016-99c64,785,10,85.57976561320915,5.824764205521845
20260109-200016-99c64,785,11,86.31546677079488,5.874837791701484
20260109-200016-99c64,785,12,91.14750572703632,6.2037179580624215
20260109-200016-99c64,786,2,95.75206979898049,6.517115637947544
20260109-200016-99c64,786,4,94.0376551531871,6.4004284632318145
20260109-200016-99c64,786,10,84.44518671643497,5.747542043262842
20260109-200016-99c64,786,11,84.88248529083282,5.777305633581499
20260109-200016-99c64,786,12,91.29415442567692,6.213699220391286
20260109-200016-99c64,787,2,95.91238601225896,6.5280271441193385
20260109-200016-99c64,787,4,95.42690932249296,6.494984435660135
20260109-200016-99c64,787,10,82.93814393635473,5.644969095338729
20260109-200016-99c64,787,11,84.38492086730108,5.743440204956378
20260109-200016-99c64,787,12,90.90296973252735,6.1870742514856225
20260109-200016-99c64,788,2,96.50373880469765,6.568276034187583
20260109-200016-99c64,788,4,97.01368373988488,6.6029841101443525
20260109-200016-99c64,788,10,80.74068701003736,5.495404903898435
20260109-200016-99c64,788,11,83.98381836080125,5.716140205875232
20260109-200016-99c64,788,12,89.60863085410297,6.098978441514182
20260109-200016-99c64,789,2,97.53368896830162,6.638376913799082
20260109-200016-99c64,789,4,99.12197732875549,6.746479630880965
20260109-200016-99c64,789,10,79.40848781415976,5.404732229871209
20260109-200016-99c64,789,11,84.23476557373137,5.733220275362185
20260109-200016-99c64,789,12,88.40586149170849,6.017115072534677
20260109-200016-99c64,790,2,98.91118592958009,6.732132662436368
20260109-200016-99c64,790,4,100.61854057897784,6.848339316856188
20260109-200016-99c64,790,10,78.29804079056868,5.329152540808083
20260109-200016-99c64,790,11,85.33350298955669,5.808002980422306
20260109-200016-99c64,790,12,87.62660241787587,5.964076830053353
20260109-200016-99c64,791,2,100.09582978200808,6.812762365713436
20260109-200016-99c64,791,4,101.08478043668067,6.880072720364316
20260109-200016-99c64,791,10,77.45114081625897,5.271510496328644
20260109-200016-99c64,791,11,84.80985271396571,5.772362086110214
20260109-200016-99c64,791,12,87.68456563622678,5.968021945783315
20260109-200016-99c64,792,2,100.59710184578772,6.846880145230712
20260109-200016-99c64,792,4,100.4453911803388,6.836554353294139
20260109-200016-99c64,792,10,77.42602032896947,5.2698007356844
20260109-200016-99c64,792,11,83.11414600420837,5.65694821841281
20260109-200016-99c64,792,12,87.12975277088093,5.930260050834509
20260109-200016-99c64,793,2,101.0109649369532,6.8750486603246035
20260109-200016-99c64,793,4,99.2966998333723,6.758371663810698
20260109-200016-99c64,793,10,76.69376338977729,5.2199615712734
20260109-200016-99c64,793,11,83.75585199049121,5.700624267682014
20260109-200016-99c64,793,12,86.49140986327687,5.886812900770254
20260109-200016-99c64,794,2,101.70364083485705,6.9221938440865385
20260109-200016-99c64,794,4,98.85082802441302,6.728024558575387
20260109-200016-99c64,794,10,76.31907865917263,5.194459629411984
20260109-200016-99c64,794,11,84.6399259042252,5.76079645968155
20260109-200016-99c64,794,12,85.88428248188042,5.845490354324713
20260109-200016-99c64,795,2,101.82394916503016,6.930382317730947
20260109-200016-99c64,795,4,98.40388786988431,6.697604739177011
20260109-200016-99c64,795,10,76.46215898629784,5.204198019812818
20260109-200016-99c64,795,11,84.74924937988816,5.7682372777686535
20260109-200016-99c64,795,12,85.77957914786974,5.838363994164993
20260109-200016-99c64,796,2,104.03891070851864,7.0811379154201255
20260109-200016-99c64,796,4,98.45992013462458,6.701418429570702
20260109-200016-99c64,796,10,76.78800527526279,5.226375900143121
20260109-200016-99c64,796,11,84.13346677488866,5.726325636035547
20260109-200016-99c64,796,12,85.6926138326911,5.832444926131272
20260109-200016-99c64,797,2,105.71058465810468,7.194916055791068
20260109-200016-99c64,797,4,98.74778586020838,6.7210112616188225
20260109-200016-99c64,797,10,77.3064823504486,5.2616646940219844
20260109-200016-99c64,797,11,84.30804714206765,5.738207994750187
20260109-200016-99c64,797,12,85.48016293055035,5.8179850079326965
20260109-200016-99c64,798,2,107.93581926271538,7.346370862671543
20260109-200016-99c64,798,4,98.88721287467031,6.730500998793275
20260109-200016-99c64,798,10,78.4377762948783,5.338663274541825
20260109-200016-99c64,798,11,84.49819484959656,5.751149904004557
20260109-200016-99c64,798,12,85.75664522742808,5.836803056507316
20260109-200016-99c64,799,2,109.42022575881475,7.447403130789712
20260109-200016-99c64,799,4,98.8242218736045,6.726213680107029
20260109-200016-99c64,799,10,79.27099494867143,5.395374135517099
20260109-200016-99c64,799,11,85.70928298843414,5.833579468870583
20260109-200016-99c64,799,12,85.83389247865266,5.842060689788779
20260109-200016-99c64,800,2,108.16927235011761,7.362260239996026
20260109-200016-99c64,800,4,98.57609630308832,6.709325658373603
20260109-200016-99c64,800,10,80.13729498099109,5.454336594497229
20260109-200016-99c64,800,11,87.14147220543028,5.931057703671986
20260109-200016-99c64,800,12,86.23375240793055,5.869276116082502
20260109-200016-99c64,801,2,107.03881419063649,7.285318545005342
20260109-200016-99c64,801,4,98.30590514838174,6.690935800031427
20260109-200016-99c64,801,10,80.84715976339349,5.50265169498472
20260109-200016-99c64,801,11,85.52399122720733,5.820968066973901
20260109-200016-99c64,801,12,87.35969347193017,5.945910366715457
20260109-200016-99c64,802,2,103.94803145983518,7.07495245568016
20260109-200016-99c64,802,4,98.26692210953969,6.688282520863828
20260109-200016-99c64,802,10,81.77751574790535,5.5659739557802235
20260109-200016-99c64,802,11,82.97675734306513,5.647597216456477
20260109-200016-99c64,802,12,87.4743905352561,5.953716924073406
20260109-200016-99c64,803,2,103.85918502904133,7.068905354403728
20260109-200016-99c64,803,4,97.67307412588795,6.6478638020941405
20260109-200016-99c64,803,10,82.4566734127089,5.612199056158891
20260109-200016-99c64,803,11,80.88215985490345,5.505033885199386
20260109-200016-99c64,803,12,87.50945342291067,5.95610338834436
20260109-200016-99c64,804,2,101.49186703456397,6.907780011064494
20260109-200016-99c64,804,4,98.98381659328206,6.7370760796930425
20260109-200016-99c64,804,10,81.86306291097146,5.571796500978157
20260109-200016-99c64,804,11,79.82818264747434,5.433297667329663
20260109-200016-99c64,804,12,88.05894896731174,5.993503373670179
20260109-200016-99c64,805,2,99.92236448493486,6.800955901345925
20260109-200016-99c64,805,4,99.51384370213691,6.773150996578974
20260109-200016-99c64,805,10,81.23814177462906,5.529262868872959
20260109-200016-99c64,805,11,79.25592924300355,5.394348727437556
20260109-200016-99c64,805,12,89.1806277559356,6.06984752361327
20260109-200016-99c64,806,2,98.28163379859313,6.689283833723091
20260109-200016-99c64,806,4,99.61806892483693,6.780244815335611
20260109-200016-99c64,806,10,81.16803618143764,5.524491313974412
20260109-200016-99c64,806,11,79.28993720896977,5.396663391207004
20260109-200016-99c64,806,12,89.83252434737302,6.114217169922751
20260109-200016-99c64,807,2,101.20790188482837,6.888452661568456
20260109-200016-99c64,807,4,99.47784635945732,6.770700931056691
20260109-200016-99c64,807,10,81.90880001760699,5.574909478206896
20260109-200016-99c64,807,11,80.23597802952412,5.461053199581016
20260109-200016-99c64,807,12,89.65714368188608,6.102280340984869
20260109-200016-99c64,808,2,103.20369492635231,7.024291125095445
20260109-200016-99c64,808,4,99.91627429397163,6.800541388334897
20260109-200016-99c64,808,10,82.78151513342766,5.63430856316379
20260109-200016-99c64,808,11,82.84984224276604,5.638959070183636
20260109-200016-99c64,808,12,90.68616466793772,6.172317978542493
20260109-200016-99c64,809,2,102.03460225994637,6.944719872855788
20260109-200016-99c64,809,4,99.68565637459281,6.784844979349379
20260109-200016-99c64,809,10,84.71013013262723,5.765574727929217
20260109-200016-99c64,809,11,83.58098249148307,5.688722229961278
20260109-200016-99c64,809,12,91.77499396385598,6.246426313186136
20260109-200016-99c64,810,2,100.72299456362961,6.8554487057002
20260109-200016-99c64,810,4,99.64149363605806,6.7818391573914445
20260109-200016-99c64,810,10,87.10666082526421,5.928688357604218
20260109-200016-99c64,810,11,84.11185198152397,5.724854481332115
20260109-200016-99c64,810,12,93.20134167097903,6.343506960808243
20260109-200016-99c64,811,2,100.21290585065523,6.820730843882227
20260109-200016-99c64,811,4,99.24941047162194,6.75515303637404
20260109-200016-99c64,811,10,88.71498323751692,6.038154640325401
20260109-200016-99c64,811,11,82.53565737447254,5.617574894127069
20260109-200016-99c64,811,12,93.95356048203836,6.394704778119189
20260109-200016-99c64,812,2,99.9741736424081,6.8044821569252205
20260109-200016-99c64,812,4,98.34987697696255,6.693928628199787
20260109-200016-99c64,812,10,89.33050790421846,6.080048726158998
20260109-200016-99c64,812,11,81.58200250034135,5.552666854995872
20260109-200016-99c64,812,12,93.61844491899505,6.371896008752488
20260109-200016-99c64,813,2,100.11581050361434,6.814122301571857
20260109-200016-99c64,813,4,97.6875095433095,6.648846311243195
20260109-200016-99c64,813,10,89.3867008788287,6.083873354852081
20260109-200016-99c64,813,11,81.41327380236051,5.541182774928569
20260109-200016-99c64,813,12,93.64003639425067,6.373365576369461
20260109-200016-99c64,814,2,100.92887446410721,6.869461385757753
20260109-200016-99c64,814,4,97.18777151227785,6.6148329416758225
20260109-200016-99c64,814,10,89.42574993143897,6.086531127075153
20260109-200016-99c64,814,11,82.3553106537555,5.60530006355364
20260109-200016-99c64,814,12,91.57656997176228,6.232921100144448
20260109-200016-99c64,815,2,101.96782968614366,6.940175171254776
20260109-200016-99c64,815,4,96.3984316936823,6.561108579516097
20260109-200016-99c64,815,10,89.98213692580296,6.124400161022227
20260109-200016-99c64,815,11,82.75223010985681,5.632315354186982
20260109-200016-99c64,815,12,90.79730366017309,6.179882365044042
20260109-200016-99c64,816,2,102.46288176869396,6.973869603924068
20260109-200016-99c64,816,4,96.0458418665753,6.537110469805839
20260109-200016-99c64,816,10,89.66090011266036,6.102536012677327
20260109-200016-99c64,816,11,81.36882763644098,5.538157662222713
20260109-200016-99c64,816,12,91.66271602318469,6.238784407121008
20260109-200016-99c64,817,2,102.79849241966981,6.996712070163474
20260109-200016-99c64,817,4,95.38422076037,6.492078949686233
20260109-200016-99c64,817,10,90.2885740088242,6.145257004221516
20260109-200016-99c64,817,11,81.52116930310564,5.5485264016161855
20260109-200016-99c64,817,12,92.50475633235274,6.296095691129614
20260109-200016-99c64,818,2,102.89710114342016,7.0034236165242
20260109-200016-99c64,818,4,95.95416012265517,6.530870390314392
20260109-200016-99c64,818,10,91.13399069056914,6.202798092249676
20260109-200016-99c64,818,11,80.35580407425512,5.469208847720939
20260109-200016-99c64,818,12,93.66182298160898,6.374848423784337
20260109-200016-99c64,819,2,103.22404804921415,7.025676407476937
20260109-200016-99c64,819,4,95.9802953609018,6.532649217343784
20260109-200016-99c64,819,10,91.22688977157388,6.209121026624233
20260109-200016-99c64,819,11,79.74860189681254,5.427881210477019
20260109-200016-99c64,819,12,94.67373744491407,6.443721750354882
20260109-200016-99c64,820,2,102.99206223996242,7.00988689662427
20260109-200016-99c64,820,4,96.18377257570876,6.546498364849089
20260109-200016-99c64,820,10,91.20974950406364,6.207954418887564
20260109-200016-99c64,820,11,80.0589298925893,5.449002878535114
20260109-200016-99c64,820,12,94.12351163951587,6.406272061713258
20260109-200016-99c64,821,2,102.86475468337703,7.001222038834842
20260109-200016-99c64,821,4,96.39217815781201,6.560682948858731
20260109-200016-99c64,821,10,91.34940524565924,6.21745972377959
20260109-200016-99c64,821,11,80.88225140316356,5.505040116193649
20260109-200016-99c64,821,12,93.27374713751662,6.348435050605525
20260109-200016-99c64,822,2,102.78131234306557,6.99554275292434
20260109-200016-99c64,822,4,96.23916035567721,6.550268190062701
20260109-200016-99c64,822,10,91.30737932244315,6.214599338599763
20260109-200016-99c64,822,11,81.47449448307765,5.545349601363811
20260109-200016-99c64,822,12,92.23072038307161,6.277444146842695
20260109-200016-99c64,823,2,103.8433538097539,7.067827843630306
20260109-200016-99c64,823,4,96.16677635123995,6.545341561027467
20260109-200016-99c64,823,10,90.69275882001408,6.17276679235619
20260109-200016-99c64,823,11,82.58417772377553,5.620877305530446
20260109-200016-99c64,823,12,90.9206872954194,6.18828015133126
20260109-200016-99c64,824,2,104.62706717818969,7.121169256090884
20260109-200016-99c64,824,4,94.07221834625118,6.402780917089868
20260109-200016-99c64,824,10,91.05216791665369,6.197229037914411
20260109-200016-99c64,824,11,83.730921162083,5.698927415676337
20260109-200016-99c64,824,12,91.89431777701688,6.254547778240239
20260109-200016-99c64,825,2,105.11313763520569,7.15425237777393
20260109-200016-99c64,825,4,92.99440502575014,6.329422356167144
20260109-200016-99c64,825,10,91.33851059248772,6.21671820754184
20260109-200016-99c64,825,11,84.74005478115828,5.767611471315665
20260109-200016-99c64,825,12,91.87950193606723,6.253539376552996
20260109-200016-99c64,826,2,105.36356205163042,7.171296864476221
20260109-200016-99c64,826,4,92.7709034792523,6.31421030459641
20260109-200016-99c64,826,10,91.05786758281035,6.197616970869998
20260109-200016-99c64,826,11,86.05558041850028,5.857149302938954
20260109-200016-99c64,826,12,92.16461154522129,6.272944620703309
20260109-200016-99c64,827,2,105.23591853535777,7.162609140464307
20260109-200016-99c64,827,4,92.89255985479983,6.322490529443782
20260109-200016-99c64,827,10,90.96742947636695,6.191461536329459
20260109-200016-99c64,827,11,86.66164556890655,5.898399551394364
20260109-200016-99c64,827,12,93.40214214137367,6.3571739226657105
20260109-200016-99c64,828,2,104.27198392749058,7.097001437987707
20260109-200016-99c64,828,4,93.03472444227025,6.3321665924062955
20260109-200016-99c64,828,10,91.60958471360455,6.23516816269667
20260109-200016-99c64,828,11,87.38538657645167,5.947659101062568
20260109-200016-99c64,828,12,91.46944192929354,6.2256297085087215
20260109-200016-99c64,829,2,104.0830882574653,7.084144745410233
20260109-200016-99c64,829,4,94.91295496356413,6.460003468702467
20260109-200016-99c64,829,10,91.6932157380805,6.240860290904175
20260109-200016-99c64,829,11,86.69147966558988,5.900430131604767
20260109-200016-99c64,829,12,90.72127290322067,6.174707529281851
20260109-200016-99c64,830,2,103.7710832853202,7.062908938316423
20260109-200016-99c64,830,4,96.9662203944914,6.599753640963451
20260109-200016-99c64,830,10,91.79056680289018,6.247486237979512
20260109-200016-99c64,830,11,85.22944956170063,5.800920854434989
20260109-200016-99c64,830,12,91.68043013753011,6.239990072250287
20260109-200016-99c64,831,2,103.96176215760089,7.075886999918386
20260109-200016-99c64,831,4,98.36276164416779,6.694805589567926
20260109-200016-99c64,831,10,91.98329351851444,6.26060368071346
20260109-200016-99c64,831,11,84.55097704502734,5.754742386882153
20260109-200016-99c64,831,12,91.7680263321938,6.245952079455623
20260109-200016-99c64,832,2,104.21091581748423,7.092844995881152
20260109-200016-99c64,832,4,98.92060272684843,6.732773592255073
20260109-200016-99c64,832,10,92.10006133871937,6.268551178753599
20260109-200016-99c64,832,11,84.846093623432,5.774828729372465
20260109-200016-99c64,832,12,92.07365107509838,6.2667536328372755
20260109-200016-99c64,833,2,106.07742080819247,7.219883804428989
20260109-200016-99c64,833,4,98.91391583642624,6.7323184664470235
20260109-200016-99c64,833,10,91.33126409351254,6.216224993432832
20260109-200016-99c64,833,11,84.75651429587496,5.768731745383666
20260109-200016-99c64,833,12,93.46592133775518,6.361514887816503
20260109-200016-99c64,834,2,105.62447605165521,7.18905529740922
20260109-200016-99c64,834,4,96.86843751362673,6.593098303451222
20260109-200016-99c64,834,10,90.2957277963324,6.14574390816561
20260109-200016-99c64,834,11,84.03636198826692,5.7197164512446514
20260109-200016-99c64,834,12,94.98297220886423,6.464769010431532
20260109-200016-99c64,835,2,105.04732702936015,7.149773150020429
20260109-200016-99c64,835,4,97.76562502123585,6.654163038117384
20260109-200016-99c64,835,10,90.60995289878927,6.167130822655881
20260109-200016-99c64,835,11,84.27109398135143,5.735692873958743
20260109-200016-99c64,835,12,92.95912682483147,6.3270212371587675
20260109-200016-99c64,836,2,104.48986161108228,7.111830715953982
20260109-200016-99c64,836,4,98.22330935379513,6.685314132054336
20260109-200016-99c64,836,10,90.45368876623697,6.156495110821715
20260109-200016-99c64,836,11,85.81283748467439,5.8406276363748875
20260109-200016-99c64,836,12,94.16615217073502,6.4091742785885915
20260109-200016-99c64,837,2,104.04309556567341,7.081422746840095
20260109-200016-99c64,837,4,98.41230520377081,6.698177643119628
20260109-200016-99c64,837,10,90.60527028411092,6.1668121126644335
20260109-200016-99c64,837,11,87.15230964974994,5.931795326137999
20260109-200016-99c64,837,12,94.7136272689707,6.446436747500115
20260109-200016-99c64,838,2,103.5021521230795,7.044604838084963
20260109-200016-99c64,838,4,98.44081159338849,6.7001178564011665
20260109-200016-99c64,838,10,90.31257942721257,6.146890870600622
20260109-200016-99c64,838,11,89.02128579385653,6.059002327315928
20260109-200016-99c64,838,12,93.5078053406376,6.364365613557867
20260109-200016-99c64,839,2,103.49777633630364,7.044307011536826
20260109-200016-99c64,839,4,98.71222517143667,6.718590915809308
20260109-200016-99c64,839,10,89.86814381533233,6.116641516384821
20260109-200016-99c64,839,11,90.06902892633178,6.130314239084955
20260109-200016-99c64,839,12,92.26715206381698,6.279923774455976
20260109-200016-99c64,840,2,105.03174511317732,7.148712607414536
20260109-200016-99c64,840,4,99.61536876164193,6.780061035749227
20260109-200016-99c64,840,10,88.78315934548372,6.042794869829553
20260109-200016-99c64,840,11,90.60020478851872,6.166467342879225
20260109-200016-99c64,840,12,89.69312895844556,6.104729585258062
20260109-200016-99c64,841,2,105.54303744752694,7.183512390591527
20260109-200016-99c64,841,4,96.51184264458372,6.5688276009762685
20260109-200016-99c64,841,10,87.94091324340543,5.985469579061654
20260109-200016-99c64,841,11,89.50220408067767,6.091734779932324
20260109-200016-99c64,841,12,90.71409301492108,6.174218848855264
20260109-200016-99c64,842,2,105.9843741542208,7.213550825884186
20260109-200016-99c64,842,4,94.28559361029342,6.417303749577566
20260109-200016-99c64,842,10,87.5748642114036,5.960555403569437
20260109-200016-99c64,842,11,89.41135761003056,6.085551551144167
20260109-200016-99c64,842,12,90.6801276692733,6.1719070859269625
20260109-200016-99c64,843,2,105.15351071350557,7.15700026636258
20260109-200016-99c64,843,4,92.696268302641,6.309130455381082
20260109-200016-99c64,843,10,87.67854030525866,5.967611847299193
20260109-200016-99c64,843,11,89.09494204894555,6.064015548783423
20260109-200016-99c64,843,12,90.81678973613295,6.181208634132814
20260109-200016-99c64,844,2,104.48347335000828,7.111395915575963
20260109-200016-99c64,844,4,91.7261467535389,6.243101654837801
20260109-200016-99c64,844,10,87.82455182946825,5.977549742007313
20260109-200016-99c64,844,11,89.35104677916397,6.081446651273037
20260109-200016-99c64,844,12,91.3241790409547,6.2157427677543975
20260109-200016-99c64,845,2,98.96865824849083,6.736044366372467
20260109-200016-99c64,845,4,91.9985916646222,6.261644909247107
20260109-200016-99c64,845,10,87.38530300460103,5.947653412961873
20260109-200016-99c64,845,11,88.93116157978152,6.052868257043201
20260109-200016-99c64,845,12,91.15518126465575,6.204240373571081
20260109-200016-99c64,846,2,94.70575147087824,6.445900701783115
20260109-200016-99c64,846,4,93.03248944212886,6.332014472933548
20260109-200016-99c64,846,10,87.14774402268658,5.931484578604352
20260109-200016-99c64,846,11,88.74122937825565,6.039941015644527
20260109-200016-99c64,846,12,90.514679606435,6.160646293759699
20260109-200016-99c64,847,2,91.52874076236239,6.22966572938134
20260109-200016-99c64,847,4,93.3067799011721,6.350683339765601
20260109-200016-99c64,847,10,86.90272877671512,5.914808253023
20260109-200016-99c64,847,11,88.10670773944958,5.99675395030421
20260109-200016-99c64,847,12,92.43806206105461,6.291556318984959
20260109-200016-99c64,848,2,89.39442707615922,6.08439921838224
20260109-200016-99c64,848,4,95.99707700792892,6.533791416509823
20260109-200016-99c64,848,10,86.27414536627623,5.872025357754773
20260109-200016-99c64,848,11,88.075806940827,5.994650767800155
20260109-200016-99c64,848,12,92.69073888753402,6.308754110120472
20260109-200016-99c64,849,2,90.65560958125377,6.170238326022554
20260109-200016-99c64,849,4,97.3539343529054,6.626142383334608
20260109-200016-99c64,849,10,85.7991463998668,5.839695788289647
20260109-200016-99c64,849,11,88.23469398790881,6.005465001491166
20260109-200016-99c64,849,12,93.00829188881953,6.330367529390673
20260109-200016-99c64,850,2,91.8583228710611,6.252097878567226
20260109-200016-99c64,850,4,98.0487074652148,6.6734303085414775
20260109-200016-99c64,850,10,85.81782704753725,5.840967237996328
20260109-200016-99c64,850,11,87.98076970349143,5.988182305374986
20260109-200016-99c64,850,12,92.68395026248025,6.308292060009274
20260109-200016-99c64,851,2,93.03398341399178,6.332116156243485
20260109-200016-99c64,851,4,96.94149963281856,6.598071086603861
20260109-200016-99c64,851,10,85.86646826127641,5.844277875723259
20260109-200016-99c64,851,11,89.30231926912086,6.078130140012582
20260109-200016-99c64,851,12,92.01698267618951,6.262896645625597
20260109-200016-99c64,852,2,89.86770702593688,6.116611787450442
20260109-200016-99c64,852,4,96.20532048411832,6.547964967201977
20260109-200016-99c64,852,10,86.30473873946032,5.874107616145785
20260109-200016-99c64,852,11,89.07407339523307,6.0625951781351635
20260109-200016-99c64,852,12,91.46071602698791,6.225035802659056
20260109-200016-99c64,853,2,91.38953466743833,6.2201910285207545
20260109-200016-99c64,853,4,95.76634438873884,6.518087200779917
20260109-200016-99c64,853,10,86.25290196433966,5.8705794808431335
20260109-200016-99c64,853,11,88.1518011185273,5.999823113890672
20260109-200016-99c64,853,12,91.50397858182794,6.22798035595464
20260109-200016-99c64,854,2,89.25737500620842,6.07507112563015
20260109-200016-99c64,854,4,96.9116733273382,6.596041036681428
20260109-200016-99c64,854,10,85.77947258601564,5.838356741309497
20260109-200016-99c64,854,11,87.73255633945696,5.971288308204035
20260109-200016-99c64,854,12,91.41653001421088,6.222028396600344
20260109-200016-99c64,855,2,88.30751158107151,6.010421141615496
20260109-200016-99c64,855,4,97.61804290212247,6.6441182449513
20260109-200016-99c64,855,10,85.04505240320198,5.788370341346681
20260109-200016-99c64,855,11,87.87048980345294,5.9806763907498395
20260109-200016-99c64,855,12,91.44678571700344,6.22408767233423
20260109-200016-99c64,856,2,88.10836070332815,5.996866454992251
20260109-200016-99c64,856,4,98.01841488972735,6.671368523163497
20260109-200016-99c64,856,10,84.76784339112174,5.769502830791549
20260109-200016-99c64,856,11,87.51869624047718,5.956732476687075
20260109-200016-99c64,856,12,92.06362897528567,6.266071504674912
20260109-200016-99c64,857,2,88.05589179542993,5.99329529521589
20260109-200016-99c64,857,4,98.47549022480015,6.702478167270164
20260109-200016-99c64,857,10,84.7112412675986,5.765650354441657
20260109-200016-99c64,857,11,88.41105433036665,6.017468509594529
20260109-200016-99c64,857,12,90.32045822263963,6.147427120323408
20260109-200016-99c64,858,2,87.5457880327534,5.958576409079075
20260109-200016-99c64,858,4,98.42642075220694,6.699138381217972
20260109-200016-99c64,858,10,84.79231356312852,5.771168329417149
20260109-200016-99c64,858,11,89.11507797489224,6.065386048221683
20260109-200016-99c64,858,12,89.66656522904276,6.102921594092372
20260109-200016-99c64,859,2,85.0871100901915,5.7912328884451485
20260109-200016-99c64,859,4,98.65847868246098,6.71493280079912
20260109-200016-99c64,859,10,84.86822464225152,5.776335019619091
20260109-200016-99c64,859,11,91.61177014141296,6.235316908157481
20260109-200016-99c64,859,12,88.57966965499546,6.028944873199441
20260109-200016-99c64,860,2,84.05015433853482,5.720655191700119
20260109-200016-99c64,860,4,99.03208860646147,6.740361588743941
20260109-200016-99c64,860,10,84.3108301594724,5.738397413592906
20260109-200016-99c64,860,11,93.74849116177712,6.380747268096235
20260109-200016-99c64,860,12,87.9301318749689,5.984735773254805
20260109-200016-99c64,861,2,84.23409539559583,5.733174661430116
20260109-200016-99c64,861,4,98.72622209736241,6.719543580174949
20260109-200016-99c64,861,10,83.54765615225051,5.686453959342961
20260109-200016-99c64,861,11,94.87747247962372,6.4575884457014325
20260109-200016-99c64,861,12,89.02073250836807,6.0589646693779144
20260109-200016-99c64,862,2,85.18788401489519,5.7980918035783935
20260109-200016-99c64,862,4,99.29796034489941,6.758457457249967
20260109-200016-99c64,862,10,83.19600300193683,5.662519602102913
20260109-200016-99c64,862,11,93.7704160218787,6.382239526685818
20260109-200016-99c64,862,12,92.99657466630592,6.329570027109657
20260109-200016-99c64,863,2,86.43682732267807,5.8830978820804
20260109-200016-99c64,863,4,98.94250800073995,6.7342645177602
20260109-200016-99c64,863,10,83.37751919285517,5.674874029624512
20260109-200016-99c64,863,11,92.32751697310832,6.284032355034461
20260109-200016-99c64,863,12,95.26421766902105,6.48391125132865
20260109-200016-99c64,864,2,86.74156748093966,5.903839228508594
20260109-200016-99c64,864,4,98.74769009358663,6.721004743512744
20260109-200016-99c64,864,10,83.8700366725336,5.70839595114029
20260109-200016-99c64,864,11,91.01297589810619,6.194561535086589
20260109-200016-99c64,864,12,94.11450847180421,6.40565928451473
20260109-200016-99c64,865,2,86.68582088626866,5.900044981505313
20260109-200016-99c64,865,4,98.58654158721855,6.710036589476093
20260109-200016-99c64,865,10,84.1220818929093,5.725550753648778
20260109-200016-99c64,865,11,91.42368259835855,6.222515218640832
20260109-200016-99c64,865,12,91.2293931937987,6.209291415548086
20260109-200016-99c64,866,2,85.10750674698446,5.792621133850457
20260109-200016-99c64,866,4,98.94938188321011,6.734732370695742
20260109-200016-99c64,866,10,84.52537394520783,5.752999778471035
20260109-200016-99c64,866,11,91.97574561503534,6.260089952290663
20260109-200016-99c64,866,12,89.92884450431997,6.120772950935176
20260109-200016-99c64,867,2,80.01465654960006,5.4459895285726
20260109-200016-99c64,867,4,99.24209878739669,6.754655385600493
20260109-200016-99c64,867,10,85.03735817149362,5.787846653473471
20260109-200016-99c64,867,11,93.58374463113135,6.369534223893398
20260109-200016-99c64,867,12,88.57553606145522,6.028663530904089
20260109-200016-99c64,868,2,76.5423065431904,5.209653054857641
20260109-200016-99c64,868,4,95.69893613839672,6.5134992335082575
20260109-200016-99c64,868,10,84.84451232562888,5.77472110244949
20260109-200016-99c64,868,11,94.57952772517578,6.437309610763101
20260109-200016-99c64,868,12,86.82680075056864,5.9096404093659745
20260109-200016-99c64,869,2,77.64066533342788,5.2844099897517
20260109-200016-99c64,869,4,93.25262723608765,6.346997579434786
20260109-200016-99c64,869,10,84.2437996851869,5.733835158666174
20260109-200016-99c64,869,11,92.71194325859527,6.310197330497078
20260109-200016-99c64,869,12,84.64733583495966,5.761300797348266
20260109-200016-99c64,870,2,80.11180975724132,5.452602009014274
20260109-200016-99c64,870,4,91.55941803753169,6.2317536983427955
20260109-200016-99c64,870,10,83.28037934776457,5.6682624586701
20260109-200016-99c64,870,11,92.92936333148947,6.324995462381195
20260109-200016-99c64,870,12,84.40762571824517,5.7449855515943735
20260109-200016-99c64,871,2,82.73513140949574,5.63115157561023
20260109-200016-99c64,871,4,93.25273780962789,6.347005105335268
20260109-200016-99c64,871,10,82.67470296682723,5.6270386707976385
20260109-200016-99c64,871,11,92.27877366395828,6.280714768448877
20260109-200016-99c64,871,12,87.21991125968191,5.936396453927331
20260109-200016-99c64,872,2,83.74140506637205,5.699640975359509
20260109-200016-99c64,872,4,95.41429592799102,6.494125937763131
20260109-200016-99c64,872,10,82.41059732690373,5.609063007194449
20260109-200016-99c64,872,11,91.29774303410548,6.213943469692187
20260109-200016-99c64,872,12,91.03528737776142,6.196080107930728
20260109-200016-99c64,873,2,83.90949032621357,5.71108126148305
20260109-200016-99c64,873,4,97.3878879178573,6.62845334444048
20260109-200016-99c64,873,10,82.55834530677788,5.619119089241913
20260109-200016-99c64,873,11,91.47910186115817,6.226287186651478
20260109-200016-99c64,873,12,92.58139591470473,6.301311965009442
20260109-200016-99c64,874,2,77.14850780116943,5.250912567121058
20260109-200016-99c64,874,4,95.01691405489683,6.467079173919634
20260109-200016-99c64,874,10,83.19065002484237,5.662155265636818
20260109-200016-99c64,874,11,91.22583890347536,6.209049502019777
20260109-200016-99c64,874,12,92.88115550423873,6.321714321978624
20260109-200016-99c64,875,2,73.32607261479559,4.990748455990553
20260109-200016-99c64,875,4,93.14645357870452,6.339771145538137
20260109-200016-99c64,875,10,84.18678334841708,5.729954489968765
20260109-200016-99c64,875,11,91.62683838932573,6.236342489268311
20260109-200016-99c64,875,12,92.70952735893243,6.310032898568814
20260109-200016-99c64,876,2,79.9830739782908,5.4438399429835025
20260109-200016-99c64,876,4,93.74121508048644,6.380252040543849
20260109-200016-99c64,876,10,84.30073225226403,5.737710125797285
20260109-200016-99c64,876,11,92.06897544979591,6.266435398559522
20260109-200016-99c64,876,12,91.66522681068187,6.238955297342971
20260109-200016-99c64,877,2,78.22506394987758,5.324185561914839
20260109-200016-99c64,877,4,94.16321570760526,6.40897441586162
20260109-200016-99c64,877,10,84.007119576219,5.717726142510346
20260109-200016-99c64,877,11,92.90588543264903,6.323397500248362
20260109-200016-99c64,877,12,90.4259161115704,6.154604837301625
20260109-200016-99c64,878,2,76.06440269239722,5.177125771990773
20260109-200016-99c64,878,4,95.41434235977103,6.494129098021496
20260109-200016-99c64,878,10,83.84547818217021,5.7067244413554095
20260109-200016-99c64,878,11,93.98271015600919,6.396688774877433
20260109-200016-99c64,878,12,90.35749386879483,6.149947855271762
20260109-200016-99c64,879,2,78.29461290220105,5.328919230500194
20260109-200016-99c64,879,4,96.3089573772403,6.555018742835773
20260109-200016-99c64,879,10,83.99824085890255,5.717121835704347
20260109-200016-99c64,879,11,94.23523689452213,6.413876350665796
20260109-200016-99c64,879,12,86.81139567323204,5.908591902836299
20260109-200016-99c64,880,2,80.41778577072847,5.473427470714688
20260109-200016-99c64,880,4,96.93655858532009,6.597734787054538
20260109-200016-99c64,880,10,83.89317406611245,5.709970737667941
20260109-200016-99c64,880,11,94.4683095440419,6.429739834475097
20260109-200016-99c64,880,12,83.91251646928781,5.711287228042241
20260109-200016-99c64,881,2,78.90699549596923,5.3705994593102035
20260109-200016-99c64,881,4,98.0219886592644,6.671611762493834
20260109-200016-99c64,881,10,83.77551101455792,5.701962308033944
20260109-200016-99c64,881,11,94.3182939575771,6.4195294136817065
20260109-200016-99c64,881,12,81.65022062790298,5.557309944454479
20260109-200016-99c64,882,2,75.40691843113399,5.132375815464729
20260109-200016-99c64,882,4,98.1358807269188,6.6793635299147045
20260109-200016-99c64,882,10,84.30015403718235,5.737670771091337
20260109-200016-99c64,882,11,93.42646161535089,6.3588291644218025
20260109-200016-99c64,882,12,79.65010475843565,5.42117725888457
20260109-200016-99c64,883,2,74.81203159066354,5.0918863896071125
20260109-200016-99c64,883,4,95.20946056517148,6.480184351445066
20260109-200016-99c64,883,10,84.35421511561164,5.741350297814628
20260109-200016-99c64,883,11,92.46013207388678,6.293058457017695
20260109-200016-99c64,883,12,79.8326553178914,5.433602088010903
20260109-200016-99c64,884,2,78.75851015839191,5.360493190928094
20260109-200016-99c64,884,4,92.28162258381802,6.280908672770822
20260109-200016-99c64,884,10,84.15077379348115,5.727503593251011
20260109-200016-99c64,884,11,92.72915069382918,6.3113685098301975
20260109-200016-99c64,884,12,79.65486540656667,5.421501280020056
20260109-200016-99c64,885,2,82.77906442843727,5.634141762301413
20260109-200016-99c64,885,4,90.20295458439229,6.139429540741628
20260109-200016-99c64,885,10,84.30922423819976,5.738288110737508
20260109-200016-99c64,885,11,93.56534524394371,6.368281917450091
20260109-200016-99c64,885,12,79.37601112854526,5.402521788716974
20260109-200016-99c64,886,2,85.91451470186173,5.847548031762118
20260109-200016-99c64,886,4,89.43888832064107,6.087425357371231
20260109-200016-99c64,886,10,83.72497113545042,5.6985224425859915
20260109-200016-99c64,886,11,93.66496084450701,6.375061994262817
20260109-200016-99c64,886,12,79.4667025415088,5.408694463907108
20260109-200016-99c64,887,2,88.26452985495767,6.007495702196896
20260109-200016-99c64,887,4,89.13880299905085,6.067000830296674
20260109-200016-99c64,887,10,83.03684898956533,5.651687198113673
20260109-200016-99c64,887,11,93.82599042765298,6.386022054099602
20260109-200016-99c64,887,12,79.31320732331014,5.39824721102816
20260109-200016-99c64,888,2,88.53176504852635,6.025684370730878
20260109-200016-99c64,888,4,88.62843760598594,6.032264136967816
20260109-200016-99c64,888,10,82.90163358379144,5.642484113132738
20260109-200016-99c64,888,11,93.75871898912376,6.381443398568224
20260109-200016-99c64,888,12,79.48273836709876,5.409785900676456
20260109-200016-99c64,889,2,88.94109084694463,6.0535440667926705
20260109-200016-99c64,889,4,88.77950691827053,6.04254627686903
20260109-200016-99c64,889,10,82.69317220633782,5.628295731557664
20260109-200016-99c64,889,11,94.1936258451019,6.411044202792049
20260109-200016-99c64,889,12,79.67816816360931,5.42308732158186
20260109-200016-99c64,890,2,90.79149328413949,6.179486896908571
20260109-200016-99c64,890,4,88.36239246209995,6.01415646607089
20260109-200016-99c64,890,10,82.29526455269082,5.601213181828077
20260109-200016-99c64,890,11,88.62236654935147,6.031850926285118
20260109-200016-99c64,890,12,77.52744530820799,5.276703963151561
20260109-200016-99c64,891,2,90.18070774968139,6.137915367787523
20260109-200016-99c64,891,4,88.60490726249233,6.030662605326042
20260109-200016-99c64,891,10,81.72702128191435,5.562537181257953
20260109-200016-99c64,891,11,84.92371694049024,5.7801119585969785
20260109-200016-99c64,891,12,76.76101234785408,5.224538696731241
20260109-200016-99c64,892,2,89.66047569809577,6.1025071260036325
20260109-200016-99c64,892,4,88.6129624670787,6.031210861879523
20260109-200016-99c64,892,10,81.34637791776359,5.536629680499006
20260109-200016-99c64,892,11,82.05373319020735,5.584773977716871
20260109-200016-99c64,892,12,76.58457295919978,5.212529808554067
20260109-200016-99c64,893,2,89.13729454653495,6.066898161398747
20260109-200016-99c64,893,4,88.98056409011195,6.056230710442947
20260109-200016-99c64,893,10,81.02492392883346,5.51475075064887
20260109-200016-99c64,893,11,80.49687532898608,5.478810495833634
20260109-200016-99c64,893,12,77.29334275231463,5.260770381443102
20260109-200016-99c64,894,2,88.81161936821725,6.044731927269694
20260109-200016-99c64,894,4,89.47936170178517,6.090180072812146
20260109-200016-99c64,894,10,80.77167035222459,5.497513704515573
20260109-200016-99c64,894,11,84.0368709659152,5.71975109348474
20260109-200016-99c64,894,12,79.74296103368019,5.427497279796371
20260109-200016-99c64,895,2,88.11844974256866,5.997553139212699
20260109-200016-99c64,895,4,89.6632942857771,6.10269896584473
20260109-200016-99c64,895,10,80.58855161400332,5.485050203779051
20260109-200016-99c64,895,11,82.63755914937443,5.624510573451201
20260109-200016-99c64,895,12,82.45987954654218,5.612417273321049
20260109-200016-99c64,896,2,90.1210856432114,6.133857344151494
20260109-200016-99c64,896,4,89.91376280941789,6.1197464545899845
20260109-200016-99c64,896,10,80.46739628938109,5.47680408165998
20260109-200016-99c64,896,11,82.60500340389301,5.62229475129271
20260109-200016-99c64,896,12,83.95901728023584,5.71445218481908
20260109-200016-99c64,897,2,91.97915400588208,6.260321935550494
20260109-200016-99c64,897,4,90.22887497443226,6.141193744686523
20260109-200016-99c64,897,10,80.35925911968492,5.469444006403646
20260109-200016-99c64,897,11,81.36052648668833,5.537592666051042
20260109-200016-99c64,897,12,85.73236746147829,5.835150653499652
20260109-200016-99c64,898,2,93.32832161838013,6.352149520730455
20260109-200016-99c64,898,4,90.50996912466621,6.160325687067206
20260109-200016-99c64,898,10,80.38962495467881,5.471510777999429
20260109-200016-99c64,898,11,80.30469365797569,5.465730150143999
20260109-200016-99c64,898,12,84.72475608240569,5.766570205167685
20260109-200016-99c64,899,2,91.84402028649482,6.251124410341049
20260109-200016-99c64,899,4,90.88983853231495,6.186180510489434
20260109-200016-99c64,899,10,80.06777725988393,5.449605051583399
20260109-200016-99c64,899,11,79.44431308051638,5.407170583466036
20260109-200016-99c64,899,12,84.25188563938988,5.73438550811235
20260109-200016-99c64,900,2,90.93730237751615,6.1894110136884475
20260109-200016-99c64,900,4,91.59094244545327,6.233899325192159
20260109-200016-99c64,900,10,79.59800772590698,5.417631409838215
20260109-200016-99c64,900,11,79.11532102213955,5.384778594520947
20260109-200016-99c64,900,12,83.47544444766514,5.6815390574491
20260109-200016-99c64,901,2,90.29165357285451,6.1454666067391654
20260109-200016-99c64,901,4,92.29223034506019,6.281630662455433
20260109-200016-99c64,901,10,79.59459167374769,5.417398905131067
20260109-200016-99c64,901,11,80.04207697946954,5.447855828827798
20260109-200016-99c64,901,12,83.41658466781914,5.677532919592384
20260109-200016-99c64,902,2,89.88784898747134,6.11798269768529
20260109-200016-99c64,902,4,92.70220318392286,6.309534397642514
20260109-200016-99c64,902,10,79.34140284883,5.400166266153249
20260109-200016-99c64,902,11,81.0858667140286,5.518898662848044
20260109-200016-99c64,902,12,75.64626844659895,5.148666551863477
20260109-200016-99c64,903,2,89.5020395220856,6.091723579679671
20260109-200016-99c64,903,4,93.04705348153708,6.333005736403656
20260109-200016-99c64,903,10,79.6965453583659,5.424338117555056
20260109-200016-99c64,903,11,82.7308391613601,5.630859434902405
20260109-200016-99c64,903,12,69.9781154896491,4.762878460268513
20260109-200016-99c64,904,2,88.9468261989099,6.053934428610024
20260109-200016-99c64,904,4,93.17637082997892,6.341807385449547
20260109-200016-99c64,904,10,79.5761994421255,5.416147085712716
20260109-200016-99c64,904,11,83.62070368450054,5.691425749673337
20260109-200016-99c64,904,12,74.68975384707439,5.083563872959788
20260109-200016-99c64,905,2,90.64447287740887,6.169480335235147
20260109-200016-99c64,905,4,92.86079177829346,6.32032831792583
20260109-200016-99c64,905,10,79.83382160618483,5.433681468390789
20260109-200016-99c64,905,11,84.1310677750577,5.726162354350392
20260109-200016-99c64,905,12,73.11769296050544,4.976565636690087
20260109-200016-99c64,906,2,89.51523704538924,6.092621834784599
20260109-200016-99c64,906,4,93.22505054799927,6.345120643870251
20260109-200016-99c64,906,10,80.31313195498393,5.4663044808869845
20260109-200016-99c64,906,11,84.96507102420435,5.782926616768149
20260109-200016-99c64,906,12,70.4097077367499,4.792253664258385
20260109-200016-99c64,907,2,88.51167739495719,6.024317156826467
20260109-200016-99c64,907,4,93.27966510750026,6.34883784184342
20260109-200016-99c64,907,10,81.01242607395619,5.513900116655972
20260109-200016-99c64,907,11,85.22640828064367,5.80071385754837
20260109-200016-99c64,907,12,67.6906371410955,4.6071871948147
