run_id,frame,track_id,length_px,length_cm
20251214-155004-3b56b,0,4,103.03740521327305,8.090693208112336
20251214-155004-3b56b,0,5,115.15775840426231,9.042406414003777
20251214-155004-3b56b,0,8,105.18752646685255,8.259524822097049
20251214-155004-3b56b,0,9,95.98987329507854,7.5373075856146725
20251214-155004-3b56b,0,10,103.97835583197393,8.16457844196634
20251214-155004-3b56b,1,4,103.1982766434395,8.10332513905754
20251214-155004-3b56b,1,5,114.92887265903686,9.024433869562307
20251214-155004-3b56b,1,8,105.75292023416253,8.303920617037882
20251214-155004-3b56b,1,9,94.20030001831034,7.3967868851389715
20251214-155004-3b56b,1,10,104.91252769606115,8.237931395103464
20251214-155004-3b56b,2,4,103.50798565902198,8.127644080549494
20251214-155004-3b56b,2,5,114.70074410950512,9.00652078156817
20251214-155004-3b56b,2,8,106.4022686429062,8.35490869024728
20251214-155004-3b56b,2,9,92.43018705678915,7.257794245662776
20251214-155004-3b56b,2,10,105.88408441943098,8.314219878560456
20251214-155004-3b56b,3,4,103.96520212129401,8.163545587563231
20251214-155004-3b56b,3,5,114.47337728260507,8.988667505485152
20251214-155004-3b56b,3,8,107.13404513564733,8.412369173529271
20251214-155004-3b56b,3,9,90.68067403060748,7.120419152325228
20251214-155004-3b56b,3,10,106.89200661795883,8.393363848355266
20251214-155004-3b56b,4,4,104.56799114918256,8.21087772955349
20251214-155004-3b56b,4,5,114.24677672613575,8.970874398415093
20251214-155004-3b56b,4,8,107.946573370174,8.476170437302143
20251214-155004-3b56b,4,9,88.95297641684874,6.984757046700803
20251214-155004-3b56b,4,10,107.93527553119277,8.475283309477811
20251214-155004-3b56b,5,4,105.31385311415738,8.269444230929572
20251214-155004-3b56b,5,5,114.02094700866061,8.953141819090293
20251214-155004-3b56b,5,8,108.83804480999967,8.546170471838094
20251214-155004-3b56b,5,9,87.24839019527245,6.850909691587355
20251214-155004-3b56b,5,10,109.01287634441826,8.559898576744816
20251214-155004-3b56b,6,4,106.19977357059616,8.339008391682658
20251214-155004-3b56b,6,5,113.7958927194056,8.935470127865507
20251214-155004-3b56b,6,8,109.80653675546978,8.622218303100027
20251214-155004-3b56b,6,9,85.56829656710177,6.718985541534299
20251214-155004-3b56b,6,10,110.12380121245604,8.647130512234186
20251214-155004-3b56b,7,4,107.22228088910562,8.419297612863899
20251214-155004-3b56b,7,5,113.57161846815231,8.917859686709564
20251214-155004-3b56b,7,8,110.8500304504373,8.704155414512206
20251214-155004-3b56b,7,9,83.91416668598545,6.589100114326749
20251214-155004-3b56b,7,10,111.26705198658685,8.736900739408325
20251214-155004-3b56b,7,11,115.62078482264387,9.07876412983156
20251214-155004-3b56b,7,12,101.3423073896581,7.957590900069735
20251214-155004-3b56b,7,13,101.95151765090466,8.005427249527271
20251214-155004-3b56b,7,15,103.48833411644858,8.126101004016284
20251214-155004-3b56b,7,14,95.29630226952207,7.482847068347198
20251214-155004-3b56b,8,4,108.37750917787058,8.510008337288527
20251214-155004-3b56b,8,5,113.34812888512559,8.900310859196532
20251214-155004-3b56b,8,8,111.96642893278825,8.791817148617485
20251214-155004-3b56b,8,9,82.28756632256251,6.461376357256014
20251214-155004-3b56b,8,10,112.4416426498621,8.829131834339364
20251214-155004-3b56b,8,11,115.53666950955524,9.072159235318779
20251214-155004-3b56b,8,12,100.73870797540994,7.910195124999799
20251214-155004-3b56b,8,13,101.35901861097109,7.958903096980133
20251214-155004-3b56b,8,15,104.26998381559584,8.187477626408159
20251214-155004-3b56b,8,14,95.25394593108366,7.479521168019886
20251214-155004-3b56b,9,4,109.66126406374022,8.610811214791973
20251214-155004-3b56b,9,5,113.12542862087608,8.882824010496499
20251214-155004-3b56b,9,8,113.15357433826411,8.885034065806389
20251214-155004-3b56b,9,9,80.69016036330454,6.3359450003772615
20251214-155004-3b56b,9,10,113.64660146929575,8.923747494703363
20251214-155004-3b56b,9,11,115.12292212940442,9.03967100338464
20251214-155004-3b56b,9,12,100.34582869977183,7.879345496358297
20251214-155004-3b56b,9,13,96.65572239891763,7.589591324815091
20251214-155004-3b56b,9,15,105.72400325945533,8.30165000113506
20251214-155004-3b56b,9,14,95.71922079633805,7.516055436176458
20251214-155004-3b56b,10,4,111.06908904117334,8.721356312075361
20251214-155004-3b56b,10,5,112.90352234615723,8.865399507365922
20251214-155004-3b56b,10,8,114.40926441313529,8.983633240923675
20251214-155004-3b56b,10,9,79.12371702024865,6.212944887065766
20251214-155004-3b56b,10,10,114.88097287606317,9.020672687417113
20251214-155004-3b56b,10,11,113.72302496739671,8.929748413260521
20251214-155004-3b56b,10,12,100.92753967186044,7.925022549281167
20251214-155004-3b56b,10,13,96.57447228667962,7.5832114113275395
20251214-155004-3b56b,10,15,104.38764534007585,8.196716633300813
20251214-155004-3b56b,10,14,96.43381595841578,7.572166808666916
20251214-155004-3b56b,11,4,112.59633035199509,8.841278207187509
20251214-155004-3b56b,11,5,112.68241475179668,8.848037718137514
20251214-155004-3b56b,11,8,115.73126803958405,9.08743948235095
20251214-155004-3b56b,11,9,77.59011160079531,6.0925232700286065
20251214-155004-3b56b,11,10,116.14381908689228,9.119833775952845
20251214-155004-3b56b,11,11,112.59469570779329,8.841149851812936
20251214-155004-3b56b,11,12,102.30035563308375,8.03281867196562
20251214-155004-3b56b,11,13,96.29260207622497,7.561078425810539
20251214-155004-3b56b,11,15,104.0311049725148,8.168720404899357
20251214-155004-3b56b,11,14,97.14048711865225,7.627655973447994
20251214-155004-3b56b,12,4,114.23819869446434,8.970200835038385
20251214-155004-3b56b,12,5,112.46211054856222,8.83073901270973
20251214-155004-3b56b,12,8,117.1173396257407,9.196276461939702
20251214-155004-3b56b,12,9,76.09132965605386,5.974836058518751
20251214-155004-3b56b,12,10,117.4342214813678,9.221158628486789
20251214-155004-3b56b,12,11,111.79205608703899,8.778125060818276
20251214-155004-3b56b,12,12,106.2240025871179,8.34091090018436
20251214-155004-3b56b,12,13,97.19623680095756,7.632033544632444
20251214-155004-3b56b,12,15,104.2056423910455,8.18242541526666
20251214-155004-3b56b,12,14,98.19830460215644,7.710717816004054
20251214-155004-3b56b,13,4,115.98982643791226,9.107741980001434
20251214-155004-3b56b,13,5,112.24261446702201,8.813503762535786
20251214-155004-3b56b,13,8,118.56523225818704,9.309967747770923
20251214-155004-3b56b,13,9,74.62946929268327,5.860047999865198
20251214-155004-3b56b,13,10,118.75128175093234,9.324576708120919
20251214-155004-3b56b,13,11,111.3916168560613,8.746681810091737
20251214-155004-3b56b,13,12,106.79240789120828,8.385543166726208
20251214-155004-3b56b,13,13,98.16074066454433,7.707768224112846
20251214-155004-3b56b,13,15,107.65001966147113,8.452884475549938
20251214-155004-3b56b,13,14,99.46620805066328,7.81027600846963
20251214-155004-3b56b,14,4,117.8463194043789,9.253517341906269
20251214-155004-3b56b,14,5,112.02393125739897,8.796332340612233
20251214-155004-3b56b,14,8,120.0727095568776,9.428337735026076
20251214-155004-3b56b,14,9,73.20674239759444,5.748332775638928
20251214-155004-3b56b,14,10,120.09412283601499,9.430019146468084
20251214-155004-3b56b,14,11,110.98052323912292,8.71440195669697
20251214-155004-3b56b,14,12,109.03384557588325,8.56154512071826
20251214-155004-3b56b,14,13,98.72192092436566,7.751833166424478
20251214-155004-3b56b,14,15,110.40087568195058,8.668886927041418
20251214-155004-3b56b,14,14,100.77478926720939,7.913028296719307
20251214-155004-3b56b,15,11,111.0510238368361,8.719937797840341
20251214-155004-3b56b,15,12,110.56449828249137,8.681734885121777
20251214-155004-3b56b,15,13,98.96257191932723,7.770729540672558
20251214-155004-3b56b,15,15,110.33612670926647,8.663802714444612
20251214-155004-3b56b,15,14,102.14169585130324,8.020360403861961
20251214-155004-3b56b,16,11,110.98516524984066,8.714766456215452
20251214-155004-3b56b,16,12,108.11125938718438,8.489101896868105
20251214-155004-3b56b,16,13,99.31623366451868,7.798499734165562
20251214-155004-3b56b,16,15,109.11354929439705,8.567803608426738
20251214-155004-3b56b,16,14,103.29521832595327,8.110937184514952
20251214-155004-3b56b,17,11,110.16515320046146,8.650377549053532
20251214-155004-3b56b,17,12,105.16456863802638,8.257722129673143
20251214-155004-3b56b,17,13,100.01533735168238,7.85339468655488
20251214-155004-3b56b,17,15,108.29710174134206,8.503694592301875
20251214-155004-3b56b,17,14,104.08599952537324,8.173030829691742
20251214-155004-3b56b,18,11,111.13280737780165,8.72635959716706
20251214-155004-3b56b,18,12,102.2214072116498,8.026619491621696
20251214-155004-3b56b,18,13,100.04124131959894,7.855428715428685
20251214-155004-3b56b,18,15,107.45046984730014,8.437215444261238
20251214-155004-3b56b,18,14,104.34318597321216,8.193225599178044
20251214-155004-3b56b,19,11,112.2493411622256,8.814031955448682
20251214-155004-3b56b,19,12,99.26546765015648,7.79451349007534
20251214-155004-3b56b,19,13,99.63161860871023,7.823264360377079
20251214-155004-3b56b,19,15,106.40186105361857,8.354876685560495
20251214-155004-3b56b,19,14,104.34005912045603,8.19298007274709
20251214-155004-3b56b,20,11,112.53799857015325,8.836697884631947
20251214-155004-3b56b,20,12,97.00481707331751,7.617002903215276
20251214-155004-3b56b,20,13,98.32528941221163,7.720688905028671
20251214-155004-3b56b,20,15,106.71038370427442,8.379102471419944
20251214-155004-3b56b,20,14,102.47889524767825,8.046837942386771
20251214-155004-3b56b,21,11,112.38685997050753,8.824830194067475
20251214-155004-3b56b,21,12,97.07027735942913,7.622142969496527
20251214-155004-3b56b,21,13,97.09223360652607,7.623867015816358
20251214-155004-3b56b,21,15,106.95757041177997,8.398512042258915
20251214-155004-3b56b,21,14,100.10572464716465,7.86049206906509
20251214-155004-3b56b,22,11,113.16801880499013,8.886168272831432
20251214-155004-3b56b,22,12,98.61849291339406,7.743711802108632
20251214-155004-3b56b,22,13,96.02976438189559,7.540439909691612
20251214-155004-3b56b,22,15,107.21127472242857,8.418433387704143
20251214-155004-3b56b,22,14,97.43698332186489,7.650937419759635
20251214-155004-3b56b,23,11,112.42627698687372,8.827925293230132
20251214-155004-3b56b,23,12,100.22849374970207,7.870132132710031
20251214-155004-3b56b,23,13,95.56175483313609,7.503690908980243
20251214-155004-3b56b,23,15,110.46884509916812,8.674224015073701
20251214-155004-3b56b,23,14,95.49279940137464,7.49827639720891
20251214-155004-3b56b,24,11,110.43501511684404,8.671567620459983
20251214-155004-3b56b,24,12,101.26801303807825,7.9517571661506405
20251214-155004-3b56b,24,13,96.95518261269405,7.613105510878742
20251214-155004-3b56b,24,15,113.57213606012029,8.917900329016222
20251214-155004-3b56b,24,14,94.62671734542496,7.4302699854282945
20251214-155004-3b56b,25,11,108.0386151899686,8.483397736211051
20251214-155004-3b56b,25,12,102.53953090240752,8.051599169427302
20251214-155004-3b56b,25,13,98.73902823091223,7.753176464701438
20251214-155004-3b56b,25,15,116.50038007502219,9.147831623520624
20251214-155004-3b56b,25,14,94.73609863447183,7.438858812471778
20251214-155004-3b56b,26,11,106.86818815695578,8.39149357745446
20251214-155004-3b56b,26,12,103.42474094659383,8.121107547257923
20251214-155004-3b56b,26,13,99.4743590996152,7.810916044350364
20251214-155004-3b56b,26,15,116.99755200933558,9.18687051026168
20251214-155004-3b56b,26,14,95.07025207080149,7.465097176415277
20251214-155004-3b56b,27,11,105.40226182202572,8.276386250973728
20251214-155004-3b56b,27,12,104.39972887848852,8.197665455740227
20251214-155004-3b56b,27,13,99.85634844176533,7.840910574683386
20251214-155004-3b56b,27,15,117.50273214399175,9.226538216138744
20251214-155004-3b56b,27,14,95.98849602933795,7.537199440086841
20251214-155004-3b56b,28,11,104.13328614322002,8.176743864943898
20251214-155004-3b56b,28,12,104.85076486630415,8.23308166013397
20251214-155004-3b56b,28,13,99.40278131998032,7.8052956208318856
20251214-155004-3b56b,28,15,117.61002991698984,9.234963441535719
20251214-155004-3b56b,28,14,96.9282978580893,7.610994468767072
20251214-155004-3b56b,29,11,102.73415518752535,8.066881438798092
20251214-155004-3b56b,29,12,105.36382094662059,8.273367800257597
20251214-155004-3b56b,29,13,99.30950301305745,7.797971230599785
20251214-155004-3b56b,29,15,114.64072264089398,9.001807781590852
20251214-155004-3b56b,29,14,97.73296800100222,7.6741787002271025
20251214-155004-3b56b,30,11,102.42904791672164,8.042923835066441
20251214-155004-3b56b,30,12,105.43999186910717,8.27934888609669
20251214-155004-3b56b,30,13,98.12338243519261,7.704834784825847
20251214-155004-3b56b,30,15,113.64777590676084,8.923839713768881
20251214-155004-3b56b,30,14,98.4558775541783,7.730942934534585
20251214-155004-3b56b,31,11,103.15666763895854,8.100057920815257
20251214-155004-3b56b,31,12,105.32244095102415,8.270118564228888
20251214-155004-3b56b,31,13,97.13699731600227,7.6273819475004325
20251214-155004-3b56b,31,15,112.05214358239945,8.798547626078651
20251214-155004-3b56b,31,14,99.04564568620219,7.777252650993867
20251214-155004-3b56b,32,11,105.17650704552182,8.258659556156653
20251214-155004-3b56b,32,12,105.71680382985708,8.301084688217559
20251214-155004-3b56b,32,13,99.0373859566532,7.776604081305756
20251214-155004-3b56b,32,15,111.38370764031508,8.746060763414688
20251214-155004-3b56b,32,14,99.43973614836615,7.808197384307095
20251214-155004-3b56b,33,11,107.0937490327516,8.40920504681881
20251214-155004-3b56b,33,12,105.72747063281659,8.301922265892173
20251214-155004-3b56b,33,13,99.13417824301578,7.7842043958929725
20251214-155004-3b56b,33,15,110.65625877411152,8.688940093606865
20251214-155004-3b56b,33,14,99.60191620939966,7.820932071439201
20251214-155004-3b56b,34,11,108.44785478654663,8.515532008397653
20251214-155004-3b56b,34,12,105.07748058257435,8.250883809770823
20251214-155004-3b56b,34,13,99.22566528733678,7.791388132775575
20251214-155004-3b56b,34,15,111.15936859426081,8.728445234447623
20251214-155004-3b56b,34,14,99.98430107203198,7.850957658793431
20251214-155004-3b56b,35,11,108.71370524277305,8.536407092316086
20251214-155004-3b56b,35,12,103.98862357900002,8.165384685009384
20251214-155004-3b56b,35,13,99.29452676824145,7.796795267346781
20251214-155004-3b56b,35,15,111.5285506360507,8.757434111175291
20251214-155004-3b56b,35,14,99.41613331794515,7.806344045130083
20251214-155004-3b56b,36,11,108.15735759759103,8.492721616105708
20251214-155004-3b56b,36,12,102.79652006776277,8.071778447917424
20251214-155004-3b56b,36,13,99.50463036619595,7.813293001829242
20251214-155004-3b56b,36,15,113.53483260431973,8.91497119065273
20251214-155004-3b56b,36,14,98.46871171141865,7.73195069699329
20251214-155004-3b56b,37,11,107.12483779359745,8.411646195503636
20251214-155004-3b56b,37,12,101.53627064799167,7.972821264359038
20251214-155004-3b56b,37,13,99.79294905823065,7.835932334395785
20251214-155004-3b56b,37,15,114.05812232624052,8.956060895796764
20251214-155004-3b56b,37,14,97.68462044476394,7.670382358072753
20251214-155004-3b56b,38,11,105.71506691241204,8.30094830215323
20251214-155004-3b56b,38,12,100.89477305678749,7.922449652288323
20251214-155004-3b56b,38,13,100.56120077922952,7.89625692203792
20251214-155004-3b56b,38,15,111.99285759676664,8.79389237762492
20251214-155004-3b56b,38,14,97.83106624350896,7.681881560976887
20251214-155004-3b56b,39,11,104.29840542949955,8.18970934563768
20251214-155004-3b56b,39,12,100.56369188912704,7.896452528729362
20251214-155004-3b56b,39,13,100.94319364081599,7.926251728723782
20251214-155004-3b56b,39,15,110.73551420528092,8.695163380939665
20251214-155004-3b56b,39,14,98.44764759949462,7.73029670282558
20251214-155004-3b56b,40,11,103.44287289303533,8.122531302210025
20251214-155004-3b56b,40,12,100.35200892464822,7.879830779380793
20251214-155004-3b56b,40,13,100.5616519779989,7.896292351024232
20251214-155004-3b56b,40,15,109.36230335736094,8.58733625100005
20251214-155004-3b56b,40,14,99.33241909517578,7.799770644992719
20251214-155004-3b56b,41,11,103.88533986411863,8.157274651097236
20251214-155004-3b56b,41,12,100.21854531327597,7.869350962543164
20251214-155004-3b56b,41,13,101.57219303917695,7.975641958899826
20251214-155004-3b56b,41,15,109.75049548992658,8.617817836244656
20251214-155004-3b56b,41,14,98.81849134302836,7.759416059537534
20251214-155004-3b56b,42,11,105.21302594034738,8.261527089298829
20251214-155004-3b56b,42,12,100.13151960314993,7.862517538114526
20251214-155004-3b56b,42,13,101.93245803943826,8.003930652551432
20251214-155004-3b56b,42,15,109.4255730795145,8.59230431002917
20251214-155004-3b56b,42,14,98.36574938565698,7.723865899166645
20251214-155004-3b56b,43,11,105.54461739657266,8.287564281687331
20251214-155004-3b56b,43,12,99.47662648580967,7.811094083830744
20251214-155004-3b56b,43,13,101.67905424197247,7.984032903973402
20251214-155004-3b56b,43,15,108.7746981564928,8.541196372012658
20251214-155004-3b56b,43,14,97.70465721037422,7.671955683052164
20251214-155004-3b56b,44,11,105.28472570333494,8.267157091182378
20251214-155004-3b56b,44,12,99.04184229895743,7.776954001786956
20251214-155004-3b56b,44,13,101.0213877373562,7.932391678041052
20251214-155004-3b56b,44,15,106.53006097296164,8.36494318727958
20251214-155004-3b56b,44,14,96.70202147089633,7.593226816085709
20251214-155004-3b56b,45,11,104.86179996260299,8.233948156902702
20251214-155004-3b56b,45,12,98.96852638862693,7.771197096937404
20251214-155004-3b56b,45,13,101.76171480789232,7.9905235689691105
20251214-155004-3b56b,45,15,106.24087554676734,8.342235797096835
20251214-155004-3b56b,45,14,96.27000372046547,7.559303959896152
20251214-155004-3b56b,46,11,105.68910690325869,8.298909872814829
20251214-155004-3b56b,46,12,98.69076036120741,7.749386379685395
20251214-155004-3b56b,46,13,102.77568806253998,8.070142679209754
20251214-155004-3b56b,46,15,106.94545896542854,8.397561028435023
20251214-155004-3b56b,46,14,96.99460705359427,7.616201193029945
20251214-155004-3b56b,47,11,106.11506419627375,8.332356850350894
20251214-155004-3b56b,47,12,98.338182302238,7.721701279297543
20251214-155004-3b56b,47,13,102.15046992249984,8.021049360635386
20251214-155004-3b56b,47,15,110.6741856110293,8.6903477429687
20251214-155004-3b56b,47,14,97.8801856377043,7.685738509316962
20251214-155004-3b56b,48,11,106.42850624553294,8.356968916753663
20251214-155004-3b56b,48,12,98.06291229334454,7.700086554171833
20251214-155004-3b56b,48,13,101.18473615073034,7.945218106423119
20251214-155004-3b56b,48,15,113.484809476973,8.911043279465186
20251214-155004-3b56b,48,14,98.7774626178611,7.756194405931631
20251214-155004-3b56b,49,11,106.51575434342088,8.363819803492722
20251214-155004-3b56b,49,12,97.5184495062662,7.6573342996447815
20251214-155004-3b56b,49,13,100.59377968214746,7.898815079515006
20251214-155004-3b56b,49,15,114.1963399588872,8.966914007435019
20251214-155004-3b56b,49,14,99.87591612884052,7.842447066723243
20251214-155004-3b56b,50,11,107.35517808655561,8.429732953802079
20251214-155004-3b56b,50,12,96.99946914465647,7.6165829736760395
20251214-155004-3b56b,50,13,100.0549101748809,7.85650201996662
20251214-155004-3b56b,50,15,113.73983387187602,8.931068280439096
20251214-155004-3b56b,50,14,101.0083155935724,7.931365228425903
20251214-155004-3b56b,51,11,108.43648360134314,8.514639121288319
20251214-155004-3b56b,51,12,96.14985956826615,7.549870012348837
20251214-155004-3b56b,51,13,100.36851047342095,7.88112651240418
20251214-155004-3b56b,51,15,113.40683430587555,8.90492052059045
20251214-155004-3b56b,51,14,101.74378078889367,7.9891153556566135
20251214-155004-3b56b,52,11,109.26603761619799,8.579777281744285
20251214-155004-3b56b,52,12,96.02206573032979,7.5398353969148575
20251214-155004-3b56b,52,13,100.17065295749177,7.865590363595028
20251214-155004-3b56b,52,15,113.28565668909643,8.895405423436937
20251214-155004-3b56b,52,14,102.29509327118213,8.032405461291225
20251214-155004-3b56b,53,11,110.37053918523421,8.666504847568113
20251214-155004-3b56b,53,12,95.92496854470167,7.532211141056878
20251214-155004-3b56b,53,13,100.13991658839376,7.863176885381087
20251214-155004-3b56b,53,15,111.1335183895862,8.726415427165925
20251214-155004-3b56b,53,14,102.71818019506982,8.06562705197913
20251214-155004-3b56b,54,11,111.72799563562194,8.773094912222087
20251214-155004-3b56b,54,12,96.02428690428879,7.540009807722534
20251214-155004-3b56b,54,13,101.10836881320728,7.93922159770145
20251214-155004-3b56b,54,15,110.19846097236034,8.65299293871054
20251214-155004-3b56b,54,14,103.27343958025881,8.109227075943151
20251214-155004-3b56b,55,11,113.22223750751147,8.890425628568739
20251214-155004-3b56b,55,12,95.5553286135266,7.503186309983008
20251214-155004-3b56b,55,13,101.65797829604904,7.982377980577532
20251214-155004-3b56b,55,15,109.63283363525477,8.608578803424715
20251214-155004-3b56b,55,14,104.04543399823545,8.169845547276896
20251214-155004-3b56b,56,11,113.1724391638984,8.88651536782788
20251214-155004-3b56b,56,12,94.90272952086013,7.4519429868837115
20251214-155004-3b56b,56,13,101.95748090453326,8.005895495554345
20251214-155004-3b56b,56,15,109.78179543588233,8.62027556758634
20251214-155004-3b56b,56,14,104.65522418885374,8.217727433892703
20251214-155004-3b56b,57,11,112.20227281788341,8.81033605944763
20251214-155004-3b56b,57,12,94.42705604183631,7.414592199778278
20251214-155004-3b56b,57,13,101.37289275643383,7.95999252129387
20251214-155004-3b56b,57,15,113.42804241762919,8.90658582189891
20251214-155004-3b56b,57,14,104.94318327184715,8.24033852927274
20251214-155004-3b56b,58,11,110.17124438798348,8.650855840693463
20251214-155004-3b56b,58,12,94.11762175405099,7.390294830435952
20251214-155004-3b56b,58,13,97.29645494799105,7.6399028643213
20251214-155004-3b56b,58,15,115.24190130285658,9.049013474582976
20251214-155004-3b56b,58,14,104.80284205094604,8.229318669442105
20251214-155004-3b56b,59,11,107.27525661801171,8.423457367946707
20251214-155004-3b56b,59,12,93.6656425651295,7.35480456409582
20251214-155004-3b56b,59,13,94.62593342432267,7.430208430451003
20251214-155004-3b56b,59,15,115.72783548622947,9.087169951727047
20251214-155004-3b56b,59,14,104.7080249723168,8.221873451926283
20251214-155004-3b56b,60,11,103.52915273076228,8.12930615931798
20251214-155004-3b56b,60,12,93.93864319239188,7.37624109305567
20251214-155004-3b56b,60,13,93.45954078210795,7.338621059740088
20251214-155004-3b56b,60,15,111.58469861491639,8.761842957363893
20251214-155004-3b56b,60,14,104.09001123711285,8.17334583693457
20251214-155004-3b56b,61,11,101.06646711450243,7.935931396551508
20251214-155004-3b56b,61,12,94.72900895795901,7.438302117575479
20251214-155004-3b56b,61,13,91.52018954068944,7.186339508349976
20251214-155004-3b56b,61,15,108.81406164621544,8.544287268161366
20251214-155004-3b56b,61,14,103.76471935915852,8.147803299424318
20251214-155004-3b56b,62,11,100.3521793194539,7.879844159105313
20251214-155004-3b56b,62,12,95.94453211766218,7.533747310048619
20251214-155004-3b56b,62,13,90.65816346836218,7.118651580124706
20251214-155004-3b56b,62,15,107.25042704325564,8.421507702469171
20251214-155004-3b56b,62,14,102.72889048316999,8.06646804418977
20251214-155004-3b56b,63,11,100.57052924093162,7.896989410609221
20251214-155004-3b56b,63,12,97.55806287572192,7.660444816825824
20251214-155004-3b56b,63,13,91.0309243799161,7.147921476519289
20251214-155004-3b56b,63,15,106.79269378975252,8.385565616024163
20251214-155004-3b56b,63,14,101.56343792377304,7.974954490571328
20251214-155004-3b56b,64,11,102.33418093435708,8.03547469901432
20251214-155004-3b56b,64,12,98.68793450765415,7.749164488284857
20251214-155004-3b56b,64,13,91.06511115978026,7.150605887555083
20251214-155004-3b56b,64,15,107.21465965287565,8.418699178886689
20251214-155004-3b56b,64,14,99.94135935246129,7.847585793225231
20251214-155004-3b56b,65,11,104.54595714285013,8.209147577430459
20251214-155004-3b56b,65,12,99.31181773648859,7.798152987090103
20251214-155004-3b56b,65,13,91.59083451474764,7.191886686198805
20251214-155004-3b56b,65,15,108.29337065263041,8.503401620113419
20251214-155004-3b56b,65,14,98.34532860443703,7.722262420550519
20251214-155004-3b56b,66,11,106.69335257377455,8.377765154631186
20251214-155004-3b56b,66,12,99.29468574799236,7.796807750739469
20251214-155004-3b56b,66,13,91.84685685268711,7.211990047559705
20251214-155004-3b56b,66,15,106.64512081429848,8.373977905059046
20251214-155004-3b56b,66,14,101.14618471035453,7.94219097393501
20251214-155004-3b56b,67,11,108.68289831835492,8.533988073964093
20251214-155004-3b56b,67,12,98.6907150952568,7.749382825316781
20251214-155004-3b56b,67,13,92.07356746168814,7.229791796164059
20251214-155004-3b56b,67,15,106.18144070328071,8.337568860041044
20251214-155004-3b56b,67,14,101.12727624178031,7.940706244986793
20251214-155004-3b56b,68,11,110.14215666125457,8.64857181701684
20251214-155004-3b56b,68,12,97.84439261496912,7.682927973033154
20251214-155004-3b56b,68,13,96.90820148079736,7.609416462964936
20251214-155004-3b56b,68,15,104.91018748328072,8.237747637140917
20251214-155004-3b56b,68,14,100.59915239873396,7.8992369554493385
20251214-155004-3b56b,69,11,110.42177322253431,8.670527841710388
20251214-155004-3b56b,69,12,97.08944571988688,7.623648105650191
20251214-155004-3b56b,69,13,99.67614688079833,7.8267608050692425
20251214-155004-3b56b,69,15,101.74318026140317,7.9890682010948435
20251214-155004-3b56b,69,14,99.9848956320219,7.851004344775694
20251214-155004-3b56b,70,11,110.0478109267276,8.64116361033722
20251214-155004-3b56b,70,12,96.11494378221902,7.547128358359757
20251214-155004-3b56b,70,13,101.81473406573521,7.994686742026902
20251214-155004-3b56b,70,15,101.19326865979959,7.945888095278445
20251214-155004-3b56b,70,14,99.6130722127614,7.821808062060681
20251214-155004-3b56b,71,11,109.81977312503712,8.623257648036333
20251214-155004-3b56b,71,12,95.66239827371719,7.511593623528082
20251214-155004-3b56b,71,13,102.9680153841036,8.085244586629573
20251214-155004-3b56b,71,15,100.79303389727745,7.91446089980428
20251214-155004-3b56b,71,14,100.09381451821882,7.859556863067129
20251214-155004-3b56b,72,11,109.38107457273244,8.588810202565503
20251214-155004-3b56b,72,12,95.77217052281003,7.520213149498639
20251214-155004-3b56b,72,13,102.49703696923038,8.048262464899167
20251214-155004-3b56b,72,15,100.74341379435982,7.910564634862141
20251214-155004-3b56b,72,14,100.46412910266046,7.88863466919982
20251214-155004-3b56b,73,11,108.88098611416184,8.549542304787625
20251214-155004-3b56b,73,12,95.59405842658612,7.5062274486338065
20251214-155004-3b56b,73,13,102.9137857365225,8.080986371465336
20251214-155004-3b56b,73,15,101.95411530943653,8.005631222620318
20251214-155004-3b56b,73,14,100.41622517852961,7.884873161883082
20251214-155004-3b56b,74,11,103.70438583540182,8.143065796282915
20251214-155004-3b56b,74,12,95.76291863876389,7.519486673950664
20251214-155004-3b56b,74,13,103.3833312812934,8.117855981507573
20251214-155004-3b56b,74,15,103.06381652552922,8.092767074629512
20251214-155004-3b56b,74,14,101.85964218931852,7.998213013381586
20251214-155004-3b56b,75,11,99.6221087658686,7.82251762941341
20251214-155004-3b56b,75,12,99.71219633427918,7.8295914767833645
20251214-155004-3b56b,75,13,103.79634865626649,8.150286892045456
20251214-155004-3b56b,75,15,93.80427558889305,7.365690293035346
20251214-155004-3b56b,75,14,103.21208659650316,8.1044095228619
20251214-155004-3b56b,76,11,101.99972217184576,8.009212360277791
20251214-155004-3b56b,76,12,101.68297736466579,7.984340955035671
20251214-155004-3b56b,76,13,104.43055068575643,8.200085642721916
20251214-155004-3b56b,76,15,86.92135530942893,6.825230289779505
20251214-155004-3b56b,76,14,104.8582943174331,8.23367288697032
20251214-155004-3b56b,77,11,104.11261156149222,8.175120457428738
20251214-155004-3b56b,77,12,102.40252947888479,8.040841556844738
20251214-155004-3b56b,77,13,104.96344416983446,8.241929453553073
20251214-155004-3b56b,77,15,83.34919772417223,6.544737675922218
20251214-155004-3b56b,77,14,104.61891161147506,8.214876101189219
20251214-155004-3b56b,78,11,106.25707658046088,8.343507933104117
20251214-155004-3b56b,78,12,103.17071833743789,8.101161208407959
20251214-155004-3b56b,78,13,105.1264174001533,8.254726421847408
20251214-155004-3b56b,78,15,85.54713324570156,6.717323757249657
20251214-155004-3b56b,78,14,104.70333631062024,8.221505289284135
20251214-155004-3b56b,79,11,108.36552068511423,8.509066978014983
20251214-155004-3b56b,79,12,103.83468665874001,8.153297264983157
20251214-155004-3b56b,79,13,105.61227851928415,8.292877161848102
20251214-155004-3b56b,79,15,87.17283369752253,6.8449768515482585
20251214-155004-3b56b,79,14,104.36058577123458,8.1945918644425
20251214-155004-3b56b,80,11,110.023718758555,8.639271847428407
20251214-155004-3b56b,80,12,103.78594255437959,8.149469785115356
20251214-155004-3b56b,80,13,106.0793045001157,8.329548930933365
20251214-155004-3b56b,80,15,93.62455448387158,7.351578249736683
20251214-155004-3b56b,80,14,103.9562648980747,8.162843819782392
20251214-155004-3b56b,81,11,108.12983483064733,8.490560476050609
20251214-155004-3b56b,81,12,103.71990995994325,8.144284780094953
20251214-155004-3b56b,81,13,106.52440930361863,8.364499407443768
20251214-155004-3b56b,81,15,98.78232946835074,7.756576560297027
20251214-155004-3b56b,81,14,103.82155958532303,8.152266502188644
20251214-155004-3b56b,82,11,106.51636101700294,8.363867440657302
20251214-155004-3b56b,82,12,103.49851235891752,8.126900218991112
20251214-155004-3b56b,82,13,106.64756515416494,8.374169839278615
20251214-155004-3b56b,82,15,101.96151761519694,8.006212465760283
20251214-155004-3b56b,82,14,103.26059768979108,8.10821870625671
20251214-155004-3b56b,83,11,105.35211951273946,8.272448981393408
20251214-155004-3b56b,83,12,103.63894540801981,8.137927289346917
20251214-155004-3b56b,83,13,106.71829186220637,8.379723435035404
20251214-155004-3b56b,83,15,104.51410974081432,8.206646858795185
20251214-155004-3b56b,83,14,102.33115778733134,8.03523731575474
20251214-155004-3b56b,84,11,104.34510422933043,8.193376224300208
20251214-155004-3b56b,84,12,103.58633294598287,8.133796058670221
20251214-155004-3b56b,84,13,106.56620546282281,8.367781321431202
20251214-155004-3b56b,84,15,107.52671261929258,8.443202171860309
20251214-155004-3b56b,84,14,101.98164275924152,8.007792730382599
20251214-155004-3b56b,85,11,103.48224469737906,8.125622851238608
20251214-155004-3b56b,85,12,103.14804111673295,8.099380549867922
20251214-155004-3b56b,85,13,106.15963257943093,8.33585644464056
20251214-155004-3b56b,85,15,110.07841550052353,8.643566739733146
20251214-155004-3b56b,85,14,101.209267417294,7.947144348173501
20251214-155004-3b56b,86,11,103.21448603940783,8.104597931686559
20251214-155004-3b56b,86,12,102.50083474007668,8.04856067309578
20251214-155004-3b56b,86,13,106.11503083674603,8.332354230897272
20251214-155004-3b56b,86,15,112.22227754441548,8.811906868657626
20251214-155004-3b56b,86,14,99.95707196353271,7.848819577358422
20251214-155004-3b56b,87,11,103.15467957357892,8.099901814136999
20251214-155004-3b56b,87,12,101.85720582106697,7.998021705108397
20251214-155004-3b56b,87,13,101.61716273968877,7.979173065392159
20251214-155004-3b56b,87,15,111.79233864246088,8.7781472476079
20251214-155004-3b56b,87,14,96.22727265496364,7.555948635286459
20251214-155004-3b56b,88,11,102.97297429964843,8.085633970118366
20251214-155004-3b56b,88,12,98.69476794021386,7.74970106241815
20251214-155004-3b56b,88,13,96.97503975627917,7.614664731594793
20251214-155004-3b56b,88,15,103.34947735544654,8.115197706802865
20251214-155004-3b56b,88,14,93.48348109079905,7.34050089835332
20251214-155004-3b56b,89,11,102.44577437195814,8.044237228173513
20251214-155004-3b56b,89,12,96.29255921585094,7.561075060332379
20251214-155004-3b56b,89,13,93.18883458496235,7.31736469380088
20251214-155004-3b56b,89,15,102.16931576905353,8.022529172383338
20251214-155004-3b56b,89,14,92.6066718157847,7.2716521649105
20251214-155004-3b56b,90,11,102.60574176464625,8.056798172374915
20251214-155004-3b56b,90,12,94.38157628520426,7.411021042708398
20251214-155004-3b56b,90,13,90.12357813017285,7.076674921687973
20251214-155004-3b56b,90,15,101.76321959713468,7.990641727885065
20251214-155004-3b56b,90,14,92.82490595609784,7.288788325056955
20251214-155004-3b56b,91,11,101.98511541093318,8.008065409604264
20251214-155004-3b56b,91,12,93.0753629410715,7.308454684308301
20251214-155004-3b56b,91,13,87.71366336190107,6.887443826364598
20251214-155004-3b56b,91,15,99.81725426690558,7.837840825650403
20251214-155004-3b56b,91,14,96.83545289395582,7.603704105435742
20251214-155004-3b56b,92,11,101.03670754019896,7.933594618124344
20251214-155004-3b56b,92,12,92.42048663989189,7.257032550461465
20251214-155004-3b56b,92,13,86.495351800828,6.791779683307657
20251214-155004-3b56b,92,15,96.78045113903248,7.599385262933144
20251214-155004-3b56b,92,14,100.4200346957334,7.885172292426044
20251214-155004-3b56b,93,11,99.63911109814597,7.823852684910914
20251214-155004-3b56b,93,12,92.47847805242426,7.261586146570891
20251214-155004-3b56b,93,13,85.9173338289031,6.746392611787951
20251214-155004-3b56b,93,15,91.91240167786627,7.217136752009475
20251214-155004-3b56b,93,14,102.73798342813737,8.067182039538713
20251214-155004-3b56b,94,11,100.63490195150824,7.902044078389063
20251214-155004-3b56b,94,12,92.28717722785126,7.246564841648902
20251214-155004-3b56b,94,13,86.26582862874614,6.773757086895961
20251214-155004-3b56b,94,15,89.39933506656664,7.019805977602933
20251214-155004-3b56b,94,14,104.12698900936445,8.176249402005798
20251214-155004-3b56b,95,11,102.20600628384952,8.025410181452303
20251214-155004-3b56b,95,12,92.81417573288572,7.287945767503373
20251214-155004-3b56b,95,13,87.83327903807006,6.89683627696796
20251214-155004-3b56b,95,15,87.01820490525294,6.832835104414732
20251214-155004-3b56b,95,14,104.98649481558786,8.2437394341388
20251214-155004-3b56b,96,11,103.38474402918142,8.117966913161167
20251214-155004-3b56b,96,12,93.6308681185527,7.352074008351016
20251214-155004-3b56b,96,13,89.7300990876533,7.045778198209174
20251214-155004-3b56b,96,15,86.91904654369013,6.825049001098531
20251214-155004-3b56b,96,14,105.46636232384036,8.281419544403379
20251214-155004-3b56b,97,11,104.3279125229921,8.192026298790926
20251214-155004-3b56b,97,12,93.21729988695952,7.319599843502667
20251214-155004-3b56b,97,13,92.06518946065569,7.229133939573916
20251214-155004-3b56b,97,15,88.66495701631912,6.962141215072996
20251214-155004-3b56b,97,14,105.4188266674778,8.277686954172873
20251214-155004-3b56b,98,11,105.58694327831483,8.290887790496873
20251214-155004-3b56b,98,12,91.7417814298043,7.203739325324437
20251214-155004-3b56b,98,13,95.996486190485,7.5378268427508575
20251214-155004-3b56b,98,15,94.35200471539461,7.408699026751989
20251214-155004-3b56b,98,14,105.56618243524517,8.289257609576937
20251214-155004-3b56b,99,11,106.50141527030682,8.362693872174729
20251214-155004-3b56b,99,12,90.19209021843692,7.082054621283905
20251214-155004-3b56b,99,13,100.42785846948924,7.885786630035353
20251214-155004-3b56b,99,15,99.72804235528868,7.830835736518863
20251214-155004-3b56b,99,14,105.50037277165222,8.284090109510748
20251214-155004-3b56b,100,11,107.30673380749315,8.425929016787444
20251214-155004-3b56b,100,12,89.16952490636133,7.00176084633745
20251214-155004-3b56b,100,13,102.54732278476229,8.052211002863087
20251214-155004-3b56b,100,15,104.04962132368627,8.170174344042643
20251214-155004-3b56b,100,14,105.02020199727369,8.246386186212629
20251214-155004-3b56b,101,11,107.3970419057565,8.433020180581257
20251214-155004-3b56b,101,12,88.43008918072607,6.943698945507846
20251214-155004-3b56b,101,13,103.3803321217062,8.11762048178733
20251214-155004-3b56b,101,15,107.67000389040183,8.454453675249255
20251214-155004-3b56b,101,14,104.42605084934377,8.199732307000524
20251214-155004-3b56b,102,11,106.61312505160042,8.371465536862141
20251214-155004-3b56b,102,12,87.44838369087219,6.866613561586472
20251214-155004-3b56b,102,13,103.45109618207944,8.12317701052032
20251214-155004-3b56b,102,15,102.70154166084718,8.064320562597441
20251214-155004-3b56b,102,14,103.32113103886614,8.112971900062515
20251214-155004-3b56b,103,11,105.80405792689113,8.307936046020991
20251214-155004-3b56b,103,12,87.18688725579541,6.846080363697393
20251214-155004-3b56b,103,13,104.8675749001676,8.234401615993937
20251214-155004-3b56b,103,15,99.70305705019344,7.828873842798633
20251214-155004-3b56b,103,14,102.91022604649622,8.080706857827945
20251214-155004-3b56b,104,11,102.11512107048415,8.018273701482034
20251214-155004-3b56b,104,12,87.72103650831625,6.888022779857266
20251214-155004-3b56b,104,13,96.4063906686178,7.570013322702865
20251214-155004-3b56b,104,15,96.4060224165212,7.569984406847204
20251214-155004-3b56b,104,14,102.33227652715509,8.035325161335429
20251214-155004-3b56b,105,11,100.0100542927967,7.852979850713897
20251214-155004-3b56b,105,12,88.40709085149793,6.941893072915277
20251214-155004-3b56b,105,13,92.54828152412195,7.267067248052417
20251214-155004-3b56b,105,15,93.22947136489476,7.320555571120803
20251214-155004-3b56b,105,14,101.72910171694257,7.9879627269826825
20251214-155004-3b56b,106,11,100.88243300049346,7.921480687576536
20251214-155004-3b56b,106,12,89.08133651405134,6.994836125890347
20251214-155004-3b56b,106,13,92.82566458228364,7.2888478938292485
20251214-155004-3b56b,106,15,93.44650506475406,7.3375974703975615
20251214-155004-3b56b,106,14,102.13798588037302,8.020069089881904
20251214-155004-3b56b,107,11,101.41764318050247,7.963506409782452
20251214-155004-3b56b,107,12,89.5465677313792,7.031366966728636
20251214-155004-3b56b,107,13,96.82592617233846,7.60295604911847
20251214-155004-3b56b,107,15,102.51977981816617,8.050048276692827
20251214-155004-3b56b,107,14,101.77427467433688,7.991509793592368
20251214-155004-3b56b,108,11,102.80561042220923,8.072492239853732
20251214-155004-3b56b,108,12,89.89134763094636,7.0584397407949835
20251214-155004-3b56b,108,13,100.14337765766751,7.863448655129248
20251214-155004-3b56b,108,15,101.32214407627421,7.956007638318234
20251214-155004-3b56b,108,14,101.8394018674833,7.996623704779887
20251214-155004-3b56b,109,11,103.82432925493386,8.152483981919064
20251214-155004-3b56b,109,12,90.34589937373192,7.094132008961855
20251214-155004-3b56b,109,13,100.4031380973328,7.883845539353827
20251214-155004-3b56b,109,15,101.80484559774978,7.9939102806961575
20251214-155004-3b56b,109,14,101.52503826896334,7.9719392765748225
20251214-155004-3b56b,110,11,104.33554455963692,8.192625580837271
20251214-155004-3b56b,110,12,90.1786906486105,7.081002461552574
20251214-155004-3b56b,110,13,100.51286207370636,7.8924612748585705
20251214-155004-3b56b,110,15,102.98192359657745,8.086336685949874
20251214-155004-3b56b,110,14,100.91639773819253,7.92414766343883
20251214-155004-3b56b,111,11,103.49812509183668,8.12686981004269
20251214-155004-3b56b,111,12,89.63687349729555,7.038457947382123
20251214-155004-3b56b,111,13,104.23129741498735,8.18443989658566
20251214-155004-3b56b,111,15,103.29750517865854,8.111116752542816
20251214-155004-3b56b,111,14,100.02934890682968,7.854494900538635
20251214-155004-3b56b,112,11,102.60613034724706,8.056828684620468
20251214-155004-3b56b,112,12,89.72530361684399,7.045401648712161
20251214-155004-3b56b,112,13,106.39867810827408,8.35462675463272
20251214-155004-3b56b,112,15,97.17771107300865,7.630578869206744
20251214-155004-3b56b,112,14,98.66834315460092,7.7476261379473526
20251214-155004-3b56b,113,11,102.23793738472578,8.027917472279865
20251214-155004-3b56b,113,12,88.88681020595422,6.97956154986174
20251214-155004-3b56b,113,13,107.5000814705964,8.441111043367364
20251214-155004-3b56b,113,15,92.16845877296825,7.237242842568942
20251214-155004-3b56b,113,14,96.99288271682825,7.616065794824483
20251214-155004-3b56b,114,11,101.29335113900338,7.953746762071044
20251214-155004-3b56b,114,12,88.22242915674259,6.9273930851053835
20251214-155004-3b56b,114,13,100.02790212716039,7.854381296644789
20251214-155004-3b56b,114,15,87.97015577915371,6.9075840992480515
20251214-155004-3b56b,114,14,95.58514767706438,7.505527759618099
20251214-155004-3b56b,115,11,100.5369262625762,7.894350840779267
20251214-155004-3b56b,115,12,89.43586332819514,7.022674246244308
20251214-155004-3b56b,115,13,93.12087878735498,7.312028675206315
20251214-155004-3b56b,115,15,86.9061851775747,6.824039102147157
20251214-155004-3b56b,115,14,95.40939709063407,7.491727488997831
20251214-155004-3b56b,116,11,100.02577879349008,7.8542145684428375
20251214-155004-3b56b,116,12,94.16202336570754,7.393781329509908
20251214-155004-3b56b,116,13,88.06651082322196,6.915150080737946
20251214-155004-3b56b,116,15,86.92131923289524,6.825227456981401
20251214-155004-3b56b,116,14,95.64325488902239,7.510090448518872
20251214-155004-3b56b,117,11,100.20215260075221,7.8680637755492375
20251214-155004-3b56b,117,12,97.02061377879325,7.618243290601183
20251214-155004-3b56b,117,13,84.87532237321841,6.664571888625977
20251214-155004-3b56b,117,15,89.79298125922811,7.050715826029077
20251214-155004-3b56b,117,14,96.68543581053602,7.591924478460344
20251214-155004-3b56b,118,11,100.92668350151158,7.924955321155495
20251214-155004-3b56b,118,12,98.36991551329771,7.724193031439991
20251214-155004-3b56b,118,13,81.1310589656882,6.370565197968497
20251214-155004-3b56b,118,15,93.912804563228,7.37421219470511
20251214-155004-3b56b,118,14,98.31801583422339,7.720117769838432
20251214-155004-3b56b,119,11,101.85620543853497,7.997943153167571
20251214-155004-3b56b,119,12,98.4290650742085,7.728837567564839
20251214-155004-3b56b,119,13,80.30061025370216,6.305356784190569
20251214-155004-3b56b,119,15,97.20057831991532,7.632374448965892
20251214-155004-3b56b,119,14,99.69670633595699,7.828375172627028
20251214-155004-3b56b,120,11,102.91499942931493,8.081081672933887
20251214-155004-3b56b,120,12,98.28407111545928,7.717452365901021
20251214-155004-3b56b,120,13,82.17839192027911,6.452803775355045
20251214-155004-3b56b,120,15,95.23358836762243,7.477922653382522
20251214-155004-3b56b,120,14,98.37003843599878,7.724202683564484
20251214-155004-3b56b,121,11,104.02711422332904,8.168407043676163
20251214-155004-3b56b,121,12,98.15752517974731,7.707515738125314
20251214-155004-3b56b,121,13,83.38715705680232,6.547718314982947
20251214-155004-3b56b,121,15,93.89977745470141,7.373189281344091
20251214-155004-3b56b,121,14,94.61378344487406,7.429254390934965
20251214-155004-3b56b,122,11,104.98219805088354,8.24340204399453
20251214-155004-3b56b,122,12,97.75246783397915,7.675709864233991
20251214-155004-3b56b,122,13,84.06104477008428,6.6006332610998
20251214-155004-3b56b,122,15,93.84003169433522,7.368497930503029
20251214-155004-3b56b,122,14,89.97637613767415,7.065116341010746
20251214-155004-3b56b,123,11,97.84555519033363,7.683019260663952
20251214-155004-3b56b,123,12,96.98449660246173,7.615407301159904
20251214-155004-3b56b,123,13,84.01065682736777,6.596676703914927
20251214-155004-3b56b,123,15,99.48922925746442,7.812083677452782
20251214-155004-3b56b,123,14,83.57871627561987,6.562759909512918
20251214-155004-3b56b,124,11,92.50829925407629,7.263927764094783
20251214-155004-3b56b,124,12,96.33680053741031,7.564548973122762
20251214-155004-3b56b,124,13,83.45536342036976,6.553074008493695
20251214-155004-3b56b,124,15,95.3627527396817,7.488064885764897
20251214-155004-3b56b,124,14,76.52844259270333,6.009158998429823
20251214-155004-3b56b,125,11,88.66069442421163,6.961806508226082
20251214-155004-3b56b,125,12,95.64124320266728,7.509932487076651
20251214-155004-3b56b,125,13,83.11113223773779,6.526044320725683
20251214-155004-3b56b,125,15,93.42328244315541,7.335773985941078
20251214-155004-3b56b,125,14,72.20926856548077,5.670009231465357
20251214-155004-3b56b,126,11,84.93765889781754,6.66946667120661
20251214-155004-3b56b,126,12,94.73395687892932,7.438690637749351
20251214-155004-3b56b,126,13,84.74864072263493,6.6546246042602
20251214-155004-3b56b,126,15,92.35812107218437,7.252135487360673
20251214-155004-3b56b,126,14,71.69438598378066,5.629579670976001
20251214-155004-3b56b,127,11,82.74396699572128,6.49721380695557
20251214-155004-3b56b,127,12,90.5915353744899,7.113419815354949
20251214-155004-3b56b,127,13,89.0498103875481,6.992360634421498
20251214-155004-3b56b,127,15,91.23263846486046,7.163760450469204
20251214-155004-3b56b,127,14,76.85639622468926,6.03491054193378
20251214-155004-3b56b,128,11,81.75354531177493,6.419444010881167
20251214-155004-3b56b,128,12,88.94770030242461,6.98434275615216
20251214-155004-3b56b,128,13,92.35556413601049,7.251934711864697
20251214-155004-3b56b,128,15,93.3449249042506,7.329621202818198
20251214-155004-3b56b,128,14,86.7840333568708,6.814447508646894
20251214-155004-3b56b,129,11,89.6057968741459,7.0360177517723095
20251214-155004-3b56b,129,12,88.74918573447425,6.968755014367487
20251214-155004-3b56b,129,13,91.72734009731556,7.202605364405672
20251214-155004-3b56b,129,15,94.74153584409824,7.439285752522378
20251214-155004-3b56b,129,14,96.66236797750298,7.590113148296701
20251214-155004-3b56b,130,11,95.68807756885043,7.513610010667234
20251214-155004-3b56b,130,12,94.58926874858416,7.427329450314021
20251214-155004-3b56b,130,13,91.85902065114735,7.212945172170843
20251214-155004-3b56b,130,15,96.35568679046376,7.566031957665996
20251214-155004-3b56b,130,14,104.57025900158581,8.21105580564147
20251214-155004-3b56b,131,11,99.15948694735718,7.786191683537661
20251214-155004-3b56b,131,12,98.02867614549643,7.697398266667957
20251214-155004-3b56b,131,13,92.22269240620781,7.241501370694668
20251214-155004-3b56b,131,15,98.27523383752349,7.716758446014109
20251214-155004-3b56b,131,14,107.74408297707647,8.460270506158196
20251214-155004-3b56b,132,11,99.89284276391658,7.843776178332397
20251214-155004-3b56b,132,12,99.93148433435354,7.846810388004487
20251214-155004-3b56b,132,13,92.51920926708047,7.2647844390850995
20251214-155004-3b56b,132,15,98.81128198664362,7.75884996714986
20251214-155004-3b56b,132,14,110.63406549733868,8.687197435265654
20251214-155004-3b56b,133,11,96.45125020993108,7.573535779285221
20251214-155004-3b56b,133,12,100.79317373466587,7.914471880102225
20251214-155004-3b56b,133,13,93.06282133294857,7.3074698933632165
20251214-155004-3b56b,133,15,96.62295192642333,7.5870181249301805
20251214-155004-3b56b,133,14,109.282355069961,8.581058559277048
20251214-155004-3b56b,134,11,92.97676207631866,7.300712356702917
20251214-155004-3b56b,134,12,96.01954814376744,7.53963771122529
20251214-155004-3b56b,134,13,93.68469550412927,7.356300637136877
20251214-155004-3b56b,134,15,96.50840254635706,7.578023489541437
20251214-155004-3b56b,134,14,107.2823858015852,8.424017165012618
20251214-155004-3b56b,135,11,89.16786976196406,7.001630881248502
20251214-155004-3b56b,135,12,92.87135599793281,7.292435670768086
20251214-155004-3b56b,135,13,92.67850091170311,7.277292322261989
20251214-155004-3b56b,135,15,97.99210795198998,7.694526862499507
20251214-155004-3b56b,135,14,103.74677193797433,8.146394033746699
20251214-155004-3b56b,136,11,85.73639028665252,6.732184580390923
20251214-155004-3b56b,136,12,91.12665152851709,7.155438154461778
20251214-155004-3b56b,136,13,89.71322101407027,7.044452899740898
20251214-155004-3b56b,136,15,99.85896391277151,7.841115946445824
20251214-155004-3b56b,136,14,99.0990541119515,7.781446382256523
20251214-155004-3b56b,137,11,82.89224416039157,6.508856812198501
20251214-155004-3b56b,137,12,94.3742802986336,7.410448147953608
20251214-155004-3b56b,137,13,90.01169398750758,7.067889565813728
20251214-155004-3b56b,137,15,98.43972245892748,7.729674405701277
20251214-155004-3b56b,137,14,93.13610643457503,7.3132243790546765
20251214-155004-3b56b,138,11,80.04639675757679,6.2853954565323775
20251214-155004-3b56b,138,12,96.99510820121468,7.6162405440951275
20251214-155004-3b56b,138,13,90.22091015481595,7.084317617552468
20251214-155004-3b56b,138,15,100.29006946173601,7.874967174839698
20251214-155004-3b56b,138,14,88.54105943284347,6.952412540956511
20251214-155004-3b56b,139,11,77.43242697616338,6.080141573120647
20251214-155004-3b56b,139,12,91.52788472425246,7.186943748812549
20251214-155004-3b56b,139,13,89.42839326465814,7.0220876826347345
20251214-155004-3b56b,139,15,102.78785207937513,8.071097820968106
20251214-155004-3b56b,139,14,86.032695664434,6.755451042726437
20251214-155004-3b56b,140,11,75.49538537055837,5.928041378731429
20251214-155004-3b56b,140,12,87.0499116706449,6.8353247799930035
20251214-155004-3b56b,140,13,88.47481139351969,6.947210618793408
20251214-155004-3b56b,140,15,106.13634774174716,8.334028074858633
20251214-155004-3b56b,140,14,85.85373401749928,6.741398633522514
20251214-155004-3b56b,141,11,74.19115392272181,5.825630642601416
20251214-155004-3b56b,141,12,82.88968536441374,6.50865589066718
20251214-155004-3b56b,141,13,88.10171027250999,6.917914008504706
20251214-155004-3b56b,141,15,111.19390504101712,8.731157101993444
20251214-155004-3b56b,141,14,86.07624766483147,6.758870828706938
20251214-155004-3b56b,142,11,73.95174388744468,5.806831710870155
20251214-155004-3b56b,142,12,84.89308581493825,6.665966707885817
20251214-155004-3b56b,142,13,85.44355562998422,6.709190645684375
20251214-155004-3b56b,142,15,113.57532821860576,8.918150983377364
20251214-155004-3b56b,142,14,87.15905264364649,6.843894736963125
20251214-155004-3b56b,143,11,76.81976597312163,6.032034264848227
20251214-155004-3b56b,143,12,86.36170710038307,6.7812856470113045
20251214-155004-3b56b,143,13,85.64884579183172,6.725310420000449
20251214-155004-3b56b,143,15,110.5081296772552,8.677308714930563
20251214-155004-3b56b,143,14,89.19277154272011,7.003586216478615
20251214-155004-3b56b,144,11,78.87417439680078,6.193350325222082
20251214-155004-3b56b,144,12,87.45102362439015,6.866820854191903
20251214-155004-3b56b,144,13,86.15440510927881,6.7650079000321
20251214-155004-3b56b,144,15,104.52500703391335,8.207502534994335
20251214-155004-3b56b,144,14,93.43485115451281,7.336682383180044
20251214-155004-3b56b,145,11,89.53271247153056,7.0302790253492695
20251214-155004-3b56b,145,12,90.74264710943478,7.125285396451971
20251214-155004-3b56b,145,13,86.90916869350973,6.824273373498051
20251214-155004-3b56b,145,15,99.89019540450823,7.843568302631915
20251214-155004-3b56b,145,14,96.47472379591396,7.5753789699429115
20251214-155004-3b56b,146,11,97.83684656073024,7.682335442489006
20251214-155004-3b56b,146,12,94.80889865274212,7.4445752084946655
20251214-155004-3b56b,146,13,87.96170480904833,6.906920512987392
20251214-155004-3b56b,146,15,95.33681221109725,7.4860279860778505
20251214-155004-3b56b,146,14,98.75138439094171,7.75414669390919
20251214-155004-3b56b,147,11,89.91304678248136,7.0601435994818615
20251214-155004-3b56b,147,12,93.69423039993998,7.357049335307372
20251214-155004-3b56b,147,13,88.97014525421213,6.986105176494635
20251214-155004-3b56b,147,15,94.0818284401471,7.387484271289024
20251214-155004-3b56b,147,14,100.70578103683312,7.907609639100226
20251214-155004-3b56b,148,11,84.01450995964987,6.596979259196868
20251214-155004-3b56b,148,12,93.59789833194999,7.349485157942882
20251214-155004-3b56b,148,13,89.42760701869817,7.022025945105193
20251214-155004-3b56b,148,15,96.40638210579081,7.570012650333389
20251214-155004-3b56b,148,14,102.46239141014209,8.045542029645324
20251214-155004-3b56b,149,11,79.32655175206035,6.228871856341064
20251214-155004-3b56b,149,12,93.8287530337779,7.36761230860505
20251214-155004-3b56b,149,13,89.59772520066186,7.0353839486044185
20251214-155004-3b56b,149,15,101.35807884292831,7.958829304604391
20251214-155004-3b56b,149,14,100.8752394060247,7.920915832844511
20251214-155004-3b56b,150,11,75.1391938453064,5.900072542092168
20251214-155004-3b56b,150,12,93.5859778145401,7.348549136222947
20251214-155004-3b56b,150,13,86.13669209872569,6.763617040723476
20251214-155004-3b56b,150,15,106.26130020933995,8.343839580484161
20251214-155004-3b56b,150,14,99.4105930547255,7.805909013115159
20251214-155004-3b56b,151,11,83.83986512243561,6.5832658141100415
20251214-155004-3b56b,151,12,97.40845533483558,7.648697347909792
20251214-155004-3b56b,151,13,86.13053266210048,6.763133390034037
20251214-155004-3b56b,151,15,112.07003163795386,8.799952230254007
20251214-155004-3b56b,151,14,98.638396593582,7.745274676967327
20251214-155004-3b56b,152,11,90.2933633569615,7.090006780913014
20251214-155004-3b56b,152,12,100.5147930037027,7.892612895157766
20251214-155004-3b56b,152,13,86.07164860408761,6.758509701702168
20251214-155004-3b56b,152,15,117.0074408906246,9.18764700404581
20251214-155004-3b56b,152,14,97.87132752565603,7.685042953495875
20251214-155004-3b56b,153,11,94.50727182354589,7.420890895663698
20251214-155004-3b56b,153,12,102.5003045712607,8.048519043231074
20251214-155004-3b56b,153,13,85.66300347293478,6.726422108072426
20251214-155004-3b56b,153,15,120.27840156439444,9.444489063029096
20251214-155004-3b56b,153,14,97.85650414277657,7.683878993253129
20251214-155004-3b56b,154,11,97.24670591569905,7.635996475599244
20251214-155004-3b56b,154,12,103.5680711566982,8.132362108210893
20251214-155004-3b56b,154,13,84.98872235505382,6.673476271077542
20251214-155004-3b56b,154,15,122.08321313897518,9.586206303657956
20251214-155004-3b56b,154,14,96.99010365118909,7.615847577300031
20251214-155004-3b56b,155,11,98.5909985211402,7.741552890088195
20251214-155004-3b56b,155,12,104.21480117345065,8.183144580296549
20251214-155004-3b56b,155,13,84.19925634953232,6.611485897429374
20251214-155004-3b56b,155,15,123.69629303370667,9.712868407788326
20251214-155004-3b56b,155,14,96.32046293621775,7.563266113575475
20251214-155004-3b56b,156,11,99.01411225834991,7.774776586209191
20251214-155004-3b56b,156,12,104.8825919817042,8.235580785823984
20251214-155004-3b56b,156,13,83.73701996379681,6.5751902164689335
20251214-155004-3b56b,156,15,124.41186819130334,9.769056731392533
20251214-155004-3b56b,156,14,97.48188467198123,7.654463159248799
20251214-155004-3b56b,157,11,100.81530758303109,7.916209872011738
20251214-155004-3b56b,157,12,106.35400736624332,8.351119122929441
20251214-155004-3b56b,157,13,81.34434945118471,6.387313172927588
20251214-155004-3b56b,157,15,124.33928038482559,9.76335699864358
20251214-155004-3b56b,157,14,98.64916093472216,7.746119913525567
20251214-155004-3b56b,158,11,101.37775810579153,7.96037455778753
20251214-155004-3b56b,158,12,107.91189349616964,8.473447307575764
20251214-155004-3b56b,158,13,81.5531642910449,6.403709711671095
20251214-155004-3b56b,158,15,122.79013474482369,9.641715133905262
20251214-155004-3b56b,158,14,101.92487202059733,8.003334983910653
20251214-155004-3b56b,159,11,101.10606350298994,7.9390405803546
20251214-155004-3b56b,159,12,108.95589120640486,8.55542399522625
20251214-155004-3b56b,159,13,79.6739129712611,6.2561473205390605
20251214-155004-3b56b,159,15,123.09572933006143,9.665711002493968
20251214-155004-3b56b,159,14,103.49729644907801,8.126804743435805
20251214-155004-3b56b,160,11,100.63369060109838,7.901948960848851
20251214-155004-3b56b,160,12,109.81447529795722,8.622841652568626
20251214-155004-3b56b,160,13,80.99485252598024,6.359870009028467
20251214-155004-3b56b,160,15,123.98035782695489,9.735173716124072
20251214-155004-3b56b,160,14,103.04413704085296,8.09122180402919
20251214-155004-3b56b,161,11,99.9073657542294,7.844916551178959
20251214-155004-3b56b,161,12,110.74854571719538,8.696186640063083
20251214-155004-3b56b,161,13,82.03199802988253,6.441308648393248
20251214-155004-3b56b,161,15,125.54573742309879,9.858090302002998
20251214-155004-3b56b,161,14,101.346510587535,7.9579209431685936
20251214-155004-3b56b,162,11,96.53804594290129,7.58035114546978
20251214-155004-3b56b,162,12,111.86955391542405,8.784210337834526
20251214-155004-3b56b,162,13,80.46331140576812,6.318132388382537
20251214-155004-3b56b,162,15,126.14065852392581,9.90480463938233
20251214-155004-3b56b,162,14,99.89623940042958,7.8440428886975235
20251214-155004-3b56b,163,11,94.73661129513152,7.438899067562721
20251214-155004-3b56b,163,12,112.59586142721987,8.841241386321474
20251214-155004-3b56b,163,13,80.82984738104237,6.34691349093012
20251214-155004-3b56b,163,15,127.83260348161117,10.037659378390078
20251214-155004-3b56b,163,14,98.5880537161597,7.741321658395146
20251214-155004-3b56b,164,11,93.19067801505025,7.317509443440692
20251214-155004-3b56b,164,12,113.27863024462937,8.894853693641247
20251214-155004-3b56b,164,13,77.55340626017885,6.089641096807994
20251214-155004-3b56b,164,15,130.43576330456372,10.242064443284706
20251214-155004-3b56b,164,14,97.84418037137424,7.682911307262038
20251214-155004-3b56b,165,11,91.43926755083426,7.179985359656565
20251214-155004-3b56b,165,12,114.25459742662649,8.971488494705778
20251214-155004-3b56b,165,13,75.38094384830617,5.919055212543573
20251214-155004-3b56b,165,15,131.29348090634736,10.309414062200918
20251214-155004-3b56b,165,14,96.70877626834843,7.593757215640655
20251214-155004-3b56b,166,11,90.80736661407747,7.130367295162066
20251214-155004-3b56b,166,12,114.53148642682198,8.993230346110574
20251214-155004-3b56b,166,13,74.55046348221039,5.853844313224689
20251214-155004-3b56b,166,15,130.71696967834401,10.2641453030823
20251214-155004-3b56b,166,14,96.23371271226948,7.556454320845954
20251214-155004-3b56b,167,11,94.23895526518125,7.399822168710689
20251214-155004-3b56b,167,12,115.20034221142942,9.045750175608696
20251214-155004-3b56b,167,13,73.70165758357508,5.78719445820476
20251214-155004-3b56b,167,15,129.9833874333677,10.20654302869722
20251214-155004-3b56b,167,14,96.21404308200373,7.554909824032706
20251214-155004-3b56b,168,11,92.88068285484673,7.293168033328365
20251214-155004-3b56b,168,12,115.0527459377753,9.034160635224557
20251214-155004-3b56b,168,13,71.2962060917219,5.598313827842445
20251214-155004-3b56b,168,15,129.44861203811126,10.164551446617768
20251214-155004-3b56b,168,14,99.10375862526456,7.781815789597776
20251214-155004-3b56b,169,11,92.48172174406979,7.261840847413864
20251214-155004-3b56b,169,12,113.51899008709486,8.913727206041072
20251214-155004-3b56b,169,13,74.45041465908909,5.845988289171758
20251214-155004-3b56b,169,15,127.49168803073798,10.010890048191873
20251214-155004-3b56b,169,14,101.28337175519931,7.952963161857146
20251214-155004-3b56b,170,11,91.48971661942295,7.1839467165612865
20251214-155004-3b56b,170,12,113.81189660398223,8.93672678334882
20251214-155004-3b56b,170,13,78.01123474776912,6.125590661214821
20251214-155004-3b56b,170,15,124.79929685190304,9.799478367364964
20251214-155004-3b56b,170,14,102.40779276266483,8.041254839906781
20251214-155004-3b56b,171,11,89.06582594956765,6.993618206839859
20251214-155004-3b56b,171,12,113.6490258001714,8.923937857778881
20251214-155004-3b56b,171,13,80.7771216895455,6.3427733692606765
20251214-155004-3b56b,171,15,122.6309215929738,9.629213414130316
20251214-155004-3b56b,171,14,102.67444178879636,8.062192629054389
20251214-155004-3b56b,172,11,86.58644688034852,6.798932642367947
20251214-155004-3b56b,172,12,113.03922366465054,8.876055033226585
20251214-155004-3b56b,172,13,81.42400452183692,6.393567840713365
20251214-155004-3b56b,172,15,118.97708877359709,9.342307505406005
20251214-155004-3b56b,172,14,98.48145524706598,7.7329513436719965
20251214-155004-3b56b,173,11,87.25830244856887,6.851688020585998
20251214-155004-3b56b,173,12,112.73687227867555,8.85231382681802
20251214-155004-3b56b,173,13,79.27877711920229,6.225120501221195
20251214-155004-3b56b,173,15,114.57348177864692,8.99652790108179
20251214-155004-3b56b,173,14,95.5379329563307,7.5018203698641335
20251214-155004-3b56b,174,11,92.73595486448426,7.281803716008595
20251214-155004-3b56b,174,12,113.9140570006287,8.944748612174719
20251214-155004-3b56b,174,13,76.61187974049568,6.015710642112528
20251214-155004-3b56b,174,15,111.97591653895915,8.792562133515437
20251214-155004-3b56b,174,14,93.84820641682883,7.369139825275323
20251214-155004-3b56b,175,11,96.31502533022949,7.562839142401788
20251214-155004-3b56b,175,12,114.80407394453196,9.014634436921938
20251214-155004-3b56b,175,13,74.76337640907268,5.870562641561069
20251214-155004-3b56b,175,15,112.12469343222207,8.804244378398787
20251214-155004-3b56b,175,14,93.25325240142908,7.322422903381081
20251214-155004-3b56b,176,11,96.59745681433812,7.585016200194586
20251214-155004-3b56b,176,12,115.63118847085096,9.07958104409405
20251214-155004-3b56b,176,13,72.69261445704085,5.707962471008994
20251214-155004-3b56b,176,15,115.38049010437138,9.059895731107344
20251214-155004-3b56b,176,14,93.50705813777734,7.342352212965327
20251214-155004-3b56b,177,11,96.37475869446084,7.5675295198747445
20251214-155004-3b56b,177,12,115.9003149328535,9.100713366222507
20251214-155004-3b56b,177,13,72.18646999201452,5.668219044075484
20251214-155004-3b56b,177,15,116.15883091542045,9.12101253330667
20251214-155004-3b56b,177,14,94.36998455143309,7.410110837705675
20251214-155004-3b56b,178,11,96.22872276965344,7.556062501052463
20251214-155004-3b56b,178,12,115.84770243920798,9.096582133063844
20251214-155004-3b56b,178,13,72.31295319517521,5.678150745971843
20251214-155004-3b56b,178,15,117.95619190315993,9.262144739673186
20251214-155004-3b56b,178,14,95.50848806425951,7.499508300884903
20251214-155004-3b56b,179,11,95.52414252531668,7.5007375189682755
20251214-155004-3b56b,179,12,115.03590101769608,9.032837940032513
20251214-155004-3b56b,179,13,72.97807563286047,5.730377425962518
20251214-155004-3b56b,179,15,120.96410572106937,9.49833185877595
20251214-155004-3b56b,179,14,96.53435900569299,7.580061640141417
20251214-155004-3b56b,180,11,94.46365172663012,7.417465762614945
20251214-155004-3b56b,180,12,113.80153198491867,8.935912933728979
20251214-155004-3b56b,180,13,72.4908469659344,5.692119303505563
20251214-155004-3b56b,180,15,124.67227523281854,9.789504388025295
20251214-155004-3b56b,180,14,97.50838807403095,7.6565442568318725
20251214-155004-3b56b,181,11,94.18374452471429,7.395486916265363
20251214-155004-3b56b,181,12,113.16957544112024,8.886290502863712
20251214-155004-3b56b,181,13,76.42733727990293,6.001220016796065
20251214-155004-3b56b,181,15,127.77429204595599,10.033080653455826
20251214-155004-3b56b,181,14,98.24562801153445,7.714433740197282
20251214-155004-3b56b,182,11,94.92695815873162,7.453845465653076
20251214-155004-3b56b,182,12,113.09813241115009,8.88068066014543
20251214-155004-3b56b,182,13,80.13658990617964,6.29247759426002
20251214-155004-3b56b,182,15,129.23828218723818,10.148035946325425
20251214-155004-3b56b,182,14,98.92909324543041,7.768100731465329
20251214-155004-3b56b,183,11,96.27933395623855,7.560036587770885
20251214-155004-3b56b,183,12,111.89233481547816,8.785999137474434
20251214-155004-3b56b,183,13,83.35143229173178,6.544913138420907
20251214-155004-3b56b,183,15,129.82855011983065,10.194384908076813
20251214-155004-3b56b,183,14,99.41066539185,7.805914693163883
20251214-155004-3b56b,184,11,97.76460267156153,7.676662714781869
20251214-155004-3b56b,184,12,109.93658024421687,8.632429565398292
20251214-155004-3b56b,184,13,85.70409960887342,6.7296490549004275
20251214-155004-3b56b,184,15,129.1346619282263,10.139899486327476
20251214-155004-3b56b,184,14,99.64124079127986,7.824019912470052
20251214-155004-3b56b,185,11,98.61766219357607,7.743646572407094
20251214-155004-3b56b,185,12,108.69327380330022,8.534802776793653
20251214-155004-3b56b,185,13,86.9806345738825,6.829885010473447
20251214-155004-3b56b,185,15,125.40579117337955,9.847101456061463
20251214-155004-3b56b,185,14,99.47358149063709,7.810854985013081
20251214-155004-3b56b,186,11,96.21415830179973,7.554918871310431
20251214-155004-3b56b,186,12,108.31673737157982,8.505236419368199
20251214-155004-3b56b,186,13,86.18294531556303,6.767248931361101
20251214-155004-3b56b,186,15,122.15032780387612,9.591476274911162
20251214-155004-3b56b,186,14,99.52606033936149,7.81497572411812
20251214-155004-3b56b,187,11,97.07843769171475,7.622783734322297
20251214-155004-3b56b,187,12,108.63652717866593,8.53034692379967
20251214-155004-3b56b,187,13,85.70929804102255,6.730057245688955
20251214-155004-3b56b,187,15,117.43701782428684,9.221378202656147
20251214-155004-3b56b,187,14,100.17743480843669,7.8661228874417315
20251214-155004-3b56b,188,11,94.78058209767745,7.442351738685186
20251214-155004-3b56b,188,12,108.65687177146609,8.531944419956034
20251214-155004-3b56b,188,13,85.56352531920948,6.718610894066844
20251214-155004-3b56b,188,15,114.69615284948364,9.006160267090971
20251214-155004-3b56b,188,14,100.9979779097677,7.930553493813863
20251214-155004-3b56b,189,11,94.54107138474407,7.423544901552697
20251214-155004-3b56b,189,12,108.84020017917116,8.546339715528582
20251214-155004-3b56b,189,13,85.76404527647752,6.734356102838372
20251214-155004-3b56b,189,15,112.59117150056767,8.8408731243526
20251214-155004-3b56b,189,14,102.20653680386428,8.025451838893805
20251214-155004-3b56b,190,11,94.30664148409792,7.405137019473269
20251214-155004-3b56b,190,12,109.4517209267013,8.594357488767542
20251214-155004-3b56b,190,13,86.2895558035475,6.775620189830431
20251214-155004-3b56b,190,15,112.07710868101383,8.800507933147536
20251214-155004-3b56b,190,14,103.26044130376957,8.108206426528591
20251214-155004-3b56b,191,11,94.3353495477803,7.40739123128472
20251214-155004-3b56b,191,12,109.01894182415286,8.56037484976034
20251214-155004-3b56b,191,13,85.45923219901141,6.710421599727639
20251214-155004-3b56b,191,15,112.66581661875259,8.846734401133274
20251214-155004-3b56b,191,14,102.72244052187268,8.065961580950011
20251214-155004-3b56b,192,11,98.16873376792995,7.708395857807036
20251214-155004-3b56b,192,12,108.70181245992538,8.535473248366774
20251214-155004-3b56b,192,13,84.08587723140165,6.602583153235624
20251214-155004-3b56b,192,15,113.5713574148743,8.91783918830921
20251214-155004-3b56b,192,14,102.16297172384103,8.022031025876188
20251214-155004-3b56b,193,11,100.5413335977707,7.894696913128917
20251214-155004-3b56b,193,12,108.1027196061077,8.488431337000911
20251214-155004-3b56b,193,13,83.60785225223674,6.565047721862597
20251214-155004-3b56b,193,15,110.73265528197376,8.694938892839097
20251214-155004-3b56b,193,14,101.71396525610307,7.986774183262511
20251214-155004-3b56b,194,11,101.71655538782116,7.9869775653358115
20251214-155004-3b56b,194,12,107.87938868273635,8.470894967746055
20251214-155004-3b56b,194,13,83.48241389497633,6.555198063255387
20251214-155004-3b56b,194,15,109.11066891201332,8.567577435318627
20251214-155004-3b56b,194,14,102.29395626675799,8.032316181539342
20251214-155004-3b56b,195,11,103.14802576906403,8.099379344739742
20251214-155004-3b56b,195,12,107.58839860229628,8.44804587267644
20251214-155004-3b56b,195,13,83.67925612382338,6.570654489790062
20251214-155004-3b56b,195,15,107.87624760241255,8.470648324139404
20251214-155004-3b56b,195,14,100.73475728616296,7.909884909359258
20251214-155004-3b56b,196,11,103.76020899705148,8.147449137205363
20251214-155004-3b56b,196,12,107.2685294424763,8.422929137317244
20251214-155004-3b56b,196,13,83.89086595466658,6.587270496546338
20251214-155004-3b56b,196,15,106.80163544178507,8.386267731563848
20251214-155004-3b56b,196,14,98.70220944310725,7.750285383391616
20251214-155004-3b56b,197,11,103.92007300818047,8.160001963689938
20251214-155004-3b56b,197,12,106.5276900262997,8.36475701603415
20251214-155004-3b56b,197,13,83.95055183876602,6.59195714578895
20251214-155004-3b56b,197,15,105.94289316226896,8.318837653001419
20251214-155004-3b56b,197,14,100.2102190857464,7.868697171307028
20251214-155004-3b56b,198,11,104.04052242171376,8.169459880938318
20251214-155004-3b56b,198,12,105.23561065275501,8.263300483911255
20251214-155004-3b56b,198,13,84.33530094265687,6.62216837786757
20251214-155004-3b56b,198,15,105.8714658416078,8.313229043807983
20251214-155004-3b56b,198,14,100.47074519417131,7.889154177300206
20251214-155004-3b56b,199,11,103.5128529885597,8.128026272530658
20251214-155004-3b56b,199,12,104.83220586564985,8.231624372072103
20251214-155004-3b56b,199,13,84.53870745640866,6.638140244549296
20251214-155004-3b56b,199,15,106.18870880939103,8.33813956556901
20251214-155004-3b56b,199,14,100.00616446146628,7.852674413752819
20251214-155004-3b56b,200,11,102.57738526339959,8.054571565915179
20251214-155004-3b56b,200,12,104.35456316365445,8.19411895783016
20251214-155004-3b56b,200,13,84.95593485760719,6.670901734360964
20251214-155004-3b56b,200,15,106.8756774015993,8.392081647201032
20251214-155004-3b56b,200,14,99.61195180952772,7.821720085865878
20251214-155004-3b56b,201,11,101.98475847093283,8.008037381995935
20251214-155004-3b56b,201,12,103.96547757374084,8.16356721661373
20251214-155004-3b56b,201,13,85.48589142838625,6.712514933168928
20251214-155004-3b56b,201,15,107.87476015508467,8.470531526943587
20251214-155004-3b56b,201,14,99.38283520782123,7.803729414134039
20251214-155004-3b56b,202,11,101.35358058729138,7.958476093008517
20251214-155004-3b56b,202,12,103.43754858907036,8.122113227726897
20251214-155004-3b56b,202,13,86.03824895981678,6.755887098051619
20251214-155004-3b56b,202,15,108.90940281789666,8.551773638461336
20251214-155004-3b56b,202,14,99.32960325079546,7.799549539531496
20251214-155004-3b56b,203,11,100.48668878424586,7.890406098344433
20251214-155004-3b56b,203,12,103.54430666732218,8.130496075264986
20251214-155004-3b56b,203,13,85.97898915025709,6.751233904992979
20251214-155004-3b56b,203,15,109.84062827075056,8.62489523377938
20251214-155004-3b56b,203,14,99.52020355642615,7.814515838372567
20251214-155004-3b56b,204,11,99.84582067445758,7.840083914352829
20251214-155004-3b56b,204,12,103.87548393781137,8.15650074500101
20251214-155004-3b56b,204,13,85.76168297604247,6.734170610511136
20251214-155004-3b56b,204,15,110.2196956531409,8.654660326269573
20251214-155004-3b56b,204,14,100.17047052402934,7.865576038572263
20251214-155004-3b56b,205,11,99.4542627673394,7.809338042082982
20251214-155004-3b56b,205,12,103.86410701748353,8.155607407558795
20251214-155004-3b56b,205,13,85.16239100454543,6.687113064046032
20251214-155004-3b56b,205,15,110.38647415311922,8.667756091581605
20251214-155004-3b56b,205,14,101.1552279624795,7.942901067307366
20251214-155004-3b56b,206,11,99.35711365178517,7.801709708588346
20251214-155004-3b56b,206,12,104.68316612546515,8.219921487948078
20251214-155004-3b56b,206,13,84.27473924659799,6.617412958202633
20251214-155004-3b56b,206,15,110.27987783968914,8.65938594612527
20251214-155004-3b56b,206,14,101.39283860477067,7.961558707275892
20251214-155004-3b56b,207,11,99.78057958321321,7.834961059669832
20251214-155004-3b56b,207,12,105.8154243627563,8.308828560203239
20251214-155004-3b56b,207,13,83.67627436984891,6.570420356791666
20251214-155004-3b56b,207,15,109.25972222061947,8.579281384860934
20251214-155004-3b56b,207,14,106.38979429527048,8.353929180723695
20251214-155004-3b56b,208,11,100.53936982987382,7.894542714335258
20251214-155004-3b56b,208,12,107.53009721927107,8.44346793709383
20251214-155004-3b56b,208,13,83.47038697904198,6.554253686920761
20251214-155004-3b56b,208,15,106.86345295279908,8.391121760209739
20251214-155004-3b56b,208,14,110.19890930035817,8.653028142278405
20251214-155004-3b56b,209,11,100.98585496843212,7.9296015773819315
20251214-155004-3b56b,209,12,109.14380685899816,8.570179490000092
20251214-155004-3b56b,209,13,83.43542537073515,6.551508434880619
20251214-155004-3b56b,209,15,105.37409724128914,8.2741747144778
20251214-155004-3b56b,209,14,108.7943503798914,8.542739502005558
20251214-155004-3b56b,210,11,100.52021809242913,7.893038883452226
20251214-155004-3b56b,210,12,110.98620107346693,8.71484779105847
20251214-155004-3b56b,210,13,84.5174869346875,6.636473968786562
20251214-155004-3b56b,210,15,104.89910823257725,8.236877673284276
20251214-155004-3b56b,210,14,106.67024869305786,8.375950993934799
20251214-155004-3b56b,211,11,100.62125172816481,7.900972236866411
20251214-155004-3b56b,211,12,112.47463068452791,8.831722117620151
20251214-155004-3b56b,211,13,85.34820456601011,6.701703498622734
20251214-155004-3b56b,211,15,105.66968070618732,8.297384490839423
20251214-155004-3b56b,211,14,106.78043034508059,8.384602667002786
20251214-155004-3b56b,212,11,100.68672217318931,7.906113100844841
20251214-155004-3b56b,212,12,113.39346252084695,8.903870542574337
20251214-155004-3b56b,212,13,84.57647626491013,6.641105923292748
20251214-155004-3b56b,212,15,106.45619834704344,8.359143353281308
20251214-155004-3b56b,212,14,102.86405325817866,8.077081282590804
20251214-155004-3b56b,213,11,100.49972111426673,7.891429421707124
20251214-155004-3b56b,213,12,114.59115767873155,8.997915846405782
20251214-155004-3b56b,213,13,83.78476311637563,6.578939099697347
20251214-155004-3b56b,213,15,104.79203263986763,8.228469893906514
20251214-155004-3b56b,213,14,98.58634153380905,7.741187214577517
20251214-155004-3b56b,214,11,100.43850998360226,7.886623007200636
20251214-155004-3b56b,214,12,116.14183493303645,9.119677976414883
20251214-155004-3b56b,214,13,81.44482198351287,6.395202467434051
20251214-155004-3b56b,214,15,104.13839151069116,8.177144748116744
20251214-155004-3b56b,214,14,95.53096997278978,7.501273623141173
20251214-155004-3b56b,215,11,100.27309455544808,7.873634272883095
20251214-155004-3b56b,215,12,116.74601038448438,9.167118983022338
20251214-155004-3b56b,215,13,80.26082334661895,6.302232640504656
20251214-155004-3b56b,215,15,104.86210737675044,8.23397229564678
20251214-155004-3b56b,215,14,92.76244059837681,7.2838834262543335
20251214-155004-3b56b,216,11,100.22912950250223,7.870182053230174
20251214-155004-3b56b,216,12,116.52867361322902,9.150053286002608
20251214-155004-3b56b,216,13,80.3833530874264,6.311853909010891
20251214-155004-3b56b,216,15,105.5451253360433,8.287604166061522
20251214-155004-3b56b,216,14,90.6606237937075,7.118844769554506
20251214-155004-3b56b,217,11,100.71478125874255,7.908316353658143
20251214-155004-3b56b,217,12,115.55820262452693,9.073850056498623
20251214-155004-3b56b,217,13,81.27462819297837,6.38183852700591
20251214-155004-3b56b,217,15,105.4799920174442,8.282489773891797
20251214-155004-3b56b,217,14,89.7952787807174,7.0508962317901736
20251214-155004-3b56b,218,11,102.01514741271133,8.010423579555356
20251214-155004-3b56b,218,12,114.03495794089186,8.954241984161492
20251214-155004-3b56b,218,13,82.82399236150373,6.503497551019899
20251214-155004-3b56b,218,15,105.54184464962182,8.287346560318314
20251214-155004-3b56b,218,14,90.90619601503529,7.138127567865326
20251214-155004-3b56b,219,11,101.612520207736,7.978808524945309
20251214-155004-3b56b,219,12,112.73108310307634,8.851859249729205
20251214-155004-3b56b,219,13,85.07631944760755,6.680354561542134
20251214-155004-3b56b,219,15,104.91232049576129,8.237915125341475
20251214-155004-3b56b,219,14,92.30966639590525,7.248330733936794
20251214-155004-3b56b,220,11,101.30299731003578,7.95450419778378
20251214-155004-3b56b,220,12,111.68526624798827,8.769739719361795
20251214-155004-3b56b,220,13,86.72888648582679,6.810117271350246
20251214-155004-3b56b,220,15,98.0954378171274,7.702640520217615
20251214-155004-3b56b,220,14,94.10379873303742,7.389209420511289
20251214-155004-3b56b,221,11,101.0077490052904,7.931320738835395
20251214-155004-3b56b,221,12,109.65169996134563,8.610060223264911
20251214-155004-3b56b,221,13,88.16383058699216,6.922791813855359
20251214-155004-3b56b,221,15,95.9049786716979,7.530641498174201
20251214-155004-3b56b,221,14,95.80775100035865,7.52300699632978
20251214-155004-3b56b,222,11,100.74391124019091,7.9106036952557774
20251214-155004-3b56b,222,12,108.50119853749668,8.51972066127195
20251214-155004-3b56b,222,13,89.15047434178106,7.000264959740333
20251214-155004-3b56b,222,15,94.32147699003978,7.406301931641955
20251214-155004-3b56b,222,14,97.11406538679067,7.625581288763568
20251214-155004-3b56b,223,11,99.989074861418,7.851332505823812
20251214-155004-3b56b,223,12,108.10928936689382,8.488947207124593
20251214-155004-3b56b,223,13,89.50479009336252,7.0280865070601015
20251214-155004-3b56b,223,15,93.52546249944871,7.343797358479871
20251214-155004-3b56b,223,14,98.82456333005206,7.759892843517785
20251214-155004-3b56b,224,11,99.08490942936281,7.780335714852638
20251214-155004-3b56b,224,12,107.78670755916636,8.463617469487673
20251214-155004-3b56b,224,13,89.4438066694527,7.023297972521472
20251214-155004-3b56b,224,15,90.21207837653492,7.083624129508918
20251214-155004-3b56b,224,14,99.72025144974928,7.8302239797844795
20251214-155004-3b56b,225,11,98.25197761656948,7.71493232327228
20251214-155004-3b56b,225,12,107.99238425803273,8.479767595426313
20251214-155004-3b56b,225,13,89.37839281700377,7.0181615522998095
20251214-155004-3b56b,225,15,88.14695281339728,6.921466538942724
20251214-155004-3b56b,225,14,101.40867760837017,7.962802415990999
20251214-155004-3b56b,226,11,97.86904024575857,7.684863351924067
20251214-155004-3b56b,226,12,108.21408312265059,8.497175812320918
20251214-155004-3b56b,226,13,89.19258015419898,7.003571188287593
20251214-155004-3b56b,226,15,87.07601447111146,6.837374421577149
20251214-155004-3b56b,226,14,103.55021699787154,8.13096016567113
20251214-155004-3b56b,227,11,97.84333846888153,7.682845199475593
20251214-155004-3b56b,227,12,108.23359645249515,8.498708036127546
20251214-155004-3b56b,227,13,88.97256616472836,6.9862952709970205
20251214-155004-3b56b,227,15,86.49974731042093,6.792124827088559
20251214-155004-3b56b,227,14,106.29474261546484,8.346465541876896
20251214-155004-3b56b,228,11,98.37773100179093,7.7248067184747065
20251214-155004-3b56b,228,12,108.83027320337327,8.545560230491096
20251214-155004-3b56b,228,13,88.20991775124222,6.926410665727718
20251214-155004-3b56b,228,15,86.13620893506908,6.7635791017933675
20251214-155004-3b56b,228,14,108.26195442769638,8.500934758325
20251214-155004-3b56b,229,11,98.8274154835531,7.760116800040289
20251214-155004-3b56b,229,12,109.4409912954597,8.593514977696614
20251214-155004-3b56b,229,13,87.22381289311004,6.84897983503412
20251214-155004-3b56b,229,15,85.48618547313289,6.712538022122203
20251214-155004-3b56b,229,14,111.06790193381353,8.72126309814559
20251214-155004-3b56b,230,11,99.2814243480508,7.795766440370529
20251214-155004-3b56b,230,12,109.70087070319542,8.613921203520562
20251214-155004-3b56b,230,13,87.36245144759748,6.859865998256615
20251214-155004-3b56b,230,15,85.18076608793184,6.688555910573904
20251214-155004-3b56b,230,14,110.9600839655815,8.712797026028559
20251214-155004-3b56b,231,11,100.32882774368375,7.878010548921796
20251214-155004-3b56b,231,12,109.6657430157082,8.611162910627012
20251214-155004-3b56b,231,13,88.78051406636833,6.9712149746270855
20251214-155004-3b56b,231,15,85.0818226523757,6.6807866836568985
20251214-155004-3b56b,231,14,108.96335197119103,8.556009828680207
20251214-155004-3b56b,232,11,101.36150584589039,7.959098399400908
20251214-155004-3b56b,232,12,109.53280509461624,8.60072437199094
20251214-155004-3b56b,232,13,90.60700604943513,7.114634602202941
20251214-155004-3b56b,232,15,88.46045486345162,6.946083316722151
20251214-155004-3b56b,232,14,108.17914154313698,8.494432132979748
20251214-155004-3b56b,233,11,101.96336835233598,8.00635778916366
20251214-155004-3b56b,233,12,108.84660181203861,8.546842383928027
20251214-155004-3b56b,233,13,92.04744062392942,7.227740267125974
20251214-155004-3b56b,233,15,92.0882839335949,7.230947361553705
20251214-155004-3b56b,233,14,108.28179247044275,8.50249247920683
20251214-155004-3b56b,234,11,102.14119113279179,8.020320772403617
20251214-155004-3b56b,234,12,108.08064801110525,8.486698233343953
20251214-155004-3b56b,234,13,94.8669102958949,7.449130393150918
20251214-155004-3b56b,234,15,94.10584505307597,7.389370101456264
20251214-155004-3b56b,234,14,105.81285307493577,8.308626657788649
20251214-155004-3b56b,235,11,102.3459319419177,8.036397410498198
20251214-155004-3b56b,235,12,107.10741342440015,8.410278000863752
20251214-155004-3b56b,235,13,98.60929985364444,7.742989945556402
20251214-155004-3b56b,235,15,96.9175801785468,7.610152896166309
20251214-155004-3b56b,235,14,103.81031304502844,8.151383402434842
20251214-155004-3b56b,236,11,102.4419542821664,8.043937267450818
20251214-155004-3b56b,236,12,107.02819348700895,8.404057500569985
20251214-155004-3b56b,236,13,101.83003431349219,7.995888146607633
20251214-155004-3b56b,236,15,96.70057930852596,7.593113574750964
20251214-155004-3b56b,236,14,104.01683929079337,8.167600236413227
20251214-155004-3b56b,237,11,102.56098860574909,8.053284069142391
20251214-155004-3b56b,237,12,107.15174417539316,8.41375893582351
20251214-155004-3b56b,237,13,104.77224342356396,8.226916006969915
20251214-155004-3b56b,237,15,96.20191188164611,7.5539572590866415
20251214-155004-3b56b,237,14,102.73585541221243,8.067014943677215
20251214-155004-3b56b,238,11,102.86582606302697,8.077220486602355
20251214-155004-3b56b,238,12,106.6739372971271,8.376240630148256
20251214-155004-3b56b,238,13,109.50813528495665,8.598787251572922
20251214-155004-3b56b,238,15,96.19345203126916,7.5532929755301526
20251214-155004-3b56b,238,14,101.8766671048953,7.999549842162752
20251214-155004-3b56b,239,11,102.96967888094524,8.085375207568353
20251214-155004-3b56b,239,12,105.99683072518323,8.323072933121578
20251214-155004-3b56b,239,13,112.8238251274699,8.85914153003619
20251214-155004-3b56b,239,15,96.91058502386515,7.609603623304135
20251214-155004-3b56b,239,14,104.43707797991408,8.200598178285087
20251214-155004-3b56b,240,11,103.49238390754837,8.126419001322965
20251214-155004-3b56b,240,12,105.13485915094071,8.25538928418967
20251214-155004-3b56b,240,13,114.39251712653729,8.982318212098441
20251214-155004-3b56b,240,15,98.05845153588166,7.69973628700397
20251214-155004-3b56b,240,14,107.74633360635252,8.46044722985344
20251214-155004-3b56b,241,11,104.02688328643588,8.16838891007168
20251214-155004-3b56b,241,12,104.82675927596713,8.231196695481625
20251214-155004-3b56b,241,13,114.33486366652177,8.977791152663993
20251214-155004-3b56b,241,15,98.87831155775764,7.764113256676924
20251214-155004-3b56b,241,14,110.26417366610477,8.658152824519624
20251214-155004-3b56b,242,11,105.18815651837619,8.259574294942105
20251214-155004-3b56b,242,12,105.43178537916327,8.278704496883723
20251214-155004-3b56b,242,13,114.36128690761123,8.979865955855868
20251214-155004-3b56b,242,15,99.07099330384325,7.779242994184923
20251214-155004-3b56b,242,14,111.90375038055427,8.786895509375851
20251214-155004-3b56b,243,11,106.72423891788245,8.380190409168408
20251214-155004-3b56b,243,12,106.78974468519574,8.385334046720198
20251214-155004-3b56b,243,13,113.37235770486033,8.902213352246145
20251214-155004-3b56b,243,15,99.10528866196518,7.7819359309922165
20251214-155004-3b56b,243,14,114.10473835360698,8.95972127500781
20251214-155004-3b56b,244,11,108.63680148928232,8.530368463191468
20251214-155004-3b56b,244,12,110.28079968805586,8.659458331413934
20251214-155004-3b56b,244,13,110.46094735515051,8.673603869178622
20251214-155004-3b56b,244,15,99.05083177596688,7.777659872634872
20251214-155004-3b56b,244,14,115.18430102294477,9.04449059095151
20251214-155004-3b56b,245,11,109.82889628547683,8.623974015961684
20251214-155004-3b56b,245,12,113.30630459640935,8.897026736426259
20251214-155004-3b56b,245,13,109.06235042174826,8.563783375479828
20251214-155004-3b56b,245,15,99.23032439501912,7.791753974780266
20251214-155004-3b56b,245,14,117.5618599329402,9.231181042687663
20251214-155004-3b56b,246,11,108.81636970222206,8.544468501112817
20251214-155004-3b56b,246,12,114.97334995483759,9.027926311499343
20251214-155004-3b56b,246,13,108.3913160578764,8.511092479790534
20251214-155004-3b56b,246,15,99.7837049408029,7.835206468697471
20251214-155004-3b56b,246,14,119.14708134354714,9.355655645610794
20251214-155004-3b56b,247,11,108.29611389888434,8.503617025031554
20251214-155004-3b56b,247,12,115.76842833703411,9.09035737964823
20251214-155004-3b56b,247,13,108.00706738486761,8.480920542497437
20251214-155004-3b56b,247,15,100.07491400641759,7.858072758899875
20251214-155004-3b56b,247,14,121.00904474346456,9.501860556364164
20251214-155004-3b56b,248,11,106.64107209297546,8.373659991753273
20251214-155004-3b56b,248,12,115.61236512539526,9.078102999175147
20251214-155004-3b56b,248,13,107.49152293415051,8.440439010792876
20251214-155004-3b56b,248,15,100.16227547899501,7.864932548035383
20251214-155004-3b56b,248,14,122.51981321469542,9.62048897275254
20251214-155004-3b56b,249,11,104.48917308034001,8.204688784743194
20251214-155004-3b56b,249,12,115.16098851586737,9.042660048516122
20251214-155004-3b56b,249,13,107.54501200943307,8.444639074810414
20251214-155004-3b56b,249,15,100.05287295610599,7.856342053670191
20251214-155004-3b56b,249,14,122.78674164729783,9.641448701428143
20251214-155004-3b56b,250,11,104.188531727629,8.181081853401883
20251214-155004-3b56b,250,12,114.75232450512225,9.010570972424853
20251214-155004-3b56b,250,13,108.04536863815557,8.483928029819129
20251214-155004-3b56b,250,15,100.55626582691673,7.895869420187724
20251214-155004-3b56b,250,14,127.21602247899476,9.989244264288612
20251214-155004-3b56b,251,11,104.50785831460531,8.206155984908508
20251214-155004-3b56b,251,12,114.52132151329677,8.992432177749778
20251214-155004-3b56b,251,13,108.2691626221849,8.50150075947837
20251214-155004-3b56b,251,15,100.10045629905564,7.860078388342295
20251214-155004-3b56b,251,14,128.34264419226537,10.077708745947513
20251214-155004-3b56b,252,11,102.5413207536073,8.051739711950821
20251214-155004-3b56b,252,12,114.46794984412823,8.988241332683817
20251214-155004-3b56b,252,13,111.01344742601728,8.716987226529197
20251214-155004-3b56b,252,15,99.61780812712622,7.822179935072297
20251214-155004-3b56b,252,14,128.3091464185315,10.075078436984718
20251214-155004-3b56b,253,11,102.15216650651503,8.021182579642021
20251214-155004-3b56b,253,12,113.8807316072026,8.94213183884185
20251214-155004-3b56b,253,13,112.89138118935261,8.864446160620686
20251214-155004-3b56b,253,15,99.94302279850962,7.847716410175623
20251214-155004-3b56b,253,14,122.72211139382773,9.636373810890024
20251214-155004-3b56b,254,11,101.42624159797506,7.9641815738910795
20251214-155004-3b56b,254,12,111.86325671549106,8.783715869707903
20251214-155004-3b56b,254,13,113.50539045063543,8.912659336696853
20251214-155004-3b56b,254,15,101.01763247785989,7.93209680791657
20251214-155004-3b56b,254,14,120.08580277251411,9.429365839243214
20251214-155004-3b56b,255,11,101.25255520672826,7.950543387806197
20251214-155004-3b56b,255,12,111.2222970325177,8.733386495215479
20251214-155004-3b56b,255,13,112.5968798211513,8.841321352551672
20251214-155004-3b56b,255,15,101.92980426300683,8.003722272974082
20251214-155004-3b56b,255,14,117.86379245599468,9.254889359182327
20251214-155004-3b56b,256,11,98.06294101588593,7.7000888095204605
20251214-155004-3b56b,256,12,110.71209602664501,8.693324540972338
20251214-155004-3b56b,256,13,109.57007492612689,8.603650870111178
20251214-155004-3b56b,256,15,103.28765078042854,8.110342966434127
20251214-155004-3b56b,256,14,116.67516206925299,9.161555838437492
20251214-155004-3b56b,257,11,93.31523071474108,7.327289558529526
20251214-155004-3b56b,257,12,110.67675260137491,8.69054930793738
20251214-155004-3b56b,257,13,107.52189142922875,8.442823602838468
20251214-155004-3b56b,257,15,104.23382768336806,8.184638578075747
20251214-155004-3b56b,257,14,116.0472033776296,9.11224732653566
20251214-155004-3b56b,258,11,87.14982068958847,6.843169826355756
20251214-155004-3b56b,258,12,110.87884689123133,8.70641813630078
20251214-155004-3b56b,258,13,106.32101225428686,8.348528283926319
20251214-155004-3b56b,258,15,104.37644335184864,8.195837031860155
20251214-155004-3b56b,258,14,115.75517570876211,9.089316758047483
20251214-155004-3b56b,259,11,82.27359203637786,6.460279069702155
20251214-155004-3b56b,259,12,111.01914401198678,8.717434533304028
20251214-155004-3b56b,259,13,105.7722167710526,8.305435817849018
20251214-155004-3b56b,259,15,104.29845480998415,8.189713223087336
20251214-155004-3b56b,259,14,116.29798440440426,9.131939130166094
20251214-155004-3b56b,260,11,78.88435488137468,6.19414971625126
20251214-155004-3b56b,260,12,110.66759815350176,8.689830483263194
20251214-155004-3b56b,260,13,106.10557848565008,8.331612014294919
20251214-155004-3b56b,260,15,103.83647068937425,8.15343735046479
20251214-155004-3b56b,260,14,117.23602076627009,9.205595531025581
20251214-155004-3b56b,261,11,79.5920521149765,6.249719450266307
20251214-155004-3b56b,261,12,110.36376299302596,8.665972768056186
20251214-155004-3b56b,261,13,106.44856034022736,8.35854360244575
20251214-155004-3b56b,261,15,103.32207192056349,8.113045779884532
20251214-155004-3b56b,261,14,117.63587554799946,9.236992889684535
20251214-155004-3b56b,262,11,81.3058158271614,6.384287439413393
20251214-155004-3b56b,262,12,109.75253531469633,8.61797800716876
20251214-155004-3b56b,262,13,106.29340946023802,8.346360859990579
20251214-155004-3b56b,262,15,103.08473959411594,8.094409993805874
20251214-155004-3b56b,262,14,118.1741414949799,9.279258556530266
20251214-155004-3b56b,263,11,83.35344291406217,6.545071016313881
20251214-155004-3b56b,263,12,109.56781644854486,8.603473530152007
20251214-155004-3b56b,263,13,106.17910473370846,8.33738543526328
20251214-155004-3b56b,263,15,103.46060004326269,8.123923271792787
20251214-155004-3b56b,263,14,118.02097517572345,9.26723164556182
20251214-155004-3b56b,264,11,83.19074451234033,6.53229562808417
20251214-155004-3b56b,264,12,109.60254013680921,8.606200100257489
20251214-155004-3b56b,264,13,106.02749812763535,8.325480995943193
20251214-155004-3b56b,264,15,104.27013633777493,8.187489602740015
20251214-155004-3b56b,264,14,117.41961577036096,9.220011760253858
20251214-155004-3b56b,265,11,88.22944306933312,6.927943830874272
20251214-155004-3b56b,265,12,109.50648678438205,8.598657808169579
20251214-155004-3b56b,265,13,106.75338303207951,8.382478860496377
20251214-155004-3b56b,265,15,104.72111204744728,8.222901073979198
20251214-155004-3b56b,265,14,116.53852379117181,9.150826740726313
20251214-155004-3b56b,266,11,93.06239858483086,7.307436698376234
20251214-155004-3b56b,266,12,108.90348719221842,8.551309132271593
20251214-155004-3b56b,266,13,106.92473060740372,8.395933398302647
20251214-155004-3b56b,266,15,105.57397428163195,8.289869440188449
20251214-155004-3b56b,266,14,118.83767030660499,9.331360101968937
20251214-155004-3b56b,267,11,96.5055367163274,7.57779845911187
20251214-155004-3b56b,267,12,108.6162575076248,8.528755310642449
20251214-155004-3b56b,267,13,106.01207647428576,8.324270058364213
20251214-155004-3b56b,267,15,106.55229673713428,8.366689181812308
20251214-155004-3b56b,267,14,119.86888829988311,9.412333301915393
20251214-155004-3b56b,268,11,98.82301986323886,7.759771647565338
20251214-155004-3b56b,268,12,108.66522270919843,8.532600151484333
20251214-155004-3b56b,268,13,106.2828458032619,8.345531381534938
20251214-155004-3b56b,268,15,107.37041881779459,8.430929685032515
20251214-155004-3b56b,268,14,119.68157620849765,9.39762519991658
20251214-155004-3b56b,269,11,100.54577294355234,7.895045499010807
20251214-155004-3b56b,269,12,109.30475347581613,8.582817324744303
20251214-155004-3b56b,269,13,106.5957791869599,8.370103506549503
20251214-155004-3b56b,269,15,108.25525682464854,8.500408849783557
20251214-155004-3b56b,269,14,119.57434621981616,9.389205297073188
20251214-155004-3b56b,270,11,101.42353429891327,7.963968991614903
20251214-155004-3b56b,270,12,109.07587180341122,8.564845100108455
20251214-155004-3b56b,270,13,106.23726797880518,8.341952523992774
20251214-155004-3b56b,270,15,109.56568894987117,8.603306474906061
20251214-155004-3b56b,270,14,119.71091503415066,9.39992894035874
20251214-155004-3b56b,271,11,101.91309086012815,8.002409904762994
20251214-155004-3b56b,271,12,108.6879813644822,8.534387204422526
20251214-155004-3b56b,271,13,106.88356187712974,8.39270075122924
20251214-155004-3b56b,271,15,111.21039045918093,8.732451568410712
20251214-155004-3b56b,271,14,119.8471310484575,9.4106248811145
20251214-155004-3b56b,272,11,102.25668490489221,8.029389563252707
20251214-155004-3b56b,272,12,108.41475869129833,8.512933239994215
20251214-155004-3b56b,272,13,107.88732731632359,8.471518324367985
20251214-155004-3b56b,272,15,112.91138738387485,8.866017085100065
20251214-155004-3b56b,272,14,119.73140296948294,9.401537692043606
20251214-155004-3b56b,273,11,102.7013442435612,8.064305061016324
20251214-155004-3b56b,273,12,108.73489145103886,8.538070673720984
20251214-155004-3b56b,273,13,108.86005945583396,8.547899103737953
20251214-155004-3b56b,273,15,114.76543729756257,9.011600613849895
20251214-155004-3b56b,273,14,119.54539863689126,9.386932277754843
20251214-155004-3b56b,274,11,102.50331995823174,8.048755817156387
20251214-155004-3b56b,274,12,109.37046790441906,8.58797734677778
20251214-155004-3b56b,274,13,109.71714290439195,8.61519892773566
20251214-155004-3b56b,274,15,116.666616096546,9.160884792391698
20251214-155004-3b56b,274,14,117.84816763278991,9.253662468319545
20251214-155004-3b56b,275,11,101.96547313671749,8.006523060840145
20251214-155004-3b56b,275,12,107.99126185662804,8.479679462331319
20251214-155004-3b56b,275,13,110.89392101086351,8.707601784870675
20251214-155004-3b56b,275,15,116.147337438264,9.120110043600386
20251214-155004-3b56b,275,14,115.18280478449621,9.044373103460163
20251214-155004-3b56b,276,11,98.27898084205269,7.717052667942858
20251214-155004-3b56b,276,12,106.31838234586114,8.348321778510215
20251214-155004-3b56b,276,13,112.0381492917895,8.797448767739235
20251214-155004-3b56b,276,15,115.31217056373885,9.054531150717992
20251214-155004-3b56b,276,14,110.06709030885781,8.642677464123956
20251214-155004-3b56b,277,11,95.38890849651054,7.49011868558342
20251214-155004-3b56b,277,12,104.73513546188472,8.22400221917699
20251214-155004-3b56b,277,13,110.18686115627257,8.65208209906893
20251214-155004-3b56b,277,15,114.90904750743066,9.022877160917345
20251214-155004-3b56b,277,14,104.48738650276991,8.20454849927131
20251214-155004-3b56b,278,11,94.71104188553842,7.436891308845368
20251214-155004-3b56b,278,12,103.95520426131561,8.16276053656495
20251214-155004-3b56b,278,13,108.98384966464266,8.55761934659118
20251214-155004-3b56b,278,15,114.77248002949179,9.012153622568121
20251214-155004-3b56b,278,14,99.23634400011186,7.79222664563158
20251214-155004-3b56b,279,11,93.09196242240141,7.309758107182509
20251214-155004-3b56b,279,12,104.41497697763947,8.198862765513137
20251214-155004-3b56b,279,13,108.22409449550094,8.497961924375627
20251214-155004-3b56b,279,15,114.76119656712915,9.011267623623247
20251214-155004-3b56b,279,14,95.37445685904224,7.488983915498044
20251214-155004-3b56b,280,11,92.46463150686631,7.260498889454219
20251214-155004-3b56b,280,12,104.89332051361711,8.236423210573532
20251214-155004-3b56b,280,13,107.40148606459948,8.433369144393888
20251214-155004-3b56b,280,15,114.65434125377607,9.002877140999903
20251214-155004-3b56b,280,14,94.53876285975596,7.423363631775927
20251214-155004-3b56b,281,11,92.26931866492014,7.245162553290471
20251214-155004-3b56b,281,12,105.20683579765534,8.261041027510569
20251214-155004-3b56b,281,13,106.71096357174633,8.379148003717724
20251214-155004-3b56b,281,15,115.21037927771646,9.046538305160967
20251214-155004-3b56b,281,14,94.0955116946446,7.388558706480773
20251214-155004-3b56b,282,11,92.417021942215,7.256760495804182
20251214-155004-3b56b,282,12,105.00937584416229,8.245536096060736
20251214-155004-3b56b,282,13,105.45497111121566,8.280525084702807
20251214-155004-3b56b,282,15,115.24891008361499,9.049563817390638
20251214-155004-3b56b,282,14,95.71529826555465,7.515747431592082
20251214-155004-3b56b,283,11,92.35014799179902,7.25150942591058
20251214-155004-3b56b,283,12,104.86843796933006,8.234469385827586
20251214-155004-3b56b,283,13,104.9429417321055,8.240319563112411
20251214-155004-3b56b,283,15,115.11885813532054,9.03935189083261
20251214-155004-3b56b,283,14,99.71090740084352,7.829490267276273
20251214-155004-3b56b,284,11,91.32343925076952,7.1708903010348815
20251214-155004-3b56b,284,12,103.82718242919314,8.152708018593447
20251214-155004-3b56b,284,13,105.44276193829882,8.279566397202956
20251214-155004-3b56b,284,15,115.62714117525854,9.079263242739357
20251214-155004-3b56b,284,14,103.80386602859579,8.15087717043146
20251214-155004-3b56b,285,11,90.2216979654511,7.084379477943283
20251214-155004-3b56b,285,12,102.69035206434772,8.063441934178835
20251214-155004-3b56b,285,13,107.46286415042489,8.438188668537443
20251214-155004-3b56b,285,15,117.70438228686929,9.242372169235848
20251214-155004-3b56b,285,14,104.75567904918299,8.22561534076017
20251214-155004-3b56b,286,11,92.16754790635298,7.237171319588308
20251214-155004-3b56b,286,12,102.09649910994945,8.016811469690502
20251214-155004-3b56b,286,13,109.91533138566888,8.630761064573969
20251214-155004-3b56b,286,15,119.9368434128697,9.417669266752233
20251214-155004-3b56b,286,14,101.4336373403586,7.964762301662199
20251214-155004-3b56b,287,11,94.31021245258052,7.405417418716521
20251214-155004-3b56b,287,12,101.65194982354751,7.981904613440398
20251214-155004-3b56b,287,13,110.21932846662621,8.654631494085432
20251214-155004-3b56b,287,15,121.62563393775659,9.550276313691596
20251214-155004-3b56b,287,14,95.13143106873645,7.4699010677986735
20251214-155004-3b56b,288,11,95.72337507342169,7.5163816379215005
20251214-155004-3b56b,288,12,100.80699214569638,7.9155569280422435
20251214-155004-3b56b,288,13,109.98566479087587,8.636283777443474
20251214-155004-3b56b,288,15,123.24881589255014,9.677731650809179
20251214-155004-3b56b,288,14,89.79884356616157,7.051176145529478
20251214-155004-3b56b,289,11,95.63078707753354,7.509111452225981
20251214-155004-3b56b,289,12,99.99116399179418,7.851496548317996
20251214-155004-3b56b,289,13,109.54768414242453,8.601892703149868
20251214-155004-3b56b,289,15,125.08699258318772,9.822068783867495
20251214-155004-3b56b,289,14,84.69390138241913,6.650326367059993
20251214-155004-3b56b,290,11,95.53581138275283,7.501653779867991
20251214-155004-3b56b,290,12,98.91995075146914,7.767382845435062
20251214-155004-3b56b,290,13,105.71063315489847,8.300600155072788
20251214-155004-3b56b,290,15,125.57122118203355,9.860091335267606
20251214-155004-3b56b,290,14,81.58717334544839,6.406380167365385
20251214-155004-3b56b,291,11,95.63450536409982,7.509403419165612
20251214-155004-3b56b,291,12,97.95024162790065,7.691239439031719
20251214-155004-3b56b,291,13,103.72036728109396,8.144320689822301
20251214-155004-3b56b,291,15,124.93098385763481,9.809818681745606
20251214-155004-3b56b,291,14,81.34332105746708,6.387232421495142
20251214-155004-3b56b,292,11,95.6670987185361,7.511962711403429
20251214-155004-3b56b,292,12,97.27099930394475,7.637904038691255
20251214-155004-3b56b,292,13,102.19692640596328,8.024697212155449
20251214-155004-3b56b,292,15,125.75776458534848,9.874739078415779
20251214-155004-3b56b,292,14,82.47552094089261,6.476134911693687
20251214-155004-3b56b,293,11,96.0103334040972,7.538914152324421
20251214-155004-3b56b,293,12,97.35096031405514,7.644182729425702
20251214-155004-3b56b,293,13,96.22899765271998,7.556084085394139
20251214-155004-3b56b,293,15,125.66930771338042,9.867793276434824
20251214-155004-3b56b,293,14,87.48660703154981,6.86961493106168
20251214-155004-3b56b,294,11,98.42273240774333,7.728340314538591
20251214-155004-3b56b,294,12,98.33828060988193,7.721708998600891
20251214-155004-3b56b,294,13,91.34440813612663,7.172536817831275
20251214-155004-3b56b,294,15,126.5354767588019,9.935806518794367
20251214-155004-3b56b,294,14,92.77005708773433,7.284481487498082
20251214-155004-3b56b,295,11,100.44877725339838,7.887429212770675
20251214-155004-3b56b,295,12,99.3074682120449,7.79781145415066
20251214-155004-3b56b,295,13,87.7323958201694,6.8889147346485275
20251214-155004-3b56b,295,15,125.86041973366882,9.882799756084962
20251214-155004-3b56b,295,14,101.00570567458846,7.931160292618819
20251214-155004-3b56b,296,11,102.13582649426941,8.019899530774257
20251214-155004-3b56b,296,12,100.90917675121088,7.923580657794545
20251214-155004-3b56b,296,13,85.29104716074367,6.697215390351516
20251214-155004-3b56b,296,15,125.63598562081215,9.865176762291595
20251214-155004-3b56b,296,14,106.62682099917417,8.372540968738402
20251214-155004-3b56b,297,11,102.31741539146002,8.03415823666973
20251214-155004-3b56b,297,12,102.38971178850615,8.03983508739536
20251214-155004-3b56b,297,13,82.77999987822348,6.500043177484902
20251214-155004-3b56b,297,15,125.9048649969698,9.886289682769139
20251214-155004-3b56b,297,14,106.20381162623029,8.339325467498236
20251214-155004-3b56b,298,11,100.85574749017537,7.919385290505553
20251214-155004-3b56b,298,12,102.22281838003495,8.026730299249719
20251214-155004-3b56b,298,13,82.30194667619524,6.46250552999892
20251214-155004-3b56b,298,15,126.2934747789969,9.91680406264453
20251214-155004-3b56b,298,14,105.74678828212016,8.30343912449021
20251214-155004-3b56b,299,11,97.9701659757792,7.692803936756825
20251214-155004-3b56b,299,12,103.1299183726506,8.097957517502579
20251214-155004-3b56b,299,13,82.08260161492814,6.445282138224316
20251214-155004-3b56b,299,15,125.70051852193494,9.870244008538075
20251214-155004-3b56b,299,14,105.97127765310448,8.321066457256952
20251214-155004-3b56b,300,11,96.01303224349546,7.5391260703317124
20251214-155004-3b56b,300,12,102.42228666421057,8.042392928647976
20251214-155004-3b56b,300,13,82.14099509525313,6.449867305462229
20251214-155004-3b56b,300,15,122.18549124602323,9.594237375328671
20251214-155004-3b56b,300,14,104.28601927948371,8.188736761559108
20251214-155004-3b56b,301,11,94.02743564936372,7.383213245809971
20251214-155004-3b56b,301,12,102.81435402209559,8.073178803961868
20251214-155004-3b56b,301,13,82.20753883253172,6.455092446391661
20251214-155004-3b56b,301,15,119.21531649380637,9.361013599507382
20251214-155004-3b56b,301,14,104.19686565354226,8.181736249129761
20251214-155004-3b56b,302,11,91.0236915536558,7.147353541232306
20251214-155004-3b56b,302,12,103.48303103311564,8.12568459581758
20251214-155004-3b56b,302,13,81.9344987620465,6.433652820274866
20251214-155004-3b56b,302,15,118.4194094454816,9.298517462916585
20251214-155004-3b56b,302,14,103.7873524070728,8.149580489432742
20251214-155004-3b56b,303,11,91.23690899273872,7.164095780447945
20251214-155004-3b56b,303,12,105.67559588063838,8.29784896159795
20251214-155004-3b56b,303,13,81.63230711868438,6.409924157160363
20251214-155004-3b56b,303,15,118.36298317302554,9.294086764585487
20251214-155004-3b56b,303,14,102.4390599985367,8.043710002790409
20251214-155004-3b56b,304,11,91.86699337937901,7.213571205969157
20251214-155004-3b56b,304,12,107.23765067943917,8.42050447806013
20251214-155004-3b56b,304,13,82.08288771307726,6.445304603195626
20251214-155004-3b56b,304,15,118.82556248356185,9.330409372654106
20251214-155004-3b56b,304,14,100.82774758198762,7.917186684411645
20251214-155004-3b56b,305,11,92.80693596692588,7.287377287297973
20251214-155004-3b56b,305,12,108.10929124205045,8.48894735436546
20251214-155004-3b56b,305,13,84.8881162347768,6.665576486991025
20251214-155004-3b56b,305,15,118.76009483289529,9.325268728093981
20251214-155004-3b56b,305,14,101.66054772970512,7.982579737399599
20251214-155004-3b56b,306,11,93.57312070974496,7.3475395718785546
20251214-155004-3b56b,306,12,107.3217478059013,8.427107944524376
20251214-155004-3b56b,306,13,85.4828355353105,6.712274978627162
20251214-155004-3b56b,306,15,118.42805701847205,9.29919648681005
20251214-155004-3b56b,306,14,102.21701302210586,8.026274451493554
20251214-155004-3b56b,307,11,94.11102278416682,7.389776666758287
20251214-155004-3b56b,307,12,105.86651037187063,8.312839930890567
20251214-155004-3b56b,307,13,85.73073713597803,6.731740684238144
20251214-155004-3b56b,307,15,116.4804481565353,9.146266531336938
20251214-155004-3b56b,307,14,102.2443825636871,8.0284235600015
20251214-155004-3b56b,308,11,94.30036950102505,7.404644531422506
20251214-155004-3b56b,308,12,104.68445807740135,8.220022934473576
20251214-155004-3b56b,308,13,86.15104804916727,6.764744297281357
20251214-155004-3b56b,308,15,114.06100607173512,8.956287332982741
20251214-155004-3b56b,308,14,102.6044844146275,8.056699442857845
20251214-155004-3b56b,309,11,94.24763113377145,7.400503414428513
20251214-155004-3b56b,309,12,103.70734703678983,8.143298315453096
20251214-155004-3b56b,309,13,86.76023770689348,6.812579028911252
20251214-155004-3b56b,309,15,113.68905081862167,8.927080698422625
20251214-155004-3b56b,309,14,103.42757400695676,8.121330004550876
20251214-155004-3b56b,310,11,93.76822847009659,7.362859804645088
20251214-155004-3b56b,310,12,102.65099229562816,8.060351330210372
20251214-155004-3b56b,310,13,87.17955944629479,6.845504970145563
20251214-155004-3b56b,310,15,112.05705075208417,8.798932946384001
20251214-155004-3b56b,310,14,104.83560346639727,8.231891158150752
20251214-155004-3b56b,311,11,93.16879411499377,7.315791077948204
20251214-155004-3b56b,311,12,101.47001278034367,7.967618570457207
20251214-155004-3b56b,311,13,87.88580879576313,6.900961013542132
20251214-155004-3b56b,311,15,112.25365708825838,8.814370850176939
20251214-155004-3b56b,311,14,106.0777699611281,8.329428436010781
20251214-155004-3b56b,312,11,92.76055334444649,7.283735235482987
20251214-155004-3b56b,312,12,101.00547209942475,7.931141951852312
20251214-155004-3b56b,312,13,87.97094474682791,6.907646050491776
20251214-155004-3b56b,312,15,112.03342197098232,8.797077569510126
20251214-155004-3b56b,312,14,107.8126843882471,8.465657219558793
20251214-155004-3b56b,313,11,92.50472339631295,7.263646980935898
20251214-155004-3b56b,313,12,101.00867402219119,7.9313933729233845
20251214-155004-3b56b,313,13,88.17526200567052,6.923689430611804
20251214-155004-3b56b,313,15,112.2996793084541,8.81798460251852
20251214-155004-3b56b,313,14,110.16520106445986,8.650381307425805
20251214-155004-3b56b,314,11,93.05278316852221,7.306681677582955
20251214-155004-3b56b,314,12,101.04595685119189,7.934320891631283
20251214-155004-3b56b,314,13,88.15633787667404,6.92220347197742
20251214-155004-3b56b,314,15,112.9276337551948,8.86729278110408
20251214-155004-3b56b,314,14,112.57232682197683,8.839393404315315
20251214-155004-3b56b,315,11,94.64106498506159,7.431396589405949
20251214-155004-3b56b,315,12,101.23007312964847,7.948778052315098
20251214-155004-3b56b,315,13,88.56571846160143,6.954348814837611
20251214-155004-3b56b,315,15,112.81286121869928,8.858280623047692
20251214-155004-3b56b,315,14,113.81609728806121,8.937056629059482
20251214-155004-3b56b,316,11,97.18739937688304,7.631339613270439
20251214-155004-3b56b,316,12,101.34868517178599,7.958091695663705
20251214-155004-3b56b,316,13,89.29252579781816,7.011419110489596
20251214-155004-3b56b,316,15,113.35473489888385,8.9008295759726
20251214-155004-3b56b,316,14,116.27095928122567,9.129817066046789
20251214-155004-3b56b,317,11,98.67624197317421,7.74824636821859
20251214-155004-3b56b,317,12,101.38773078931916,7.961157631882968
20251214-155004-3b56b,317,13,90.1855389850006,7.081540205963001
20251214-155004-3b56b,317,15,114.14165376482832,8.962619943372227
20251214-155004-3b56b,317,14,115.25810487744452,9.050285810106123
20251214-155004-3b56b,318,11,96.30701711690183,7.562210322246184
20251214-155004-3b56b,318,12,101.47466084172905,7.967983545085631
20251214-155004-3b56b,318,13,89.89504543379033,7.0587300993137445
20251214-155004-3b56b,318,15,116.1234610455479,9.118235223791187
20251214-155004-3b56b,318,14,113.88025710092514,8.942094579705632
20251214-155004-3b56b,319,11,93.19852840040237,7.318125870643201
20251214-155004-3b56b,319,12,101.22892704526332,7.9486880595873926
20251214-155004-3b56b,319,13,89.54832118808731,7.031504651487387
20251214-155004-3b56b,319,15,117.42548326181048,9.22047248685233
20251214-155004-3b56b,319,14,113.16784335356071,8.886154496051189
20251214-155004-3b56b,320,11,91.48464767054561,7.183548693045755
20251214-155004-3b56b,320,12,100.99806159239758,7.930560064733267
20251214-155004-3b56b,320,13,89.17249778132887,7.001994282139319
20251214-155004-3b56b,320,15,117.44372445394427,9.22190481998416
20251214-155004-3b56b,320,14,111.10644083002882,8.724289245642334
20251214-155004-3b56b,321,11,90.15019364316444,7.078764822435627
20251214-155004-3b56b,321,12,100.30258235531545,7.875949711064164
20251214-155004-3b56b,321,13,89.31086702822722,7.012859298817242
20251214-155004-3b56b,321,15,118.35757619986093,9.293662198759426
20251214-155004-3b56b,321,14,110.28749671153464,8.65998419444651
20251214-155004-3b56b,322,11,88.61542228589448,6.958251653741527
20251214-155004-3b56b,322,12,99.70613718204173,7.829115700614962
20251214-155004-3b56b,322,13,89.98291918489551,7.065630113534468
20251214-155004-3b56b,322,15,119.09771426281068,9.351779248451994
20251214-155004-3b56b,322,14,110.67497241436293,8.690409524264282
20251214-155004-3b56b,323,11,88.67829633727732,6.963188643948499
20251214-155004-3b56b,323,12,98.90418913943597,7.766145213653072
20251214-155004-3b56b,323,13,91.38459208457907,7.175692137961341
20251214-155004-3b56b,323,15,119.04433169053166,9.347587547253042
20251214-155004-3b56b,323,14,112.06704314190934,8.799717567855437
20251214-155004-3b56b,324,11,87.66703237041544,6.883782272142426
20251214-155004-3b56b,324,12,98.01010748051064,7.695940219744383
20251214-155004-3b56b,324,13,92.11139986512863,7.232762468503187
20251214-155004-3b56b,324,15,121.72437638007003,9.558029758236557
20251214-155004-3b56b,324,14,112.05114300497578,8.798469058834561
20251214-155004-3b56b,325,11,87.48001796002185,6.869097544621788
20251214-155004-3b56b,325,12,97.29498811424384,7.639787685743078
20251214-155004-3b56b,325,13,91.19389857023032,7.160718520194288
20251214-155004-3b56b,325,15,123.99893316981807,9.736632287407291
20251214-155004-3b56b,325,14,114.06229218472697,8.956388321023216
20251214-155004-3b56b,326,11,87.00469741435073,6.831774470515082
20251214-155004-3b56b,326,12,95.79244998110704,7.521805531169822
20251214-155004-3b56b,326,13,90.26450698899568,7.087740923966901
20251214-155004-3b56b,326,15,124.6897777021532,9.79087871523664
20251214-155004-3b56b,326,14,116.46299246936844,9.144895877550466
20251214-155004-3b56b,327,11,87.1521983917934,6.843356528059284
20251214-155004-3b56b,327,12,94.14120654104315,7.392146752808583
20251214-155004-3b56b,327,13,90.06631433023774,7.07217845910483
20251214-155004-3b56b,327,15,124.955289110204,9.811727176446883
20251214-155004-3b56b,327,14,118.28926329909848,9.288298139745311
20251214-155004-3b56b,328,11,87.38571703815211,6.861692856717322
20251214-155004-3b56b,328,12,93.0767882846075,7.308566604996153
20251214-155004-3b56b,328,13,90.43026418985463,7.100756494927848
20251214-155004-3b56b,328,15,124.94943158557145,9.811267232461853
20251214-155004-3b56b,328,14,119.58832193449854,9.390302696795406
20251214-155004-3b56b,329,11,87.02504873980344,6.833372495332142
20251214-155004-3b56b,329,12,92.53996393987548,7.266414135503323
20251214-155004-3b56b,329,13,90.64597404479197,7.117694443381151
20251214-155004-3b56b,329,15,125.16524164764583,9.82821304937032
20251214-155004-3b56b,329,14,120.22024125028518,9.439922204446317
20251214-155004-3b56b,330,11,86.27149653500048,6.7742021416849605
20251214-155004-3b56b,330,12,92.06630465254638,7.229221506564146
20251214-155004-3b56b,330,13,90.18479729901011,7.081481967367091
20251214-155004-3b56b,330,15,125.35692511695102,9.843264400285115
20251214-155004-3b56b,330,14,117.78494553779656,9.248698149065712
20251214-155004-3b56b,331,11,87.51680751655995,6.871986330636887
20251214-155004-3b56b,331,12,92.28219866424152,7.246173915356648
20251214-155004-3b56b,331,13,92.29609415387525,7.247265015655324
20251214-155004-3b56b,331,15,125.15361406965883,9.827300029811534
20251214-155004-3b56b,331,14,115.49441056775409,9.068840982760836
20251214-155004-3b56b,332,11,86.47138231079663,6.789897553320033
20251214-155004-3b56b,332,12,96.11827921036083,7.547390262527056
20251214-155004-3b56b,332,13,94.59904786571508,7.4280973252075
20251214-155004-3b56b,332,15,124.997711353921,9.815058251782133
20251214-155004-3b56b,332,14,112.55603109120608,8.838113832513256
20251214-155004-3b56b,333,11,85.77979509278329,6.73559280839739
20251214-155004-3b56b,333,12,98.10050389386535,7.703038318207294
20251214-155004-3b56b,333,13,88.55457144439028,6.953473529825781
20251214-155004-3b56b,333,15,125.06646103806905,9.820456607859182
20251214-155004-3b56b,333,14,109.16707675397583,8.572006686452289
20251214-155004-3b56b,334,11,87.22542566149343,6.8491064726777875
20251214-155004-3b56b,334,12,99.33177366901037,7.799719964901524
20251214-155004-3b56b,334,13,92.21318202266744,7.240754597274304
20251214-155004-3b56b,334,15,125.34166895641903,9.842066457517218
20251214-155004-3b56b,334,14,105.4710672083977,8.28178898089544
20251214-155004-3b56b,335,11,88.5649144444504,6.954285681880316
20251214-155004-3b56b,335,12,100.36586343975743,7.880918662281801
20251214-155004-3b56b,335,13,94.02416767178826,7.382956637989546
20251214-155004-3b56b,335,15,124.91615191535152,9.808654049402175
20251214-155004-3b56b,335,14,103.26509173582618,8.108571587306633
20251214-155004-3b56b,336,11,90.21588765445082,7.083923241262539
20251214-155004-3b56b,336,12,101.76958304051988,7.991141397573663
20251214-155004-3b56b,336,13,95.25855757198582,7.479883282842636
20251214-155004-3b56b,336,15,123.53675883051716,9.70034147845101
20251214-155004-3b56b,336,14,102.74201148692553,8.067498330382914
20251214-155004-3b56b,337,11,91.56761720238875,7.190063618633935
20251214-155004-3b56b,337,12,102.12130448751768,8.018759235158784
20251214-155004-3b56b,337,13,96.1245194548117,7.5478802584008
20251214-155004-3b56b,337,15,121.91326482251637,9.572861638321545
20251214-155004-3b56b,337,14,102.0030249250913,8.009471698750033
20251214-155004-3b56b,338,11,90.4788406397667,7.1045708102492044
20251214-155004-3b56b,338,12,102.00449772972237,8.00958734617342
20251214-155004-3b56b,338,13,97.0491222885792,7.620481833060799
20251214-155004-3b56b,338,15,120.57027462957164,9.467407491741195
20251214-155004-3b56b,338,14,102.87852008967548,8.078217245740223
20251214-155004-3b56b,339,11,90.39594531327076,7.098061711406151
20251214-155004-3b56b,339,12,101.66942616844466,7.9832768893111785
20251214-155004-3b56b,339,13,94.68714021983641,7.435014504553203
20251214-155004-3b56b,339,15,119.25266738342877,9.363946462464863
20251214-155004-3b56b,339,14,104.58209302964752,8.211985036053138
20251214-155004-3b56b,340,11,90.6003272358859,7.114110169048699
20251214-155004-3b56b,340,12,101.33151032946562,7.9567430943492194
20251214-155004-3b56b,340,13,94.5178595072847,7.421722260746484
20251214-155004-3b56b,340,15,118.32337642417149,9.29097676726669
20251214-155004-3b56b,340,14,105.1946695367094,8.260085709540364
20251214-155004-3b56b,341,11,90.65113440221025,7.1180996444693285
20251214-155004-3b56b,341,12,100.27439924900712,7.873736719905076
20251214-155004-3b56b,341,13,95.54060931493493,7.502030522636681
20251214-155004-3b56b,341,15,118.07889444787446,9.271779577071168
20251214-155004-3b56b,341,14,104.27176383035065,8.187617396555295
20251214-155004-3b56b,342,11,89.79425842662732,7.050816111644588
20251214-155004-3b56b,342,12,99.18125495941646,7.787900949283995
20251214-155004-3b56b,342,13,96.36598608390545,7.566840677793649
20251214-155004-3b56b,342,15,121.13018661411513,9.511372846663614
20251214-155004-3b56b,342,14,102.05583031252205,8.013618078295922
20251214-155004-3b56b,343,11,89.24515920725665,7.007699795627637
20251214-155004-3b56b,343,12,97.90342432894911,7.687563255592653
20251214-155004-3b56b,343,13,96.97268373946267,7.614479732669247
20251214-155004-3b56b,343,15,123.94902683374097,9.732713546892573
20251214-155004-3b56b,343,14,100.60299115913111,7.899538382223513
20251214-155004-3b56b,344,11,88.71207103519124,6.965840697525087
20251214-155004-3b56b,344,12,96.94386184015903,7.612216582268108
20251214-155004-3b56b,344,13,96.3841649027679,7.568268113257473
20251214-155004-3b56b,344,15,125.17345825378051,9.828858232925844
20251214-155004-3b56b,344,14,97.9344459937851,7.689999135771053
20251214-155004-3b56b,345,11,89.01749911959791,6.989823492151571
20251214-155004-3b56b,345,12,96.49106022188245,7.576661737209366
20251214-155004-3b56b,345,13,94.40940478174258,7.413206189233279
20251214-155004-3b56b,345,15,124.14319249022287,9.747959803869785
20251214-155004-3b56b,345,14,96.78942459918267,7.600089876106779
20251214-155004-3b56b,346,11,90.8352831468904,7.132559354462824
20251214-155004-3b56b,346,12,95.3104917635071,7.483961254427229
20251214-155004-3b56b,346,13,89.34939510740136,7.015884596939323
20251214-155004-3b56b,346,15,122.02603335833568,9.58171643842985
20251214-155004-3b56b,346,14,95.22969231930568,7.477616728251841
20251214-155004-3b56b,347,11,92.78445809525611,7.285612282023675
20251214-155004-3b56b,347,12,94.19629676948202,7.396472542420046
20251214-155004-3b56b,347,13,88.96206037023519,6.985470336013694
20251214-155004-3b56b,347,15,119.35716210222576,9.372151586709835
20251214-155004-3b56b,347,14,97.53404700740836,7.658559045127194
20251214-155004-3b56b,348,11,94.72650461014624,7.438105471417731
20251214-155004-3b56b,348,12,94.01834751017053,7.382499627819566
20251214-155004-3b56b,348,13,86.39298887857765,6.783741951785796
20251214-155004-3b56b,348,15,117.91211165952262,9.258683475027885
20251214-155004-3b56b,348,14,98.20450982624789,7.711205062012507
20251214-155004-3b56b,349,11,95.85757465731082,7.526919244722214
20251214-155004-3b56b,349,12,93.71500859332747,7.358680878607293
20251214-155004-3b56b,349,13,84.92148943883612,6.668197014505831
20251214-155004-3b56b,349,15,116.60450290783065,9.156007546569821
20251214-155004-3b56b,349,14,98.61991736966618,7.743823653126835
20251214-155004-3b56b,350,11,96.74657961763242,7.596725606592104
20251214-155004-3b56b,350,12,92.42573324060874,7.257444523537626
20251214-155004-3b56b,350,13,84.81840408056291,6.660102555932165
20251214-155004-3b56b,350,15,115.41259492294223,9.062416662578991
20251214-155004-3b56b,350,14,95.50356905752967,7.499122051112237
20251214-155004-3b56b,351,11,96.95891812286631,7.613398830248703
20251214-155004-3b56b,351,12,91.27636799566294,7.167194176475068
20251214-155004-3b56b,351,13,85.24451912548577,6.693561920448341
20251214-155004-3b56b,351,15,116.0361793109687,9.111381695835096
20251214-155004-3b56b,351,14,93.4078740209881,7.334564087299718
20251214-155004-3b56b,352,11,97.3556563112674,7.644551468066507
20251214-155004-3b56b,352,12,89.93794822781256,7.062098908373776
20251214-155004-3b56b,352,13,85.33478671299032,6.7006499032602544
20251214-155004-3b56b,352,15,117.11127130313847,9.1957999656968
20251214-155004-3b56b,352,14,94.86985675379837,7.449361754634627
20251214-155004-3b56b,353,11,96.48943360893509,7.576534012464181
20251214-155004-3b56b,353,12,89.78480838370814,7.050074076284668
20251214-155004-3b56b,353,13,86.3509187498626,6.7804385251908155
20251214-155004-3b56b,353,15,117.46148454350329,9.22329937602595
20251214-155004-3b56b,353,14,94.80400128805188,7.444190658096148
20251214-155004-3b56b,354,11,95.45756632597373,7.495509829055752
20251214-155004-3b56b,354,12,90.35367651701681,7.094742685057816
20251214-155004-3b56b,354,13,85.95171732740822,6.749092469545925
20251214-155004-3b56b,354,15,117.8564790225489,9.254315094465689
20251214-155004-3b56b,354,14,97.00289999640519,7.61685237068661
20251214-155004-3b56b,355,11,95.46196943688004,7.4958555697062526
20251214-155004-3b56b,355,12,90.28933654315011,7.089690587826758
20251214-155004-3b56b,355,13,86.80953890039476,6.8164502524789174
20251214-155004-3b56b,355,15,119.73023292163752,9.401445817659381
20251214-155004-3b56b,355,14,97.73086898594293,7.674013881568784
20251214-155004-3b56b,356,11,96.06153049685312,7.5429342455107555
20251214-155004-3b56b,356,12,89.68396875938573,7.042155957015989
20251214-155004-3b56b,356,13,88.37893674469191,6.939682358852317
20251214-155004-3b56b,356,15,126.0682422142343,9.899118372887509
20251214-155004-3b56b,356,14,98.15897549642803,7.70762961975203
20251214-155004-3b56b,357,11,98.28329808179737,7.717391665826275
20251214-155004-3b56b,357,12,89.49631657116113,7.027421149965932
20251214-155004-3b56b,357,13,89.06526358729961,6.993574049084011
20251214-155004-3b56b,357,15,131.70775193451527,10.341943411974219
20251214-155004-3b56b,357,14,99.27695196813502,7.795415260585539
20251214-155004-3b56b,358,11,100.8833486348927,7.921552584932644
20251214-155004-3b56b,358,12,90.21876296397188,7.084149016039817
20251214-155004-3b56b,358,13,93.17708162270588,7.3164418288305635
20251214-155004-3b56b,358,15,134.808214447837,10.585397630824323
20251214-155004-3b56b,358,14,100.32756933534704,7.8779117363035835
20251214-155004-3b56b,359,11,102.69929145653741,8.064143872271357
20251214-155004-3b56b,359,12,95.84565062339503,7.525982946879542
20251214-155004-3b56b,359,13,94.39165761179851,7.411812647664249
20251214-155004-3b56b,359,15,137.11076400804401,10.766198205620913
20251214-155004-3b56b,359,14,99.93620198593952,7.84718082698794
20251214-155004-3b56b,360,11,102.22707179411623,8.027064285420542
20251214-155004-3b56b,360,12,99.45774500418088,7.8096114739488565
20251214-155004-3b56b,360,13,94.76980966417376,7.441505866699156
20251214-155004-3b56b,360,15,136.89038640073304,10.748893736365302
20251214-155004-3b56b,360,14,99.31526770788696,7.798423885411962
20251214-155004-3b56b,361,11,102.09495978030364,8.016690598596314
20251214-155004-3b56b,361,12,101.67119335394943,7.983415652081178
20251214-155004-3b56b,361,13,94.66646932740201,7.433391386728386
20251214-155004-3b56b,361,15,135.66659078469146,10.65279897487232
20251214-155004-3b56b,361,14,100.20057875283774,7.867940194014883
20251214-155004-3b56b,362,11,101.85281979206597,7.997677305761621
20251214-155004-3b56b,362,12,104.92742590690145,8.239101230980145
20251214-155004-3b56b,362,13,95.13170801592287,7.469922814218971
20251214-155004-3b56b,362,15,133.89502208898435,10.513692028376587
20251214-155004-3b56b,362,14,101.50945761865044,7.970715854251603
20251214-155004-3b56b,363,11,101.72633906288054,7.987745798126509
20251214-155004-3b56b,363,12,106.28082337353446,8.34537257650267
20251214-155004-3b56b,363,13,92.56071997163852,7.268043938630305
20251214-155004-3b56b,363,15,132.34743035298195,10.392172179138454
20251214-155004-3b56b,363,14,103.3881154739033,8.118231645418899
20251214-155004-3b56b,364,11,102.15615037316067,8.021495400435064
20251214-155004-3b56b,364,12,107.24690288151128,8.421230978580109
20251214-155004-3b56b,364,13,95.0062815221441,7.460074087154924
20251214-155004-3b56b,364,15,133.1458585247619,10.454866279142376
20251214-155004-3b56b,364,14,104.95922258513215,8.241597966685681
20251214-155004-3b56b,365,11,102.80849747961125,8.072718937096985
20251214-155004-3b56b,365,12,104.50676353270661,8.206070020549701
20251214-155004-3b56b,365,13,96.14170655542094,7.549229822259463
20251214-155004-3b56b,365,15,133.48679548436635,10.481637298247104
20251214-155004-3b56b,365,14,106.55405878908255,8.366827541485677
20251214-155004-3b56b,366,11,104.38077388903338,8.196177073883879
20251214-155004-3b56b,366,12,103.52092570068513,8.128660157254648
20251214-155004-3b56b,366,13,92.02383636557705,7.225886815825073
20251214-155004-3b56b,366,15,134.59148702324848,10.568379780864877
20251214-155004-3b56b,366,14,106.20395285646708,8.339336557165288
20251214-155004-3b56b,367,11,102.58427930390265,8.055112899099562
20251214-155004-3b56b,367,12,101.70830969983643,7.986330098218057
20251214-155004-3b56b,367,13,89.3671354096603,7.017277599244643
20251214-155004-3b56b,367,15,132.97095046279026,10.441132165146502
20251214-155004-3b56b,367,14,106.71153651422249,8.379192992251653
20251214-155004-3b56b,368,11,101.86298803110977,7.998475735248464
20251214-155004-3b56b,368,12,99.66835703941409,7.826149131894348
20251214-155004-3b56b,368,13,87.54200238267474,6.87396467948731
20251214-155004-3b56b,368,15,130.43064764785632,10.241662752181442
20251214-155004-3b56b,368,14,106.8529018094354,8.390293264346768
20251214-155004-3b56b,369,11,102.19002620004885,8.024155394851228
20251214-155004-3b56b,369,12,97.9887500358538,7.6942631925320795
20251214-155004-3b56b,369,13,86.90972923977532,6.824317388657928
20251214-155004-3b56b,369,15,128.1627436806493,10.063582615301508
20251214-155004-3b56b,369,14,104.00837820871556,8.166935856141242
20251214-155004-3b56b,370,11,102.25328673882962,8.029122732784435
20251214-155004-3b56b,370,12,95.30884481274104,7.483831932717803
20251214-155004-3b56b,370,13,87.40377271932313,6.8631106231752
20251214-155004-3b56b,370,15,128.46982645235474,10.087695339124695
20251214-155004-3b56b,370,14,102.19381444064878,8.02445285471475
20251214-155004-3b56b,371,11,101.85533995677793,7.997875193892403
20251214-155004-3b56b,371,12,95.00071154174677,7.459636721690637
20251214-155004-3b56b,371,13,88.48414185376384,6.947943264294036
20251214-155004-3b56b,371,15,128.95690188204028,10.12594142910181
20251214-155004-3b56b,371,14,101.15611720519526,7.942970892338245
20251214-155004-3b56b,372,11,102.01680913556382,8.01055406119713
20251214-155004-3b56b,372,12,94.75690036833657,7.440492204214786
20251214-155004-3b56b,372,13,89.71142531060849,7.044311897686626
20251214-155004-3b56b,372,15,128.39019466183652,10.081442499339357
20251214-155004-3b56b,372,14,101.5499448879408,7.9738949917112905
20251214-155004-3b56b,373,11,102.42778268890342,8.042824486969558
20251214-155004-3b56b,373,12,95.18224977261167,7.473891449169762
20251214-155004-3b56b,373,13,90.80543911180958,7.130215944014634
20251214-155004-3b56b,373,15,126.2217438075015,9.911171610209536
20251214-155004-3b56b,373,14,102.60511754438133,8.056749157411394
20251214-155004-3b56b,374,11,103.08684679803649,8.094575455469167
20251214-155004-3b56b,374,12,95.29517645691523,7.482758667398116
20251214-155004-3b56b,374,13,91.81072980677517,7.209153283140183
20251214-155004-3b56b,374,15,124.4783498863111,9.77427700064475
20251214-155004-3b56b,374,14,103.88333639112504,8.157117334583798
20251214-155004-3b56b,375,11,104.71873262113841,8.222714236895747
20251214-155004-3b56b,375,12,95.10302685080595,7.467670714534086
20251214-155004-3b56b,375,13,92.30674549574378,7.248101379295641
20251214-155004-3b56b,375,15,122.89530040543485,9.649972941778744
20251214-155004-3b56b,375,14,105.18936894746345,8.25966949718212
20251214-155004-3b56b,376,11,105.87452392612306,8.31346917042575
20251214-155004-3b56b,376,12,94.80315928642331,7.444124542525367
20251214-155004-3b56b,376,13,91.8557993012541,7.21269222564479
20251214-155004-3b56b,376,15,122.65935655393778,9.631446181396417
20251214-155004-3b56b,376,14,104.99163755895465,8.244143252138123
20251214-155004-3b56b,377,11,107.21429991424961,8.418670931524943
20251214-155004-3b56b,377,12,94.88808686606222,7.450793217753977
20251214-155004-3b56b,377,13,90.96736995338281,7.142931061960285
20251214-155004-3b56b,377,15,122.91535177217,9.651547413266275
20251214-155004-3b56b,377,14,106.23008147795218,8.341388226264963
20251214-155004-3b56b,378,11,108.39841370113268,8.511649800250694
20251214-155004-3b56b,378,12,94.80172361372304,7.444011810771873
20251214-155004-3b56b,378,13,89.76100171839948,7.04820473160424
20251214-155004-3b56b,378,15,123.54396315196776,9.700907175486071
20251214-155004-3b56b,378,14,107.06774565271535,8.407163211916119
20251214-155004-3b56b,379,11,109.596689066533,8.605740663080807
20251214-155004-3b56b,379,12,94.77225309978459,7.44169772991485
20251214-155004-3b56b,379,13,88.71601272384171,6.966150206421656
20251214-155004-3b56b,379,15,124.73319510597466,9.794287932437763
20251214-155004-3b56b,379,14,107.11996701780234,8.41126373291578
20251214-155004-3b56b,380,11,110.69061212687082,8.69163758426349
20251214-155004-3b56b,380,12,94.42909910345708,7.414752624866087
20251214-155004-3b56b,380,13,88.5570925621307,6.953671492790174
20251214-155004-3b56b,380,15,125.49119662840248,9.853807654974949
20251214-155004-3b56b,380,14,107.42114685840392,8.434912947351371
20251214-155004-3b56b,381,11,110.96156136264494,8.712913034058479
20251214-155004-3b56b,381,12,93.84031973272229,7.368520547825516
20251214-155004-3b56b,381,13,90.11302583646246,7.075846335497589
20251214-155004-3b56b,381,15,126.06626620795866,9.898963213113053
20251214-155004-3b56b,381,14,108.21106158538433,8.496938555462716
20251214-155004-3b56b,382,11,110.43603191669823,8.671647461520202
20251214-155004-3b56b,382,12,94.27226794864004,7.40243794403273
20251214-155004-3b56b,382,13,92.01720069043294,7.225365769980522
20251214-155004-3b56b,382,15,122.45668795633637,9.615532257295577
20251214-155004-3b56b,382,14,108.81432628251792,8.54430804790762
20251214-155004-3b56b,383,11,110.71377076070164,8.69345604427863
20251214-155004-3b56b,383,12,94.89313678314882,7.451189746857068
20251214-155004-3b56b,383,13,93.80473988651701,7.3657267505686566
20251214-155004-3b56b,383,15,118.52235924915172,9.306601277484765
20251214-155004-3b56b,383,14,103.78855358743705,8.149674808401612
20251214-155004-3b56b,384,11,110.83956634391714,8.70333375294788
20251214-155004-3b56b,384,12,95.67829799152399,7.512842099638327
20251214-155004-3b56b,384,13,94.88053520523968,7.450200246970207
20251214-155004-3b56b,384,15,115.40837272883354,9.062085127859849
20251214-155004-3b56b,384,14,100.48347100947095,7.890153432543477
20251214-155004-3b56b,385,11,110.45469624216972,8.67311301988722
20251214-155004-3b56b,385,12,94.5800765465785,7.426607661113479
20251214-155004-3b56b,385,13,95.43069872310079,7.493400133730716
20251214-155004-3b56b,385,15,111.51794223604975,8.756601119412165
20251214-155004-3b56b,385,14,102.05884138970343,8.013854513808345
20251214-155004-3b56b,386,11,109.66477353750447,8.611086785352875
20251214-155004-3b56b,386,12,94.25727563512791,7.401260719035116
20251214-155004-3b56b,386,13,95.38150306429186,7.489537196948
20251214-155004-3b56b,386,15,108.82286136791731,8.544978239061296
20251214-155004-3b56b,386,14,103.28402271667065,8.110058083961167
20251214-155004-3b56b,387,11,109.85272739858824,8.625845280330125
20251214-155004-3b56b,387,12,94.38592187719794,7.41136226686438
20251214-155004-3b56b,387,13,95.55060330717387,7.502815269932697
20251214-155004-3b56b,387,15,107.87411870461813,8.470481159031834
20251214-155004-3b56b,387,14,104.90474591424189,8.237320354780953
20251214-155004-3b56b,388,11,110.04105619533644,8.640633215969505
20251214-155004-3b56b,388,12,95.24041496983288,7.4784586911837865
20251214-155004-3b56b,388,13,95.34118426102015,7.486371287760802
20251214-155004-3b56b,388,15,109.43648390522566,8.593161048834785
20251214-155004-3b56b,388,14,106.49272174057103,8.362011239670132
20251214-155004-3b56b,389,11,111.14108543126798,8.727009605684042
20251214-155004-3b56b,389,12,95.85331004197741,7.52658437900775
20251214-155004-3b56b,389,13,95.98071452837333,7.536588421817572
20251214-155004-3b56b,389,15,110.3216114858601,8.662662951470331
20251214-155004-3b56b,389,14,106.78075590008518,8.384628230201502
20251214-155004-3b56b,390,11,113.11336917601982,8.881877079929001
20251214-155004-3b56b,390,12,96.67311528820116,7.590957047592217
20251214-155004-3b56b,390,13,96.28006813686247,7.560094237031123
20251214-155004-3b56b,390,15,110.46283587590234,8.673752159423204
20251214-155004-3b56b,390,14,107.90087680363898,8.472582255905944
20251214-155004-3b56b,391,11,115.91672573102225,9.102001973335708
20251214-155004-3b56b,391,12,97.48410327664513,7.654637368310532
20251214-155004-3b56b,391,13,96.63361226987678,7.587855195392081
20251214-155004-3b56b,391,15,110.0309330460502,8.63983832701626
20251214-155004-3b56b,391,14,108.72192888288676,8.537052828193035
20251214-155004-3b56b,392,11,114.6499160762768,9.002529667638516
20251214-155004-3b56b,392,12,98.10157188845895,7.703122179175908
20251214-155004-3b56b,392,13,105.04918555191855,8.248662030098902
20251214-155004-3b56b,392,15,110.76983017121998,8.69785793591199
20251214-155004-3b56b,392,14,108.94489936559928,8.554560894961194
20251214-155004-3b56b,393,11,115.09932161973474,9.03781784643744
20251214-155004-3b56b,393,12,98.77682395469432,7.756144256883962
20251214-155004-3b56b,393,13,111.29348827153008,8.738976566828427
20251214-155004-3b56b,393,15,108.93327068871385,8.55364778911481
20251214-155004-3b56b,393,14,109.2841242722569,8.581197480409326
20251214-155004-3b56b,394,11,116.87413298737019,9.177179413706012
20251214-155004-3b56b,394,12,99.26901820349474,7.794792286282595
20251214-155004-3b56b,394,13,114.94420637033834,9.025637901764256
20251214-155004-3b56b,394,15,103.50835267024127,8.127672898969106
20251214-155004-3b56b,394,14,109.81166767239573,8.622621192464702
20251214-155004-3b56b,395,11,118.53262633266974,9.307407468427892
20251214-155004-3b56b,395,12,99.54371280873342,7.816361829617945
20251214-155004-3b56b,395,13,109.21622982735931,8.575866279346329
20251214-155004-3b56b,395,15,97.47700503455302,7.6540800008286425
20251214-155004-3b56b,395,14,110.80376120529748,8.700522265301757
20251214-155004-3b56b,396,11,120.58043400650635,9.468205225358362
20251214-155004-3b56b,396,12,99.80459062295091,7.8368464522194925
20251214-155004-3b56b,396,13,103.64993821670097,8.13879046561141
20251214-155004-3b56b,396,15,89.60258892343123,7.0357658573752655
20251214-155004-3b56b,396,14,111.39269866152065,8.746766755515822
20251214-155004-3b56b,397,11,122.50265371216605,9.619141575947646
20251214-155004-3b56b,397,12,99.93701945968232,7.847245016582438
20251214-155004-3b56b,397,13,100.56599018911021,7.896632995619279
20251214-155004-3b56b,397,15,86.08187205946787,6.759312466880864
20251214-155004-3b56b,397,14,105.55925071805609,8.288713317947444
20251214-155004-3b56b,398,11,124.45177402668418,9.77219021355478
20251214-155004-3b56b,398,12,99.78923108899619,7.835640392373653
20251214-155004-3b56b,398,13,98.57751533244728,7.740494164444283
20251214-155004-3b56b,398,15,86.3591872906392,6.781087786753291
20251214-155004-3b56b,398,14,101.89877044722341,8.001285438680158
20251214-155004-3b56b,399,11,124.4504342267773,9.772085009915534
20251214-155004-3b56b,399,12,99.41608041147423,7.806339890813269
20251214-155004-3b56b,399,13,96.91460840958206,7.609919547209885
20251214-155004-3b56b,399,15,86.92974323155951,6.82588892539316
20251214-155004-3b56b,399,14,99.04040992760527,7.776841529261601
20251214-155004-3b56b,400,11,123.61203192250943,9.706252064930503
20251214-155004-3b56b,400,12,99.1098875245461,7.782297042436856
20251214-155004-3b56b,400,13,96.19125605019953,7.553120542916109
20251214-155004-3b56b,400,15,90.7258984593991,7.123970260567015
20251214-155004-3b56b,400,14,100.89506474436304,7.922472556152037
20251214-155004-3b56b,401,11,121.22521449502513,9.518834616775822
20251214-155004-3b56b,401,12,98.98431635536129,7.772436955184509
20251214-155004-3b56b,401,13,96.1140151751515,7.54705544236504
20251214-155004-3b56b,401,15,94.80894031750516,7.4445784800911765
20251214-155004-3b56b,401,14,103.01764945718736,8.089141948535751
20251214-155004-3b56b,402,11,118.24684256776985,9.284967183165676
20251214-155004-3b56b,402,12,98.71825175653348,7.751545056381355
20251214-155004-3b56b,402,13,96.3447801126835,7.56517554456381
20251214-155004-3b56b,402,15,98.46346228825887,7.731538502293535
20251214-155004-3b56b,402,14,104.60980644871556,8.21416114647598
20251214-155004-3b56b,403,11,114.53635375718125,8.993612538156246
20251214-155004-3b56b,403,12,98.67832489674066,7.748409923342258
20251214-155004-3b56b,403,13,97.1349484877226,7.627221069603589
20251214-155004-3b56b,403,15,99.73370465129157,7.831280350780238
20251214-155004-3b56b,403,14,104.57757228330138,8.21163005844396
20251214-155004-3b56b,404,11,111.64297410007512,8.766418859396726
20251214-155004-3b56b,404,12,98.39538148799156,7.726192668252146
20251214-155004-3b56b,404,13,98.5238753570204,7.736282251460146
20251214-155004-3b56b,404,15,96.30169646233959,7.561792534321107
20251214-155004-3b56b,404,14,104.45561663642746,8.202053868886281
20251214-155004-3b56b,405,11,110.46330960796584,8.673789357766667
20251214-155004-3b56b,405,12,98.1130133906204,7.704020587706641
20251214-155004-3b56b,405,13,101.30444817419566,7.954618122399602
20251214-155004-3b56b,405,15,92.43135124845621,7.257885660208728
20251214-155004-3b56b,405,14,106.06298217017432,8.328267270513793
20251214-155004-3b56b,406,11,109.96462116694818,8.634631392032238
20251214-155004-3b56b,406,12,97.58028824780203,7.662189995351662
20251214-155004-3b56b,406,13,104.66066827985662,8.218154914282083
20251214-155004-3b56b,406,15,90.68007866246339,7.1203724028851605
20251214-155004-3b56b,406,14,107.88507365027345,8.471341362219457
20251214-155004-3b56b,407,11,111.27656804417933,8.737647958366063
20251214-155004-3b56b,407,12,97.13937153762332,7.627568375901888
20251214-155004-3b56b,407,13,112.14817117002595,8.806087895065366
20251214-155004-3b56b,407,15,91.16540981977654,7.15848152927505
20251214-155004-3b56b,407,14,108.67605954985348,8.533451080842498
20251214-155004-3b56b,408,11,113.75021991618478,8.931883812409977
20251214-155004-3b56b,408,12,96.13679695214242,7.548844310863695
20251214-155004-3b56b,408,13,115.88894490719724,9.09982057016303
20251214-155004-3b56b,408,15,94.36105184785991,7.409409424816055
20251214-155004-3b56b,408,14,109.38223331394292,8.588901189131226
20251214-155004-3b56b,409,11,118.71545440814698,9.321763476961436
20251214-155004-3b56b,409,12,95.27474400839897,7.481154272643673
20251214-155004-3b56b,409,13,116.84834088668171,9.175154168859917
20251214-155004-3b56b,409,15,96.17417696954259,7.551779460989736
20251214-155004-3b56b,409,14,102.99876986382458,8.087659486924107
20251214-155004-3b56b,410,11,122.95890685503805,9.654967441288234
20251214-155004-3b56b,410,12,95.47346807608044,7.496758464746055
20251214-155004-3b56b,410,13,119.09147398348757,9.351289249840017
20251214-155004-3b56b,410,15,98.38411560306844,7.725308049521286
20251214-155004-3b56b,410,14,98.7164964492942,7.751407226315375
20251214-155004-3b56b,411,11,127.78836358324989,10.034185577351918
20251214-155004-3b56b,411,12,95.7880593722725,7.521460772205797
20251214-155004-3b56b,411,13,120.97784923265608,9.499411025469056
20251214-155004-3b56b,411,15,102.94675175968244,8.08357492636078
20251214-155004-3b56b,411,14,96.8131543902275,7.601953184473667
20251214-155004-3b56b,412,11,130.9863068081217,10.285294167245507
20251214-155004-3b56b,412,12,96.1876833350736,7.552840006523097
20251214-155004-3b56b,412,13,122.68823823092553,9.633714025655111
20251214-155004-3b56b,412,15,107.1894552262656,8.416720079327977
20251214-155004-3b56b,412,14,101.03838201994058,7.933726101461338
20251214-155004-3b56b,413,11,132.54751372267182,10.407883106222219
20251214-155004-3b56b,413,12,93.3890191964763,7.333083570585404
20251214-155004-3b56b,413,13,117.62832826933746,9.236400262996353
20251214-155004-3b56b,413,15,109.95558795431633,8.633922086979995
20251214-155004-3b56b,413,14,104.3658937724386,8.195008658801802
20251214-155004-3b56b,414,11,133.78776362865182,10.50526988988495
20251214-155004-3b56b,414,12,91.53019954329838,7.187125512810721
20251214-155004-3b56b,414,13,113.001405017594,8.873085441064914
20251214-155004-3b56b,414,15,112.3057813683766,8.818463747880035
20251214-155004-3b56b,414,14,106.68981571627383,8.377487433847167
20251214-155004-3b56b,415,11,137.14426143083486,10.768828487026992
20251214-155004-3b56b,415,12,90.81174636747392,7.1307112017364265
20251214-155004-3b56b,415,13,109.76223354447862,8.618739530633642
20251214-155004-3b56b,415,15,113.3282605701484,8.898750761281509
20251214-155004-3b56b,415,14,108.6559537821163,8.531872337684726
20251214-155004-3b56b,416,11,139.0354030264262,10.917324525250775
20251214-155004-3b56b,416,12,90.22173484336402,7.08438237366721
20251214-155004-3b56b,416,13,107.73242012509161,8.459354716817947
20251214-155004-3b56b,416,15,113.57490979070786,8.918118127622266
20251214-155004-3b56b,416,14,106.79376999641615,8.385650121820149
20251214-155004-3b56b,417,11,136.61497626941588,10.727268008560134
20251214-155004-3b56b,417,12,90.77818947576024,7.128076250717316
20251214-155004-3b56b,417,13,107.22200428362223,8.419275893274774
20251214-155004-3b56b,417,15,112.40756323350345,8.826455853690408
20251214-155004-3b56b,417,14,103.01035949430215,8.088569526772211
20251214-155004-3b56b,418,11,133.24216658553567,10.462428571414545
20251214-155004-3b56b,418,12,91.6553257938233,7.196950664202908
20251214-155004-3b56b,418,13,107.87467117080344,8.470524539728427
20251214-155004-3b56b,418,15,105.26072065739446,8.265272169277084
20251214-155004-3b56b,418,14,99.39585659739183,7.8047518784317464
20251214-155004-3b56b,419,11,130.49270522630047,10.24653563137896
20251214-155004-3b56b,419,12,92.28565503357092,7.2464453160562305
20251214-155004-3b56b,419,13,108.43746414318444,8.514716115300342
20251214-155004-3b56b,419,15,99.76780982252903,7.833958353751307
20251214-155004-3b56b,419,14,97.57399335355919,7.661695708272219
20251214-155004-3b56b,420,11,125.85224149527696,9.882157585237643
20251214-155004-3b56b,420,12,92.07202185498427,7.2296704321833225
20251214-155004-3b56b,420,13,107.92927509567235,8.47481214385781
20251214-155004-3b56b,420,15,94.40806812119948,7.4131012321028535
20251214-155004-3b56b,420,14,97.62429779452061,7.665645708740321
20251214-155004-3b56b,421,11,122.65766807388799,9.631313598728573
20251214-155004-3b56b,421,12,92.25867807872775,7.244327034206321
20251214-155004-3b56b,421,13,107.27442673571872,8.423392204009227
20251214-155004-3b56b,421,15,90.62634852677357,7.11615341034554
20251214-155004-3b56b,421,14,98.6322784198758,7.744794266320841
20251214-155004-3b56b,422,11,121.49578326444747,9.540080191628581
20251214-155004-3b56b,422,12,92.56367847271272,7.268276245766705
20251214-155004-3b56b,422,13,106.8331920258611,8.388745614619294
20251214-155004-3b56b,422,15,89.08008293287521,6.9947376923099736
20251214-155004-3b56b,422,14,100.02130631537203,7.8538633809468195
20251214-155004-3b56b,423,11,122.00295640694134,9.57990439227512
20251214-155004-3b56b,423,12,96.13568514905108,7.5487570099684405
20251214-155004-3b56b,423,13,106.96074226543152,8.398761102245846
20251214-155004-3b56b,423,15,88.90792902713417,6.981219839904374
20251214-155004-3b56b,423,14,101.0592467375886,7.935364438810911
20251214-155004-3b56b,424,11,122.79045470459286,9.64174025775544
20251214-155004-3b56b,424,12,98.56498693134566,7.739510410539654
20251214-155004-3b56b,424,13,106.82396157712104,8.388020822212358
20251214-155004-3b56b,424,15,89.5538567380931,7.031939313411785
20251214-155004-3b56b,424,14,102.56163652580828,8.053334945058873
20251214-155004-3b56b,425,11,118.70578367375076,9.321004112486612
20251214-155004-3b56b,425,12,100.36133805606342,7.880563320539243
20251214-155004-3b56b,425,13,108.29922628917691,8.503861415842337
20251214-155004-3b56b,425,15,93.17926880315176,7.316613570402876
20251214-155004-3b56b,425,14,99.46446792198685,7.8101393702532995
20251214-155004-3b56b,426,11,117.7245981563204,9.243959557789797
20251214-155004-3b56b,426,12,97.19701484814183,7.6320946383785095
20251214-155004-3b56b,426,13,109.15213418193929,8.570833367250028
20251214-155004-3b56b,426,15,96.04620303744461,7.5417307042193436
20251214-155004-3b56b,426,14,96.4637480583836,7.57451713413768
20251214-155004-3b56b,427,11,114.1475441396986,8.96308246682046
20251214-155004-3b56b,427,12,94.50636185457118,7.420819443167509
20251214-155004-3b56b,427,13,109.21499638993689,8.575769427491844
20251214-155004-3b56b,427,15,95.71167445496442,7.515462883085944
20251214-155004-3b56b,427,14,94.12807319567554,7.391115497528565
20251214-155004-3b56b,428,11,113.17625247821864,8.886814796527654
20251214-155004-3b56b,428,12,92.86809915252182,7.2921799370664075
20251214-155004-3b56b,428,13,108.94760736139796,8.554773531946475
20251214-155004-3b56b,428,15,96.78907924177635,7.600062757985783
20251214-155004-3b56b,428,14,94.15670464090394,7.393363693113153
20251214-155004-3b56b,429,11,112.59180675929649,8.84092300607732
20251214-155004-3b56b,429,12,92.1007739535661,7.231928101698908
20251214-155004-3b56b,429,13,107.91692924915361,8.473842724486554
20251214-155004-3b56b,429,15,95.31267726406054,7.48413286409119
20251214-155004-3b56b,429,14,95.16219166394096,7.4723164482926165
20251214-155004-3b56b,430,11,110.89258764818423,8.707497086694795
20251214-155004-3b56b,430,12,90.86767866897866,7.135103112528064
20251214-155004-3b56b,430,13,107.27462797634371,8.4234080058062
20251214-155004-3b56b,430,15,94.49370110176632,7.419825296755185
20251214-155004-3b56b,430,14,95.22707631051264,7.477411314261356
20251214-155004-3b56b,431,11,109.10418260016165,8.567068117764139
20251214-155004-3b56b,431,12,92.11745658150447,7.233238053403097
20251214-155004-3b56b,431,13,106.9237661986476,8.395857671091187
20251214-155004-3b56b,431,15,97.30024121781526,7.6402001694357615
20251214-155004-3b56b,431,14,95.29823562134037,7.482998878812463
20251214-155004-3b56b,432,11,110.05067713087973,8.641388670143595
20251214-155004-3b56b,432,12,92.68514197629925,7.277813791296573
20251214-155004-3b56b,432,13,106.85178302354046,8.39020541514848
20251214-155004-3b56b,432,15,98.95549991857729,7.770174233710811
20251214-155004-3b56b,432,14,94.05497679291646,7.385375828831394
20251214-155004-3b56b,433,11,112.0020640476359,8.794615285673355
20251214-155004-3b56b,433,12,93.10792682492232,7.311011662459645
20251214-155004-3b56b,433,13,106.6584665911301,8.37502584086202
20251214-155004-3b56b,433,15,104.28392559680961,8.188572361609825
20251214-155004-3b56b,433,14,95.94559862026772,7.533831053863491
20251214-155004-3b56b,434,11,114.47384045092804,8.9887038743436
20251214-155004-3b56b,434,12,93.55746950170102,7.346310609227974
20251214-155004-3b56b,434,13,106.5630634527159,8.36753460481621
20251214-155004-3b56b,434,15,108.75801733287348,8.539886561987034
20251214-155004-3b56b,434,14,97.36861859581248,7.645569291325095
20251214-155004-3b56b,435,11,118.82092409111357,9.33004515724903
20251214-155004-3b56b,435,12,91.02382810125582,7.147364263209804
20251214-155004-3b56b,435,13,106.86294274104765,8.391081697411733
20251214-155004-3b56b,435,15,112.03116268549873,8.796900166112987
20251214-155004-3b56b,435,14,98.62852754588911,7.7444997405549225
20251214-155004-3b56b,436,11,120.8836373324401,9.492013327714314
20251214-155004-3b56b,436,12,89.50226661690527,7.027888358884774
20251214-155004-3b56b,436,13,107.43468977254425,8.435976362751113
20251214-155004-3b56b,436,15,113.48148591228147,8.910782306838588
20251214-155004-3b56b,436,14,99.7315887357249,7.8311142050619065
20251214-155004-3b56b,437,11,121.78605007329263,9.562872494035682
20251214-155004-3b56b,437,12,92.51811959913644,7.26469887628375
20251214-155004-3b56b,437,13,108.63921932857515,8.530558316535547
20251214-155004-3b56b,437,15,113.39377157012301,8.903894809711824
20251214-155004-3b56b,437,14,101.02523921180767,7.932694103146975
20251214-155004-3b56b,438,11,123.5503119600346,9.70140569598161
20251214-155004-3b56b,438,12,94.95683329235467,7.456191318018003
20251214-155004-3b56b,438,13,110.4312711891758,8.671273640132215
20251214-155004-3b56b,438,15,113.198495013444,8.888561322736331
20251214-155004-3b56b,438,14,101.43345709297941,7.96474814829485
20251214-155004-3b56b,439,11,125.02696419874675,9.817355240846053
20251214-155004-3b56b,439,12,96.53609207011242,7.580197723658839
20251214-155004-3b56b,439,13,111.7779328516869,8.777016077492238
20251214-155004-3b56b,439,15,103.70573610051223,8.143171821669863
20251214-155004-3b56b,439,14,101.42777479676792,7.964301963579022
20251214-155004-3b56b,440,11,123.40079879711476,9.689665637803174
20251214-155004-3b56b,440,12,93.81024569357017,7.366159077019793
20251214-155004-3b56b,440,13,112.05003573154178,8.798382113616624
20251214-155004-3b56b,440,15,96.26916472750843,7.559238080571987
20251214-155004-3b56b,440,14,101.41725387700185,7.963475840930473
20251214-155004-3b56b,441,11,122.22374978724893,9.597241508817925
20251214-155004-3b56b,441,12,95.97278473327337,7.535965759210491
20251214-155004-3b56b,441,13,112.2321752237479,8.812684053280872
20251214-155004-3b56b,441,15,90.97293851220755,7.143368315799985
20251214-155004-3b56b,441,14,101.069289492617,7.936153015053984
20251214-155004-3b56b,442,11,124.40686640029853,9.768663981241001
20251214-155004-3b56b,442,12,98.13454832111621,7.705711551444898
20251214-155004-3b56b,442,13,112.76022781017726,8.85414774761311
20251214-155004-3b56b,442,15,87.36527890382892,6.860088015502495
20251214-155004-3b56b,442,14,100.85320274431439,7.919185472216154
20251214-155004-3b56b,443,11,125.52924055457189,9.856794936481425
20251214-155004-3b56b,443,12,99.33285372948374,7.799804773305987
20251214-155004-3b56b,443,13,112.41728310011608,8.827219076120397
20251214-155004-3b56b,443,15,85.52661110279404,6.715712319520862
20251214-155004-3b56b,443,14,100.54310963613943,7.894836371042648
20251214-155004-3b56b,444,11,125.48068389043586,9.852982174776868
20251214-155004-3b56b,444,12,100.0599379903924,7.85689681361196
20251214-155004-3b56b,444,13,111.12047444854757,8.725391192084016
20251214-155004-3b56b,444,15,85.61425020120934,6.722593908365672
20251214-155004-3b56b,444,14,100.97868142741545,7.929038297285141
20251214-155004-3b56b,445,11,124.78361011524116,9.798246614939668
20251214-155004-3b56b,445,12,100.58783882913453,7.898348592426918
20251214-155004-3b56b,445,13,111.37237249530016,8.74517070624957
20251214-155004-3b56b,445,15,86.06392489963407,6.757903221724975
20251214-155004-3b56b,445,14,101.80793838515176,7.994153132250654
20251214-155004-3b56b,446,11,123.2837231703726,9.68047263671626
20251214-155004-3b56b,446,12,100.62992347262008,7.901653158749309
20251214-155004-3b56b,446,13,112.07929643173442,8.800679719498905
20251214-155004-3b56b,446,15,92.32756907837349,7.2497364866452685
20251214-155004-3b56b,446,14,102.60328437199094,8.056605213225518
20251214-155004-3b56b,447,11,121.65765827966946,9.552790925982855
20251214-155004-3b56b,447,12,100.46876618842244,7.8889987820014005
20251214-155004-3b56b,447,13,112.9976585359225,8.872791260191946
20251214-155004-3b56b,447,15,97.89532867399139,7.686927569353795
20251214-155004-3b56b,447,14,103.70462527161413,8.143084597270118
