run_id,frame,track_id,length_px,length_cm
20251218-002943-64005,7,1,165.76330299976433,13.016050112660427
20251218-002943-64005,7,4,130.9209315877152,10.280160780485359
20251218-002943-64005,7,5,146.43084582408807,11.498028772316951
20251218-002943-64005,7,3,101.81761175992568,7.994912704052961
20251218-002943-64005,7,2,132.29561118707264,10.388103239583884
20251218-002943-64005,8,1,164.57573863039983,12.92280029762941
20251218-002943-64005,8,4,133.88003945197573,10.512515563196448
20251218-002943-64005,8,5,149.13091595048405,11.71004341872465
20251218-002943-64005,8,3,102.03432469383208,8.01192941617646
20251218-002943-64005,8,2,132.02120303903706,10.366556189413446
20251218-002943-64005,9,1,163.1495868855345,12.810816147678851
20251218-002943-64005,9,4,134.24260877497287,10.540985196655976
20251218-002943-64005,9,5,147.98825837729223,11.62031977081751
20251218-002943-64005,9,3,102.47851342996402,8.04680796133299
20251218-002943-64005,9,2,130.35653017284258,10.235842906947035
20251218-002943-64005,10,1,161.01216621545032,12.642981807688104
20251218-002943-64005,10,4,133.5834499108118,10.489226787811186
20251218-002943-64005,10,5,148.64156001034715,11.671618258725521
20251218-002943-64005,10,3,102.03404915966975,8.011907780709503
20251218-002943-64005,10,2,128.1430637620031,10.062037310625042
20251218-002943-64005,11,1,158.35171849337746,12.434078387896434
20251218-002943-64005,11,4,131.6922697829903,10.340727723963338
20251218-002943-64005,11,5,152.6566380570365,11.986889830395555
20251218-002943-64005,11,3,101.32351335099395,7.956115156375896
20251218-002943-64005,11,2,127.14506966850414,9.983672914537085
20251218-002943-64005,11,6,97.64326092768331,7.667134730056089
20251218-002943-64005,12,1,156.19654508838394,12.264850069364988
20251218-002943-64005,12,4,129.71417057396772,10.185403608393027
20251218-002943-64005,12,5,152.61898582722372,11.983933305632668
20251218-002943-64005,12,3,100.93298473455725,7.925450105969804
20251218-002943-64005,12,2,125.69203597280546,9.869577942632326
20251218-002943-64005,12,6,100.1167814773292,7.861360272418333
20251218-002943-64005,13,1,154.24174725274943,12.111355621991585
20251218-002943-64005,13,4,127.06294562370101,9.977224378200829
20251218-002943-64005,13,5,152.78827456563133,11.997226179644871
20251218-002943-64005,13,3,100.37742320781788,7.881826357276066
20251218-002943-64005,13,2,125.60389126242575,9.862656652173545
20251218-002943-64005,13,6,100.51518507116367,7.892643681041174
20251218-002943-64005,14,1,158.9837429167529,12.483706148795308
20251218-002943-64005,14,4,125.08187480436423,9.821666926131636
20251218-002943-64005,14,5,150.99723140759195,11.856590061293566
20251218-002943-64005,14,3,101.26694000020396,7.951672909174024
20251218-002943-64005,14,2,124.00636981727162,9.737216227122378
20251218-002943-64005,14,6,100.45639977042613,7.888027747318565
20251218-002943-64005,15,1,162.35434606825507,12.74837232481803
20251218-002943-64005,15,4,124.2008554738779,9.752487611118536
20251218-002943-64005,15,5,145.53403980346545,11.427609856341464
20251218-002943-64005,15,3,102.16994906831505,8.022578900246955
20251218-002943-64005,15,2,125.77829108640766,9.87635085835494
20251218-002943-64005,15,6,99.2332068948201,7.79198031415201
20251218-002943-64005,16,1,158.9449774099743,12.48066220740574
20251218-002943-64005,16,4,125.87770537194994,9.884157057309206
20251218-002943-64005,16,5,141.077535715122,11.077676671544603
20251218-002943-64005,16,3,102.61739881583802,8.057713506225845
20251218-002943-64005,16,2,126.93125159908301,9.966883512683879
20251218-002943-64005,16,6,98.90204422745991,7.765976791081475
20251218-002943-64005,17,1,156.0325233290397,12.251970768575509
20251218-002943-64005,17,4,127.02583426386771,9.974310323578377
20251218-002943-64005,17,5,138.63870872674852,10.886175333659082
20251218-002943-64005,17,3,103.20264621172429,8.103668245877543
20251218-002943-64005,17,2,128.5976806492329,10.09773469405769
20251218-002943-64005,17,6,97.11523154010182,7.625672857341548
20251218-002943-64005,18,1,158.93141905197186,12.479597579324542
20251218-002943-64005,18,4,128.2128196553002,10.06751467615998
20251218-002943-64005,18,5,137.51343853382457,10.79781697595067
20251218-002943-64005,18,3,104.00269159073983,8.166489332072258
20251218-002943-64005,18,2,129.27783231415114,10.151141497581614
20251218-002943-64005,18,6,95.3808491877406,7.489485853316419
20251218-002943-64005,19,1,160.15050310980016,12.575322380297296
20251218-002943-64005,19,4,128.48584319633716,10.08895300435303
20251218-002943-64005,19,5,137.26145005161013,10.77803036062049
20251218-002943-64005,19,3,105.35285179987832,8.272506481973595
20251218-002943-64005,19,2,131.27850972005842,10.308238496153088
20251218-002943-64005,19,6,92.58877219388772,7.270246652523907
20251218-002943-64005,20,1,162.46602012417827,12.757141184281348
20251218-002943-64005,20,4,128.91645249039885,10.122765265867223
20251218-002943-64005,20,5,138.81689808436153,10.900167101235269
20251218-002943-64005,20,3,106.44403428862627,8.358188208257856
20251218-002943-64005,20,2,130.71744228656328,10.264182413179373
20251218-002943-64005,20,6,89.9524856629474,7.063240415455262
20251218-002943-64005,21,1,162.94059291128542,12.794405542962114
20251218-002943-64005,21,4,129.8804015182705,10.198456378591041
20251218-002943-64005,21,5,136.9900963441218,10.756723150936516
20251218-002943-64005,21,3,108.54586166600855,8.523227695147233
20251218-002943-64005,21,2,127.43229806425592,10.006226634963912
20251218-002943-64005,21,6,88.28374360412496,6.932207612237243
20251218-002943-64005,22,1,162.6929997382494,12.774964055675907
20251218-002943-64005,22,4,129.6018251053953,10.176582028330333
20251218-002943-64005,22,5,133.259377875785,10.463780034689798
20251218-002943-64005,22,3,109.98121405702007,8.63593429734832
20251218-002943-64005,22,2,123.36585521365166,9.686921801108074
20251218-002943-64005,22,6,86.63129788999868,6.802454429027874
20251218-002943-64005,23,1,162.98359018657268,12.79778177087094
20251218-002943-64005,23,4,126.1951405391395,9.909082670933508
20251218-002943-64005,23,5,131.8184692197658,10.35063714398293
20251218-002943-64005,23,3,110.50279687179213,8.67688997289362
20251218-002943-64005,23,2,120.98371020647765,9.499871240290975
20251218-002943-64005,23,6,84.99609899861994,6.67405549917316
20251218-002943-64005,24,1,157.8367627789599,12.39364308488688
20251218-002943-64005,24,4,125.60104538673966,9.862433188597022
20251218-002943-64005,24,5,128.49379527974082,10.089577417080148
20251218-002943-64005,24,3,109.97769309556776,8.635657824752283
20251218-002943-64005,24,2,122.05592439853402,9.58406353980935
20251218-002943-64005,24,6,83.3791616496077,6.547090500389287
20251218-002943-64005,25,1,160.32580132064524,12.589087129525431
20251218-002943-64005,25,4,125.60881873820011,9.86304356695171
20251218-002943-64005,25,5,125.43039853270426,9.849033672760301
20251218-002943-64005,25,3,110.34886334263936,8.66480281914359
20251218-002943-64005,25,2,123.12008447017774,9.667623414460417
20251218-002943-64005,25,6,81.7815690197389,6.421644485778811
20251218-002943-64005,26,1,159.6365502773658,12.534965825490236
20251218-002943-64005,26,4,124.02339697656923,9.738553232084774
20251218-002943-64005,26,5,127.36773947687351,10.00115737178343
20251218-002943-64005,26,3,110.50381637241335,8.676970026023207
20251218-002943-64005,26,2,124.50433773849542,9.77631761627095
20251218-002943-64005,26,6,80.20447709947318,6.297808225913263
20251218-002943-64005,27,1,164.59254494181278,12.924119961195478
20251218-002943-64005,27,4,121.74341262798048,9.559524520661505
20251218-002943-64005,27,5,132.20174044598392,10.380732330293272
20251218-002943-64005,27,3,112.04910319940011,8.798308889417612
20251218-002943-64005,27,2,127.87711052486839,10.041154156154027
20251218-002943-64005,27,6,78.64911915463657,6.175678559173051
20251218-002943-64005,28,1,171.8312675209635,13.492518238358224
20251218-002943-64005,28,4,119.72476132155302,9.401016177204543
20251218-002943-64005,28,5,136.4940182257824,10.717770152708017
20251218-002943-64005,28,3,107.58376650205919,8.447682151347765
20251218-002943-64005,28,2,134.34807339934764,10.54926647973331
20251218-002943-64005,28,6,77.11681024479174,6.055358746538498
20251218-002943-64005,29,1,176.7523298573769,13.87892942116612
20251218-002943-64005,29,4,118.11155116624388,9.274343844765642
20251218-002943-64005,29,5,145.18224562569293,11.399986307797455
20251218-002943-64005,29,3,103.49763750977533,8.126831524171031
20251218-002943-64005,29,2,135.237033199172,10.619069295514986
20251218-002943-64005,29,6,75.60895173451958,5.9369588258242505
20251218-002943-64005,30,1,180.5096818275106,14.173963850675728
20251218-002943-64005,30,4,113.8427283373164,8.939147749744128
20251218-002943-64005,30,5,144.29663292304778,11.330446312458111
20251218-002943-64005,30,3,101.33685323326132,7.957162629326464
20251218-002943-64005,30,2,136.54538971669203,10.721803939969378
20251218-002943-64005,30,6,86.28141916793578,6.774981285712608
20251218-002943-64005,31,1,183.8434080149427,14.435734377277543
20251218-002943-64005,31,4,110.15294924957341,8.649419271597324
20251218-002943-64005,31,5,140.60951678335934,11.040926934061964
20251218-002943-64005,31,3,100.17002516211032,7.865541067906553
20251218-002943-64005,31,2,139.91930659755755,10.986730316330007
20251218-002943-64005,31,6,96.10494475947934,7.546343216059247
20251218-002943-64005,32,1,185.63675113729641,14.576551093205218
20251218-002943-64005,32,4,113.97669983362113,8.949667446673507
20251218-002943-64005,32,5,134.48117088524856,10.559717547701943
20251218-002943-64005,32,3,99.18928664431824,7.788531612472281
20251218-002943-64005,32,2,142.04677795747807,11.153783417546352
20251218-002943-64005,32,6,101.11405709064302,7.939668252074393
20251218-002943-64005,33,1,188.35984106493908,14.790373298229257
20251218-002943-64005,33,4,116.51553715956346,9.149021786653119
20251218-002943-64005,33,5,127.74119329101688,10.030481676208403
20251218-002943-64005,33,3,101.2189258237114,7.94790274463196
20251218-002943-64005,33,2,143.63452186710305,11.278456091894423
20251218-002943-64005,33,6,101.93469488203216,8.00410629369015
20251218-002943-64005,34,1,189.29603526237355,14.863885048830694
20251218-002943-64005,34,4,112.93704429784896,8.868031714827994
20251218-002943-64005,34,5,120.37655611544315,9.452196345232789
20251218-002943-64005,34,3,105.83519229721598,8.310380776048934
20251218-002943-64005,34,2,145.18096331950974,11.399885618674844
20251218-002943-64005,34,6,101.15765615910759,7.9430917339291245
20251218-002943-64005,35,1,189.5712135331996,14.885492570508712
20251218-002943-64005,35,4,111.32529702196331,8.741474250466286
20251218-002943-64005,35,5,113.68752735834326,8.926961073421376
20251218-002943-64005,35,3,109.65935378631956,8.610661216172335
20251218-002943-64005,35,2,143.40594558856202,11.26050784736614
20251218-002943-64005,35,6,102.35469760982201,8.037085707429116
20251218-002943-64005,36,1,191.40953718338005,15.029841243110099
20251218-002943-64005,36,4,114.96102945088504,9.026958882074629
20251218-002943-64005,36,5,111.29442877841156,8.73905041721919
20251218-002943-64005,36,3,111.26870968835993,8.73703090530729
20251218-002943-64005,36,2,141.52474388833372,11.112792308648693
20251218-002943-64005,36,6,104.178207333802,8.180271162344193
20251218-002943-64005,37,1,192.53761006613868,15.118419673359769
20251218-002943-64005,37,4,116.79848926916216,9.171239724950505
20251218-002943-64005,37,5,114.30003899974832,8.975056653533747
20251218-002943-64005,37,3,106.43472462230149,8.35745719553536
20251218-002943-64005,37,2,139.691133857428,10.968813758406005
20251218-002943-64005,37,6,107.10250464407277,8.409892554087675
20251218-002943-64005,38,1,193.98393344972305,15.231987738782992
20251218-002943-64005,38,4,115.67845819537916,9.083292752850673
20251218-002943-64005,38,5,117.55456970895607,9.230608600422139
20251218-002943-64005,38,3,104.34024356629409,8.192994555785422
20251218-002943-64005,38,2,138.52049349846357,10.876892848889588
20251218-002943-64005,38,6,105.4997607370799,8.284042051391006
20251218-002943-64005,39,1,194.99843140249587,15.311648049319283
20251218-002943-64005,39,4,115.95696968183,9.10516200496494
20251218-002943-64005,39,5,117.55553637168963,9.2306845046202
20251218-002943-64005,39,3,103.11146518800969,8.096508538315524
20251218-002943-64005,39,2,134.9570559390846,10.597084948064403
20251218-002943-64005,39,6,105.17621610714924,8.258636711121783
20251218-002943-64005,40,1,195.09020220573206,15.318854067492092
20251218-002943-64005,40,4,116.58793095929998,9.154706285623423
20251218-002943-64005,40,5,117.84667517480635,9.253545277677507
20251218-002943-64005,40,3,101.4594079599384,7.966785859770748
20251218-002943-64005,40,2,134.65429168286383,10.573311322298165
20251218-002943-64005,40,6,105.41328337378329,8.277251684199294
20251218-002943-64005,41,1,192.84244779173952,15.142356111888963
20251218-002943-64005,41,4,117.26275895568847,9.207695064559804
20251218-002943-64005,41,5,118.4258460549041,9.299022877741718
20251218-002943-64005,41,3,100.41966049511713,7.885142909481294
20251218-002943-64005,41,2,134.5663245366388,10.566403974514836
20251218-002943-64005,41,6,106.59324344142318,8.3699043949827
20251218-002943-64005,42,1,190.63968392402796,14.969390899627646
20251218-002943-64005,42,4,114.33537231585433,8.977831092777896
20251218-002943-64005,42,5,119.28885372836064,9.366787883156316
20251218-002943-64005,42,3,101.9045462087529,8.001738962470684
20251218-002943-64005,42,2,133.7623464645945,10.503274085776894
20251218-002943-64005,42,6,105.36262361369263,8.27327378339675
20251218-002943-64005,43,1,187.6599339434853,14.735415258649995
20251218-002943-64005,43,4,108.94812812192175,8.554814423054168
20251218-002943-64005,43,5,120.42959636142373,9.456361166319107
20251218-002943-64005,43,3,102.20408250455117,8.025259122639527
20251218-002943-64005,43,2,140.6102590739509,11.040985220132303
20251218-002943-64005,43,6,108.97476581782304,8.556906065646121
20251218-002943-64005,44,1,182.69451733871267,14.345521294253976
20251218-002943-64005,44,4,100.49137775621021,7.8907742853494
20251218-002943-64005,44,5,121.84027323371986,9.567130199816248
20251218-002943-64005,44,3,101.5862542523088,7.97674607212306
20251218-002943-64005,44,2,143.53085409337183,11.270315900950258
20251218-002943-64005,44,6,108.34091944059153,8.507135241462041
20251218-002943-64005,45,1,180.1457881548067,14.145390226756078
20251218-002943-64005,45,4,96.90377443750971,7.609068843098294
20251218-002943-64005,45,5,123.51163560370509,9.698368754855016
20251218-002943-64005,45,3,100.2851400236905,7.874580105980267
20251218-002943-64005,45,2,143.60592025054717,11.276210238513986
20251218-002943-64005,45,6,107.9532820469645,8.476697215374942
20251218-002943-64005,46,1,177.23727684598387,13.917008381897864
20251218-002943-64005,46,4,95.88233218935464,7.528863253268838
20251218-002943-64005,46,5,125.43326322503212,9.849258613855357
20251218-002943-64005,46,3,101.70160431300505,7.985803578479112
20251218-002943-64005,46,2,137.91665217594786,10.829478078721966
20251218-002943-64005,46,6,107.74515126992726,8.460354390546533
20251218-002943-64005,47,1,172.73164743714986,13.563217783416947
20251218-002943-64005,47,4,93.03773965865618,7.305500432550169
20251218-002943-64005,47,5,127.59384923655533,10.01891194055541
20251218-002943-64005,47,3,106.15085158442699,8.335166944196601
20251218-002943-64005,47,2,137.66296812854205,10.809558324385138
20251218-002943-64005,47,6,109.91821313750162,8.630987345213825
20251218-002943-64005,47,7,101.51707200403108,7.971313750287082
20251218-002943-64005,48,1,168.6857976464708,13.245529955829136
20251218-002943-64005,48,4,90.20676148711087,7.083206637229658
20251218-002943-64005,48,5,129.98147809847475,10.206393104086652
20251218-002943-64005,48,3,108.82830893102526,8.545405992086975
20251218-002943-64005,48,2,137.49630074206723,10.796471283916926
20251218-002943-64005,48,6,104.71985516638135,8.222802381285195
20251218-002943-64005,48,7,97.05107765912432,7.620635372478412
20251218-002943-64005,49,1,165.8843836830137,13.025557598408652
20251218-002943-64005,49,4,87.39072077555844,6.862085759704006
20251218-002943-64005,49,5,132.5838843158194,10.41073899443432
20251218-002943-64005,49,3,111.84567443812665,8.78233527581813
20251218-002943-64005,49,2,137.4169666336746,10.790241818698782
20251218-002943-64005,49,6,101.3154313906847,7.955480545466906
20251218-002943-64005,49,7,97.74935823706579,7.675465692764661
20251218-002943-64005,50,1,165.12438535925696,12.965881083229839
20251218-002943-64005,50,4,84.59110934270352,6.642254940417856
20251218-002943-64005,50,5,135.3886832708692,10.630977147838621
20251218-002943-64005,50,3,114.20016975398913,8.967214730237146
20251218-002943-64005,50,2,137.4251170532603,10.790881805160483
20251218-002943-64005,50,6,100.996493550275,7.930436939080744
20251218-002943-64005,50,7,96.5203499419573,7.578961621788046
20251218-002943-64005,51,1,162.34343219059213,12.74751534636735
20251218-002943-64005,51,4,94.33135836573018,7.407077836072191
20251218-002943-64005,51,5,138.38356904384185,10.866141280051655
20251218-002943-64005,51,3,109.57299655552536,8.603880282013408
20251218-002943-64005,51,2,137.52073644603044,10.79839002191
20251218-002943-64005,51,6,105.37434279766681,8.274193996032038
20251218-002943-64005,51,7,96.93629841767367,7.611622687936182
20251218-002943-64005,52,1,169.66868313281802,13.322707995321508
20251218-002943-64005,52,4,100.9740366634032,7.92867358157273
20251218-002943-64005,52,5,141.55647724758694,11.115284072427578
20251218-002943-64005,52,3,107.10497246475833,8.410086332065859
20251218-002943-64005,52,2,137.70364260058358,10.812752161361223
20251218-002943-64005,52,6,106.2500802587565,8.342958568605097
20251218-002943-64005,52,7,102.92777323544823,8.082084696508776
20251218-002943-64005,53,1,172.15431241328488,13.517884338279027
20251218-002943-64005,53,4,106.2152281720625,8.340221916410488
20251218-002943-64005,53,5,144.89571341528466,11.377487253169116
20251218-002943-64005,53,3,110.95194819076643,8.712158189502127
20251218-002943-64005,53,2,137.9734883792331,10.833940965602151
20251218-002943-64005,53,6,108.70314523788382,8.53557790062926
20251218-002943-64005,53,7,107.08844875868739,8.408788859209237
20251218-002943-64005,54,1,174.8995956875616,13.733449207129913
20251218-002943-64005,54,4,108.51087933992214,8.520480816307597
20251218-002943-64005,54,3,106.34094433859018,8.350093389130226
20251218-002943-64005,54,2,138.32976499240462,10.861916483506837
20251218-002943-64005,54,6,110.68529751065152,8.691220270480596
20251218-002943-64005,54,7,114.04980108982427,8.955407496472345
20251218-002943-64005,55,1,174.8234253167402,13.727468164608624
20251218-002943-64005,55,4,109.00499256112056,8.559279527072041
20251218-002943-64005,55,3,104.31890907675803,8.191319331052902
20251218-002943-64005,55,2,138.77180674556283,10.896626443473089
20251218-002943-64005,55,6,111.30510287827119,8.739888567860293
20251218-002943-64005,55,7,120.60024072964148,9.469760486964695
20251218-002943-64005,56,1,173.5545420422142,13.627833034338742
20251218-002943-64005,56,4,110.31569659989556,8.662198503364314
20251218-002943-64005,56,3,105.13109663366036,8.255093844170169
20251218-002943-64005,56,2,139.29879715653038,10.938006733766018
20251218-002943-64005,56,6,111.40662605271456,8.747860360785733
20251218-002943-64005,56,7,117.66189144401861,9.23903570736603
20251218-002943-64005,57,1,173.67519674971584,13.637307071660333
20251218-002943-64005,57,4,111.41594170768148,8.748591843747809
20251218-002943-64005,57,3,107.21691073909659,8.418875938462117
20251218-002943-64005,57,2,139.90977631437687,10.985981980352003
20251218-002943-64005,57,6,111.21013405504969,8.732431435070213
20251218-002943-64005,57,7,109.66823504856724,8.61135858979115
20251218-002943-64005,58,1,172.86450612956017,13.573650100866109
20251218-002943-64005,58,4,113.04822391487915,8.876761750008177
20251218-002943-64005,58,3,109.40276865395609,8.59051366312188
20251218-002943-64005,58,2,140.60364932915564,11.040466210388105
20251218-002943-64005,58,6,107.2058954892326,8.41801100007323
20251218-002943-64005,58,7,101.5455437713883,7.973549407661248
20251218-002943-64005,59,1,161.55205401877947,12.68537482578184
20251218-002943-64005,59,4,113.77030928161416,8.933461267627315
20251218-002943-64005,59,3,115.02446478585722,9.031939945337543
20251218-002943-64005,59,2,141.37919570526554,11.101363588236284
20251218-002943-64005,59,6,97.95375335925038,7.69151518686253
20251218-002943-64005,59,7,95.32955735131895,7.485458320677091
20251218-002943-64005,60,1,157.51777394288533,12.368595474224032
20251218-002943-64005,60,4,116.50479102607291,9.148177979794186
20251218-002943-64005,60,3,119.73537073233685,9.401849248336266
20251218-002943-64005,60,2,142.2350794604264,11.168569210024607
20251218-002943-64005,60,6,92.10891831977288,7.232567612837772
20251218-002943-64005,60,7,93.39944231116125,7.333902013392794
20251218-002943-64005,61,1,151.34825617431093,11.884153194216935
20251218-002943-64005,61,4,118.11995160509159,9.275003463215754
20251218-002943-64005,61,3,124.3345048472207,9.762982014339725
20251218-002943-64005,61,2,143.16985980720332,11.241969942380887
20251218-002943-64005,61,6,88.52926235060423,6.951486211601158
20251218-002943-64005,61,7,93.23552890921255,7.321031221032292
20251218-002943-64005,62,1,150.06197072453676,11.783151612018308
20251218-002943-64005,62,4,117.67552434956677,9.24010618906243
20251218-002943-64005,62,3,129.53571873742945,10.17139123047195
20251218-002943-64005,62,6,90.50966522009637,7.106991214976983
20251218-002943-64005,62,7,96.18583242180463,7.552694669289662
20251218-002943-64005,63,1,149.8532250570031,11.766760504817562
20251218-002943-64005,63,4,117.13187262464501,9.197417620679921
20251218-002943-64005,63,3,129.4714990950455,10.16634858189799
20251218-002943-64005,63,6,94.84915577680432,7.4477362745129145
20251218-002943-64005,63,7,101.7595632014826,7.990354620737839
20251218-002943-64005,64,1,150.00235966290055,11.778470837977947
20251218-002943-64005,64,4,116.99520264480479,9.186686033686273
20251218-002943-64005,64,3,126.33897673405642,9.920376962777196
20251218-002943-64005,64,6,95.44937365471998,7.494866524912642
20251218-002943-64005,64,7,108.98584329327947,8.557775890106983
20251218-002943-64005,65,1,149.0231815335869,11.701583907217488
20251218-002943-64005,65,4,116.32280855699011,9.133888369884502
20251218-002943-64005,65,3,125.1413687165245,9.826338501372131
20251218-002943-64005,65,6,103.88160104661117,8.15698107202902
20251218-002943-64005,65,7,120.4727489786932,9.459749591976097
20251218-002943-64005,66,1,143.4308689151288,11.262464874414327
20251218-002943-64005,66,4,115.31799292975883,9.054988333981832
20251218-002943-64005,66,3,122.80532200148274,9.642907666209883
20251218-002943-64005,66,6,111.70544224556544,8.771323977100298
20251218-002943-64005,66,7,114.74691406601498,9.01014613444638
20251218-002943-64005,67,1,141.77861264288236,11.132726566542003
20251218-002943-64005,67,4,116.7533013713708,9.167691485192401
20251218-002943-64005,67,3,121.33983217791186,9.527834615432056
20251218-002943-64005,67,6,116.70685539287132,9.164044458542108
20251218-002943-64005,67,7,120.9125600156657,9.494284391860868
20251218-002943-64005,68,1,142.05226430683987,11.154214216142522
20251218-002943-64005,68,4,116.39361046694047,9.13944787063834
20251218-002943-64005,68,3,121.74184883264145,9.559401728474512
20251218-002943-64005,68,6,117.66290189765412,9.239115050109076
20251218-002943-64005,68,7,127.6777419772321,10.025499358258706
20251218-002943-64005,69,1,144.09879072398334,11.314911366358338
20251218-002943-64005,69,4,117.55673874028788,9.230778916891465
20251218-002943-64005,69,3,121.23261094135614,9.519415399822238
20251218-002943-64005,69,6,114.6895046854156,9.005638240592337
20251218-002943-64005,69,7,134.9523255385453,10.596713508008865
20251218-002943-64005,69,8,131.32245037514048,10.311688800039297
20251218-002943-64005,70,1,145.7926223286572,11.447914248479202
20251218-002943-64005,70,4,121.22308082414904,9.518667076876794
20251218-002943-64005,70,3,115.33835742670698,9.056587393049789
20251218-002943-64005,70,6,112.20692464118952,8.810701329469232
20251218-002943-64005,70,7,142.65840418675836,11.201809473413139
20251218-002943-64005,70,8,136.56801550396705,10.723580559858584
20251218-002943-64005,71,1,147.6628570335596,11.594768637845954
20251218-002943-64005,71,4,125.24604392233941,9.83455779780134
20251218-002943-64005,71,3,108.48744030342917,8.518640338541626
20251218-002943-64005,71,6,112.31469890108384,8.81916396952438
20251218-002943-64005,71,7,150.72981173927633,11.835591759854603
20251218-002943-64005,71,8,146.61430413168404,11.51243426787622
20251218-002943-64005,72,1,150.59834921755564,11.82526907238586
20251218-002943-64005,72,4,128.92108854150686,10.123129297425805
20251218-002943-64005,72,3,107.92788531570643,8.474703015689181
20251218-002943-64005,72,6,112.96948934109919,8.870579361389145
20251218-002943-64005,72,7,159.11096050805867,12.493695516246863
20251218-002943-64005,72,8,144.76911979268496,11.367546880928204
20251218-002943-64005,73,1,154.3155749504567,12.117152713360241
20251218-002943-64005,73,4,132.0837070770945,10.371464125469716
20251218-002943-64005,73,3,107.15287676015065,8.413847868534754
20251218-002943-64005,73,6,112.65471254419565,8.845862488060403
20251218-002943-64005,73,7,167.7554324176433,13.17247590693924
20251218-002943-64005,73,8,143.43773612982608,11.263004101185372
20251218-002943-64005,74,1,157.74017519348897,12.386058843803362
20251218-002943-64005,74,4,133.81193500975752,10.507167872744066
20251218-002943-64005,74,3,108.25759573935527,8.500592505818886
20251218-002943-64005,74,6,112.61084267844986,8.842417742687637
20251218-002943-64005,74,7,176.62456851315483,13.868897357200444
20251218-002943-64005,74,8,138.22176282547042,10.853435947757054
20251218-002943-64005,74,9,146.5783536902319,11.509611370775081
20251218-002943-64005,75,1,160.6747812052647,12.616489694413536
20251218-002943-64005,75,4,137.20291125057918,10.7734337825241
20251218-002943-64005,75,3,110.39441647712957,8.668379737982582
20251218-002943-64005,75,6,110.34605006267225,8.664581915044973
20251218-002943-64005,75,7,185.68617892638085,14.58043225729907
20251218-002943-64005,75,8,135.97514710516148,10.677027404549674
20251218-002943-64005,75,9,154.2294464386667,12.110389738652934
20251218-002943-64005,76,1,163.34177773880418,12.82590733934844
20251218-002943-64005,76,4,137.32754626552907,10.783220361163778
20251218-002943-64005,76,3,112.83118591747251,8.85971951327982
20251218-002943-64005,76,6,105.82891833355376,8.309888132478525
20251218-002943-64005,76,7,194.91342085935455,15.304972859638527
20251218-002943-64005,76,8,131.74980735346787,10.34524568353065
20251218-002943-64005,76,9,157.83617104494053,12.393596620805205
20251218-002943-64005,77,1,155.61268312416183,12.219004116444985
20251218-002943-64005,77,4,134.8391826470768,10.587829312782329
20251218-002943-64005,77,3,115.73940828385311,9.088078669827418
20251218-002943-64005,77,6,107.56829179549828,8.446467047929636
20251218-002943-64005,77,7,204.2838514491686,16.040756907899194
20251218-002943-64005,77,8,129.0738215365781,10.135122182954316
20251218-002943-64005,77,9,159.70548311381742,12.540378563034826
20251218-002943-64005,78,1,152.13758890036743,11.946133102507787
20251218-002943-64005,78,4,136.01671958005412,10.680291754419143
20251218-002943-64005,78,3,117.08061160012244,9.193392507449564
20251218-002943-64005,78,6,109.47004577917184,8.595796391068278
20251218-002943-64005,78,7,213.77864261827057,16.786305985588918
20251218-002943-64005,78,8,130.13193187572355,10.218207021092832
20251218-002943-64005,78,9,151.67087313684561,11.90948569227624
20251218-002943-64005,79,1,153.98472387910365,12.091173657401368
20251218-002943-64005,79,4,136.20640439724772,10.695186167365332
20251218-002943-64005,79,3,118.7924014871878,9.327805508090725
20251218-002943-64005,79,6,109.83555733322238,8.6244970541112
20251218-002943-64005,79,7,223.3819371872056,17.540374956789837
20251218-002943-64005,79,8,132.96789460597483,10.440892213451967
20251218-002943-64005,79,9,142.94219749750516,11.224093464426057
20251218-002943-64005,80,1,142.98980847328068,11.22783196888025
20251218-002943-64005,80,4,134.18950897395894,10.536815699195067
20251218-002943-64005,80,3,120.30840891704587,9.446845297483833
20251218-002943-64005,80,6,107.66254200498338,8.453867753801118
20251218-002943-64005,80,7,233.08032398360282,18.301910750716733
20251218-002943-64005,80,8,138.20704600497962,10.852280354995926
20251218-002943-64005,80,9,133.8303747002946,10.508615792348403
20251218-002943-64005,81,1,136.98006380894373,10.755935377175545
20251218-002943-64005,81,4,129.90359680054857,10.200277716312028
20251218-002943-64005,81,3,121.69433309326993,9.555670702164058
20251218-002943-64005,81,6,114.1888126382783,8.966322947891161
20251218-002943-64005,81,7,242.86241113043405,19.070018855498812
20251218-002943-64005,81,8,142.02999521552928,11.15246560469948
20251218-002943-64005,81,9,129.23703886765932,10.147938318505203
20251218-002943-64005,82,1,133.57595827732126,10.488638530487798
20251218-002943-64005,82,4,129.78188874603455,10.190720968177786
20251218-002943-64005,82,3,125.25818104286529,9.835510827610287
20251218-002943-64005,82,6,121.442757372233,9.535916497627303
20251218-002943-64005,82,8,143.88053918669405,11.297773840168198
20251218-002943-64005,82,9,124.32615626970333,9.76232646814
20251218-002943-64005,83,1,130.50128713726278,10.247209499364976
20251218-002943-64005,83,4,125.53896775278534,9.857558734602666
20251218-002943-64005,83,3,127.34665339466108,9.999501652466849
20251218-002943-64005,83,6,123.80362105026612,9.721296007967313
20251218-002943-64005,83,8,145.471280633976,11.42268188687946
20251218-002943-64005,83,9,124.0443324574879,9.74019712590107
20251218-002943-64005,84,1,133.1475806023251,10.455001499950932
20251218-002943-64005,84,4,126.31723117902524,9.91866946039946
20251218-002943-64005,84,3,128.29761172421107,10.074172710828254
20251218-002943-64005,84,6,124.94501303690635,9.810920279609144
20251218-002943-64005,84,8,137.52169226060568,10.798465074290018
20251218-002943-64005,84,9,128.58430775304814,10.096684628791479
20251218-002943-64005,85,1,133.65243124941063,10.494643333836708
20251218-002943-64005,85,4,116.86191872346257,9.176220326451874
20251218-002943-64005,85,3,128.76505940942957,10.110877592944773
20251218-002943-64005,85,6,123.0667219903543,9.663433290959325
20251218-002943-64005,85,8,138.09627569652207,10.843582459504061
20251218-002943-64005,85,9,132.5811629449333,10.410525307211712
20251218-002943-64005,86,1,138.46805570499285,10.872775333521224
20251218-002943-64005,86,4,111.9589963643363,8.791233529193368
20251218-002943-64005,86,3,129.73144466542695,10.186760002938835
20251218-002943-64005,86,6,126.47937434294151,9.931401250299679
20251218-002943-64005,86,8,129.57620943198532,10.174570636890008
20251218-002943-64005,86,9,136.1188991857531,10.688315091576413
20251218-002943-64005,87,1,142.75702764655892,11.209553575224684
20251218-002943-64005,87,4,112.14474806365685,8.805819106236747
20251218-002943-64005,87,3,130.90376504366256,10.278812830766652
20251218-002943-64005,87,6,129.7394144544354,10.187385805943746
20251218-002943-64005,87,8,125.35627893815762,9.843213661096135
20251218-002943-64005,87,9,139.1479172677998,10.926159357675107
20251218-002943-64005,88,1,139.31800927752533,10.93951530608037
20251218-002943-64005,88,4,114.79716387684924,9.014091845252898
20251218-002943-64005,88,3,131.75892593018168,10.345961691533114
20251218-002943-64005,88,6,133.33039320640935,10.469356293641246
20251218-002943-64005,88,8,120.7061147785303,9.478073918834287
20251218-002943-64005,88,9,140.61175001545894,11.041102291697795
20251218-002943-64005,89,1,137.35319666842983,10.785234479629834
20251218-002943-64005,89,4,121.10320510317291,9.509254207060133
20251218-002943-64005,89,3,130.38210445431437,10.237851048213576
20251218-002943-64005,89,6,137.22633276077093,10.775272884091535
20251218-002943-64005,89,8,118.7887472922055,9.327518573744277
20251218-002943-64005,89,9,139.13538276412584,10.92517512458488
20251218-002943-64005,90,1,139.4504903658309,10.949917973336387
20251218-002943-64005,90,4,127.25719184715678,9.992476961450203
20251218-002943-64005,90,3,129.01276109637985,10.130327600950103
20251218-002943-64005,90,6,141.40202832407348,11.103156448931198
20251218-002943-64005,90,8,119.44676747257202,9.379187570969826
20251218-002943-64005,90,9,135.0199864064279,10.602026368159988
20251218-002943-64005,91,1,145.93987094185377,11.459476489902379
20251218-002943-64005,91,4,132.66707700890248,10.417271443067888
20251218-002943-64005,91,3,127.00995973017797,9.973063824972947
20251218-002943-64005,91,6,145.8334508477135,11.451120181520144
20251218-002943-64005,91,8,118.22540444867927,9.283283821243257
20251218-002943-64005,91,9,131.95268903859585,10.361176339669724
20251218-002943-64005,92,1,150.49808105690914,11.8173958255329
20251218-002943-64005,92,4,129.65082952160682,10.180429948380237
20251218-002943-64005,92,3,122.33428750676127,9.605921140983037
20251218-002943-64005,92,6,150.49801234216017,11.817390429919998
20251218-002943-64005,92,8,113.61821391662095,8.92151845002638
20251218-002943-64005,92,9,138.6427394959643,10.88649183733122
20251218-002943-64005,93,1,156.90472235972945,12.32045749685751
20251218-002943-64005,93,4,121.2104403900248,9.517674525925953
20251218-002943-64005,93,3,118.79633530159269,9.32811439868654
20251218-002943-64005,93,6,155.37471677376487,12.200318545598837
20251218-002943-64005,93,8,115.33208582766883,9.056094935154164
20251218-002943-64005,93,9,143.13450894798146,11.239194125617885
20251218-002943-64005,94,1,159.8171134741618,12.549143991438113
20251218-002943-64005,94,4,122.19812052090792,9.595229050034778
20251218-002943-64005,94,3,116.76522843321634,9.168628020793882
20251218-002943-64005,94,6,160.44422104554732,12.598385671758601
20251218-002943-64005,94,8,118.44871095165227,9.300818272961946
20251218-002943-64005,94,9,146.7206237705995,11.520782688322969
20251218-002943-64005,95,1,161.9793233614849,12.718924827957322
20251218-002943-64005,95,4,123.53727386479255,9.700381919922778
20251218-002943-64005,95,3,117.52545826867227,9.228322714712041
20251218-002943-64005,95,6,165.68882908058526,13.010202278751601
20251218-002943-64005,95,8,119.18747357825642,9.358827320774258
20251218-002943-64005,95,9,139.7519673014659,10.973590516239577
20251218-002943-64005,96,1,163.37458901983297,12.828483743597165
20251218-002943-64005,96,4,118.64166798598053,9.315969626626819
20251218-002943-64005,96,3,118.55138350542539,9.308880317340416
20251218-002943-64005,96,6,171.092438927255,13.434504010683296
20251218-002943-64005,96,8,120.83425158824812,9.488135465065458
20251218-002943-64005,96,9,135.55525842716366,10.644056946217495
20251218-002943-64005,96,10,114.64222828838729,9.001926007898305
20251218-002943-64005,97,1,163.66237871484316,12.851081538310298
20251218-002943-64005,97,4,119.39085617768875,9.374797309658096
20251218-002943-64005,97,3,118.29656741333024,9.288871672699523
20251218-002943-64005,97,6,176.6404591107476,13.870145117174122
20251218-002943-64005,97,8,111.98893503482844,8.79358437059421
20251218-002943-64005,97,9,133.62908955804,10.492810499795057
20251218-002943-64005,97,10,114.63943804124918,9.00170691238127
20251218-002943-64005,98,1,159.765457080837,12.545087833096746
20251218-002943-64005,98,4,121.8151685138799,9.565158929422934
20251218-002943-64005,98,3,118.10076540743766,9.27349692645149
20251218-002943-64005,98,6,182.31970681315022,14.316090458265625
20251218-002943-64005,98,8,113.48201398703014,8.910823772273142
20251218-002943-64005,98,9,139.8224071201913,10.979121584901124
20251218-002943-64005,98,10,112.21597577491424,8.811412041719805
20251218-002943-64005,99,1,159.70060416731232,12.539995458867267
20251218-002943-64005,99,4,123.13300437333422,9.66863790985169
20251218-002943-64005,99,3,118.83240305341405,9.330946507221192
20251218-002943-64005,99,6,188.11829722493385,14.771406816088655
20251218-002943-64005,99,8,118.10192525564439,9.273587999940668
20251218-002943-64005,99,9,144.81430190856796,11.371094666679854
20251218-002943-64005,99,10,114.1463549986233,8.962989093199477
20251218-002943-64005,100,1,156.8675422676576,12.317538045248844
20251218-002943-64005,100,4,124.95092488018697,9.811384488797827
20251218-002943-64005,100,3,118.61720002423527,9.31404835569129
20251218-002943-64005,100,6,194.0255307169193,15.235254035391335
20251218-002943-64005,100,8,120.85086118194734,9.489439681982155
20251218-002943-64005,100,9,149.07812423547972,11.705898112763713
20251218-002943-64005,100,10,114.37748159955528,8.981137593896907
20251218-002943-64005,101,1,152.58332640095117,11.981133259597431
20251218-002943-64005,101,4,125.12950962338566,9.82540730280289
20251218-002943-64005,101,3,117.70885454717421,9.242723339628764
20251218-002943-64005,101,6,200.03178234959054,15.70687634760002
20251218-002943-64005,101,8,125.13466877571918,9.82581240926552
20251218-002943-64005,101,9,142.4872586695768,11.188370801596882
20251218-002943-64005,101,10,113.0189909049348,8.874466318416903
20251218-002943-64005,102,1,149.87699421099472,11.768626904037967
20251218-002943-64005,102,4,125.11953550173774,9.82462411578351
20251218-002943-64005,102,3,113.72069142852327,8.929565179345854
20251218-002943-64005,102,8,124.71807032864689,9.793100306129174
20251218-002943-64005,102,9,141.29621229345997,11.094847572767032
20251218-002943-64005,102,10,112.40648939419566,8.826371533783709
20251218-002943-64005,103,1,149.06409275194912,11.704796333965366
20251218-002943-64005,103,4,125.35726267347812,9.843290905866223
20251218-002943-64005,103,3,102.19577543473632,8.02460683570362
20251218-002943-64005,103,8,127.61523184263947,10.020590943490886
20251218-002943-64005,103,9,141.91933210861677,11.14377612687701
20251218-002943-64005,103,10,115.11010623554263,9.038664675001188
20251218-002943-64005,104,1,147.100294930453,11.55059519056897
20251218-002943-64005,104,4,125.02475897218038,9.817182082258006
20251218-002943-64005,104,3,93.37360026330329,7.331872846599867
20251218-002943-64005,104,8,131.13716683830563,10.29713998400553
20251218-002943-64005,104,9,142.5289445134147,11.191644053411753
20251218-002943-64005,104,10,116.76075543921138,9.168276792789442
20251218-002943-64005,105,1,144.87609166109323,11.375946515676366
20251218-002943-64005,105,4,123.49423048058836,9.697002071454017
20251218-002943-64005,105,3,97.38196565437924,7.646617327772352
20251218-002943-64005,105,8,131.83704182162205,10.352095500037066
20251218-002943-64005,105,9,142.24959402772745,11.169708921480252
20251218-002943-64005,105,10,119.15656978693943,9.356400696248963
20251218-002943-64005,106,1,142.10950401071585,11.158708786657233
20251218-002943-64005,106,4,122.86756182934879,9.647794855978955
20251218-002943-64005,106,3,104.19110278437964,8.181283737672425
20251218-002943-64005,106,8,133.6124544196626,10.491504277061601
20251218-002943-64005,106,9,143.44520989619605,11.26359095554844
20251218-002943-64005,106,10,119.66094808584484,9.396005440456435
20251218-002943-64005,107,1,142.72934650253106,11.207379999099436
20251218-002943-64005,107,4,123.2035270733353,9.674175486508782
20251218-002943-64005,107,3,113.92621179117123,8.94570302946701
20251218-002943-64005,107,8,135.19934913966756,10.616110271424116
20251218-002943-64005,107,9,145.48883384484262,11.424060198412493
20251218-002943-64005,107,10,117.75383100469878,9.246254976694603
20251218-002943-64005,108,1,145.07176812258157,11.391311403938781
20251218-002943-64005,108,4,125.11414987219857,9.824201225899552
20251218-002943-64005,108,3,121.66777596357691,9.553585385784151
20251218-002943-64005,108,8,136.24961130921372,10.698578856345254
20251218-002943-64005,108,9,147.32457857646818,11.568206369419501
20251218-002943-64005,108,10,117.37677933238362,9.216648161596792
20251218-002943-64005,109,1,148.10395678780935,11.629404630264647
20251218-002943-64005,109,4,126.48436742100918,9.931793316294801
20251218-002943-64005,109,3,128.8508703983324,10.117615635150518
20251218-002943-64005,109,8,134.90424346005946,10.592938011673024
20251218-002943-64005,109,9,147.52145979056968,11.58366585715057
20251218-002943-64005,109,10,114.39065349888229,8.982171876507211
20251218-002943-64005,110,1,151.38028144828309,11.886667879695263
20251218-002943-64005,110,4,125.99208662515184,9.893138491056499
20251218-002943-64005,110,3,135.55099577617574,10.643722234747178
20251218-002943-64005,110,8,132.59876011753985,10.41190707070425
20251218-002943-64005,110,9,147.37612238560126,11.57225368743581
20251218-002943-64005,110,10,117.24451859778902,9.206262796933643
20251218-002943-64005,111,1,155.41327121757843,12.203345913922595
20251218-002943-64005,111,4,125.76260359603492,9.87511904674683
20251218-002943-64005,111,3,126.94704803696358,9.968123879057703
20251218-002943-64005,111,8,126.554864216032,9.937328858843687
20251218-002943-64005,111,9,143.94441606971574,11.302789574624526
20251218-002943-64005,111,10,118.06853128983978,9.270965842174096
20251218-002943-64005,112,1,155.89092520470723,12.240852214294694
20251218-002943-64005,112,4,122.79644351678017,9.6422105106892
20251218-002943-64005,112,3,117.25980817492392,9.207463363636814
20251218-002943-64005,112,8,123.07625440282776,9.664181794133452
20251218-002943-64005,112,9,141.7862060504144,11.133322815356873
20251218-002943-64005,112,10,118.967246774295,9.341534692884737
20251218-002943-64005,113,1,156.0153218839743,12.250620078362843
20251218-002943-64005,113,4,115.79845958771652,9.092715490621856
20251218-002943-64005,113,3,111.49104372089128,8.754488996795622
20251218-002943-64005,113,8,121.5045451574311,9.54076819214554
20251218-002943-64005,113,9,141.2718602449003,11.092935403555495
20251218-002943-64005,113,10,119.90834142761004,9.415431236610841
20251218-002943-64005,114,1,156.92424095043762,12.321990133757165
20251218-002943-64005,114,4,110.54903852912476,8.68052095585693
20251218-002943-64005,114,3,114.52160929483524,8.992454774904026
20251218-002943-64005,114,8,120.84802316747869,9.48921683568339
20251218-002943-64005,114,9,138.9353724215669,10.909469931730458
20251218-002943-64005,114,10,122.4685947571266,9.616467201960424
20251218-002943-64005,115,1,163.62434530920112,12.84809508289566
20251218-002943-64005,115,4,108.17870153251049,8.494397582507714
20251218-002943-64005,115,3,118.93696860951015,9.339157193745741
20251218-002943-64005,115,8,120.75375451457516,9.481814681599582
20251218-002943-64005,115,9,136.55144069391028,10.72227907421971
20251218-002943-64005,115,10,122.89071960676944,9.649613248747139
20251218-002943-64005,116,1,163.56645620357014,12.843549520118893
20251218-002943-64005,116,4,107.48771982968002,8.44014038378994
20251218-002943-64005,116,3,121.81184226054118,9.564897745678639
20251218-002943-64005,116,8,121.50786917156672,9.541029200063345
20251218-002943-64005,116,9,136.16830774519718,10.692194745722297
20251218-002943-64005,116,10,123.06682030470112,9.663441010788997
20251218-002943-64005,117,1,161.85603874758655,12.70924428537895
20251218-002943-64005,117,4,109.78216841755304,8.620304854817164
20251218-002943-64005,117,3,123.52062143238977,9.699074339229526
20251218-002943-64005,117,8,127.30785232327285,9.996454918476427
20251218-002943-64005,117,9,137.00922525794329,10.758225189665204
20251218-002943-64005,117,10,125.03665956461064,9.81811653943061
20251218-002943-64005,118,1,160.9316193493449,12.636657114425644
20251218-002943-64005,118,4,113.77306201662407,8.933677417620634
20251218-002943-64005,118,3,126.43778036177336,9.928135211716517
20251218-002943-64005,118,8,131.39266551053322,10.317202226137839
20251218-002943-64005,118,9,139.40968174626423,10.946713602841253
20251218-002943-64005,118,10,127.59619541525008,10.019096166972908
20251218-002943-64005,119,1,163.95397787280768,12.873978459306626
20251218-002943-64005,119,4,116.38002682452493,9.138381257176896
20251218-002943-64005,119,3,125.07190269721472,9.820883897294506
20251218-002943-64005,119,8,135.70284451084015,10.65564568646519
20251218-002943-64005,119,9,130.7906931846192,10.269934213141362
20251218-002943-64005,119,10,129.9759175185359,10.205956476764262
20251218-002943-64005,120,1,166.33219507342395,13.060720601275506
20251218-002943-64005,120,4,117.03181386914707,9.189560816717869
20251218-002943-64005,120,3,121.9385282373449,9.574845369747464
20251218-002943-64005,120,8,131.92283344880886,10.35883202192401
20251218-002943-64005,120,9,124.94274753603123,9.81074238816763
20251218-002943-64005,120,10,130.04118981498593,10.211081781739411
20251218-002943-64005,121,1,167.5022060497434,13.152592090468492
20251218-002943-64005,121,4,114.29699458797252,8.974817600525508
20251218-002943-64005,121,3,117.63879281381087,9.237221958949602
20251218-002943-64005,121,8,130.25043873129007,10.227512404991643
20251218-002943-64005,121,9,123.12593839556531,9.668083075825878
20251218-002943-64005,121,10,124.81540923952127,9.80074354271366
20251218-002943-64005,122,1,167.00540434648923,13.113582274975009
20251218-002943-64005,122,4,110.70072048543352,8.692431311820963
20251218-002943-64005,122,3,114.66194151234455,9.003473927771198
20251218-002943-64005,122,8,131.5326212941798,10.328191820701498
20251218-002943-64005,122,9,122.06601361654945,9.584855764414614
20251218-002943-64005,122,10,121.09583834356796,9.508675755071962
20251218-002943-64005,123,1,166.66440859197238,13.08680663918183
20251218-002943-64005,123,4,108.84818996405893,8.546967088648005
20251218-002943-64005,123,3,118.25180948699793,9.285357195118916
20251218-002943-64005,123,8,131.5425043069662,10.32896785367963
20251218-002943-64005,123,9,121.99462464068692,9.579250166127764
20251218-002943-64005,123,10,121.23953660420497,9.519959216053408
20251218-002943-64005,124,1,168.2168023697679,13.208703553883135
20251218-002943-64005,124,4,105.60634149899329,8.292410975712647
20251218-002943-64005,124,3,119.14814580353665,9.355739229035565
20251218-002943-64005,124,8,133.7517698903782,10.502443593034965
20251218-002943-64005,124,9,119.67215011221418,9.396885044892086
20251218-002943-64005,124,10,122.23381102059463,9.598031536013648
20251218-002943-64005,125,1,168.4220108516817,13.224816914535323
20251218-002943-64005,125,4,101.38660236380873,7.961069025763722
20251218-002943-64005,125,3,116.53081775414954,9.150221648029456
20251218-002943-64005,125,8,134.83447914871707,10.587459985137142
20251218-002943-64005,125,9,121.44634782994872,9.536198427202242
20251218-002943-64005,125,10,121.55910192125215,9.545052093099663
20251218-002943-64005,126,1,160.2592841330027,12.583864073323964
20251218-002943-64005,126,4,101.9731824260212,8.00712840891233
20251218-002943-64005,126,3,111.67870460907724,8.769224486983207
20251218-002943-64005,126,8,136.48744358231284,10.717253899186735
20251218-002943-64005,126,9,120.4646924052781,9.459116974494366
20251218-002943-64005,126,10,119.50775820034988,9.383976679022078
20251218-002943-64005,127,1,163.84509549399047,12.865428807644143
20251218-002943-64005,127,4,103.67067599235595,8.14041883523403
20251218-002943-64005,127,3,106.23625867012495,8.341873271153798
20251218-002943-64005,127,8,137.19569590943308,10.772867220201572
20251218-002943-64005,127,9,121.08597453158518,9.507901229777483
20251218-002943-64005,127,10,118.9725985109432,9.341954921434375
20251218-002943-64005,128,1,164.48567083668746,12.915728003006404
20251218-002943-64005,128,4,102.559597865959,8.053174865606543
20251218-002943-64005,128,3,104.10306124674612,8.174370548534084
20251218-002943-64005,128,8,136.4783272153572,10.716538064698689
20251218-002943-64005,128,9,122.30245718992389,9.603421763910067
20251218-002943-64005,128,10,120.46512176402392,9.45915068856045
20251218-002943-64005,129,1,167.05228411184657,13.117263363395175
20251218-002943-64005,129,4,101.26313318184647,7.9513739905496115
20251218-002943-64005,129,3,99.23120304228512,7.791822967836259
20251218-002943-64005,129,8,134.14527523141794,10.533342381523633
20251218-002943-64005,129,9,127.34735044391195,9.999556386100991
20251218-002943-64005,129,10,121.18282436685871,9.515506063214742
20251218-002943-64005,130,1,167.10423110811237,13.121342340432685
20251218-002943-64005,130,4,98.32102315684716,7.720353910535846
20251218-002943-64005,130,3,101.39744022616975,7.961920035348185
20251218-002943-64005,130,8,134.11773198743128,10.53117963357214
20251218-002943-64005,130,9,133.32561495539917,10.468981096275641
20251218-002943-64005,130,10,118.9381053833623,9.339246455392672
20251218-002943-64005,131,1,165.98378275019493,13.033362602388237
20251218-002943-64005,131,4,95.30179365733342,7.483278262572018
20251218-002943-64005,131,3,105.10595255674332,8.253119483384241
20251218-002943-64005,131,8,132.34211313068386,10.39175466072129
20251218-002943-64005,131,9,138.90404026196586,10.90700967091202
20251218-002943-64005,131,10,115.17899020946706,9.044073575767124
20251218-002943-64005,132,1,162.02161172366863,12.722245390659712
20251218-002943-64005,132,4,96.10955117452524,7.546704920537815
20251218-002943-64005,132,3,110.37795779515027,8.66708737094142
20251218-002943-64005,132,8,130.549486686985,10.250994219765927
20251218-002943-64005,132,9,139.7124586327285,10.970488220358256
20251218-002943-64005,132,10,118.2972183631745,9.288922786520498
20251218-002943-64005,133,1,158.50984054778186,12.446494432622856
20251218-002943-64005,133,4,98.76801102839053,7.755452249133552
20251218-002943-64005,133,3,110.00495922593635,8.63779881321495
20251218-002943-64005,133,8,129.89974962180142,10.199975628512984
20251218-002943-64005,133,9,139.3270547427937,10.94022557323296
20251218-002943-64005,133,10,120.11086147206302,9.431333496035666
20251218-002943-64005,134,1,158.97210267590214,12.482792134924354
20251218-002943-64005,134,4,98.66930597325492,7.747701740300968
20251218-002943-64005,134,3,108.5529391897792,8.52378343578708
20251218-002943-64005,134,8,131.1890807736874,10.301216365039489
20251218-002943-64005,134,9,135.71640510779574,10.656710490353248
20251218-002943-64005,134,10,120.83326293175736,9.488057833875713
20251218-002943-64005,135,1,159.5564428609187,12.528675638651519
20251218-002943-64005,135,4,98.21259628462154,7.711840026118076
20251218-002943-64005,135,3,108.78617816543205,8.542097804168888
20251218-002943-64005,135,8,131.7206995741463,10.342960085286274
20251218-002943-64005,135,9,132.17233951217233,10.378423713000268
20251218-002943-64005,135,10,120.69223621425145,9.476984147546696
20251218-002943-64005,136,1,161.50198635562484,12.681443417557876
20251218-002943-64005,136,4,99.16224281409654,7.7864080794403385
20251218-002943-64005,136,3,107.6515766060745,8.453006729804127
20251218-002943-64005,136,8,129.00241781980037,10.129515427182742
20251218-002943-64005,136,9,126.85642389999389,9.96100789930303
20251218-002943-64005,136,10,118.57269401517169,9.310553659134193
20251218-002943-64005,137,1,162.90265175978027,12.791426331517927
20251218-002943-64005,137,4,100.59533117610042,7.8989369057737475
20251218-002943-64005,137,3,104.37586285948902,8.195791450495003
20251218-002943-64005,137,8,128.12678237527467,10.060758865144493
20251218-002943-64005,137,9,125.67527098050682,9.868261523521772
20251218-002943-64005,137,10,116.96633467323913,9.184419265603411
20251218-002943-64005,138,1,163.65331300464334,12.850369681487152
20251218-002943-64005,138,4,103.7474634207323,8.14644833028922
20251218-002943-64005,138,3,105.24266732417763,8.263854587185039
20251218-002943-64005,138,8,129.84908304173004,10.19599719219257
20251218-002943-64005,138,9,127.84312360427448,10.038485438448602
20251218-002943-64005,138,10,116.00067384471356,9.108593739033518
20251218-002943-64005,139,1,159.41292818266157,12.517406592908024
20251218-002943-64005,139,4,105.64647894594785,8.295562644456577
20251218-002943-64005,139,3,104.9739237205375,8.24275232782404
20251218-002943-64005,139,8,132.10102485784995,10.372823950582235
20251218-002943-64005,139,9,128.44995973926424,10.086135366992865
20251218-002943-64005,139,10,115.5947925921443,9.076723170411714
20251218-002943-64005,140,1,152.9780257028365,12.012125800164622
20251218-002943-64005,140,4,105.36339155143443,8.273334083330148
20251218-002943-64005,140,3,106.93958806715057,8.397100034325895
20251218-002943-64005,140,8,135.1894410890716,10.615332272429516
20251218-002943-64005,140,9,129.27662584926455,10.15104676366199
20251218-002943-64005,140,10,114.34355353027729,8.97847349730884
20251218-002943-64005,141,1,145.173598103258,11.399307287873706
20251218-002943-64005,141,4,106.01535546828292,8.324527531215042
20251218-002943-64005,141,3,108.86736207002983,8.54847251890649
20251218-002943-64005,141,8,134.42794155838268,10.555537879624561
20251218-002943-64005,141,9,130.74891853617967,10.266653988220117
20251218-002943-64005,141,10,113.48463477805535,8.911029561773601
20251218-002943-64005,142,1,139.51198573587365,10.954746706859959
20251218-002943-64005,142,4,105.64821289278838,8.295698797263384
20251218-002943-64005,142,3,106.52593707018838,8.364619370583211
20251218-002943-64005,142,8,133.09443221929922,10.450828187737958
20251218-002943-64005,142,9,131.3117945305699,10.310852082838244
20251218-002943-64005,142,10,112.29922091572449,8.817948608648754
20251218-002943-64005,143,1,134.96928085912384,10.598044872058281
20251218-002943-64005,143,4,105.23771750430296,8.263465917905583
20251218-002943-64005,143,3,104.63656829510322,8.216262537600466
20251218-002943-64005,143,8,131.49484924878558,10.325225887791067
20251218-002943-64005,143,9,131.88547145424465,10.35589828698536
20251218-002943-64005,143,10,112.55593864228518,8.838106573247995
20251218-002943-64005,144,1,132.67999731461606,10.41828597006871
20251218-002943-64005,144,4,106.46869077880034,8.360124282804515
20251218-002943-64005,144,3,101.87776027653013,7.999635680080573
20251218-002943-64005,144,8,131.56238725018812,10.330529100232278
20251218-002943-64005,144,9,129.98718701702418,10.206841379239137
20251218-002943-64005,144,10,111.11322448370551,8.724821911042968
20251218-002943-64005,145,1,135.87231334621617,10.668952702034202
20251218-002943-64005,145,4,110.13931910332316,8.64834900656625
20251218-002943-64005,145,3,108.17853037023549,8.494384142520042
20251218-002943-64005,145,8,129.63687895803068,10.179334523570757
20251218-002943-64005,145,9,127.83427535733297,10.03779065725448
20251218-002943-64005,145,10,110.65416404226525,8.688775611274586
20251218-002943-64005,146,1,138.48600627725108,10.874184846627175
20251218-002943-64005,146,4,112.53715571485618,8.836631702029491
20251218-002943-64005,146,3,104.64104222855926,8.216613839372394
20251218-002943-64005,146,8,129.5367148271743,10.171469445334958
20251218-002943-64005,146,9,127.02625938796183,9.974343705131549
20251218-002943-64005,146,10,110.75241335571953,8.696490334402764
20251218-002943-64005,147,1,141.04956902847093,11.075480674068999
20251218-002943-64005,147,4,116.01522134155306,9.109736036179207
20251218-002943-64005,147,3,100.98150806535074,7.929260250276847
20251218-002943-64005,147,8,130.03233944003767,10.210386833450148
20251218-002943-64005,147,9,128.60001657536873,10.097918115424742
20251218-002943-64005,147,10,110.34447278573923,8.664458064257554
20251218-002943-64005,148,1,143.6991974261493,11.28353453991263
20251218-002943-64005,148,4,119.01370148924562,9.345182405537805
20251218-002943-64005,148,3,100.21107475412035,7.868764360016674
20251218-002943-64005,148,8,130.5188384628999,10.248587662866198
20251218-002943-64005,148,9,131.68138115955557,10.339872728522733
20251218-002943-64005,148,10,110.62271449692854,8.68630613310472
20251218-002943-64005,149,1,148.42084976262632,11.654287669911687
20251218-002943-64005,149,4,120.83340216068304,9.488068766396005
20251218-002943-64005,149,3,102.2668272717014,8.030185961202438
20251218-002943-64005,149,8,128.05862116056957,10.055406716808365
20251218-002943-64005,149,9,124.09180950751758,9.74392511425075
20251218-002943-64005,149,10,108.65836823819663,8.532061925372517
20251218-002943-64005,150,1,151.69978270116454,11.911755726301267
20251218-002943-64005,150,4,121.6346614900915,9.55098517428655
20251218-002943-64005,150,3,104.016262305977,8.167554930467048
20251218-002943-64005,150,8,126.86926163505979,9.96201594269941
20251218-002943-64005,150,9,124.0580202769487,9.741271919542429
20251218-002943-64005,150,10,106.08104092858693,8.32968527860254
20251218-002943-64005,151,1,154.02742929589766,12.094526968025697
20251218-002943-64005,151,4,122.2473311817753,9.599093164807684
20251218-002943-64005,151,3,104.1252524585945,8.176113044733496
20251218-002943-64005,151,8,126.20421203497831,9.909794982056042
20251218-002943-64005,151,9,125.85484041145598,9.882361657083537
20251218-002943-64005,151,10,105.6769826703943,8.297957854969596
20251218-002943-64005,152,1,149.3709346395306,11.72889014310857
20251218-002943-64005,152,4,122.51206257667322,9.619880377900262
20251218-002943-64005,152,3,105.88774996873505,8.314507704469863
20251218-002943-64005,152,8,124.71744255022917,9.793051011772723
20251218-002943-64005,152,9,128.09947700289075,10.058614795324079
20251218-002943-64005,152,10,105.09653752003172,8.25238019677838
20251218-002943-64005,153,1,146.33426240975183,11.490444858758869
20251218-002943-64005,153,4,121.68012209231762,9.554554827316013
20251218-002943-64005,153,3,107.56580078621886,8.446271449138917
20251218-002943-64005,153,8,124.25739611123525,9.756927289599401
20251218-002943-64005,153,9,130.5708359864692,10.252670607403768
20251218-002943-64005,153,10,102.23691198902843,8.02783695625768
20251218-002943-64005,154,1,144.50470514402414,11.346784539353147
20251218-002943-64005,154,4,123.67491512833398,9.711189773961664
20251218-002943-64005,154,3,108.90263603655245,8.551242297908368
20251218-002943-64005,154,8,125.9176998844967,9.887297502571332
20251218-002943-64005,154,9,131.99323359367764,10.36435997531881
20251218-002943-64005,154,10,102.13190410953705,8.019591537658087
20251218-002943-64005,155,1,143.69302743441634,11.283050060416034
20251218-002943-64005,155,4,124.22483779803417,9.754370748866078
20251218-002943-64005,155,3,108.65586979047727,8.531865742501337
20251218-002943-64005,155,8,127.14455676786103,9.983632640602186
20251218-002943-64005,155,9,131.6455045302013,10.337055627288033
20251218-002943-64005,155,10,101.73873262641222,7.988718964328458
20251218-002943-64005,156,1,142.99101448943142,11.227926667564283
20251218-002943-64005,156,4,125.59057899603187,9.861611347673934
20251218-002943-64005,156,3,108.77003837249066,8.540830476902048
20251218-002943-64005,156,8,125.48692228321342,9.853472025253698
20251218-002943-64005,156,9,131.92875914462132,10.359297318839864
20251218-002943-64005,156,10,100.4272087803041,7.885735615203733
20251218-002943-64005,157,1,141.89611919723376,11.141953404885143
20251218-002943-64005,157,4,125.53393154989618,9.857163282364466
20251218-002943-64005,157,3,110.45216347475443,8.67291414216818
20251218-002943-64005,157,8,124.85019134938845,9.803474700194613
20251218-002943-64005,157,9,128.7172675833923,10.107124887783742
20251218-002943-64005,157,10,98.8912254069965,7.765127276703061
20251218-002943-64005,158,1,139.88387950799168,10.983948513815275
20251218-002943-64005,158,4,124.04740136410321,9.740438102290735
20251218-002943-64005,158,3,111.17554328739561,8.729715302144088
20251218-002943-64005,158,8,120.55381697415348,9.466115205307569
20251218-002943-64005,158,9,133.3707031665962,10.472521508452584
20251218-002943-64005,158,10,97.7239501109866,7.673470598335854
20251218-002943-64005,159,1,134.4739884650946,10.559153570398388
20251218-002943-64005,159,4,122.26715008024328,9.60064938244433
20251218-002943-64005,159,3,114.62285131567766,9.000404491113493
20251218-002943-64005,159,8,119.82902695413476,9.409203313163786
20251218-002943-64005,159,9,138.1379664423733,10.84685609623435
20251218-002943-64005,159,10,97.46219208458652,7.652916859798082
20251218-002943-64005,160,1,130.27623821420872,10.229538229504504
20251218-002943-64005,160,4,120.90380969682943,9.493597300167991
20251218-002943-64005,160,3,117.7259249770772,9.244063742281469
20251218-002943-64005,160,8,119.86912170581066,9.412351629393156
20251218-002943-64005,160,9,141.86000436760816,11.13911759971168
20251218-002943-64005,160,10,97.8580337298548,7.683999099342363
20251218-002943-64005,161,1,128.6629102226665,10.10285664434026
20251218-002943-64005,161,4,117.32602389006944,9.212662747643906
20251218-002943-64005,161,3,118.1137893040987,9.274519587610712
20251218-002943-64005,161,8,118.27729392508971,9.287358281712226
20251218-002943-64005,161,9,143.56607229208925,11.273081300957907
20251218-002943-64005,161,10,102.14857133424098,8.020900279870986
20251218-002943-64005,162,1,126.2875955010197,9.916342410545468
20251218-002943-64005,162,4,116.54436564909454,9.151285454531463
20251218-002943-64005,162,3,121.34628739959255,9.528341491727133
20251218-002943-64005,162,8,119.28954017644747,9.366841784366876
20251218-002943-64005,162,9,144.10923266556492,11.315731287489491
20251218-002943-64005,162,10,105.5227719478676,8.285848935468154
20251218-002943-64005,163,1,121.83304358714021,9.566562514203843
20251218-002943-64005,163,4,115.20885119148507,9.046418316921082
20251218-002943-64005,163,3,121.08189131895547,9.507580608148647
20251218-002943-64005,163,8,122.52355114943958,9.620782482504502
20251218-002943-64005,163,9,143.16281542427834,11.24141680402333
20251218-002943-64005,163,10,106.59473004239734,8.37002112572121
20251218-002943-64005,164,1,116.87516484425858,9.177260437073219
20251218-002943-64005,164,4,114.57148138655867,8.996370826486904
20251218-002943-64005,164,3,120.44531018459102,9.457595045628373
20251218-002943-64005,164,8,121.50503145199168,9.54080637692019
20251218-002943-64005,164,9,140.8879932488606,11.062793436264602
20251218-002943-64005,164,10,107.44934978131218,8.43712749454761
20251218-002943-64005,165,1,114.52326335758377,8.992584655059854
20251218-002943-64005,165,4,116.26344957618265,9.129227389710698
20251218-002943-64005,165,3,120.05272762627176,9.426768715795603
20251218-002943-64005,165,8,120.0583174148228,9.427207636633828
20251218-002943-64005,165,9,136.3770851354132,10.708588343848453
20251218-002943-64005,165,10,98.44096728338195,7.729772151687196
20251218-002943-64005,166,1,115.47737458247686,9.067503284765719
20251218-002943-64005,166,4,118.89796614664053,9.336094646112814
20251218-002943-64005,166,3,119.5532881565981,9.387551777861384
20251218-002943-64005,166,8,119.8286043261418,9.409170127609228
20251218-002943-64005,166,9,131.17889349329175,10.30041644038945
20251218-002943-64005,166,10,92.3380105599657,7.250556371657181
20251218-002943-64005,167,1,117.74265505809323,9.245377420091653
20251218-002943-64005,167,4,120.66526060990829,9.474865971740618
20251218-002943-64005,167,3,120.32999664523739,9.448540406997667
20251218-002943-64005,167,8,122.14338581568502,9.590931176783037
20251218-002943-64005,167,9,127.80715450885856,10.035661076602715
20251218-002943-64005,167,10,89.85433099066263,7.055533123731881
20251218-002943-64005,168,1,122.09744182789196,9.587323567398643
20251218-002943-64005,168,4,118.01584772174859,9.266829028114657
20251218-002943-64005,168,3,122.02897636546966,9.581947528952568
20251218-002943-64005,168,8,121.61566206744831,9.54949330345169
20251218-002943-64005,168,9,126.27366351475459,9.915248444461817
20251218-002943-64005,168,10,94.81952563671862,7.4454096595069315
20251218-002943-64005,169,1,124.73808921887988,9.79467222749993
20251218-002943-64005,169,4,119.83796509690723,9.409905153149689
20251218-002943-64005,169,3,120.75634846461539,9.482018363494804
20251218-002943-64005,169,8,118.96900873551071,9.341673045433614
20251218-002943-64005,169,9,123.25079069325638,9.677886715920032
20251218-002943-64005,169,10,107.22263088300302,8.419325095051
20251218-002943-64005,170,1,111.07153131087428,8.72154808374159
20251218-002943-64005,170,4,115.80854475173545,9.093507396899598
20251218-002943-64005,170,3,118.39187847648299,9.296355678820522
20251218-002943-64005,170,8,120.07376588788097,9.428420680147383
20251218-002943-64005,170,9,125.46012613509063,9.85136794069167
20251218-002943-64005,170,10,110.70472822739758,8.69274600734946
20251218-002943-64005,171,1,111.28338924698647,8.738183572195902
20251218-002943-64005,171,4,112.86576463739534,8.862434700195154
20251218-002943-64005,171,3,115.10904822562172,9.038581598048081
20251218-002943-64005,171,8,122.82945994504551,9.644803023489475
20251218-002943-64005,171,9,127.85875188750872,10.039712600999483
20251218-002943-64005,171,10,109.15860754522156,8.571341668058198
20251218-002943-64005,172,1,107.75778103513336,8.46134610375361
20251218-002943-64005,172,4,108.53860450392398,8.522657848965
20251218-002943-64005,172,3,112.72108130341861,8.851073889379803
20251218-002943-64005,172,8,124.11570552388302,9.745801474946253
20251218-002943-64005,172,9,130.33608231704446,10.23423730238349
20251218-002943-64005,172,10,107.8959957511604,8.47219898637334
20251218-002943-64005,173,1,92.20820522697184,7.240363809802034
20251218-002943-64005,173,4,105.53264167791231,8.286623925460123
20251218-002943-64005,173,3,111.24290325622725,8.735004535128914
20251218-002943-64005,173,8,119.31340845149751,9.368715966761481
20251218-002943-64005,173,9,130.84185873903263,10.273951829877005
20251218-002943-64005,173,10,106.81062184206834,8.386973360821365
20251218-002943-64005,174,1,87.87265301539887,6.899927996623469
20251218-002943-64005,174,4,103.2343424676971,8.106157096236217
20251218-002943-64005,174,3,111.4447445461426,8.750853497455308
20251218-002943-64005,174,8,114.09242087250938,8.958754082943424
20251218-002943-64005,174,9,130.20754522685522,10.224144325367696
20251218-002943-64005,174,10,111.29198382820684,8.7388584350747
20251218-002943-64005,175,1,94.53734840833565,7.423252566357734
20251218-002943-64005,175,4,101.64320461695156,7.981217923170366
20251218-002943-64005,175,3,111.27303046022816,8.737370180539772
20251218-002943-64005,175,8,108.2607626963798,8.50084118131334
20251218-002943-64005,175,9,128.81359561207861,10.114688747974418
20251218-002943-64005,175,10,116.35996980266654,9.136806341638323
20251218-002943-64005,176,1,115.26209504222783,9.050599125440925
20251218-002943-64005,176,4,100.46123924032983,7.888407751708231
20251218-002943-64005,176,3,112.14150311794721,8.805564306922271
20251218-002943-64005,176,8,105.30050255606523,8.268395919692919
20251218-002943-64005,176,9,126.11586938550211,9.90285814904259
20251218-002943-64005,176,10,116.30260028561938,9.132301577946288
20251218-002943-64005,177,1,127.9416219742123,10.046219717965991
20251218-002943-64005,177,4,99.17114855318219,7.787107375027065
20251218-002943-64005,177,3,111.8926622930402,8.78602485163602
20251218-002943-64005,177,8,107.57053168385664,8.446642928227575
20251218-002943-64005,177,9,125.54917853745899,9.858360504853358
20251218-002943-64005,177,10,110.69484930410623,8.691970295486264
20251218-002943-64005,178,1,137.4920929479902,10.796140879915681
20251218-002943-64005,178,4,98.23373593824128,7.7134999519635405
20251218-002943-64005,178,3,112.56655655484872,8.838940311955644
20251218-002943-64005,178,8,108.02106759652496,8.482019865768764
20251218-002943-64005,178,9,125.09229686272413,9.822485285994372
20251218-002943-64005,178,10,104.78161722543706,8.227652055737757
20251218-002943-64005,179,1,149.6949009801213,11.754328596901628
20251218-002943-64005,179,4,97.55321542888403,7.660064186072101
20251218-002943-64005,179,3,109.93263422100007,8.632119716143324
20251218-002943-64005,179,8,111.3183143360248,8.74092595667356
20251218-002943-64005,179,9,123.91136474794982,9.729756248219502
20251218-002943-64005,179,10,97.09887903061686,7.6243888271667615
20251218-002943-64005,180,1,163.0067938028079,12.799603762990104
20251218-002943-64005,180,4,98.69785583713531,7.749943529962804
20251218-002943-64005,180,3,107.86658423847885,8.469889538407328
20251218-002943-64005,180,8,120.62840368256089,9.471971895641317
20251218-002943-64005,180,9,122.11117876384515,9.588402217760487
20251218-002943-64005,180,10,98.87448014571082,7.7638124069092065
20251218-002943-64005,181,1,174.85383747063057,13.729856184827256
20251218-002943-64005,181,4,101.41297048889157,7.963139501141832
20251218-002943-64005,181,3,112.42387992040388,8.827737071007661
20251218-002943-64005,181,8,126.31138924063802,9.918210740276084
20251218-002943-64005,181,9,121.29184022531733,9.524066195952772
20251218-002943-64005,181,10,100.46860383168284,7.888986033441131
20251218-002943-64005,182,1,176.49159534702653,13.858456051057024
20251218-002943-64005,182,4,105.39629856493586,8.27591800467487
20251218-002943-64005,182,3,112.91080614390175,8.865971445030878
20251218-002943-64005,182,8,126.32102705403919,9.918967519731705
20251218-002943-64005,182,9,121.45868837919153,9.537167430621306
20251218-002943-64005,182,10,101.16956743998153,7.944027030378674
20251218-002943-64005,183,1,181.68659847799555,14.266377586550417
20251218-002943-64005,183,4,107.72515904062396,8.45878456264273
20251218-002943-64005,183,3,109.2741381365181,8.58041335002066
20251218-002943-64005,183,8,125.29418897874493,9.838338239283324
20251218-002943-64005,183,9,121.57034929356591,9.545935258185194
20251218-002943-64005,183,10,101.07795056270722,7.936833098765416
20251218-002943-64005,184,1,183.460050556309,14.405632419833768
20251218-002943-64005,184,4,109.18485950599957,8.57340302199395
20251218-002943-64005,184,3,108.6928245641226,8.534767501678218
20251218-002943-64005,184,8,122.04460308507326,9.583174568724196
20251218-002943-64005,184,9,120.59181237200383,9.469098676278048
20251218-002943-64005,184,10,97.38063012879988,7.646512459761441
20251218-002943-64005,185,1,182.69313817141554,14.345412999412305
20251218-002943-64005,185,4,110.66692914239725,8.689777951237682
20251218-002943-64005,185,3,108.12264328041935,8.489995781836262
20251218-002943-64005,185,8,110.35929956762834,8.66562229139701
20251218-002943-64005,185,9,118.1918986927658,9.280652885504526
20251218-002943-64005,185,10,86.92822543461789,6.8257697450878965
20251218-002943-64005,186,1,170.48558795755383,13.386852917289254
20251218-002943-64005,186,4,107.99016285684152,8.479593166775931
20251218-002943-64005,186,3,107.56377131791109,8.446112091423924
20251218-002943-64005,186,8,101.7308902025569,7.9881031622778345
20251218-002943-64005,186,9,118.8396105794604,9.33151245588721
20251218-002943-64005,186,10,80.34156622179316,6.308572724772338
20251218-002943-64005,187,1,162.3338216316167,12.746760706981123
20251218-002943-64005,187,4,109.18069762206936,8.573076222944835
20251218-002943-64005,187,3,108.84044907235413,8.546359259095123
20251218-002943-64005,187,8,99.36761214563778,7.802534070311479
20251218-002943-64005,187,9,114.17302276149726,8.965083096707362
20251218-002943-64005,187,10,72.9834845384297,5.730802143524668
20251218-002943-64005,188,1,158.49225001755582,12.445113190702678
20251218-002943-64005,188,4,111.60893121833497,8.763745747515564
20251218-002943-64005,188,3,108.84972880934161,8.547087921709076
20251218-002943-64005,188,8,101.44011803613786,7.96527117823199
20251218-002943-64005,188,9,109.15055888484616,8.570709671923407
20251218-002943-64005,188,10,77.41745919344565,6.0789662743277075
20251218-002943-64005,189,1,156.72377797145373,12.306249399028976
20251218-002943-64005,189,4,111.77905988536865,8.777104574322447
20251218-002943-64005,189,3,111.31596463838672,8.740741453941935
20251218-002943-64005,189,8,106.5832198713952,8.369117325182383
20251218-002943-64005,189,9,105.37758085223821,8.27444825424122
20251218-002943-64005,189,10,82.36458323902072,6.4674238721522626
20251218-002943-64005,190,1,154.1579508368496,12.104775767893148
20251218-002943-64005,190,4,105.52734241987027,8.286207817630544
20251218-002943-64005,190,3,115.24725407503895,9.049433784444728
20251218-002943-64005,190,8,113.63955415935791,8.923194126511186
20251218-002943-64005,190,9,109.2412629183994,8.577831925309917
20251218-002943-64005,190,10,81.38192548764019,6.39026371484301
20251218-002943-64005,191,1,149.9399269488718,11.773568502420186
20251218-002943-64005,191,4,100.47466417884019,7.889461903436918
20251218-002943-64005,191,3,121.75137786119456,9.56014996593677
20251218-002943-64005,191,8,118.79630585833347,9.328112086745774
20251218-002943-64005,191,9,111.79275502113563,8.778179942454095
20251218-002943-64005,191,10,81.24206889336367,6.379281908817513
20251218-002943-64005,192,1,144.8643004683313,11.375020648773981
20251218-002943-64005,192,4,94.94295936075844,7.45510191049747
20251218-002943-64005,192,3,119.90346470336691,9.415048306939523
20251218-002943-64005,192,8,121.73864736344176,9.559150343018363
20251218-002943-64005,192,9,110.40757405755657,8.669412896245598
20251218-002943-64005,192,10,83.25522923802795,6.5373590915037685
20251218-002943-64005,193,1,141.16466360105375,11.084518119012017
20251218-002943-64005,193,4,94.64119485137326,7.431406786755966
20251218-002943-64005,193,3,117.04112751542337,9.190292141953732
20251218-002943-64005,193,8,124.64809149696973,9.78760543504823
20251218-002943-64005,193,9,107.98806369652524,8.479428336711758
20251218-002943-64005,193,10,87.39553970732116,6.8624641513997435
20251218-002943-64005,194,1,144.84547083282095,11.373542109948014
20251218-002943-64005,194,4,96.79260699315138,7.600339763739478
20251218-002943-64005,194,3,113.67832347084494,8.926238366653706
20251218-002943-64005,194,8,122.95961680517382,9.655023187924415
20251218-002943-64005,194,9,110.73738275050067,8.695310102667442
20251218-002943-64005,194,10,94.51218667820393,7.421276819407782
20251218-002943-64005,195,1,143.39880050044775,11.25994680144541
20251218-002943-64005,195,4,101.6999360841811,7.985672585976074
20251218-002943-64005,195,3,109.62843977599147,8.608233789230836
20251218-002943-64005,195,8,119.755751849641,9.403449612466215
20251218-002943-64005,195,9,110.38516326373448,8.667653158051595
20251218-002943-64005,195,10,103.03534781609254,8.090531657369088
20251218-002943-64005,196,1,143.90787358667592,11.299920189290862
20251218-002943-64005,196,4,109.67905120301674,8.612207894829076
20251218-002943-64005,196,3,108.16811202094873,8.493566073900789
20251218-002943-64005,196,8,110.9833272718339,8.714622134683431
20251218-002943-64005,196,9,105.16248603192348,8.257558599477317
20251218-002943-64005,196,10,117.01384460202188,9.188149835655373
20251218-002943-64005,197,1,146.22846489827512,11.482137436752579
20251218-002943-64005,197,4,117.28488462058569,9.20943241388783
20251218-002943-64005,197,3,107.63225077885895,8.451489229060874
20251218-002943-64005,197,8,98.32177771520834,7.720413159894807
20251218-002943-64005,197,9,108.1459413210317,8.491825188337275
20251218-002943-64005,197,10,120.61007304734392,9.470532539268326
20251218-002943-64005,198,1,148.3456023509995,11.64837909990338
20251218-002943-64005,198,4,125.10907511327805,9.82380274616837
20251218-002943-64005,198,3,108.13588788568255,8.491035773455085
20251218-002943-64005,198,8,96.66412668227872,7.590251245143712
20251218-002943-64005,198,9,112.8763029986541,8.863262192382912
20251218-002943-64005,198,10,125.47874975242271,9.852830302578086
20251218-002943-64005,199,1,146.31851356095675,11.48920822917063
20251218-002943-64005,199,4,125.73018862699973,9.872573761670296
20251218-002943-64005,199,3,109.70092307272976,8.613925315676093
20251218-002943-64005,199,8,90.78651885983402,7.128730289811313
20251218-002943-64005,199,9,114.80448883045109,9.01466701455412
20251218-002943-64005,199,10,126.00293534410729,9.893990353121424
20251218-002943-64005,200,1,143.3156799828618,11.253420020169278
20251218-002943-64005,200,4,125.2059284643423,9.83140785567221
20251218-002943-64005,200,3,112.02052000379906,8.796064482485615
20251218-002943-64005,200,8,94.0521061510653,7.3851504205684435
20251218-002943-64005,200,9,115.52725049909905,9.07141963668693
20251218-002943-64005,200,10,126.92873524877301,9.9666859240672
20251218-002943-64005,201,1,140.99323628112293,11.071057319507426
20251218-002943-64005,201,4,127.68901685432063,10.026384683071512
20251218-002943-64005,201,3,114.15535145646048,8.963695512195274
20251218-002943-64005,201,8,101.75382273589351,7.989903868451744
20251218-002943-64005,201,9,113.59155710300556,8.919425306275121
20251218-002943-64005,201,10,124.34864830103385,9.764092585257814
20251218-002943-64005,202,1,141.19176200650114,11.086645937394575
20251218-002943-64005,202,4,131.69013869476876,10.340560386859261
20251218-002943-64005,202,3,116.80070415655935,9.17141364212538
20251218-002943-64005,202,8,94.68897573081631,7.435158632369579
20251218-002943-64005,202,9,114.67374742979524,9.004400950884175
20251218-002943-64005,202,10,120.69340671694181,9.477076057646212
20251218-002943-64005,203,1,137.79767012595644,10.820135381652292
20251218-002943-64005,203,4,130.04128450588613,10.211089217049157
20251218-002943-64005,203,3,121.14934123769574,9.512876904171534
20251218-002943-64005,203,8,107.5449107845636,8.444631126440962
20251218-002943-64005,203,9,115.35410460724063,9.057823891642963
20251218-002943-64005,203,10,115.6059534641247,9.077599543326398
20251218-002943-64005,204,1,136.72327393896774,10.735771747738
20251218-002943-64005,204,4,135.85864308486384,10.667879287088944
20251218-002943-64005,204,3,120.51341938258894,9.46294310951363
20251218-002943-64005,204,8,113.62099195655455,8.921736587010479
20251218-002943-64005,204,9,116.07121694520131,9.114132917575661
20251218-002943-64005,204,10,106.34150143617202,8.350137133492892
20251218-002943-64005,205,1,135.62135987645684,10.649247357852333
20251218-002943-64005,205,4,128.6082733370056,10.098566452066745
20251218-002943-64005,205,3,119.92959512146916,9.417100117112998
20251218-002943-64005,205,8,115.72186314119809,9.086700991825719
20251218-002943-64005,205,9,116.82440759446546,9.173274881193647
20251218-002943-64005,205,10,106.40592320731056,8.35519565360145
20251218-002943-64005,206,1,134.87669270504838,10.590774673941594
20251218-002943-64005,206,4,119.45710828023422,9.379999550873102
20251218-002943-64005,206,3,119.84447528478236,9.41041634549499
20251218-002943-64005,206,8,120.3803761419277,9.452496300984484
20251218-002943-64005,206,9,117.61298342322434,9.235195356467797
20251218-002943-64005,206,10,110.99655885346944,8.715661103662217
20251218-002943-64005,207,1,138.451704429705,10.871491400257943
20251218-002943-64005,207,4,106.67777169917586,8.37654171469662
20251218-002943-64005,207,3,124.07404380193668,9.74253011722823
20251218-002943-64005,207,8,124.54716538372318,9.77968052450458
20251218-002943-64005,207,9,118.43623762548992,9.299838843646393
20251218-002943-64005,207,10,112.71387235945602,8.850507829376301
20251218-002943-64005,208,1,145.71548262135576,11.441857091812189
20251218-002943-64005,208,4,97.50277582336003,7.656103572225234
20251218-002943-64005,208,3,123.5260573323332,9.699501176441323
20251218-002943-64005,208,8,126.8046638811536,9.956943604088918
20251218-002943-64005,208,9,119.29345224825805,9.367148967692794
20251218-002943-64005,208,10,109.42514557038064,8.592270741198137
20251218-002943-64005,209,1,152.4047270898507,11.967109301692986
20251218-002943-64005,209,4,92.17045817520928,7.2373998394391394
20251218-002943-64005,209,3,120.37670578146077,9.45220809729341
20251218-002943-64005,209,8,127.44286893602907,10.00705667993915
20251218-002943-64005,209,9,120.18390062312572,9.437068669220649
20251218-002943-64005,209,10,109.97899866256013,8.635760340357912
20251218-002943-64005,210,1,151.24026721513448,11.875673695565434
20251218-002943-64005,210,4,93.45472800303799,7.338243151165499
20251218-002943-64005,210,3,120.33153624770048,9.448661299513986
20251218-002943-64005,210,8,127.63147331660578,10.02186625494537
20251218-002943-64005,210,9,121.10684969037602,9.509540386985467
20251218-002943-64005,210,10,105.09087293270328,8.251935402597761
20251218-002943-64005,211,1,150.76936920361422,11.838697887259366
20251218-002943-64005,211,4,100.87221547482156,7.9206783880098275
20251218-002943-64005,211,3,120.31650221591418,9.447480798718065
20251218-002943-64005,211,8,123.48268216495912,9.696095275726455
20251218-002943-64005,211,9,122.0615622058039,9.58450623116879
20251218-002943-64005,211,10,108.33881306626637,8.506969844940155
20251218-002943-64005,212,1,146.24639626835196,11.483545442066692
20251218-002943-64005,212,4,99.13059759724699,7.783923236770786
20251218-002943-64005,212,3,121.40427421831727,9.532894727122036
20251218-002943-64005,212,8,118.33686680730712,9.292036057831941
20251218-002943-64005,212,9,123.04729882273472,9.661908146862242
20251218-002943-64005,212,10,109.22226014128118,8.576339791075293
20251218-002943-64005,213,1,142.40930809864867,11.18224997437427
20251218-002943-64005,213,4,97.03434729377425,7.619321672341778
20251218-002943-64005,213,3,122.31569893754228,9.60446153114118
20251218-002943-64005,213,8,112.98313089275095,8.87165052199406
20251218-002943-64005,213,9,124.06332004374799,9.741688067320597
20251218-002943-64005,213,10,109.60764478228496,8.606600926737883
20251218-002943-64005,214,1,138.01907684165744,10.837520658457786
20251218-002943-64005,214,4,96.87586667137741,7.60687747217399
20251218-002943-64005,214,3,119.86353408996673,9.41191287916003
20251218-002943-64005,214,8,115.25195442118968,9.049802864572461
20251218-002943-64005,214,9,125.10888803853842,9.823788056703684
20251218-002943-64005,214,10,108.85713885923734,8.54766977293329
20251218-002943-64005,215,1,131.57353133325662,10.33140415484964
20251218-002943-64005,215,4,96.86138891449187,7.605740651142248
20251218-002943-64005,215,3,121.44395225221507,9.536010321878171
20251218-002943-64005,215,8,119.44700027830554,9.37920585131921
20251218-002943-64005,215,9,126.18326832610445,9.908150442165041
20251218-002943-64005,215,10,108.2774268325951,8.502149681012233
20251218-002943-64005,216,1,126.78975341921058,9.955772806232329
20251218-002943-64005,216,4,99.25346014388715,7.793570637824563
20251218-002943-64005,216,3,121.35882778114323,9.529326186359429
20251218-002943-64005,216,8,126.56106382953166,9.93781566429779
20251218-002943-64005,216,9,127.28573132103945,9.99471793526964
20251218-002943-64005,216,10,104.53225479833154,8.208071643253911
20251218-002943-64005,217,1,123.55953358324939,9.702129795391501
20251218-002943-64005,217,4,103.07751722187946,8.093842879388744
20251218-002943-64005,217,3,121.83366175022279,9.566611053545875
20251218-002943-64005,217,8,127.51314482055695,10.012574876175428
20251218-002943-64005,217,9,128.41555374510534,10.083433742833332
20251218-002943-64005,217,10,104.88201729108496,8.235535660022533
20251218-002943-64005,218,1,124.04954224163924,9.740606208070421
20251218-002943-64005,218,4,104.0167250064506,8.16759126258907
20251218-002943-64005,218,3,122.46288282981675,9.616018690554345
20251218-002943-64005,218,8,125.43327731623816,9.84925972032368
20251218-002943-64005,218,10,103.37076842283602,8.116869521945775
20251218-002943-64005,219,1,128.45386280833318,10.086441843406373
20251218-002943-64005,219,4,102.17359527351489,8.022865207220473
20251218-002943-64005,219,3,123.11618022796323,9.667316845929285
20251218-002943-64005,219,8,124.47467842836042,9.773988710777164
20251218-002943-64005,219,10,103.21335483010108,8.104509106978327
20251218-002943-64005,220,1,135.11133886310455,10.609199536964542
20251218-002943-64005,220,4,100.08361731692236,7.858756159409072
20251218-002943-64005,220,3,121.91328893828825,9.57286353193786
20251218-002943-64005,220,8,124.80789802237706,9.800153747644504
20251218-002943-64005,220,10,102.67697627830321,8.062391641995337
20251218-002943-64005,221,1,148.44175462554213,11.655929159544112
20251218-002943-64005,221,4,100.34848521133144,7.879554090703119
20251218-002943-64005,221,3,119.55863484223967,9.387971609796367
20251218-002943-64005,221,8,128.51519476651316,10.091257745519396
20251218-002943-64005,221,10,102.18595941302391,8.023836062992148
20251218-002943-64005,222,1,148.8260136710341,11.686101911304336
20251218-002943-64005,222,4,98.76807146425675,7.7554569946728185
20251218-002943-64005,222,3,117.83829563309517,9.252887300110336
20251218-002943-64005,222,8,133.10489863829167,10.45165003088201
20251218-002943-64005,222,10,101.74096100292715,7.988893940694537
20251218-002943-64005,223,1,145.16039029559087,11.398270185672176
20251218-002943-64005,223,4,98.81354896208163,7.75902797437686
20251218-002943-64005,223,3,117.2993925055417,9.21057160063302
20251218-002943-64005,223,8,135.4909617587889,10.639008249416102
20251218-002943-64005,223,10,101.34258725517203,7.957612875642665
20251218-002943-64005,224,1,140.70704449667232,11.048584995773348
20251218-002943-64005,224,4,97.97825530518848,7.693439126301578
20251218-002943-64005,224,3,117.46006959276566,9.223188271400412
20251218-002943-64005,224,8,135.04248580887426,10.603793064071851
20251218-002943-64005,224,10,100.99138992250384,7.9300361925124525
20251218-002943-64005,225,1,137.21473072848352,10.774361870429711
20251218-002943-64005,225,4,98.72451122086248,7.752036561436517
20251218-002943-64005,225,3,117.68356948493792,9.240737908407176
20251218-002943-64005,225,8,136.87958869450057,10.748045879916496
20251218-002943-64005,225,10,100.68786265742415,7.906202653838084
20251218-002943-64005,226,1,131.4603755275236,10.32251894557047
20251218-002943-64005,226,4,97.50330485087413,7.6561451124727435
20251218-002943-64005,226,3,118.34165662267553,9.292412163252967
20251218-002943-64005,226,8,138.8014809165701,10.898956515870855
20251218-002943-64005,226,10,107.14155476855991,8.412958844201542
20251218-002943-64005,227,1,123.48161620745981,9.696011574714362
20251218-002943-64005,227,4,97.20783319385681,7.6329441154787725
20251218-002943-64005,227,3,119.1721740379576,9.35762597174449
20251218-002943-64005,227,8,140.8046905604071,11.056252350585153
20251218-002943-64005,227,10,108.78885697917953,8.542308149723958
20251218-002943-64005,227,11,119.9506198584439,9.41875101948473
20251218-002943-64005,228,1,117.17311114571773,9.200655747859706
20251218-002943-64005,228,4,99.73535752357736,7.831410137458667
20251218-002943-64005,228,3,118.88059256815652,9.334730439656429
20251218-002943-64005,228,8,142.88579754024786,11.219664832414459
20251218-002943-64005,228,10,106.54896025144345,8.366427194604245
20251218-002943-64005,228,11,125.65551629911378,9.866710348332099
20251218-002943-64005,229,1,113.89462413252686,8.943222706377302
20251218-002943-64005,229,4,96.49585053623254,7.5770378818113855
20251218-002943-64005,229,3,117.33777866580027,9.213585755011682
20251218-002943-64005,229,8,145.04144879769743,11.388930672830433
20251218-002943-64005,229,10,107.07083332243516,8.40740566162047
20251218-002943-64005,229,11,130.95067716516152,10.282496459852656
20251218-002943-64005,230,1,117.38793015316757,9.217523745272398
20251218-002943-64005,230,4,97.21418598439024,7.633442948685169
20251218-002943-64005,230,3,114.4973878821821,8.99055286347256
20251218-002943-64005,230,8,147.26837092763392,11.563792837831375
20251218-002943-64005,230,10,107.59274731484668,8.448387341864477
20251218-002943-64005,230,11,133.17668285392003,10.457286664147686
20251218-002943-64005,231,1,111.5280344354752,8.757393578123422
20251218-002943-64005,231,4,97.78646918239214,7.678379714839237
20251218-002943-64005,231,3,114.70025355759832,9.006482262498592
20251218-002943-64005,231,8,149.56338040357653,11.744001350857578
20251218-002943-64005,231,10,108.11470163604456,8.489372188801564
20251218-002943-64005,231,11,135.5181239080429,10.641141073083704
20251218-002943-64005,232,1,122.39983051444347,9.611067702719485
20251218-002943-64005,232,4,99.27182030377904,7.7950123125312345
20251218-002943-64005,232,3,117.3018960387446,9.210768182826051
20251218-002943-64005,232,8,151.92339160093942,11.929313922792508
20251218-002943-64005,232,10,108.6366957047395,8.530360156787786
20251218-002943-64005,232,11,139.87420546805998,10.983188889783513
20251218-002943-64005,233,1,123.04227094246241,9.66151334813176
20251218-002943-64005,233,4,101.34873705091874,7.958095769311971
20251218-002943-64005,233,3,118.28441879205005,9.287917739829453
20251218-002943-64005,233,8,154.3454228315227,12.11949642580251
20251218-002943-64005,233,10,115.48987280920508,9.068484669321105
20251218-002943-64005,233,11,144.27008448895538,11.328361678873318
20251218-002943-64005,234,1,123.69631489114651,9.712870124076112
20251218-002943-64005,234,4,100.64733304785878,7.903020191739399
20251218-002943-64005,234,3,119.224065311955,9.361700573363407
20251218-002943-64005,234,8,156.8266006080358,12.314323228195313
20251218-002943-64005,234,10,118.84322234576504,9.331796058653117
20251218-002943-64005,234,11,136.18295225178855,10.69334466025838
20251218-002943-64005,235,1,124.36177928478881,9.765123655099512
20251218-002943-64005,235,4,97.86167729448225,7.68428519897311
20251218-002943-64005,235,3,119.7245603234566,9.401000394451374
20251218-002943-64005,235,8,159.36416235535793,12.513577407313367
20251218-002943-64005,235,10,117.51297490413434,9.227342497164129
20251218-002943-64005,235,11,132.23908205275038,10.383664464343232
20251218-002943-64005,236,1,125.03848178206931,9.818259623414392
20251218-002943-64005,236,4,103.09349142669225,8.095097204360497
20251218-002943-64005,236,3,124.33094650785561,9.76270260675882
20251218-002943-64005,236,8,161.95545777743678,12.71705085686531
20251218-002943-64005,236,10,111.0318633100767,8.718433276803585
20251218-002943-64005,236,11,127.72631459262197,10.02931337248608
20251218-002943-64005,237,1,125.72624092093399,9.872263780274825
20251218-002943-64005,237,4,104.44265965487412,8.201036462028702
20251218-002943-64005,237,3,122.32117988258607,9.604891905380011
20251218-002943-64005,237,8,164.59794907681876,12.92454430416392
20251218-002943-64005,237,10,108.87479028563683,8.549055796536935
20251218-002943-64005,237,11,122.33947993276304,9.60632886015744
20251218-002943-64005,238,1,126.42487625507133,9.927121956692918
20251218-002943-64005,238,4,108.66429462687056,8.532527276693171
20251218-002943-64005,238,3,117.62680975354577,9.236281026245614
20251218-002943-64005,238,8,167.2892102091842,13.13586725159079
20251218-002943-64005,238,10,98.62743875248299,7.744414246423954
20251218-002943-64005,238,11,116.14219447509593,9.119706208341848
20251218-002943-64005,238,12,128.93717892475524,10.124392744949489
20251218-002943-64005,239,1,127.13420848209566,9.982820073504012
20251218-002943-64005,239,4,105.48561178486449,8.282931048727905
20251218-002943-64005,239,3,119.27578041304385,9.365761341550167
20251218-002943-64005,239,8,170.02692533905304,13.350837855335408
20251218-002943-64005,239,10,92.7332186385197,7.281588862336945
20251218-002943-64005,239,11,110.85067296116065,8.704205865677341
20251218-002943-64005,239,12,127.73226845809246,10.029780881337107
20251218-002943-64005,240,1,127.85405956357168,10.03934415079124
20251218-002943-64005,240,4,106.7752382312725,8.384194972342426
20251218-002943-64005,240,3,117.55306121222532,9.230490150387137
20251218-002943-64005,240,10,92.45699846045385,7.2598995281189955
20251218-002943-64005,240,11,109.9819790451466,8.635994365672312
20251218-002943-64005,240,12,129.90639194869533,10.200497196665593
20251218-002943-64005,240,13,118.6298087576231,9.315038417439958
20251218-002943-64005,241,1,128.58425283703758,10.096680316681788
20251218-002943-64005,241,4,105.18168063753158,8.259065796450148
20251218-002943-64005,241,3,118.26200194488938,9.286157526315781
20251218-002943-64005,241,10,95.10927426010055,7.4681612730049975
20251218-002943-64005,241,11,119.35597829045089,9.372058631555667
20251218-002943-64005,241,12,131.59298861082146,10.33293197732456
20251218-002943-64005,241,13,114.01868258618596,8.952964012326836
20251218-002943-64005,242,1,129.32461312020456,10.15481481552885
20251218-002943-64005,242,4,104.58284790012986,8.212044309920445
20251218-002943-64005,242,3,116.70609330459273,9.163984617919697
20251218-002943-64005,242,10,95.4488001236472,7.4948214901609855
20251218-002943-64005,242,11,121.3953713969824,9.532195660642655
20251218-002943-64005,242,12,135.00110000788325,10.600543372192508
20251218-002943-64005,242,13,109.56668963092525,8.60338505028741
20251218-002943-64005,243,1,130.07496680752783,10.213734015494557
20251218-002943-64005,243,4,109.04716144921241,8.562590708441293
20251218-002943-64005,243,3,117.89677372116032,9.257479110909072
20251218-002943-64005,243,10,96.71258789643507,7.5940565119341565
20251218-002943-64005,243,11,119.30501216720363,9.368056674534847
20251218-002943-64005,243,12,136.12626448201377,10.688893428660005
20251218-002943-64005,243,13,105.37563795678265,8.27429569439139
20251218-002943-64005,244,1,130.83514195935987,10.273424415550467
20251218-002943-64005,244,4,114.56545478803933,8.99589760649842
20251218-002943-64005,244,3,117.3216906072805,9.212322490030113
20251218-002943-64005,244,10,93.2380794079778,7.321231491050686
20251218-002943-64005,244,11,113.71291115508953,8.928954257464648
20251218-002943-64005,244,12,137.38952346798615,10.78808692908578
20251218-002943-64005,244,13,101.47786346315982,7.968235021017159
20251218-002943-64005,245,1,131.6049683839092,10.333872651913124
20251218-002943-64005,245,4,113.77278838147807,8.933655931268055
20251218-002943-64005,245,3,121.92396974057147,9.573702208866022
20251218-002943-64005,245,10,94.04097456988825,7.384276347623397
20251218-002943-64005,245,11,109.12654296351096,8.568823896061415
20251218-002943-64005,245,12,135.61010199277024,10.648363367393799
20251218-002943-64005,245,13,97.90839888092252,7.687953866883585
20251218-002943-64005,246,1,132.38427771223868,10.395065503933058
20251218-002943-64005,246,4,112.13997320995708,8.805444175634424
20251218-002943-64005,246,3,123.02887342108907,9.660461349248864
20251218-002943-64005,246,10,98.18765869841606,7.709881879375912
20251218-002943-64005,246,11,111.66151915099928,8.767875052099226
20251218-002943-64005,246,12,135.26746780375117,10.621459078604444
20251218-002943-64005,246,13,94.70437408025724,7.436367740081288
20251218-002943-64005,247,1,133.1729034665462,10.456989899456328
20251218-002943-64005,247,4,113.30601104469655,8.89700368618694
20251218-002943-64005,247,3,122.2448615643414,9.5988992457454
20251218-002943-64005,247,10,99.39375377612963,7.804586760903129
20251218-002943-64005,247,11,116.6331050836328,9.15825344386334
20251218-002943-64005,247,12,134.98392149278325,10.599194482484373
20251218-002943-64005,247,13,91.90401769547465,7.216478425751623
20251218-002943-64005,248,4,114.45643236855352,8.987336958576046
20251218-002943-64005,248,3,123.09198191804579,9.665416748568607
20251218-002943-64005,248,10,100.60756809351501,7.899897771824379
20251218-002943-64005,248,11,120.20921951430066,9.439056756754898
20251218-002943-64005,248,12,135.27657937550126,10.622174536563822
20251218-002943-64005,248,13,89.54520962807715,7.0312603258719575
20251218-002943-64005,249,4,115.6888019621014,9.084104965104975
20251218-002943-64005,249,3,124.94980000604683,9.811296161538937
20251218-002943-64005,249,10,106.2656630286079,8.344182157358516
20251218-002943-64005,249,11,129.39963106036524,10.160705367000796
20251218-002943-64005,249,12,137.8031248573117,10.820563697542397
20251218-002943-64005,249,13,87.66360000725382,6.883512756452837
20251218-002943-64005,249,14,132.45149813209932,10.400343779267022
20251218-002943-64005,250,4,119.39443894798526,9.375078635602245
20251218-002943-64005,250,3,124.38253250735207,9.766753237642778
20251218-002943-64005,250,10,105.07643436877099,8.250801659071321
20251218-002943-64005,250,11,133.3957918488462,10.474491519543802
20251218-002943-64005,250,12,140.1195533378947,11.002454071588003
20251218-002943-64005,250,13,86.29041120110999,6.775687357275446
20251218-002943-64005,250,14,132.30513607884959,10.388851152218603
20251218-002943-64005,251,4,126.35495068873148,9.921631268107658
20251218-002943-64005,251,3,123.39767508063228,9.689420357638397
20251218-002943-64005,251,10,101.74774494712028,7.989426628907076
20251218-002943-64005,251,11,123.1429005508046,9.669414976545868
20251218-002943-64005,251,12,140.28535474641959,11.015473113819036
20251218-002943-64005,251,14,135.74319491455404,10.658814076979265
20251218-002943-64005,252,4,129.65239044953535,10.180552515412698
20251218-002943-64005,252,3,124.62029474970396,9.78542278153667
20251218-002943-64005,252,10,101.2099399956975,7.947197160310122
20251218-002943-64005,252,11,125.21512551968556,9.832130025966059
20251218-002943-64005,252,12,140.68969645498646,11.047222794514967
20251218-002943-64005,252,14,134.6729599666924,10.574777191482916
20251218-002943-64005,253,4,116.98360634063836,9.185775469807414
20251218-002943-64005,253,3,126.83265161941348,9.959141254576922
20251218-002943-64005,253,10,104.78730090477492,8.228098349059302
20251218-002943-64005,253,11,122.15430915784803,9.59178889840428
20251218-002943-64005,253,12,147.23295225279932,11.561011696057362
20251218-002943-64005,253,14,135.83166903223844,10.665761233126698
20251218-002943-64005,254,4,116.03432805931347,9.111236332030927
20251218-002943-64005,254,3,127.3715152841573,10.0014538553593
20251218-002943-64005,254,10,107.18913691408544,8.416695084849625
20251218-002943-64005,254,11,132.4561975505806,10.400712786552386
20251218-002943-64005,254,12,149.34346370939627,11.726733073378426
20251218-002943-64005,254,14,133.26113427862308,10.463917950784282
20251218-002943-64005,255,4,106.87611310628351,8.39211585956228
20251218-002943-64005,255,3,131.11807231857256,10.295640645966138
20251218-002943-64005,255,10,107.77690362269071,8.462847645731998
20251218-002943-64005,255,11,128.84901630564525,10.117470048263115
20251218-002943-64005,255,12,151.52125089351063,11.897737068895951
20251218-002943-64005,255,14,134.43660812910213,10.556218395255874
20251218-002943-64005,256,4,105.51471465413118,8.285216261425422
20251218-002943-64005,256,3,129.21194341412235,10.14596777571964
20251218-002943-64005,256,10,105.55426032178887,8.2883214625324
20251218-002943-64005,256,11,119.79034516550477,9.406165945482616
20251218-002943-64005,256,12,151.3388799762991,11.883416957299717
20251218-002943-64005,256,14,135.49428614740913,10.639269286739152
20251218-002943-64005,257,4,105.10173984816704,8.25278869348716
20251218-002943-64005,257,3,128.88801806563697,10.120532540704732
20251218-002943-64005,257,10,105.95864716538497,8.320074687316747
20251218-002943-64005,257,11,119.28387154822173,9.366396672887307
20251218-002943-64005,257,12,152.7221409658612,11.992033243493376
20251218-002943-64005,257,14,141.6943731323835,11.126111919812136
20251218-002943-64005,258,4,106.54176506289959,8.365862214702409
20251218-002943-64005,258,3,129.538412838675,10.171602776430472
20251218-002943-64005,258,10,106.4019688603761,8.354885150752326
20251218-002943-64005,258,11,119.06673867190966,9.349346986086676
20251218-002943-64005,258,12,150.3065039944384,11.80235282988531
20251218-002943-64005,258,14,145.44813285550921,11.42086427924817
20251218-002943-64005,259,4,109.22569031502955,8.576609134847985
20251218-002943-64005,259,3,128.8225723665841,10.115393619827103
20251218-002943-64005,259,10,106.88374093760788,8.392714811398859
20251218-002943-64005,259,11,123.56029585450761,9.702189650381822
20251218-002943-64005,259,12,146.3693283828115,11.493198305718082
20251218-002943-64005,259,14,148.36488683078662,11.649893353967839
20251218-002943-64005,260,4,113.13414690500137,8.883508586762884
20251218-002943-64005,260,3,130.6913044229468,10.262130018369948
20251218-002943-64005,260,10,107.40344597580766,8.433523040353007
20251218-002943-64005,260,11,129.27168732061213,10.1506589809908
20251218-002943-64005,260,12,141.72800889806206,11.12875306416512
20251218-002943-64005,260,14,149.22254882437832,11.71723860642296
20251218-002943-64005,261,4,118.14566863030217,9.277022812992405
20251218-002943-64005,261,3,130.4317297986716,10.241747724723531
20251218-002943-64005,261,10,107.96053616644427,8.477266822646053
20251218-002943-64005,261,11,133.32396760967347,10.468851743553232
20251218-002943-64005,261,12,137.44848104403445,10.792716390193748
20251218-002943-64005,261,14,147.0946066196142,11.550148533573156
20251218-002943-64005,262,4,124.12672107701441,9.746666437148273
20251218-002943-64005,262,3,130.46635892277408,10.244466869471003
20251218-002943-64005,262,10,128.31392701454303,10.075453818484293
20251218-002943-64005,262,11,135.01941172809055,10.601981243322932
20251218-002943-64005,262,12,135.93856359109452,10.674154797381648
20251218-002943-64005,262,14,145.97163873943262,11.461970957844152
20251218-002943-64005,263,4,130.94451803573813,10.282012833285288
20251218-002943-64005,263,3,130.17865931707894,10.221876148742387
20251218-002943-64005,263,10,129.0969020105237,10.136934505706478
20251218-002943-64005,263,11,137.64139033418405,10.807863994894824
20251218-002943-64005,263,12,133.6427000752926,10.493879223519869
20251218-002943-64005,263,14,149.5898149510616,11.74607704184916
20251218-002943-64005,264,4,138.475524086185,10.873361765029877
20251218-002943-64005,264,3,128.5874584973797,10.09693203123442
20251218-002943-64005,264,10,129.59303135338348,10.17589152618183
20251218-002943-64005,264,11,140.28830591604915,11.015704845276447
20251218-002943-64005,264,12,131.77896976709974,10.347535571765073
20251218-002943-64005,264,14,153.53329839189487,12.055726868773792
20251218-002943-64005,265,4,146.60987274848338,11.512086307231348
20251218-002943-64005,265,3,127.66456203592934,10.024464444177156
20251218-002943-64005,265,10,130.0972665922455,10.215485037042354
20251218-002943-64005,265,11,142.95877333834034,11.225395031003615
20251218-002943-64005,265,12,132.20109520533484,10.380681664769172
20251218-002943-64005,265,14,156.07216290543988,12.25508334357572
20251218-002943-64005,266,4,155.25275795540776,12.190742107010259
20251218-002943-64005,266,3,130.49005502679927,10.24632753266898
20251218-002943-64005,266,10,133.66462340866227,10.495600685391178
20251218-002943-64005,266,11,145.65149716343853,11.436832831848369
20251218-002943-64005,266,12,136.84413474911594,10.74526196863175
20251218-002943-64005,266,14,159.5560525989719,12.52864499454052
20251218-002943-64005,267,4,164.32395737458796,12.903029954110854
20251218-002943-64005,267,3,130.23045314292378,10.225943098546855
20251218-002943-64005,267,10,135.6961925765808,10.65512336392396
20251218-002943-64005,267,11,148.36526558274855,11.649923094292914
20251218-002943-64005,267,12,139.5717824228436,10.959442056554899
20251218-002943-64005,267,14,162.130283182049,12.730778480447967
20251218-002943-64005,268,4,173.7564016972653,13.643683438730559
20251218-002943-64005,268,3,129.85999394596328,10.196853937163889
20251218-002943-64005,268,10,138.65558040207452,10.887500129724035
20251218-002943-64005,268,11,151.09894470468046,11.864576783011037
20251218-002943-64005,268,12,139.83948467660878,10.980462547141313
20251218-002943-64005,268,14,164.73751867367002,12.935503574605233
20251218-002943-64005,269,4,183.49439049564558,14.408328857242905
20251218-002943-64005,269,3,129.38882904882962,10.15985717249139
20251218-002943-64005,269,10,141.69432516085618,11.126108152996489
20251218-002943-64005,269,11,153.8514731948864,12.080710560009297
20251218-002943-64005,269,12,139.01153753629396,10.915450561533214
20251218-002943-64005,269,14,167.3762167189981,13.142699168374369
20251218-002943-64005,270,4,193.49179725509444,15.193344267908445
20251218-002943-64005,270,3,129.30095155897348,10.152956864696826
20251218-002943-64005,270,10,129.94375758298747,10.20343121740261
20251218-002943-64005,270,11,156.621857259917,12.298246390734178
20251218-002943-64005,270,12,135.35431614787043,10.62827857591658
20251218-002943-64005,270,14,157.21947215110697,12.345172249660939
20251218-002943-64005,271,4,203.7104315338213,15.995730884535211
20251218-002943-64005,271,3,129.10060800021665,10.137225507072205
20251218-002943-64005,271,10,120.69073370669349,9.476866167792945
20251218-002943-64005,271,11,159.40916596229647,12.517111176202874
20251218-002943-64005,271,12,130.61112508337214,10.255834183990338
20251218-002943-64005,271,14,156.9107540546604,12.320931117025935
20251218-002943-64005,272,4,214.11862197257827,16.81300181170277
20251218-002943-64005,272,3,127.41082940086558,10.00454087464493
20251218-002943-64005,272,10,117.11483122507258,9.196079497544037
20251218-002943-64005,272,11,162.2125268528431,12.737236410044765
20251218-002943-64005,272,12,126.61531284936034,9.942075400607786
20251218-002943-64005,272,14,156.8019875087782,12.312390560786021
20251218-002943-64005,273,4,224.69002800353,17.643088737880536
20251218-002943-64005,273,3,127.09399952305363,9.979662789494839
20251218-002943-64005,273,10,112.06695918926988,8.799710975734367
20251218-002943-64005,273,11,165.03112190466953,12.95855785923139
20251218-002943-64005,273,12,126.74216713189868,9.952036240363295
20251218-002943-64005,273,14,156.89358836350019,12.319583234277966
20251218-002943-64005,274,3,125.6324267778837,9.864897315169936
20251218-002943-64005,274,10,111.4792023974438,8.753559193536375
20251218-002943-64005,274,11,167.8641837325153,13.181015267211238
20251218-002943-64005,274,12,126.49930962462814,9.932966606568211
20251218-002943-64005,274,14,157.18520632241234,12.342481631560492
20251218-002943-64005,275,3,123.76843418259898,9.718533068133375
20251218-002943-64005,275,10,117.23003935078545,9.205125858894997
20251218-002943-64005,275,11,170.71099208074918,13.404552078141007
20251218-002943-64005,275,12,125.8049108024229,9.87844108913201
20251218-002943-64005,275,14,157.67573160710154,12.380998610719931
20251218-002943-64005,276,3,127.44662430277381,10.007351558484983
20251218-002943-64005,276,10,131.87213850641,10.35485135853965
20251218-002943-64005,276,11,173.57087056342078,13.629115180908245
20251218-002943-64005,276,12,122.60157683776308,9.626909208087998
20251218-002943-64005,276,14,158.3633159011947,12.434989038436056
20251218-002943-64005,277,3,127.68042474486317,10.025710014280243
20251218-002943-64005,277,10,151.74380967443287,11.915212808055786
20251218-002943-64005,277,11,176.4431836400435,13.854654671664074
20251218-002943-64005,277,12,119.28338017064917,9.366358088984882
20251218-002943-64005,277,14,159.2454066614794,12.504252484156588
20251218-002943-64005,278,3,127.91808358919543,10.044371439164797
20251218-002943-64005,278,10,156.4099894536277,12.281610127254773
20251218-002943-64005,278,12,113.80724244354266,8.93636132981105
20251218-002943-64005,278,14,160.31879333537222,12.588536849180798
20251218-002943-64005,279,3,126.75780913827722,9.953264480481591
20251218-002943-64005,279,10,157.07140289158372,12.33354556952594
20251218-002943-64005,279,12,111.11134578836594,8.72467439230846
20251218-002943-64005,279,14,161.57966358552406,12.687542781522543
20251218-002943-64005,280,3,121.57101254688813,9.54598733809868
20251218-002943-64005,280,10,158.53749832643186,12.448666174054154
20251218-002943-64005,280,12,117.48427468826789,9.225088901578124
20251218-002943-64005,280,14,163.02366732006723,12.800928703687172
20251218-002943-64005,281,3,118.23373640579084,9.28393806237708
20251218-002943-64005,281,10,163.19685271367956,12.814527550484053
20251218-002943-64005,281,12,111.07814389732545,8.722067316618018
20251218-002943-64005,281,14,164.64598617254012,12.92831626836746
20251218-002943-64005,282,3,117.13060488045072,9.1973180749924
20251218-002943-64005,282,10,161.35664288421003,12.670030771494195
20251218-002943-64005,282,12,103.82817152033,8.152785683912432
20251218-002943-64005,282,14,166.44140606575056,13.069296056296322
20251218-002943-64005,283,3,116.1441614428028,9.119860658390678
20251218-002943-64005,283,10,164.60975507413895,12.9254713335484
20251218-002943-64005,283,12,109.18501237808356,8.573415025801006
20251218-002943-64005,283,14,168.4043906129866,13.223433339849597
20251218-002943-64005,284,3,116.7038483691335,9.16380834131379
20251218-002943-64005,284,10,173.67170602234742,13.63703297310212
20251218-002943-64005,284,12,111.67592695235605,8.769006380089676
20251218-002943-64005,285,3,120.2726436726329,9.444036942406766
20251218-002943-64005,285,10,171.78837553341543,13.489150277843116
20251218-002943-64005,285,12,112.03549758219752,8.797240550454054
20251218-002943-64005,286,3,122.75122077762514,9.638659535120894
20251218-002943-64005,286,10,162.99703587476247,12.798837551903958
20251218-002943-64005,286,12,112.14151449744628,8.805565200462201
20251218-002943-64005,287,3,123.34346872777876,9.685163971620515
20251218-002943-64005,287,10,166.99421590188942,13.112703737005756
20251218-002943-64005,287,12,111.01452385409567,8.717071749711092
20251218-002943-64005,288,3,125.18410270050077,9.829694055145993
20251218-002943-64005,288,10,170.17681562669702,13.362607526065112
20251218-002943-64005,288,12,109.68719682873264,8.612847504866995
20251218-002943-64005,289,3,123.04124146353162,9.66143251148631
20251218-002943-64005,289,10,175.79267683569498,13.803575639026562
20251218-002943-64005,289,12,107.26466953784184,8.422626050257303
20251218-002943-64005,290,3,123.14548259190659,9.669617723328589
20251218-002943-64005,290,10,180.5187689883456,14.174677391843584
20251218-002943-64005,290,12,108.44589542767268,8.515378155808868
20251218-002943-64005,291,3,123.5204269350848,9.699059066930877
20251218-002943-64005,291,10,182.66955406232103,14.343561130269489
20251218-002943-64005,291,12,106.54128770048754,8.365824731297067
20251218-002943-64005,292,3,123.76928458608907,9.718599843434317
20251218-002943-64005,292,10,185.6414684468407,14.576921505330906
20251218-002943-64005,292,12,107.75555426615892,8.46117125361467
20251218-002943-64005,293,3,124.02566726322524,9.738731499314914
20251218-002943-64005,293,10,188.61685172147108,14.810554264247491
20251218-002943-64005,293,12,106.91937010920606,8.395512481779468
20251218-002943-64005,293,15,116.30115920214214,9.132188421328287
20251218-002943-64005,294,3,124.28952839895035,9.759450378000546
20251218-002943-64005,294,10,191.59554227587702,15.044446717068071
20251218-002943-64005,294,12,111.31146127402158,8.740387841198997
20251218-002943-64005,294,15,115.3358182844602,9.056388014766846
20251218-002943-64005,295,3,124.56082046770557,9.780752747693857
20251218-002943-64005,295,10,194.5773882215076,15.278586937214481
20251218-002943-64005,295,12,115.75192825594081,9.089061761869827
20251218-002943-64005,295,15,118.55588776702851,9.309234000536188
20251218-002943-64005,296,3,111.4348502301095,8.750076576924728
20251218-002943-64005,296,10,197.56224668358854,15.512963705887458
20251218-002943-64005,296,12,119.25621742566366,9.364225218539309
20251218-002943-64005,296,15,120.59401657962104,9.469271754856269
20251218-002943-64005,297,3,108.14776248836655,8.491968189863336
20251218-002943-64005,297,10,200.54998315302555,15.74756646117685
20251218-002943-64005,297,12,119.61432626528048,9.39234460635246
20251218-002943-64005,297,15,120.33857981423296,9.44921437376685
20251218-002943-64005,298,3,104.86162346185897,8.23393429772828
20251218-002943-64005,298,10,203.54047089249474,15.982385251426722
20251218-002943-64005,298,12,117.51249573175066,9.22730487163637
20251218-002943-64005,298,15,120.04070527506974,9.425824697892452
20251218-002943-64005,299,3,101.57652522732101,7.975982130560019
20251218-002943-64005,299,10,206.5335903916021,16.217410692453424
20251218-002943-64005,299,12,114.0106007499773,8.952329411162461
20251218-002943-64005,299,15,117.90287198149615,9.257957957919809
20251218-002943-64005,300,3,98.29257213970857,7.718119882508348
20251218-002943-64005,300,10,209.52922886652732,16.45263392825668
20251218-002943-64005,300,12,108.12746820326618,8.490374643963328
20251218-002943-64005,300,15,114.40790746919436,8.98352669110224
20251218-002943-64005,301,3,95.00988294280963,7.460356877561551
20251218-002943-64005,301,10,212.5272798000412,16.688046594900882
20251218-002943-64005,301,12,106.83567321400416,8.388940442235688
20251218-002943-64005,301,15,109.62013530927705,8.607581706695331
20251218-002943-64005,302,3,91.7285933292139,7.202703770560088
20251218-002943-64005,302,10,215.52764251820776,16.92364078727692
20251218-002943-64005,302,12,105.9965450260588,8.323050499482445
20251218-002943-64005,302,15,108.43890274097559,8.51482907673754
20251218-002943-64005,302,16,123.95146110294966,9.73290469034492
20251218-002943-64005,303,3,88.44885906493965,6.945172792548244
20251218-002943-64005,303,10,218.53022180045403,17.159409028484138
20251218-002943-64005,303,12,106.19510743943293,8.338641998180877
20251218-002943-64005,303,15,107.63321173325598,8.451564685029483
20251218-002943-64005,303,16,125.50145953006727,9.854613517551
20251218-002943-64005,304,3,85.17085982897059,6.687778052261869
20251218-002943-64005,304,10,221.5349275200252,17.39534424159817
20251218-002943-64005,304,12,100.39053547029539,7.8828559570874175
20251218-002943-64005,304,15,107.01227242882761,8.402807348772908
20251218-002943-64005,304,16,122.69655984641948,9.63436745474543
20251218-002943-64005,305,3,92.70017569920266,7.278994267838422
20251218-002943-64005,305,10,224.54167431213727,17.631439723613678
20251218-002943-64005,305,12,96.4767345952389,7.575536861733833
20251218-002943-64005,305,15,106.3933470855185,8.354208152577364
20251218-002943-64005,305,16,124.00650303129362,9.737226687340982
20251218-002943-64005,305,17,169.19550783528555,13.285553370182528
20251218-002943-64005,306,3,98.6430897906501,7.745643195735482
20251218-002943-64005,306,10,227.5503812674041,17.86768912137163
20251218-002943-64005,306,12,99.05772432363996,7.778201088599402
20251218-002943-64005,306,15,103.27796380860973,8.10958232696597
20251218-002943-64005,306,16,122.59301935087991,9.62623725792717
20251218-002943-64005,306,17,157.0336350500224,12.330579966708472
20251218-002943-64005,307,3,113.30094084022137,8.896605564079477
20251218-002943-64005,307,12,107.52697541867254,8.443222807367908
20251218-002943-64005,307,15,103.75209044557278,8.146811653088092
20251218-002943-64005,307,16,119.98669559046607,9.421583754639943
20251218-002943-64005,307,17,142.33249326340322,11.176218327279548
20251218-002943-64005,308,3,126.58906513112736,9.940014379804744
20251218-002943-64005,308,12,107.54046452665003,8.444281997805314
20251218-002943-64005,308,15,101.71386198951417,7.986766074573365
20251218-002943-64005,308,16,121.67810658950572,9.554396566198339
20251218-002943-64005,308,17,137.09150959372585,10.764686312354309
20251218-002943-64005,309,3,133.82873793948295,10.508487270773593
20251218-002943-64005,309,12,109.66512637231601,8.611114490613963
20251218-002943-64005,309,15,103.12095115148247,8.097253394225692
20251218-002943-64005,309,16,127.99038389078788,10.050048596482837
20251218-002943-64005,309,17,145.19051014885835,11.400635253889453
20251218-002943-64005,310,3,126.52866558666943,9.935271692592199
20251218-002943-64005,310,12,109.36062703761522,8.587204623182432
20251218-002943-64005,310,15,104.18119032575564,8.18050539255107
20251218-002943-64005,310,16,131.41581614519262,10.319020058042812
20251218-002943-64005,310,17,159.81891290002264,12.549285285782245
20251218-002943-64005,311,3,118.6895600903975,9.319730205837121
20251218-002943-64005,311,12,103.61746518458855,8.136240621311517
20251218-002943-64005,311,15,106.74005097614932,8.381432002084702
20251218-002943-64005,311,16,128.00462112117114,10.051166530915733
20251218-002943-64005,311,17,171.0886175280452,13.434203947142603
20251218-002943-64005,312,3,114.31213970055153,8.976006823596737
20251218-002943-64005,312,12,104.09927318255014,8.174073102522135
20251218-002943-64005,312,15,103.36240731832372,8.11621299210256
20251218-002943-64005,312,16,129.93206317237758,10.202512950019047
20251218-002943-64005,312,17,174.24710280179866,13.682214223598868
20251218-002943-64005,313,3,111.73218177614258,8.77342361594486
20251218-002943-64005,313,12,107.1524776888373,8.413816532695522
20251218-002943-64005,313,15,101.14943425998936,7.942446134758455
20251218-002943-64005,313,16,127.12653558738388,9.98221758320447
20251218-002943-64005,313,17,181.20940963965035,14.228907810546303
20251218-002943-64005,314,3,107.83781770683909,8.467630735580558
20251218-002943-64005,314,12,112.01586664513579,8.795699091904845
20251218-002943-64005,314,15,100.80867278159619,7.915688894772497
20251218-002943-64005,314,16,122.22895520443862,9.597650248085134
20251218-002943-64005,314,17,187.208959514505,14.700003887973192
20251218-002943-64005,315,3,110.68074926018971,8.690863133195897
20251218-002943-64005,315,12,117.395207943143,9.21809521119589
20251218-002943-64005,315,15,101.42725734971955,7.964261332651728
20251218-002943-64005,315,16,122.13129651323207,9.589981901740208
20251218-002943-64005,315,17,184.2076732388398,14.464337176104197
20251218-002943-64005,316,3,107.7325760026125,8.459366956617629
20251218-002943-64005,316,12,112.94548552994164,8.868694536441359
20251218-002943-64005,316,15,100.28553120224439,7.874610822064999
20251218-002943-64005,316,16,121.5392714374599,9.543494965761301
20251218-002943-64005,316,17,188.08502345405222,14.768794096256249
20251218-002943-64005,317,3,109.59854982262665,8.605886773191573
20251218-002943-64005,317,12,115.02350351428876,9.03186446446403
20251218-002943-64005,317,15,93.2968626483647,7.3258472629906395
20251218-002943-64005,317,16,120.9492788567394,9.497167625163081
20251218-002943-64005,317,17,181.3959920229116,14.243558614474068
20251218-002943-64005,318,3,111.20703192336867,8.732187849785138
20251218-002943-64005,318,12,115.94973896278175,9.10459423514026
20251218-002943-64005,318,15,87.10331543717241,6.8395181454046945
20251218-002943-64005,318,16,120.36134865999661,9.451002226880922
20251218-002943-64005,318,17,172.13619516617666,13.516461737546557
20251218-002943-64005,319,3,108.77496379664267,8.54121723058292
20251218-002943-64005,319,12,116.42302754457562,9.141757755575103
20251218-002943-64005,319,15,92.15238793358574,7.235980929666811
20251218-002943-64005,319,16,119.77551121749568,9.405001155645778
20251218-002943-64005,319,17,167.1695324726445,13.126469927888978
20251218-002943-64005,320,3,107.99538076712116,8.480002887024346
20251218-002943-64005,320,12,118.93283717228506,9.338832785429872
20251218-002943-64005,320,15,94.52874278992411,7.422576836817672
20251218-002943-64005,320,16,119.1917973874159,9.359166834500632
20251218-002943-64005,320,17,160.5760232997969,12.608735035672257
20251218-002943-64005,321,3,108.30888348485543,8.504619717231272
20251218-002943-64005,321,12,117.41168398331753,9.219388941235584
20251218-002943-64005,321,15,92.94738816570816,7.298405861323107
20251218-002943-64005,321,16,118.61023852241586,9.313501725315922
20251218-002943-64005,321,17,171.3916355948644,13.457997502600206
20251218-002943-64005,322,3,102.64758514403965,8.0600837941815
20251218-002943-64005,322,12,108.64837917007516,8.53127756472758
20251218-002943-64005,322,15,96.66787640341704,7.590545680385781
20251218-002943-64005,322,16,111.67258733287974,8.768744146810812
20251218-002943-64005,322,17,181.33451979660995,14.238731698241105
20251218-002943-64005,323,3,101.0925062706234,7.937976040660479
20251218-002943-64005,323,12,105.91247420592983,8.316449098641558
20251218-002943-64005,323,15,96.55086341181277,7.5813575975291325
20251218-002943-64005,323,16,110.18350119898803,8.651818268826649
20251218-002943-64005,323,17,194.92792709931004,15.306111917215144
20251218-002943-64005,324,3,96.38512881911544,7.568343801804074
20251218-002943-64005,324,12,106.38480688345442,8.353537559653436
20251218-002943-64005,324,15,106.51806218658072,8.36400101973104
20251218-002943-64005,324,16,109.05159718700162,8.56293901101675
20251218-002943-64005,324,17,206.80210680331882,16.238495112272094
20251218-002943-64005,325,3,104.28230340794372,8.18844498425194
20251218-002943-64005,325,12,105.15185506401686,8.256723835639274
20251218-002943-64005,325,15,109.78776936026068,8.620744651500999
20251218-002943-64005,325,16,108.28807644115595,8.502985908549931
20251218-002943-64005,325,17,215.1839387841929,16.896652515778417
20251218-002943-64005,326,3,104.6006747470615,8.213444107878221
20251218-002943-64005,326,12,103.97596604104464,8.164390791033163
20251218-002943-64005,326,15,116.659132557486,9.160297170658406
20251218-002943-64005,326,16,107.90075943818066,8.472573040146731
20251218-002943-64005,326,17,223.7788127048446,17.57153837796083
20251218-002943-64005,327,3,110.93541847430036,8.710860244697837
20251218-002943-64005,327,12,102.85909686519355,8.076692097178201
20251218-002943-64005,327,15,112.70840893273618,8.850078830709617
20251218-002943-64005,327,16,107.89369774489862,8.472018542546985
20251218-002943-64005,327,17,232.56310948433583,18.261298083620787
20251218-002943-64005,328,3,112.91357608626693,8.86618894617849
20251218-002943-64005,328,12,101.80319005153234,7.993780284055526
20251218-002943-64005,328,15,113.38697821562643,8.903361382584347
20251218-002943-64005,328,16,108.26696576758707,8.50132825827323
20251218-002943-64005,328,17,241.51616124594867,18.964308751733267
20251218-002943-64005,329,3,117.22643832302363,9.204843099339916
20251218-002943-64005,329,12,100.81016121603962,7.915805769478506
20251218-002943-64005,329,15,101.93524689156847,8.004149638529793
20251218-002943-64005,329,16,109.0166568818413,8.560195431740226
20251218-002943-64005,329,17,250.61988302099581,19.679150316128855
20251218-002943-64005,330,3,123.1158124562424,9.667287967793644
20251218-002943-64005,330,12,99.88188578080477,7.842915815159812
20251218-002943-64005,330,15,93.417852038595,7.335347580237214
20251218-002943-64005,330,16,110.13508440359628,8.64801648988216
20251218-002943-64005,330,17,259.85843984842745,20.404579385521146
20251218-002943-64005,331,3,127.08318069408728,9.978813274448758
20251218-002943-64005,331,12,99.02018487584184,7.775253419695008
20251218-002943-64005,331,15,85.81855451525966,6.738636272035968
20251218-002943-64005,331,16,111.6111638376841,8.763921057037063
20251218-002943-64005,331,17,269.2179509764953,21.13950601685828
20251218-002943-64005,332,3,113.6217010189513,8.921792263939702
20251218-002943-64005,332,12,98.22681060460228,7.712956161582552
20251218-002943-64005,332,15,82.3905478843655,6.469462665533242
20251218-002943-64005,332,16,113.43093364483235,8.906812846562888
20251218-002943-64005,332,17,278.68623013710067,21.882973321170343
20251218-002943-64005,333,3,113.24248381767877,8.892015407385674
20251218-002943-64005,333,12,97.50343087937603,7.6561550084706305
20251218-002943-64005,333,15,82.51561747956232,6.479283368241213
20251218-002943-64005,333,17,288.2525593652173,22.63413970343983
20251218-002943-64005,334,3,113.03340862109296,8.875598424936433
20251218-002943-64005,334,12,96.85161406985664,7.604973111733264
20251218-002943-64005,334,15,82.28973273022481,6.461546467709815
20251218-002943-64005,334,17,297.90749313451283,23.392263482957826
20251218-002943-64005,335,3,105.21285685709489,8.261513812559961
20251218-002943-64005,335,12,96.27281374102446,7.559524608059839
20251218-002943-64005,335,15,85.27366763072308,6.695850716569149
20251218-002943-64005,335,17,307.6426893708092,24.156689624179187
20251218-002943-64005,336,3,102.53426177785938,8.051185427737028
20251218-002943-64005,336,12,95.76835378287477,7.519913451813053
20251218-002943-64005,336,15,92.86431897546136,7.291883110367353
20251218-002943-64005,336,17,317.45076398308,24.92683831421953
20251218-002943-64005,337,3,100.31281125257787,7.876752903549808
20251218-002943-64005,337,12,95.33941425213438,7.486232303293552
20251218-002943-64005,337,15,101.2486988699524,7.950240580901306
20251218-002943-64005,337,17,327.3251657848825,25.70219514144798
20251218-002943-64005,338,3,101.58740122648622,7.976836134718948
20251218-002943-64005,338,12,94.98701825296257,7.458561498587592
20251218-002943-64005,338,15,105.92795611781006,8.317664767835076
20251218-002943-64005,338,17,337.26006898428255,26.4823026535914
20251218-002943-64005,339,3,104.86734980206323,8.234383940862267
20251218-002943-64005,339,12,94.71202017815662,7.4369681262441105
20251218-002943-64005,339,15,102.62085987478501,8.05798527516313
20251218-002943-64005,339,17,347.2502807471693,27.266753099429877
20251218-002943-64005,340,3,107.3712866688565,8.43099783035001
20251218-002943-64005,340,15,99.1629343341467,7.7864623789111125
20251218-002943-64005,341,3,107.20135675837592,8.417654610286048
20251218-002943-64005,341,15,92.32698160362214,7.249690357009426
20251218-002943-64005,342,3,102.95266002983949,8.084038854980998
20251218-002943-64005,342,15,91.25033407071625,7.165149943127861
20251218-002943-64005,343,3,98.63885660113587,7.745310797636166
20251218-002943-64005,343,15,90.18022954743515,7.081123298817864
