run_id,frame,track_id,length_px,length_cm
20260126-084051-01c69,7,1,62.13083414137803,4.228773661306392
20260126-084051-01c69,7,2,95.29328743881358,6.48588980961678
20260126-084051-01c69,7,4,61.516592309949075,4.186966888319749
20260126-084051-01c69,7,3,88.03319507385935,5.991750501882562
20260126-084051-01c69,7,5,92.56551664050038,6.300231183503062
20260126-084051-01c69,7,6,90.75143558048445,6.176760473475025
20260126-084051-01c69,8,1,62.21616421792213,4.234581431074714
20260126-084051-01c69,8,2,94.98486458422383,6.4648978100394645
20260126-084051-01c69,8,4,62.7577989165237,4.271446388372471
20260126-084051-01c69,8,3,82.85356709650345,5.639212592667192
20260126-084051-01c69,8,5,92.63087746571426,6.304679798107475
20260126-084051-01c69,8,6,88.66583148528676,6.03480925412368
20260126-084051-01c69,9,1,62.65326040622001,4.2643312465097605
20260126-084051-01c69,9,2,94.984098237114,6.464845650616237
20260126-084051-01c69,9,4,64.93383282922962,4.419552478099535
20260126-084051-01c69,9,3,77.01093123313225,5.24154877577062
20260126-084051-01c69,9,5,92.48706272663479,6.294891421866733
20260126-084051-01c69,9,6,87.86657944599833,5.980410242438154
20260126-084051-01c69,10,1,62.976752565915895,4.286348899153024
20260126-084051-01c69,10,2,94.6071437840922,6.439189226000668
20260126-084051-01c69,10,4,64.87002647809416,4.415209664731028
20260126-084051-01c69,10,3,78.70059683661313,5.356551471278562
20260126-084051-01c69,10,5,91.3407829425851,6.216872869142216
20260126-084051-01c69,10,6,88.34343308214693,6.012866045176209
20260126-084051-01c69,11,1,63.03639775097723,4.29040849357336
20260126-084051-01c69,11,2,94.41164328486184,6.425882992898495
20260126-084051-01c69,11,4,65.73793293429753,4.4742814607754715
20260126-084051-01c69,11,3,78.63132438834437,5.351836622222671
20260126-084051-01c69,11,5,90.21538749327787,6.140275754354488
20260126-084051-01c69,11,6,89.2854643370781,6.076982952892522
20260126-084051-01c69,12,1,62.04395743359843,4.2228606241048725
20260126-084051-01c69,12,2,92.94271795860982,6.325904410348876
20260126-084051-01c69,12,4,68.48422018447158,4.661200361035065
20260126-084051-01c69,12,3,80.94989611140225,5.5096441773571545
20260126-084051-01c69,12,5,90.3996405890203,6.152816462185912
20260126-084051-01c69,12,6,90.91814409914691,6.18810705529028
20260126-084051-01c69,13,1,61.600877307794455,4.192703527524057
20260126-084051-01c69,13,2,92.09145269322394,6.267965253683806
20260126-084051-01c69,13,4,72.9034671401451,4.961984913298378
20260126-084051-01c69,13,3,82.94026277596137,5.645113308646741
20260126-084051-01c69,13,5,90.63451705677788,6.168802718192936
20260126-084051-01c69,13,6,92.17537320312864,6.273677084964243
20260126-084051-01c69,14,1,61.448166971725584,4.182309695606272
20260126-084051-01c69,14,2,91.62540056941359,6.236244627794886
20260126-084051-01c69,14,4,73.18917280935776,4.9814307267265905
20260126-084051-01c69,14,3,84.58267578089806,5.756899878910053
20260126-084051-01c69,14,5,90.1518008444372,6.1359478944513635
20260126-084051-01c69,14,6,88.69221833379997,6.036605206351582
20260126-084051-01c69,15,1,60.81173147747267,4.13899236867174
20260126-084051-01c69,15,2,91.68043920865829,6.2399906896530375
20260126-084051-01c69,15,4,71.98553574598397,4.899508299936292
20260126-084051-01c69,15,3,85.2454026425474,5.80200665939856
20260126-084051-01c69,15,5,89.75522433579883,6.108955945645288
20260126-084051-01c69,15,6,89.23282043197806,6.07339988238668
20260126-084051-01c69,16,1,60.62205949862295,4.126082838652838
20260126-084051-01c69,16,2,92.08948198286434,6.267831122407799
20260126-084051-01c69,16,4,67.47315491661571,4.5923848327445285
20260126-084051-01c69,16,3,86.10225231595658,5.860325904274086
20260126-084051-01c69,16,5,89.83345857737704,6.11428075585861
20260126-084051-01c69,16,6,89.38835217857886,6.083985746275548
20260126-084051-01c69,17,1,61.522234801248885,4.187350929817381
20260126-084051-01c69,17,2,92.4055822168942,6.28934566285251
20260126-084051-01c69,17,4,62.38074567248824,4.245783239803452
20260126-084051-01c69,17,3,88.33535281013764,6.012316082473771
20260126-084051-01c69,17,5,89.43277957872459,6.08700958173781
20260126-084051-01c69,17,6,90.07042264610506,6.130409098997105
20260126-084051-01c69,18,1,61.00254510242116,4.151979601863627
20260126-084051-01c69,18,2,92.45152027190096,6.292472317109592
20260126-084051-01c69,18,4,64.97398775370358,4.42228551861531
20260126-084051-01c69,18,3,90.65973646663572,6.170519211744557
20260126-084051-01c69,18,5,88.43148601570101,6.018859139126421
20260126-084051-01c69,18,6,89.80461581464894,6.112317648216012
20260126-084051-01c69,19,1,60.424584835550824,4.112642239222375
20260126-084051-01c69,19,2,92.46322786939928,6.293269164288971
20260126-084051-01c69,19,4,63.45196746325776,4.318693165395563
20260126-084051-01c69,19,3,93.28847314101961,6.349437337740574
20260126-084051-01c69,19,5,87.69586910604382,5.968791287062959
20260126-084051-01c69,19,6,90.40344594054426,6.1530754635419855
20260126-084051-01c69,20,1,60.895073768117506,4.144664844961851
20260126-084051-01c69,20,2,91.8911828287531,6.254334406138759
20260126-084051-01c69,20,4,61.466163661691894,4.183534593510379
20260126-084051-01c69,20,3,95.4195932588146,6.4944864868105014
20260126-084051-01c69,20,5,85.82525635408822,5.841472894427611
20260126-084051-01c69,20,6,91.79055380105669,6.247485353043525
20260126-084051-01c69,21,1,61.5282969513265,4.187763534298448
20260126-084051-01c69,21,2,91.10546083891712,6.200856282085781
20260126-084051-01c69,21,4,59.35324091372463,4.039724001097482
20260126-084051-01c69,21,3,97.61823534933168,6.644131343370157
20260126-084051-01c69,21,5,83.76356542953964,5.701149262852879
20260126-084051-01c69,21,6,92.96555142871821,6.32745851111583
20260126-084051-01c69,22,1,61.7291774860225,4.201435945524387
20260126-084051-01c69,22,2,90.7292739588119,6.175252100324787
20260126-084051-01c69,22,4,58.051537416229685,3.9511269374799003
20260126-084051-01c69,22,3,97.9819866287445,6.668889128307458
20260126-084051-01c69,22,5,83.54933444786339,5.686568188169624
20260126-084051-01c69,22,6,92.94988656880491,6.326392323160608
20260126-084051-01c69,23,1,63.245291807185694,4.304626324302748
20260126-084051-01c69,23,2,90.49957734821872,6.159618397826001
20260126-084051-01c69,23,4,62.825107390233875,4.276027564607135
20260126-084051-01c69,23,3,96.37313913018251,6.559387106952064
20260126-084051-01c69,23,5,83.43193990872426,5.6785780341349446
20260126-084051-01c69,23,6,92.75518404436157,6.313140402137266
20260126-084051-01c69,24,1,61.80075368766791,4.206307593563197
20260126-084051-01c69,24,2,89.31143899778516,6.078750850629248
20260126-084051-01c69,24,4,55.92485312328821,3.8063797012937446
20260126-084051-01c69,24,3,97.22237019087683,6.617187810764534
20260126-084051-01c69,24,5,83.85116104477855,5.707111230621175
20260126-084051-01c69,24,6,91.74128926878377,6.244132290761467
20260126-084051-01c69,25,1,60.92316417407432,4.146576745397234
20260126-084051-01c69,25,2,88.46136082756931,6.020892490510013
20260126-084051-01c69,25,4,61.504491413513236,4.186143272270918
20260126-084051-01c69,25,3,94.57489973132658,6.436994618396354
20260126-084051-01c69,25,5,85.11887310341494,5.793394755343916
20260126-084051-01c69,25,6,90.3051079244955,6.146382342197021
20260126-084051-01c69,26,1,60.443339490635,4.1139187260512236
20260126-084051-01c69,26,2,88.57100126049838,6.028354881469221
20260126-084051-01c69,26,4,67.73516399484016,4.610217799327555
20260126-084051-01c69,26,3,90.26764897922698,6.1438327964952615
20260126-084051-01c69,26,5,85.35360580977381,5.809371226605171
20260126-084051-01c69,26,6,90.0086895877257,6.126207398908667
20260126-084051-01c69,27,1,60.46173917330204,4.115171052605568
20260126-084051-01c69,27,2,88.58072182194468,6.0290164862067925
20260126-084051-01c69,27,4,71.77995782543817,4.88551617335753
20260126-084051-01c69,27,3,89.12397635566191,6.065991693369491
20260126-084051-01c69,27,5,86.12655451187652,5.86197997004414
20260126-084051-01c69,27,6,89.62863140843325,6.100339727235391
20260126-084051-01c69,28,1,59.64145595038252,4.059340608095513
20260126-084051-01c69,28,2,88.16731523024836,6.000879041562193
20260126-084051-01c69,28,4,72.92214695651396,4.96325630642468
20260126-084051-01c69,28,3,86.12759446021998,5.8620507514238644
20260126-084051-01c69,28,5,86.48641784380719,5.886473131946257
20260126-084051-01c69,28,6,89.27721780287825,6.076421673986433
20260126-084051-01c69,29,1,59.41531447287407,4.043948876485399
20260126-084051-01c69,29,2,88.29345357323676,6.009464319868555
20260126-084051-01c69,29,4,68.51177391613913,4.663075734130512
20260126-084051-01c69,29,3,84.63411170163691,5.760400731101584
20260126-084051-01c69,29,5,86.34879846220548,5.877106426601881
20260126-084051-01c69,29,6,89.98594410163503,6.124659286545087
20260126-084051-01c69,30,1,58.61125814666595,3.989222873503713
20260126-084051-01c69,30,2,88.45634017558775,6.0205507728885514
20260126-084051-01c69,30,4,70.35532081392978,4.788551959783955
20260126-084051-01c69,30,3,83.21442830735704,5.663773672603321
20260126-084051-01c69,30,5,87.1431098844034,5.931169168032684
20260126-084051-01c69,30,6,91.32195726193785,6.215591548143112
20260126-084051-01c69,31,1,57.77843202428574,3.932538729158323
20260126-084051-01c69,31,2,88.474101664687,6.021759662457257
20260126-084051-01c69,31,4,67.25895949705016,4.577806178503863
20260126-084051-01c69,31,3,81.87238345430924,5.572430879523376
20260126-084051-01c69,31,5,87.49992619502227,5.955454942352664
20260126-084051-01c69,31,6,92.16420840063749,6.272917181715546
20260126-084051-01c69,32,1,56.87441553329026,3.871009197496002
20260126-084051-01c69,32,2,88.73806330450878,6.03972552506798
20260126-084051-01c69,32,4,68.95260576803211,4.6930798077939695
20260126-084051-01c69,32,3,80.61185486907438,5.486636279237863
20260126-084051-01c69,32,5,88.99184555761543,6.056998554192333
20260126-084051-01c69,32,6,91.28370018195444,6.212987679477448
20260126-084051-01c69,33,1,56.495748449916334,3.8452362071490254
20260126-084051-01c69,33,2,88.98154376689045,6.056297389595332
20260126-084051-01c69,33,4,71.48265971872625,4.865281350815813
20260126-084051-01c69,33,3,80.57550039324894,5.484161906376695
20260126-084051-01c69,33,5,89.18919188203314,6.070430418586014
20260126-084051-01c69,33,6,93.74509052392253,6.380515812523654
20260126-084051-01c69,34,1,56.249086450801684,3.8284477995971855
20260126-084051-01c69,34,2,88.97763899989612,6.056031621783788
20260126-084051-01c69,34,4,70.20449579077939,4.778286446787414
20260126-084051-01c69,34,3,79.93325014426873,5.440448813282291
20260126-084051-01c69,34,5,89.84628838545507,6.1151539833829105
20260126-084051-01c69,34,6,93.00281085285563,6.329994476930633
20260126-084051-01c69,35,1,55.85622057644972,3.8017084054647112
20260126-084051-01c69,35,2,88.94209350482325,6.053612310093875
20260126-084051-01c69,35,4,65.50271182036936,4.458271747323062
20260126-084051-01c69,35,3,79.13725904421156,5.38627174894582
20260126-084051-01c69,35,5,90.23158742370404,6.141378360492775
20260126-084051-01c69,35,6,92.18506454685756,6.274336701073859
20260126-084051-01c69,36,1,56.342518089592495,3.8348069811325924
20260126-084051-01c69,36,2,88.5521793732482,6.027073818657823
20260126-084051-01c69,36,4,56.968309175230125,3.87739982407436
20260126-084051-01c69,36,3,77.97625395603531,5.307250956687493
20260126-084051-01c69,36,5,90.8623189045993,6.184307458590789
20260126-084051-01c69,36,6,91.12325163821264,6.202067166576777
20260126-084051-01c69,37,1,55.04430075853471,3.7464471943681574
20260126-084051-01c69,37,2,88.02836279124034,5.9914216051319285
20260126-084051-01c69,37,4,52.27187518301249,3.5577492569636338
20260126-084051-01c69,37,3,77.7053415330106,5.288812007092823
20260126-084051-01c69,37,5,90.53203564848445,6.161827587629282
20260126-084051-01c69,37,6,89.75102147095323,6.108669888578669
20260126-084051-01c69,38,1,53.642518575748255,3.6510385352800263
20260126-084051-01c69,38,2,87.46073855784164,5.9527877377311835
20260126-084051-01c69,38,4,47.57597252558075,3.2381348537734307
20260126-084051-01c69,38,3,76.26154311715311,5.190543622359391
20260126-084051-01c69,38,5,90.38876611528678,6.152076319409136
20260126-084051-01c69,38,6,89.89116295069174,6.118208253974282
20260126-084051-01c69,39,1,53.01853387094683,3.6085686389525766
20260126-084051-01c69,39,2,87.3547330907366,5.945572751268452
20260126-084051-01c69,39,4,46.06834086517278,3.1355218252411303
20260126-084051-01c69,39,3,78.837658635421,5.365880226200008
20260126-084051-01c69,39,5,90.311330968445,6.14680589750109
20260126-084051-01c69,39,6,90.61334341703193,6.1673615894633915
20260126-084051-01c69,40,1,51.983925837854684,3.5381507335666527
20260126-084051-01c69,40,2,87.21823177505729,5.936282144173674
20260126-084051-01c69,40,4,49.349206205276325,3.358825393079165
20260126-084051-01c69,40,3,79.20788312786952,5.391078593549694
20260126-084051-01c69,40,5,89.82959213963584,6.114017596828009
20260126-084051-01c69,40,6,91.54865549095948,6.231021173597199
20260126-084051-01c69,41,1,51.43350497347749,3.500687768742853
20260126-084051-01c69,41,2,87.28482328430552,5.940814522086624
20260126-084051-01c69,41,4,46.09271849947284,3.1371810255283576
20260126-084051-01c69,41,3,77.23517041938838,5.256811032873348
20260126-084051-01c69,41,5,88.55781075185132,6.027457103798652
20260126-084051-01c69,41,6,93.34452870918037,6.353252614220983
20260126-084051-01c69,42,1,51.18739094482326,3.4839366573754633
20260126-084051-01c69,42,2,87.0038903791325,5.921693554431713
20260126-084051-01c69,42,4,49.85460751915284,3.3932242192666173
20260126-084051-01c69,42,3,77.44049624500734,5.27078600126646
20260126-084051-01c69,42,5,87.5662276677364,5.959967579683129
20260126-084051-01c69,42,6,94.24794582732503,6.414741351128817
20260126-084051-01c69,43,1,51.32246242011315,3.4931299461022807
20260126-084051-01c69,43,2,87.3352787440038,5.944248641747013
20260126-084051-01c69,43,4,50.856437001759225,3.461411137850809
20260126-084051-01c69,43,3,77.33705632618627,5.263745632176246
20260126-084051-01c69,43,5,86.3884956484781,5.87980831235728
20260126-084051-01c69,43,6,95.42462501622947,6.494828960294402
20260126-084051-01c69,44,1,51.63898130790172,3.514672981126414
20260126-084051-01c69,44,2,87.75569995273328,5.97286351805922
20260126-084051-01c69,44,4,50.837590038027955,3.4601283682739346
20260126-084051-01c69,44,3,77.43369380268405,5.270323010718743
20260126-084051-01c69,44,5,84.9114340019435,5.779275952325251
20260126-084051-01c69,44,6,96.14675231606424,6.543978677143573
20260126-084051-01c69,45,1,51.537525041337574,3.507767624168793
20260126-084051-01c69,45,2,86.39968535991233,5.880569910968414
20260126-084051-01c69,45,4,46.56661507669411,3.169435563740037
20260126-084051-01c69,45,3,78.02925949705492,5.310858641001806
20260126-084051-01c69,45,5,85.22905709276891,5.800894142057725
20260126-084051-01c69,45,6,96.42987105118247,6.5632484176296915
20260126-084051-01c69,46,1,51.77149272398002,3.523692026080152
20260126-084051-01c69,46,2,86.1435878616522,5.863139300703234
20260126-084051-01c69,46,4,43.664502143737735,2.9719107935897293
20260126-084051-01c69,46,3,79.9010020622582,5.438253931437901
20260126-084051-01c69,46,5,85.13882309688242,5.794752599771475
20260126-084051-01c69,46,6,96.71276960712505,6.58250317219277
20260126-084051-01c69,47,1,51.352225710006714,3.4951557070326644
20260126-084051-01c69,47,2,84.95097755531832,5.781967381456965
20260126-084051-01c69,47,4,42.04950347821908,2.8619901090508755
20260126-084051-01c69,47,3,81.45204534484186,5.543821659146352
20260126-084051-01c69,47,5,83.89313117377083,5.709967818312245
20260126-084051-01c69,47,6,97.3851433818094,6.628266544731249
20260126-084051-01c69,48,1,52.98451491728173,3.6062532273339776
20260126-084051-01c69,48,2,86.58300197237338,5.893046879500516
20260126-084051-01c69,48,4,47.0758709935248,3.2040967434540852
20260126-084051-01c69,48,3,81.56894170759067,5.551777906100479
20260126-084051-01c69,48,5,83.03931029496646,5.651854720465442
20260126-084051-01c69,48,6,97.5821679577513,6.641676510151595
20260126-084051-01c69,49,1,54.49265533713959,3.708900883255261
20260126-084051-01c69,49,2,87.92368015719288,5.984296653861376
20260126-084051-01c69,49,4,51.0475157281042,3.4744164144798813
20260126-084051-01c69,49,3,82.63788273664348,5.624532597577216
20260126-084051-01c69,49,5,83.56076854836644,5.687346420487221
20260126-084051-01c69,49,6,97.63829147932853,6.645496411704591
20260126-084051-01c69,50,1,54.891751100068944,3.7360642985536026
20260126-084051-01c69,50,2,88.43556430485259,6.019136717272372
20260126-084051-01c69,50,4,51.482892122196986,3.504049176594497
20260126-084051-01c69,50,3,84.08270155142651,5.722870433110078
20260126-084051-01c69,50,5,82.99822361812289,5.649058262647552
20260126-084051-01c69,50,6,97.06858514791608,6.606720831716812
20260126-084051-01c69,51,1,54.68775024341032,3.722179510727337
20260126-084051-01c69,51,2,88.46255173507234,6.02097354653238
20260126-084051-01c69,51,4,53.611671555184806,3.6489390130397217
20260126-084051-01c69,51,3,85.70741469189933,5.833452308125244
20260126-084051-01c69,51,5,82.8617862131245,5.639772005467079
20260126-084051-01c69,51,6,96.31003144570484,6.555091846512812
20260126-084051-01c69,52,1,54.24347081133263,3.6919407864836673
20260126-084051-01c69,52,2,88.31091435391272,6.0106527425003895
20260126-084051-01c69,52,4,52.635389870099694,3.5824909388595256
20260126-084051-01c69,52,3,86.03112079732513,5.855484522428271
20260126-084051-01c69,52,5,80.85306195222682,5.503053412119655
20260126-084051-01c69,52,6,95.25024754238062,6.482960410986675
20260126-084051-01c69,53,1,52.081056107904814,3.5447616528208337
20260126-084051-01c69,53,2,88.43664900155747,6.019210544332953
20260126-084051-01c69,53,4,48.678164186473445,3.313152663041671
20260126-084051-01c69,53,3,85.38596409113123,5.811573608881546
20260126-084051-01c69,53,5,80.0626676986737,5.449257282586488
20260126-084051-01c69,53,6,95.58004133847173,6.505406968124454
20260126-084051-01c69,54,1,49.176379120067274,3.3470623669425876
20260126-084051-01c69,54,2,87.91269366816667,5.983548887054986
20260126-084051-01c69,54,4,48.12781162402791,3.275694347011238
20260126-084051-01c69,54,3,84.77952257503573,5.770297744074197
20260126-084051-01c69,54,5,80.48998332751948,5.478341409675716
20260126-084051-01c69,54,6,96.36840583020043,6.55906494719722
20260126-084051-01c69,55,1,47.78295298284911,3.2522224403670683
20260126-084051-01c69,55,2,87.05640405436874,5.925267761180525
20260126-084051-01c69,55,4,47.53071343459199,3.2350544114366606
20260126-084051-01c69,55,3,83.91147628206164,5.711216430403586
20260126-084051-01c69,55,5,79.07309469338155,5.381904569259042
20260126-084051-01c69,55,6,96.87963609494598,6.593860505768015
20260126-084051-01c69,56,1,46.57699692915403,3.1701421775308343
20260126-084051-01c69,56,2,86.43295031499972,5.882834003634513
20260126-084051-01c69,56,4,49.12894672156412,3.343834004081302
20260126-084051-01c69,56,3,83.36310775379961,5.673893152500586
20260126-084051-01c69,56,5,78.5072151143078,5.34338944721814
20260126-084051-01c69,56,6,97.60564729122613,6.643274569929089
20260126-084051-01c69,57,1,45.010954798037936,3.063553592199909
20260126-084051-01c69,57,2,84.06871022509266,5.721918149866099
20260126-084051-01c69,57,4,51.672384964355615,3.5169465141403458
20260126-084051-01c69,57,3,82.867844983118,5.640184379891509
20260126-084051-01c69,57,5,78.05540350031958,5.312638064599357
20260126-084051-01c69,57,6,98.06754180108078,6.6747122186355385
20260126-084051-01c69,58,1,43.7222604391501,2.97584196177276
20260126-084051-01c69,58,2,83.95521680227898,5.714193515169678
20260126-084051-01c69,58,4,55.96843436171378,3.8093459449588756
20260126-084051-01c69,58,3,81.50783491237328,5.547618830985631
20260126-084051-01c69,58,5,77.0032899571375,5.24102869219035
20260126-084051-01c69,58,6,98.29987049712267,6.690525067185938
20260126-084051-01c69,59,1,44.33498894321846,3.017545734067849
20260126-084051-01c69,59,2,84.63669086221431,5.7605762749594565
20260126-084051-01c69,59,4,56.65287094572761,3.855930341246332
20260126-084051-01c69,59,3,79.73675469965454,5.427074861809817
20260126-084051-01c69,59,5,77.81558852681445,5.296315682040678
20260126-084051-01c69,59,6,98.4764010405307,6.702540159574386
20260126-084051-01c69,60,1,44.23446401704751,3.0107037663722407
20260126-084051-01c69,60,2,85.08489310366839,5.791081995022488
20260126-084051-01c69,60,4,69.41161375913683,4.724320993107786
20260126-084051-01c69,60,3,76.57623330478361,5.211962191662602
20260126-084051-01c69,60,5,79.6545213699101,5.421477864059657
20260126-084051-01c69,60,6,98.39412140727048,6.696940010295832
20260126-084051-01c69,61,1,44.312190918083225,3.0159940457708223
20260126-084051-01c69,61,2,85.54725321296107,5.822551333543946
20260126-084051-01c69,61,4,78.67195011914332,5.354601706946674
20260126-084051-01c69,61,3,73.736328966147,5.018671487717936
20260126-084051-01c69,61,5,81.68995139334801,5.5600141156889284
20260126-084051-01c69,61,6,98.829909683754,6.726600806114318
20260126-084051-01c69,62,1,44.233673024988136,3.010649929554609
20260126-084051-01c69,62,2,85.68827000420076,5.832149274740734
20260126-084051-01c69,62,4,82.74158134222434,5.631590573509048
20260126-084051-01c69,62,3,75.08783110969361,5.1106579666830205
20260126-084051-01c69,62,5,81.62738287655063,5.555755552295787
20260126-084051-01c69,62,6,99.09875193188746,6.74489885463828
20260126-084051-01c69,63,1,43.40510768068591,2.9542557839894035
20260126-084051-01c69,63,2,83.74055157046824,5.6995828843802405
20260126-084051-01c69,63,4,84.25002090780151,5.734258590005821
20260126-084051-01c69,63,3,71.83743403745004,4.889428142267434
20260126-084051-01c69,63,5,82.57465995113942,5.62022950308591
20260126-084051-01c69,63,6,99.66996058698784,6.783776686381248
20260126-084051-01c69,64,1,42.95085723283391,2.9233384084856056
20260126-084051-01c69,64,2,83.69679658709441,5.696604815217011
20260126-084051-01c69,64,4,81.71916824559756,5.562002684762024
20260126-084051-01c69,64,3,74.77759404639669,5.089542487707705
20260126-084051-01c69,64,5,79.9751745032373,5.443302285755717
20260126-084051-01c69,64,6,100.1457710000483,6.816161484852597
20260126-084051-01c69,65,1,41.677001160782744,2.8366367074666323
20260126-084051-01c69,65,2,82.45749232168593,5.61225479306893
20260126-084051-01c69,65,4,82.0118797316301,5.581925330894211
20260126-084051-01c69,65,3,76.53313129541016,5.20902856547672
20260126-084051-01c69,65,5,78.50560218295045,5.343279667239557
20260126-084051-01c69,65,6,102.81610675751625,6.997910944264808
20260126-084051-01c69,66,1,41.290190870471605,2.810309470915004
20260126-084051-01c69,66,2,81.95062243308085,5.577756012161448
20260126-084051-01c69,66,4,82.21629341905681,5.595838216973185
20260126-084051-01c69,66,3,77.6154687377979,5.282695048991172
20260126-084051-01c69,66,5,79.31412816251621,5.398309885554179
20260126-084051-01c69,66,6,101.87139890086723,6.933611860612782
20260126-084051-01c69,67,1,41.92979890103619,2.8538427282837517
20260126-084051-01c69,67,2,81.92603748161793,5.576082701370636
20260126-084051-01c69,67,4,81.66923667070819,5.5586042219588485
20260126-084051-01c69,67,3,75.08490626306087,5.110458894602711
20260126-084051-01c69,67,5,80.47673464517361,5.477439672563612
20260126-084051-01c69,67,6,101.03094802212,6.876408757052626
20260126-084051-01c69,68,1,42.91685022262782,2.9210238097674868
20260126-084051-01c69,68,2,82.52244465544943,5.61667560476501
20260126-084051-01c69,68,4,82.53939940638027,5.617829585798118
20260126-084051-01c69,68,3,73.8027337315264,5.023191155395062
20260126-084051-01c69,68,5,80.98558969549079,5.512073568340829
20260126-084051-01c69,68,6,100.36640530963984,6.831178385399244
20260126-084051-01c69,69,1,44.769231807409945,3.0471013454173552
20260126-084051-01c69,69,2,82.74015575394576,5.631493544549955
20260126-084051-01c69,69,4,84.68383696201933,5.763785151644342
20260126-084051-01c69,69,3,72.41299151250271,4.928601965131818
20260126-084051-01c69,69,5,81.57570384719824,5.552238153548654
20260126-084051-01c69,69,6,99.48925968886634,6.771477749643785
20260126-084051-01c69,70,1,46.80343976450208,3.185554420278653
20260126-084051-01c69,70,2,83.0824925976119,5.654793811604089
20260126-084051-01c69,70,4,88.30073797830013,6.009960113956885
20260126-084051-01c69,70,3,71.36323560354674,4.857153058965638
20260126-084051-01c69,70,5,80.47574214866222,5.477372120869444
20260126-084051-01c69,70,6,98.5489562828422,6.707478443470244
20260126-084051-01c69,71,1,48.34105136378232,3.2902079553907
20260126-084051-01c69,71,2,83.5571388862808,5.687099376975906
20260126-084051-01c69,71,4,89.61582898174585,6.099468363354242
20260126-084051-01c69,71,3,71.94268954471009,4.896592084663506
20260126-084051-01c69,71,5,80.44830261630852,5.475504520453332
20260126-084051-01c69,71,6,97.40929033073122,6.62991004401808
20260126-084051-01c69,72,1,50.146090644216024,3.4130632602036446
20260126-084051-01c69,72,2,83.73126494997938,5.69895081470552
20260126-084051-01c69,72,4,87.97617319540109,5.987869456004539
20260126-084051-01c69,72,3,71.47778411761813,4.864949505704863
20260126-084051-01c69,72,5,78.06580829107952,5.313346239625897
20260126-084051-01c69,72,6,95.31872502727366,6.487621152927613
20260126-084051-01c69,73,1,51.35327726794065,3.4952272785889744
20260126-084051-01c69,73,2,84.25562851142273,5.73464025696433
20260126-084051-01c69,73,4,86.67787555509791,5.899504203200152
20260126-084051-01c69,73,3,70.59433465877444,4.804819815603608
20260126-084051-01c69,73,5,77.41509788011861,5.269057327606014
20260126-084051-01c69,73,6,98.97318764322468,6.736352647846824
20260126-084051-01c69,74,1,52.1005898744613,3.5460911678460496
20260126-084051-01c69,74,2,84.53142242482386,5.753411452507682
20260126-084051-01c69,74,4,83.49004178707652,5.68253258739733
20260126-084051-01c69,74,3,70.71615104512063,4.813110931169899
20260126-084051-01c69,74,5,76.76563229347718,5.224853141316408
20260126-084051-01c69,74,6,102.66956448938117,6.987936925851541
20260126-084051-01c69,75,1,52.42166157602129,3.567944078300434
20260126-084051-01c69,75,2,84.39699348796385,5.744261896488243
20260126-084051-01c69,75,4,81.38437154295262,5.539215617799177
20260126-084051-01c69,75,3,71.4430125014994,4.862582866073575
20260126-084051-01c69,75,5,76.11744339523358,5.180735849502708
20260126-084051-01c69,75,6,106.0526329979399,7.218196686582171
20260126-084051-01c69,76,1,50.93983807985801,3.4670876153561037
20260126-084051-01c69,76,2,84.11726770372876,5.725223088380983
20260126-084051-01c69,76,4,82.50550691787036,5.615522781701449
20260126-084051-01c69,76,3,72.28721808754372,4.920041524022197
20260126-084051-01c69,76,5,75.47056408041527,5.136707691079421
20260126-084051-01c69,76,6,107.56625399640369,7.321217363834615
20260126-084051-01c69,77,1,49.3293142246743,3.3574714971464363
20260126-084051-01c69,77,2,84.13587111961215,5.726489281506912
20260126-084051-01c69,77,4,80.9375799741712,5.508805911503308
20260126-084051-01c69,77,3,73.27369027601064,4.987183188315772
20260126-084051-01c69,77,5,74.8250283139658,5.092770977782106
20260126-084051-01c69,77,6,107.94419058937318,7.346940635251776
20260126-084051-01c69,78,1,48.74102747657959,3.3174312894135465
20260126-084051-01c69,78,2,83.93467350645045,5.7127952891597324
20260126-084051-01c69,78,4,62.38267529588354,4.245914574602076
20260126-084051-01c69,78,3,73.65092694455595,5.012858821197078
20260126-084051-01c69,78,5,74.18087117131842,5.0489280969289165
20260126-084051-01c69,78,6,109.16029488915383,7.429711612068405
20260126-084051-01c69,79,1,46.76321154667787,3.1828163912415857
20260126-084051-01c69,79,2,84.09646784700651,5.723807400220966
20260126-084051-01c69,79,4,53.66507127323679,3.6525735259887284
20260126-084051-01c69,79,3,75.39213555165226,5.131369657214088
20260126-084051-01c69,79,5,73.53812888064213,5.0051815142959715
20260126-084051-01c69,79,6,110.00464005489954,7.487179770146439
20260126-084051-01c69,80,1,46.52636122566259,3.16669579004537
20260126-084051-01c69,80,2,84.25688057746439,5.734725475583594
20260126-084051-01c69,80,4,61.059535921643246,4.155858533775507
20260126-084051-01c69,80,3,76.47021518998807,5.204746344367705
20260126-084051-01c69,80,5,72.89683886682853,4.961533777111196
20260126-084051-01c69,80,6,110.60601415169874,7.528110734236663
20260126-084051-01c69,81,1,47.66756451914764,3.24436882464047
20260126-084051-01c69,81,2,84.23923428973649,5.73352442689666
20260126-084051-01c69,81,4,65.93504690612038,4.48769751069399
20260126-084051-01c69,81,3,78.03656782417146,5.311356063282477
20260126-084051-01c69,81,5,72.25703979728918,4.917987517171407
20260126-084051-01c69,81,6,109.59037423763328,7.458983844547745
20260126-084051-01c69,82,1,47.98134950927784,3.2657257840296916
20260126-084051-01c69,82,2,84.35010885691402,5.741070815994257
20260126-084051-01c69,82,4,71.72387650672,4.8816991442323925
20260126-084051-01c69,82,3,79.3159410243234,5.3984332732789335
20260126-084051-01c69,82,5,75.73859208661888,5.154950320343775
20260126-084051-01c69,82,6,106.05353183828798,7.218257863813127
20260126-084051-01c69,83,1,48.85216537198919,3.3249956012625024
20260126-084051-01c69,83,2,84.69389698041148,5.764469860636212
20260126-084051-01c69,83,4,74.87254408426674,5.096005015128007
20260126-084051-01c69,83,3,79.6604986528985,5.421884692282983
20260126-084051-01c69,83,5,78.14024824133287,5.318412801266837
20260126-084051-01c69,83,6,102.44314888373903,6.972526536422847
20260126-084051-01c69,84,1,49.06480660785751,3.3394684740313028
20260126-084051-01c69,84,2,85.2840127049394,5.8046345528939725
20260126-084051-01c69,84,4,78.36198468971233,5.333504716024089
20260126-084051-01c69,84,3,78.58606131342573,5.348755908730074
20260126-084051-01c69,84,5,79.11718235413068,5.384905281242729
20260126-084051-01c69,84,6,100.30209105481936,6.826801002887164
20260126-084051-01c69,85,1,49.27846734061961,3.354010736205087
20260126-084051-01c69,85,2,85.66412338314836,5.830505797769484
20260126-084051-01c69,85,4,80.5078350827193,5.479556442971829
20260126-084051-01c69,85,3,77.90182047612727,5.30218483543378
20260126-084051-01c69,85,5,78.35152196244388,5.332792597699755
20260126-084051-01c69,85,6,99.00990012720746,6.738851387602261
20260126-084051-01c69,86,1,49.49313436684271,3.368621489126536
20260126-084051-01c69,86,2,86.10376523789932,5.860428877371929
20260126-084051-01c69,86,4,79.75431841081557,5.4282702901374575
20260126-084051-01c69,86,3,77.94846777195383,5.305359762322959
20260126-084051-01c69,86,5,76.67634173847112,5.218775811880368
20260126-084051-01c69,86,6,98.57712810820823,6.709395885505992
20260126-084051-01c69,87,1,49.70879464951808,3.3832998454655527
20260126-084051-01c69,87,2,86.6078171639122,5.8947358609833795
20260126-084051-01c69,87,4,80.21021503414923,5.459299708294712
20260126-084051-01c69,87,3,78.59122278631673,5.349107210960547
20260126-084051-01c69,87,5,76.68071432677526,5.219073420732846
20260126-084051-01c69,87,6,97.4892222513416,6.635350402340094
20260126-084051-01c69,88,1,49.92543531709409,3.3980449291534462
20260126-084051-01c69,88,2,87.13572832039469,5.930666761073391
20260126-084051-01c69,88,4,77.86516465326291,5.299689952170027
20260126-084051-01c69,88,3,79.74104211288893,5.42736667344266
20260126-084051-01c69,88,5,76.64793166217041,5.216842153914296
20260126-084051-01c69,88,6,100.07628599432334,6.811432168626184
20260126-084051-01c69,89,1,46.35189458375288,3.154821171745452
20260126-084051-01c69,89,2,87.97511393555293,5.987797360237465
20260126-084051-01c69,89,4,72.67910781462928,4.946714479229349
20260126-084051-01c69,89,3,81.23052076343554,5.528744164563689
20260126-084051-01c69,89,5,76.61979316460025,5.214926980248309
20260126-084051-01c69,89,6,101.42483606065461,6.9032177221321644
20260126-084051-01c69,90,1,45.563741240543784,3.1011775639476045
20260126-084051-01c69,90,2,88.31297255818588,6.010792828822104
20260126-084051-01c69,90,4,63.91945816329341,4.350511704234394
20260126-084051-01c69,90,3,82.31290949953545,5.602414139251277
20260126-084051-01c69,90,5,76.59630395232304,5.213328248095821
20260126-084051-01c69,90,6,102.805149584945,6.99716517280669
20260126-084051-01c69,91,1,42.966514528944174,2.9244040816302426
20260126-084051-01c69,91,2,88.85827057821933,6.047907120567051
20260126-084051-01c69,91,4,55.10681624904062,3.750702148664658
20260126-084051-01c69,91,3,82.71525564813206,5.629798783597782
20260126-084051-01c69,91,5,76.57746830367496,5.212046248650661
20260126-084051-01c69,91,6,103.71222426659405,7.05890285226335
20260126-084051-01c69,92,1,41.587529199899194,2.8305470311112684
20260126-084051-01c69,92,2,89.40151337371148,6.084881528797983
20260126-084051-01c69,92,4,46.00545126493137,3.1312414081383144
20260126-084051-01c69,92,3,83.47938115490513,5.681806999190407
20260126-084051-01c69,92,5,76.35713241141103,5.197049659103416
20260126-084051-01c69,92,6,103.77740175495357,7.06333898852152
20260126-084051-01c69,93,1,40.33088322504254,2.7450166906048397
20260126-084051-01c69,93,2,89.81553845480772,6.113061069315274
20260126-084051-01c69,93,4,44.796687036516296,3.0489700141921197
20260126-084051-01c69,93,3,84.29351942363743,5.737219203372998
20260126-084051-01c69,93,5,76.83152546752544,5.229337988859917
20260126-084051-01c69,93,6,103.3397278844971,7.033549854652549
20260126-084051-01c69,94,1,39.06129121113486,2.6586052116151793
20260126-084051-01c69,94,2,90.26329601465655,6.14353652328119
20260126-084051-01c69,94,4,53.872834303957184,3.666714376409381
20260126-084051-01c69,94,3,84.70771116008996,5.765410086853745
20260126-084051-01c69,94,5,75.79871622047641,5.159042513168469
20260126-084051-01c69,94,6,99.1511405607438,6.7484645504304135
20260126-084051-01c69,95,1,39.0388539682769,2.65707807902568
20260126-084051-01c69,95,2,90.80153643560122,6.180170457896683
20260126-084051-01c69,95,4,61.728134709273334,4.2013649716365835
20260126-084051-01c69,95,3,85.33520396454242,5.808118752861508
20260126-084051-01c69,95,5,75.49351890696796,5.138270051657181
20260126-084051-01c69,95,6,96.46523740280158,6.5656555363862665
20260126-084051-01c69,96,1,43.96017806895834,2.9920352065665474
20260126-084051-01c69,96,2,90.6841814426654,6.172182995471496
20260126-084051-01c69,96,4,72.69293650053825,4.947655692775738
20260126-084051-01c69,96,3,86.44152200772224,5.88341741360991
20260126-084051-01c69,96,5,76.82166902832282,5.228667135956196
20260126-084051-01c69,96,6,94.72622362160325,6.447294085486596
20260126-084051-01c69,97,1,47.864920668034166,3.257801357711073
20260126-084051-01c69,97,2,90.44455033255724,6.1558731270968154
20260126-084051-01c69,97,4,80.5010740112317,5.479096268222462
20260126-084051-01c69,97,3,87.34425788043217,5.944859783318734
20260126-084051-01c69,97,5,77.77409938285767,5.2934918313453
20260126-084051-01c69,97,6,92.45635264983041,6.2928012203472825
20260126-084051-01c69,98,1,50.677112423722114,3.449205876760918
20260126-084051-01c69,98,2,90.36128122875631,6.15020563207892
20260126-084051-01c69,98,4,86.22775325744148,5.868867799504606
20260126-084051-01c69,98,3,88.31575695011885,6.0109823412185115
20260126-084051-01c69,98,5,79.72845660429532,5.426510073527492
20260126-084051-01c69,98,6,90.06709847700256,6.1301828480712865
20260126-084051-01c69,99,1,51.680871897852064,3.5175241551994274
20260126-084051-01c69,99,2,89.98551247620661,6.124629909082697
20260126-084051-01c69,99,4,89.40163369064949,6.084889717857497
20260126-084051-01c69,99,3,89.50199945798123,6.09172085282059
20260126-084051-01c69,99,5,80.56440303842822,5.483406593778295
20260126-084051-01c69,99,6,88.84839481537766,6.047234952450087
20260126-084051-01c69,100,1,52.80935042097842,3.5943311113894545
20260126-084051-01c69,100,2,89.83324427275213,6.114266169771591
20260126-084051-01c69,100,4,91.65796800104472,6.23846124534077
20260126-084051-01c69,100,3,90.96461491363321,6.191269970435955
20260126-084051-01c69,100,5,81.30435409426104,5.533769438230721
20260126-084051-01c69,100,6,86.8297171027088,5.909838903290735
20260126-084051-01c69,101,1,55.131605456570284,3.7523893616135067
20260126-084051-01c69,101,2,89.89905195278226,6.118745198387075
20260126-084051-01c69,101,4,91.90123751192368,6.255018752002647
20260126-084051-01c69,101,3,90.95033844192422,6.190298279513505
20260126-084051-01c69,101,5,81.80802761581393,5.568050666726602
20260126-084051-01c69,101,6,86.452956542687,5.884195675498013
20260126-084051-01c69,102,1,57.36688846843564,3.9045280872039725
20260126-084051-01c69,102,2,90.42186615662646,6.154329187649838
20260126-084051-01c69,102,4,92.54591632065278,6.29889713870115
20260126-084051-01c69,102,3,93.23430918027871,6.345750808600278
20260126-084051-01c69,102,5,82.70901948333,5.629374335257004
20260126-084051-01c69,102,6,85.85777381266796,5.8436861106877
20260126-084051-01c69,103,1,59.35724403764774,4.039996463317616
20260126-084051-01c69,103,2,91.04426175081353,6.1966909252956315
20260126-084051-01c69,103,4,93.55585270837841,6.367635832701152
20260126-084051-01c69,103,3,90.85468575810226,6.183787928323642
20260126-084051-01c69,103,5,83.53700754662935,5.685729189691906
20260126-084051-01c69,103,6,84.99014655340928,5.784633317457276
20260126-084051-01c69,104,1,60.99190041370233,4.151255098806344
20260126-084051-01c69,104,2,91.7411392417461,6.244122079561277
20260126-084051-01c69,104,4,92.3636565817799,6.286492103521542
20260126-084051-01c69,104,3,88.19697919969333,6.002898042504515
20260126-084051-01c69,104,5,81.59770640394385,5.553735700358271
20260126-084051-01c69,104,6,85.85714690302405,5.843643441712998
20260126-084051-01c69,105,1,61.971816484136596,4.217950537974504
20260126-084051-01c69,105,2,92.36780737727912,6.286774616623501
20260126-084051-01c69,105,4,91.23744173717752,6.209839218723798
20260126-084051-01c69,105,3,87.26851983078241,5.939704869917945
20260126-084051-01c69,105,5,80.39075632046416,5.471587781469615
20260126-084051-01c69,105,6,85.74571374888538,5.836059033846436
20260126-084051-01c69,106,1,62.24122927632669,4.236287419096042
20260126-084051-01c69,106,2,92.8706801744046,6.321001345893428
20260126-084051-01c69,106,4,91.28985050023185,6.2134062848977605
20260126-084051-01c69,106,3,87.65567888558223,5.96605584421757
20260126-084051-01c69,106,5,80.01757753583892,5.446188337905238
20260126-084051-01c69,106,6,84.27547451426173,5.73599102354018
20260126-084051-01c69,107,1,61.89286564606846,4.212576954484526
20260126-084051-01c69,107,2,93.48108247231258,6.362546791015259
20260126-084051-01c69,107,4,90.73923131334553,6.175929821768094
20260126-084051-01c69,107,3,87.29559689086146,5.9415477996012545
20260126-084051-01c69,107,5,80.06469397093736,5.449395195539011
20260126-084051-01c69,107,6,84.28426802406307,5.736589530918235
20260126-084051-01c69,108,1,60.40581174453969,4.111364497600099
20260126-084051-01c69,108,2,94.09281326653525,6.404182656784137
20260126-084051-01c69,108,4,89.94496072040937,6.12186985927482
20260126-084051-01c69,108,3,88.29847573401307,6.009806140182208
20260126-084051-01c69,108,5,79.03505700120897,5.379315632654228
20260126-084051-01c69,108,6,86.24879805115172,5.87030015866378
20260126-084051-01c69,109,1,59.2399505899601,4.032013189809705
20260126-084051-01c69,109,2,94.30167626006458,6.418398373313045
20260126-084051-01c69,109,4,90.11322062151626,6.133322031901954
20260126-084051-01c69,109,3,87.69254620858483,5.96856512268825
20260126-084051-01c69,109,5,78.15809292212663,5.3196273530618985
20260126-084051-01c69,109,6,88.57513948434948,6.0286365389146415
20260126-084051-01c69,110,1,55.751635767161034,3.7945901123819823
20260126-084051-01c69,110,2,94.21180057767997,6.412281218703545
20260126-084051-01c69,110,4,90.63139190676607,6.168590012983997
20260126-084051-01c69,110,3,87.90984809906871,5.9833552107939285
20260126-084051-01c69,110,5,78.25838055505503,5.326453170010007
20260126-084051-01c69,110,6,89.47930314108478,6.090176087030355
20260126-084051-01c69,111,1,53.736609254571235,3.65744257266146
20260126-084051-01c69,111,2,94.67302885446253,6.443673521988411
20260126-084051-01c69,111,4,89.6627516975356,6.102662035987014
20260126-084051-01c69,111,3,87.8502703462599,5.9793002059745115
20260126-084051-01c69,111,5,78.2030418767837,5.322686686775728
20260126-084051-01c69,111,6,91.11198116272428,6.2013000709703165
20260126-084051-01c69,112,1,52.237897868934226,3.5554366794352337
20260126-084051-01c69,112,2,94.92752496054598,6.460995137659333
20260126-084051-01c69,112,4,84.71439870316199,5.765865257082709
20260126-084051-01c69,112,3,87.97575616464248,5.987841071890398
20260126-084051-01c69,112,5,76.22745855628439,5.1882237453570825
20260126-084051-01c69,112,6,93.26923745943685,6.348128111093957
20260126-084051-01c69,113,1,53.41852838933603,3.635793225704176
20260126-084051-01c69,113,2,94.46232271075137,6.42933235623529
20260126-084051-01c69,113,4,85.00190538902493,5.785433652025873
20260126-084051-01c69,113,3,88.3103124341164,6.010611774394681
20260126-084051-01c69,113,5,75.09006336762855,5.110809899514616
20260126-084051-01c69,113,6,94.5303266482993,6.433960867407592
20260126-084051-01c69,114,1,55.96115488060819,3.8088504860069285
20260126-084051-01c69,114,2,94.59202984093788,6.438160534762046
20260126-084051-01c69,114,4,85.37690507332358,5.810957030391467
20260126-084051-01c69,114,3,87.80152997352539,5.975982819248414
20260126-084051-01c69,114,5,73.5635974258924,5.006914964600229
20260126-084051-01c69,114,6,96.31307834056079,6.555299225488062
20260126-084051-01c69,115,1,59.72032901598207,4.064708898204655
20260126-084051-01c69,115,2,94.93926131636667,6.461793942199142
20260126-084051-01c69,115,4,85.27513787003264,5.804030510334094
20260126-084051-01c69,115,3,87.15343582018781,5.931871976000369
20260126-084051-01c69,115,5,76.73618721169481,5.222849038393647
20260126-084051-01c69,115,6,97.21376297327278,6.6166019828804545
20260126-084051-01c69,116,1,63.113806850024076,4.295677142605979
20260126-084051-01c69,116,2,95.61238304495306,6.507608222274991
20260126-084051-01c69,116,4,87.30271964607768,5.94203259141309
20260126-084051-01c69,116,3,86.6345635994961,5.89655628757018
20260126-084051-01c69,116,5,79.59092530164261,5.4171493630477405
20260126-084051-01c69,116,6,97.51165065916419,6.636876933595886
20260126-084051-01c69,117,1,65.45750402068585,4.455194795995607
20260126-084051-01c69,117,2,96.02441098736256,6.535651832740911
20260126-084051-01c69,117,4,88.66883198133948,6.035013475085043
20260126-084051-01c69,117,3,87.27997722017071,5.9404846873329555
20260126-084051-01c69,117,5,78.7351133299096,5.358900746638371
20260126-084051-01c69,117,6,98.21329334901756,6.68463241873469
20260126-084051-01c69,118,1,67.44712370824818,4.59061308623834
20260126-084051-01c69,118,2,95.52060660625486,6.501361697629718
20260126-084051-01c69,118,4,90.36622462557888,6.1505420915288775
20260126-084051-01c69,118,3,88.35052383026203,6.0133486585079385
20260126-084051-01c69,118,5,78.11047070767378,5.316386070871593
20260126-084051-01c69,118,6,98.41688023331255,6.698489030608516
20260126-084051-01c69,119,1,69.40862798957653,4.724117774466835
20260126-084051-01c69,119,2,95.35945824113318,6.490393553206637
20260126-084051-01c69,119,4,91.71733926024062,6.242502195709389
20260126-084051-01c69,119,3,89.06212722639324,6.061782093217803
20260126-084051-01c69,119,5,78.40202146670106,5.336229715138511
20260126-084051-01c69,119,6,97.9754726531299,6.668445771496141
20260126-084051-01c69,120,1,68.90326977687968,4.689721881849098
20260126-084051-01c69,120,2,94.3386217415392,6.420912971436879
20260126-084051-01c69,120,4,90.51429789838426,6.160620313793816
20260126-084051-01c69,120,3,87.6126326940792,5.96312601712989
20260126-084051-01c69,120,5,81.7615711204683,5.564888726176003
20260126-084051-01c69,120,6,97.54286715036643,6.639001602894451
20260126-084051-01c69,121,1,68.27142912824752,4.646717291133343
20260126-084051-01c69,121,2,93.82517834538551,6.385966781831798
20260126-084051-01c69,121,4,89.22779351527338,6.07305773837313
20260126-084051-01c69,121,3,85.83355398488058,5.8420376510904
20260126-084051-01c69,121,5,81.10367001305717,5.520110398100867
20260126-084051-01c69,121,6,96.95721201763031,6.599140509217713
20260126-084051-01c69,122,1,67.67306555322149,4.6059912303790735
20260126-084051-01c69,122,2,93.67463464787278,6.375720416533227
20260126-084051-01c69,122,4,87.9565024617659,5.986530618671279
20260126-084051-01c69,122,3,84.59355240170305,5.757640167821666
20260126-084051-01c69,122,5,80.3387236793507,5.468046315057492
20260126-084051-01c69,122,6,97.3006148919175,6.62251333287397
20260126-084051-01c69,123,1,67.74886002916955,4.611149984289126
20260126-084051-01c69,123,2,93.78598869823655,6.383299440407051
20260126-084051-01c69,123,4,82.96536621487239,5.6468219089374365
20260126-084051-01c69,123,3,85.07021202196545,5.7900827653729445
20260126-084051-01c69,123,5,80.76165228400083,5.496831850752827
20260126-084051-01c69,123,6,97.91791310697687,6.664528130664621
20260126-084051-01c69,124,1,67.28005998072375,4.579242328055576
20260126-084051-01c69,124,2,93.78326840738092,6.383114290883785
20260126-084051-01c69,124,4,80.39949846387933,5.472182792728168
20260126-084051-01c69,124,3,86.93612788392983,5.917081476404796
20260126-084051-01c69,124,5,80.84909774022971,5.502783598338577
20260126-084051-01c69,124,6,98.65505418264325,6.714699721124068
20260126-084051-01c69,125,1,66.91265682105671,4.554235987385091
20260126-084051-01c69,125,2,93.84573955590356,6.387366227158502
20260126-084051-01c69,125,4,78.54280204480865,5.34581157910271
20260126-084051-01c69,125,3,89.79075598080186,6.111374314666213
20260126-084051-01c69,125,5,80.18375388638103,5.457498699081228
20260126-084051-01c69,125,6,99.72062874966477,6.787225283116766
20260126-084051-01c69,126,1,66.19454492187427,4.5053595683397045
20260126-084051-01c69,126,2,94.00292919225002,6.398064931001744
20260126-084051-01c69,126,4,77.77013272550033,5.293221851127136
20260126-084051-01c69,126,3,91.85005210640816,6.251534950478353
20260126-084051-01c69,126,5,82.64758312185778,5.625192829072023
20260126-084051-01c69,126,6,100.15158312599796,6.816557072091555
20260126-084051-01c69,127,1,64.47913577692577,4.388604705625069
20260126-084051-01c69,127,2,94.22152436750339,6.412943043172211
20260126-084051-01c69,127,4,77.80512631948538,5.295603599104665
20260126-084051-01c69,127,3,91.15655611772246,6.20433394936991
20260126-084051-01c69,127,5,78.45128240017993,5.339582532478012
20260126-084051-01c69,127,6,99.42680022648548,6.76722660875592
20260126-084051-01c69,128,1,62.71952426218399,4.2688413235539455
20260126-084051-01c69,128,2,94.16445473664864,6.409058747151496
20260126-084051-01c69,128,4,77.65085711362161,5.285103666767963
20260126-084051-01c69,128,3,90.22256129934034,6.140764020809422
20260126-084051-01c69,128,5,75.97916380476033,5.171324208758293
20260126-084051-01c69,128,6,98.69518614526781,6.717431198801273
20260126-084051-01c69,129,1,61.996169545382706,4.219608065760713
20260126-084051-01c69,129,2,94.22169354351949,6.412954557697823
20260126-084051-01c69,129,4,78.29936964432407,5.329242985783403
20260126-084051-01c69,129,3,89.96409791459355,6.1231723826327595
20260126-084051-01c69,129,5,74.12632197437034,5.045215347687944
20260126-084051-01c69,129,6,97.68208744972881,6.648477270543194
20260126-084051-01c69,130,1,61.0094408427395,4.152448942496767
20260126-084051-01c69,130,2,94.36485042076401,6.422698158283468
20260126-084051-01c69,130,4,78.76540813467447,5.360962683746323
20260126-084051-01c69,130,3,89.55198391524154,6.095122914924828
20260126-084051-01c69,130,5,81.62999180499435,5.555933122226072
20260126-084051-01c69,130,6,97.21436701449538,6.616643095375527
20260126-084051-01c69,131,1,60.51642069191786,4.118892807976768
20260126-084051-01c69,131,2,94.75688752077482,6.4493811440455495
20260126-084051-01c69,131,4,79.55620627315633,5.414786302656907
20260126-084051-01c69,131,3,88.67105146798899,6.035164538672306
20260126-084051-01c69,131,5,78.14533954176204,5.318759327391171
20260126-084051-01c69,131,6,96.28705122927768,6.553527757839269
20260126-084051-01c69,132,1,61.655227088674316,4.196402704028907
20260126-084051-01c69,132,2,95.16907773606204,6.477435799192919
20260126-084051-01c69,132,4,79.17070300635523,5.3885480252617155
20260126-084051-01c69,132,3,85.83403665416552,5.84207050272015
20260126-084051-01c69,132,5,79.77800517886426,5.429882468409808
20260126-084051-01c69,132,6,95.75019258215478,6.516987870065802
20260126-084051-01c69,133,1,62.730651909436844,4.269598697927966
20260126-084051-01c69,133,2,95.26360586142437,6.483869610235521
20260126-084051-01c69,133,4,78.67337772904976,5.3546988735026115
20260126-084051-01c69,133,3,84.22457755448103,5.732526854324755
20260126-084051-01c69,133,5,81.23815635649504,5.529263861349748
20260126-084051-01c69,133,6,95.25578558256221,6.483337343290559
20260126-084051-01c69,134,1,63.10422715029114,4.295025125254631
20260126-084051-01c69,134,2,95.25003395925029,6.482945874006309
20260126-084051-01c69,134,4,77.28202640480177,5.26000016367658
20260126-084051-01c69,134,3,80.49354702845795,5.478583963713073
20260126-084051-01c69,134,5,82.34382908160298,5.604518600201668
20260126-084051-01c69,134,6,94.16664809393286,6.409208032311458
20260126-084051-01c69,135,1,63.31785390855064,4.309565075042243
20260126-084051-01c69,135,2,95.27662851614208,6.484755963364875
20260126-084051-01c69,135,4,76.89399653637759,5.2335899197120685
20260126-084051-01c69,135,3,80.68662502611907,5.49172531554539
20260126-084051-01c69,135,5,83.05739557020691,5.653085647695877
20260126-084051-01c69,135,6,93.668229585934,6.375284472648036
20260126-084051-01c69,136,1,64.16268654154783,4.367066411311143
20260126-084051-01c69,136,2,95.11563349496802,6.473798255898834
20260126-084051-01c69,136,4,76.1456452903612,5.182655338158586
20260126-084051-01c69,136,3,81.69155946833408,5.56012356513123
20260126-084051-01c69,136,5,83.51358604250719,5.684135065918923
20260126-084051-01c69,136,6,93.48492953770453,6.362808631517283
20260126-084051-01c69,137,1,65.04932370432854,4.427413064191592
20260126-084051-01c69,137,2,94.99965473236925,6.4659044630128
20260126-084051-01c69,137,4,74.99968845527661,5.104658766115585
20260126-084051-01c69,137,3,82.17654995861629,5.593133181686879
20260126-084051-01c69,137,5,83.45471453639053,5.680128129944089
20260126-084051-01c69,137,6,93.45769014810664,6.360954653297394
20260126-084051-01c69,138,1,65.819076891284,4.479804313201655
20260126-084051-01c69,138,2,95.41512956607822,6.49418267717175
20260126-084051-01c69,138,4,74.73177143372594,5.086423690733028
20260126-084051-01c69,138,3,83.10990018789344,5.656659237966122
20260126-084051-01c69,138,5,82.97797516178849,5.647680104121076
20260126-084051-01c69,138,6,93.53313625639296,6.366089696468444
20260126-084051-01c69,139,1,66.66466341363713,4.53735696098916
20260126-084051-01c69,139,2,95.9110030123566,6.527933013827326
20260126-084051-01c69,139,4,73.32161160012198,4.99044482862718
20260126-084051-01c69,139,3,85.58607920379931,5.825193923647554
20260126-084051-01c69,139,5,82.10240256373821,5.588086532066797
20260126-084051-01c69,139,6,93.87472965934639,6.389339363163703
20260126-084051-01c69,140,1,66.87978835845978,4.551998880949319
20260126-084051-01c69,140,2,96.28721461018954,6.553538877936181
20260126-084051-01c69,140,4,72.5138425359885,4.9354661277931795
20260126-084051-01c69,140,3,85.89375865643106,5.8461353255037345
20260126-084051-01c69,140,5,81.34226386173755,5.536349667973752
20260126-084051-01c69,140,6,93.34521310758521,6.353299196018704
20260126-084051-01c69,141,1,67.32922039039308,4.582588303503381
20260126-084051-01c69,141,2,96.87588171015913,6.593604973330371
20260126-084051-01c69,141,4,71.7388009121446,4.882714935078313
20260126-084051-01c69,141,3,86.44757330054463,5.883829279120133
20260126-084051-01c69,141,5,80.72473037246407,5.494318856855522
20260126-084051-01c69,141,6,92.77322330595207,6.314368197568272
20260126-084051-01c69,142,1,65.4983862064891,4.457977335662594
20260126-084051-01c69,142,2,96.85632152283783,6.592273660044501
20260126-084051-01c69,142,4,73.41355238148728,4.996702538828734
20260126-084051-01c69,142,3,81.90856756660008,5.5748936570335745
20260126-084051-01c69,142,5,81.02051822992418,5.514450888209154
20260126-084051-01c69,142,6,92.473913765328,6.293996472007842
20260126-084051-01c69,143,1,63.87049076266179,4.3471788654448416
20260126-084051-01c69,143,2,95.84536159868863,6.523465301699425
20260126-084051-01c69,143,4,74.35030478601409,5.060460155319356
20260126-084051-01c69,143,3,78.71526449780522,5.357549787495931
20260126-084051-01c69,143,5,81.75048175512694,5.564133957360741
20260126-084051-01c69,143,6,91.73689498270903,6.2438332051066565
20260126-084051-01c69,144,1,62.70473498840656,4.267834730092194
20260126-084051-01c69,144,2,95.45477648088098,6.496881141330278
20260126-084051-01c69,144,4,74.73544747296755,5.086673890784866
20260126-084051-01c69,144,3,76.47222387167655,5.204883060063472
20260126-084051-01c69,144,5,82.43413673393431,5.6106651557223
20260126-084051-01c69,144,6,90.7082122347293,6.173818588843845
20260126-084051-01c69,145,1,63.625807558376906,4.330525139417448
20260126-084051-01c69,145,2,95.40902135865848,6.493766937917459
20260126-084051-01c69,145,4,74.204809982845,5.050557429885179
20260126-084051-01c69,145,3,76.69589892678378,5.220106921046513
20260126-084051-01c69,145,5,82.14206391184942,5.590785978590933
20260126-084051-01c69,145,6,90.61406602549727,6.16741077192952
20260126-084051-01c69,146,1,64.42541580325563,4.384948395310204
20260126-084051-01c69,146,2,95.59751663311772,6.506596378611917
20260126-084051-01c69,146,4,73.97436404594949,5.034872726440166
20260126-084051-01c69,146,3,81.25473594531867,5.530392307949598
20260126-084051-01c69,146,5,81.11756990456223,5.5210564580709915
20260126-084051-01c69,146,6,90.34354019894137,6.148998135018198
20260126-084051-01c69,147,1,65.12158915248304,4.432331624001732
20260126-084051-01c69,147,2,95.800460312952,6.520409212446707
20260126-084051-01c69,147,4,73.065997430768,4.9730471148871525
20260126-084051-01c69,147,3,82.47845561468361,5.613681605094036
20260126-084051-01c69,147,5,79.91396440473008,5.439136179571077
20260126-084051-01c69,147,6,90.71887683690565,6.174544447258832
20260126-084051-01c69,148,1,66.07175647420058,4.497002291946897
20260126-084051-01c69,148,2,96.04355652492394,6.536954923969123
20260126-084051-01c69,148,4,72.00986949886172,4.901164513548618
20260126-084051-01c69,148,3,84.44993115829027,5.747864961360314
20260126-084051-01c69,148,5,79.3337168222493,5.399643136740717
20260126-084051-01c69,148,6,91.28062866810019,6.212778624874098
20260126-084051-01c69,149,1,66.15172294100027,4.502445001565454
20260126-084051-01c69,149,2,95.90257873319148,6.52735963717238
20260126-084051-01c69,149,4,70.68583295616115,4.811047409283789
20260126-084051-01c69,149,3,84.36080947043536,5.7417991254277965
20260126-084051-01c69,149,5,79.24431431516226,5.393558187577405
20260126-084051-01c69,149,6,91.97864734758359,6.2602874511709174
20260126-084051-01c69,150,1,65.80206850021192,4.478646681291819
20260126-084051-01c69,150,2,95.5430243047164,6.502887499980698
20260126-084051-01c69,150,4,69.74227157950808,4.746826357811392
20260126-084051-01c69,150,3,83.22822600592735,5.664712777077084
20260126-084051-01c69,150,5,79.15121363954741,5.387221532189936
20260126-084051-01c69,150,6,92.76936849781876,6.314105830076691
20260126-084051-01c69,151,1,66.04148772493978,4.494942128239075
20260126-084051-01c69,151,2,95.51990737250706,6.501314106102956
20260126-084051-01c69,151,4,70.24765401684755,4.781223899216435
20260126-084051-01c69,151,3,82.06683500629165,5.585665718758791
20260126-084051-01c69,151,5,79.63419310716658,5.4200942737174715
20260126-084051-01c69,151,6,92.44265121507951,6.291868667820064
20260126-084051-01c69,152,1,66.3524550371272,4.516107309706189
20260126-084051-01c69,152,2,95.43920785986347,6.4958215036252405
20260126-084051-01c69,152,4,71.67359697999682,4.87827699899246
20260126-084051-01c69,152,3,78.91107168261264,5.370876894354404
20260126-084051-01c69,152,5,80.33765643077305,5.467973675558319
20260126-084051-01c69,152,6,92.11416256382883,6.26951094197196
20260126-084051-01c69,153,1,65.71046747114335,4.472412095446853
20260126-084051-01c69,153,2,95.38211608072464,6.491935700139163
20260126-084051-01c69,153,4,73.02869849920903,4.970508460102436
20260126-084051-01c69,153,3,81.45380038226385,5.543941111204695
20260126-084051-01c69,153,5,77.89328852379948,5.3016041302850105
20260126-084051-01c69,153,6,92.22231573752579,6.276872106498993
20260126-084051-01c69,154,1,65.62509541884151,4.466601468707734
20260126-084051-01c69,154,2,95.44452540213646,6.4961834283123565
20260126-084051-01c69,154,4,72.25773689022114,4.918034962989106
20260126-084051-01c69,154,3,82.91195154804863,5.643186378539152
20260126-084051-01c69,154,5,75.17033108698955,5.116273113105384
20260126-084051-01c69,154,6,93.02847149026607,6.331741001488258
20260126-084051-01c69,155,1,65.7741290845489,4.47674505761815
20260126-084051-01c69,155,2,95.67146794200943,6.511629682149236
20260126-084051-01c69,155,4,71.5854496824443,4.87227748240208
20260126-084051-01c69,155,3,78.56207142812596,5.3471230995702514
20260126-084051-01c69,155,5,76.39926577355841,5.199917356834718
20260126-084051-01c69,155,6,92.139724589444,6.27125075477417
20260126-084051-01c69,156,1,65.87903184907059,4.483884991497004
20260126-084051-01c69,156,2,96.09432593470828,6.540410411825725
20260126-084051-01c69,156,4,71.22082770992867,4.847460436002877
20260126-084051-01c69,156,3,77.73135380139675,5.290582464498431
20260126-084051-01c69,156,5,78.02317602531451,5.310444585317206
20260126-084051-01c69,156,6,91.33493419470321,6.216474789326673
20260126-084051-01c69,157,1,66.69584979731854,4.539479581097612
20260126-084051-01c69,157,2,96.26852275643917,6.552266665516809
20260126-084051-01c69,157,4,70.34069187673175,4.787556279214543
20260126-084051-01c69,157,3,76.91255294053909,5.234852913107395
20260126-084051-01c69,157,5,79.99393733234612,5.444579328928298
20260126-084051-01c69,157,6,91.01341060136785,6.194591122033695
20260126-084051-01c69,158,1,66.43604026067042,4.521796320592308
20260126-084051-01c69,158,2,96.60023789155956,6.574843993599382
20260126-084051-01c69,158,4,71.37181219076102,4.857736802071889
20260126-084051-01c69,158,3,76.10605347262393,5.179960624038546
20260126-084051-01c69,158,5,81.544074533198,5.550085386539844
20260126-084051-01c69,158,6,90.06532013448806,6.130061809812425
20260126-084051-01c69,159,1,66.66050289453699,4.53707378607559
20260126-084051-01c69,159,2,95.96611090583902,6.531683789295079
20260126-084051-01c69,159,4,71.27881025088585,4.85140686687579
20260126-084051-01c69,159,3,75.86256462451003,5.163388188758136
20260126-084051-01c69,159,5,82.52761978400711,5.617027836432926
20260126-084051-01c69,159,6,89.2930306736896,6.077497935918543
20260126-084051-01c69,160,1,67.69324916517363,4.607364975441292
20260126-084051-01c69,160,2,95.6764796866229,6.511970793513851
20260126-084051-01c69,160,4,71.08245166749712,4.838042230506733
20260126-084051-01c69,160,3,78.75899822969816,5.360526410232376
20260126-084051-01c69,160,5,83.55781886755943,5.687145658133418
20260126-084051-01c69,160,6,89.41365237059664,6.08570773805482
20260126-084051-01c69,161,1,69.35031439111387,4.720148811025692
20260126-084051-01c69,161,2,95.7676299931696,6.518174702102421
20260126-084051-01c69,161,4,70.92067134779113,4.8270310737382
20260126-084051-01c69,161,3,78.05529736755368,5.312630840948632
20260126-084051-01c69,161,5,84.63296811258859,5.76032289568679
20260126-084051-01c69,161,6,89.02199743195106,6.059050763112294
20260126-084051-01c69,162,1,70.60525020432125,4.805562753826553
20260126-084051-01c69,162,2,96.07780812574048,6.539286170111111
20260126-084051-01c69,162,4,70.80782314735374,4.819350354424992
20260126-084051-01c69,162,3,79.26880937414715,5.395225380070455
20260126-084051-01c69,162,5,83.65226401039135,5.6935738211858755
20260126-084051-01c69,162,6,88.46954823039266,6.0214497447927275
20260126-084051-01c69,163,1,70.9139997821916,4.826576990974354
20260126-084051-01c69,163,2,96.05219438214068,6.537542837258766
20260126-084051-01c69,163,4,70.02212142422029,4.765873609772419
20260126-084051-01c69,163,3,78.09915122213896,5.315615639523765
20260126-084051-01c69,163,5,84.25342387438538,5.734490204077304
20260126-084051-01c69,163,6,88.29238852882018,6.009391830389874
20260126-084051-01c69,164,1,70.8986127607481,4.82552971337209
20260126-084051-01c69,164,2,95.92197514322856,6.528679803383285
20260126-084051-01c69,164,4,70.32484247016178,4.786477530571029
20260126-084051-01c69,164,3,81.05884845764042,5.5170597354850415
20260126-084051-01c69,164,5,84.89533624781313,5.778180300550838
20260126-084051-01c69,164,6,87.68423789899597,5.967999639200946
20260126-084051-01c69,165,1,70.3147202442489,4.785788587586024
20260126-084051-01c69,165,2,95.97294305803538,6.5321488019680505
20260126-084051-01c69,165,4,70.07162956968868,4.769243252953138
20260126-084051-01c69,165,3,85.19006482924114,5.798240235035879
20260126-084051-01c69,165,5,85.57708408377457,5.824581694193908
20260126-084051-01c69,165,6,87.56042546511097,5.9595726678494305
20260126-084051-01c69,166,1,68.9922450103654,4.695777749745814
20260126-084051-01c69,166,2,96.182078326343,6.546383050171722
20260126-084051-01c69,166,4,70.2271429788672,4.779827868753043
20260126-084051-01c69,166,3,89.52430387709302,6.0932389451072
20260126-084051-01c69,166,5,86.2977232927576,5.873630128008875
20260126-084051-01c69,166,6,87.4325838893813,5.950871463435607
20260126-084051-01c69,167,1,67.82561668510468,4.616374226477953
20260126-084051-01c69,167,2,96.09867860231986,6.540706664828066
20260126-084051-01c69,167,4,70.58644016719857,4.804282497563269
20260126-084051-01c69,167,3,91.58604641750571,6.2335660897815
20260126-084051-01c69,167,5,87.05628806884116,5.925259866927198
20260126-084051-01c69,167,6,88.98022113484538,6.056207368084546
20260126-084051-01c69,168,1,65.93789209666954,4.487891161190109
20260126-084051-01c69,168,2,96.04302651821031,6.536918850440386
20260126-084051-01c69,168,4,71.09291449371226,4.838754355565617
20260126-084051-01c69,168,3,90.56596250221514,6.164136730705341
20260126-084051-01c69,168,5,87.85179600165566,5.979404045741721
20260126-084051-01c69,168,6,89.53563583688596,6.094010225482968
20260126-084051-01c69,169,1,64.33107635410748,4.378527426023488
20260126-084051-01c69,169,2,96.0887731389137,6.540032475219412
20260126-084051-01c69,169,4,71.26944171254932,4.850769221675787
20260126-084051-01c69,169,3,88.19525671089445,6.002780805783566
20260126-084051-01c69,169,5,88.68325293248861,6.035994999624882
20260126-084051-01c69,169,6,90.33597674324606,6.148483348074247
20260126-084051-01c69,170,1,63.86505851465994,4.34680913361057
20260126-084051-01c69,170,2,96.70334203985722,6.581861509342056
20260126-084051-01c69,170,4,71.1843450705782,4.844977340024653
20260126-084051-01c69,170,3,93.69571166084074,6.377154968612395
20260126-084051-01c69,170,5,89.54965752161615,6.094964574992252
20260126-084051-01c69,170,6,91.72627596167052,6.243110449053288
20260126-084051-01c69,171,1,64.3326198237997,4.378632478274462
20260126-084051-01c69,171,2,97.20495802041263,6.616002696660358
20260126-084051-01c69,171,4,71.76619810818144,4.88457965398311
20260126-084051-01c69,171,3,91.67235254692783,6.239440292050845
20260126-084051-01c69,171,5,90.45000550231883,6.156244419041058
20260126-084051-01c69,171,6,92.92240739438766,6.324522024610524
20260126-084051-01c69,172,1,65.3498236513556,4.447865811668319
20260126-084051-01c69,172,2,97.06224800619975,6.606289510644943
20260126-084051-01c69,172,4,72.43867630656798,4.930350133849336
20260126-084051-01c69,172,3,90.39688196478335,6.152628703600729
20260126-084051-01c69,172,5,91.38329360490371,6.219766246828545
20260126-084051-01c69,172,6,93.24945270734737,6.3467815133910985
20260126-084051-01c69,173,1,66.45805464685665,4.523294672542039
20260126-084051-01c69,173,2,97.30437587125964,6.622769314152871
20260126-084051-01c69,173,4,73.29416427523995,4.98857669783289
20260126-084051-01c69,173,3,91.54052821301471,6.230468011557997
20260126-084051-01c69,173,5,92.34852314125183,6.285462085244878
20260126-084051-01c69,173,6,93.40424558426287,6.3573170880361864
20260126-084051-01c69,174,1,67.706544956048,4.608269918872887
20260126-084051-01c69,174,2,97.27975066140381,6.621093263279234
20260126-084051-01c69,174,4,74.21114802707402,5.050988812384228
20260126-084051-01c69,174,3,93.10902383812665,6.337223587577704
20260126-084051-01c69,174,5,93.34470324683872,6.353264493672833
20260126-084051-01c69,174,6,92.87049602915607,6.320988812525937
20260126-084051-01c69,175,1,67.68799676435768,4.607007484438055
20260126-084051-01c69,175,2,96.72548553090657,6.583368648478572
20260126-084051-01c69,175,4,74.34119164390887,5.0598398929997055
20260126-084051-01c69,175,3,94.00438831820416,6.398164242615513
20260126-084051-01c69,175,5,94.37085378277663,6.4231067615077615
20260126-084051-01c69,175,6,94.04001925129698,6.4005893694220815
20260126-084051-01c69,176,1,67.97219993788268,4.626351034404364
20260126-084051-01c69,176,2,95.87659319908626,6.525590999366084
20260126-084051-01c69,176,4,75.03938429435915,5.107360560177994
20260126-084051-01c69,176,3,89.70816407486045,6.105752911359645
20260126-084051-01c69,176,6,96.20959754569981,6.548256074276484
20260126-084051-01c69,177,1,68.24092473123636,4.644641088674169
20260126-084051-01c69,177,2,95.46218376203278,6.497385298660041
20260126-084051-01c69,177,4,75.44832765014046,5.135194226276202
20260126-084051-01c69,177,3,85.17556262663723,5.797253180327056
20260126-084051-01c69,177,6,95.86556435489821,6.524840349765744
20260126-084051-01c69,178,1,69.28657737039197,4.715810716451497
20260126-084051-01c69,178,2,95.71837174597367,6.514822067597784
20260126-084051-01c69,178,4,75.66986635635357,5.150272682227109
20260126-084051-01c69,178,3,81.71555003439659,5.5617564206253975
20260126-084051-01c69,178,6,95.59429490906163,6.506377100341784
20260126-084051-01c69,179,1,70.155384472267,4.774943812601549
20260126-084051-01c69,179,2,95.45332024354185,6.496782026322579
20260126-084051-01c69,179,4,75.04669455012274,5.107858113727011
20260126-084051-01c69,179,3,74.69604943035405,5.083992365464733
20260126-084051-01c69,179,6,95.10279359618312,6.47292434157681
20260126-084051-01c69,180,1,70.64200585907425,4.808064431888204
20260126-084051-01c69,180,2,93.85869995530938,6.388248343041939
20260126-084051-01c69,180,4,73.98436732538799,5.0355535736427
20260126-084051-01c69,180,3,69.53560350558502,4.732760032777832
20260126-084051-01c69,180,6,94.38226613420005,6.423883513530809
20260126-084051-01c69,181,1,70.64784251704904,4.80846168883566
20260126-084051-01c69,181,2,93.34036400042838,6.352969154149655
20260126-084051-01c69,181,4,73.39675611233456,4.995559344445738
20260126-084051-01c69,181,3,67.34654755124342,4.583767631649248
20260126-084051-01c69,181,6,93.62025722085927,6.372019358366181
20260126-084051-01c69,182,1,70.64376732682321,4.808184321610031
20260126-084051-01c69,182,2,93.06151255770015,6.33398985582343
20260126-084051-01c69,182,4,72.89081264805316,4.961123618200781
20260126-084051-01c69,182,3,67.17609093653962,4.572165945423459
20260126-084051-01c69,182,6,93.14638240414455,6.339766301226795
20260126-084051-01c69,183,1,70.68044852852606,4.81068093221843
20260126-084051-01c69,183,2,92.90095676459865,6.323062043273982
20260126-084051-01c69,183,4,73.12422202353889,4.977010020387336
20260126-084051-01c69,183,3,66.59657757956707,4.532722875743042
20260126-084051-01c69,183,6,93.13588511499945,6.3390518305382
20260126-084051-01c69,184,1,70.64290513034408,4.808125638448727
20260126-084051-01c69,184,2,92.64020847774721,6.305314889177208
20260126-084051-01c69,184,4,74.31614953638255,5.058135467070224
20260126-084051-01c69,184,3,73.564431588365,5.006971739699777
20260126-084051-01c69,184,6,94.26230080640228,6.415718385451137
20260126-084051-01c69,185,1,70.52761909848111,4.800278994478854
20260126-084051-01c69,185,2,92.34514500815261,6.285232161399949
20260126-084051-01c69,185,4,75.01412856166365,5.105641594406881
20260126-084051-01c69,185,3,78.3238200003424,5.33090713568528
20260126-084051-01c69,185,6,94.45763530283874,6.429013320004815
20260126-084051-01c69,186,1,70.56641944940132,4.802919839468115
20260126-084051-01c69,186,2,92.2691386469117,6.280058986068424
20260126-084051-01c69,186,4,74.81749453096651,5.092258210433048
20260126-084051-01c69,186,3,71.22031378575458,4.847425457090372
20260126-084051-01c69,186,6,94.20634601148105,6.411909967839226
20260126-084051-01c69,187,1,70.00990422984238,4.765042078206582
20260126-084051-01c69,187,2,92.86319046785877,6.320491578493559
20260126-084051-01c69,187,4,73.49492612338334,5.002241030967258
20260126-084051-01c69,187,3,68.22935816099583,4.643853840148365
20260126-084051-01c69,187,6,93.00643631910842,6.330241234863496
20260126-084051-01c69,188,1,69.82663113716976,4.752568071735711
20260126-084051-01c69,188,2,92.38818466155122,6.288161543488553
20260126-084051-01c69,188,4,72.81911356305285,4.956243606425965
20260126-084051-01c69,188,3,65.45388041282192,4.454948164549149
20260126-084051-01c69,188,6,92.89542996994128,6.322685876367461
20260126-084051-01c69,189,1,68.93948780858734,4.692186967996198
20260126-084051-01c69,189,2,92.53738945355155,6.298316779665103
20260126-084051-01c69,189,4,72.65531867831027,4.945095333526876
20260126-084051-01c69,189,3,65.12595644864312,4.432628872658186
20260126-084051-01c69,189,6,92.26926397514616,6.280067516208799
20260126-084051-01c69,190,1,68.64120495718494,4.671885121367846
20260126-084051-01c69,190,2,92.5762639964723,6.300962674339952
20260126-084051-01c69,190,4,73.02400019780981,4.970188682435124
20260126-084051-01c69,190,3,63.8121007369613,4.343204700182496
20260126-084051-01c69,190,6,92.17203285426567,6.273449732805101
20260126-084051-01c69,191,1,68.54259759638279,4.665173667772644
20260126-084051-01c69,191,2,92.16782415712308,6.273163278778354
20260126-084051-01c69,191,4,72.85364620111864,4.958593980637516
20260126-084051-01c69,191,3,63.47471884919741,4.3202416793170215
20260126-084051-01c69,191,6,92.63261880509782,6.304798317844452
20260126-084051-01c69,192,1,70.34108327195699,4.787582918512768
20260126-084051-01c69,192,2,93.28298715213509,6.349063948172872
20260126-084051-01c69,192,4,71.77200294626887,4.884974745192676
20260126-084051-01c69,192,3,64.6660559743783,4.401326942798883
20260126-084051-01c69,192,6,92.98749020597901,6.328951716940664
20260126-084051-01c69,192,7,73.83706276678292,5.025527671910846
20260126-084051-01c69,193,1,72.32101078849544,4.922341536338205
20260126-084051-01c69,193,2,93.87179105810698,6.389139354911858
20260126-084051-01c69,193,4,70.98171559846807,4.8311858919215425
20260126-084051-01c69,193,3,65.88369435331508,4.484202332724067
20260126-084051-01c69,193,6,92.46549367958346,6.293423380767163
20260126-084051-01c69,193,7,75.47258645763684,5.136845338926032
20260126-084051-01c69,194,1,73.74336744685634,5.019150543604608
20260126-084051-01c69,194,2,94.36344632759817,6.422602592333327
20260126-084051-01c69,194,4,70.82538801720557,4.8205458616159085
20260126-084051-01c69,194,3,67.64509928024397,4.604087778732132
20260126-084051-01c69,194,6,91.4774019215149,6.226171484680168
20260126-084051-01c69,194,7,77.26321143221749,5.258719571493935
20260126-084051-01c69,195,1,73.74601010453875,5.019330409227815
20260126-084051-01c69,195,2,94.28084985726942,6.416980878363605
20260126-084051-01c69,195,4,70.55211858105486,4.801946488051977
20260126-084051-01c69,195,3,67.52771626459524,4.596098409013861
20260126-084051-01c69,195,6,85.59098914849912,5.8255281062657644
20260126-084051-01c69,195,7,77.63202530808483,5.283821928894179
20260126-084051-01c69,196,1,73.41872133074955,4.997054349918975
20260126-084051-01c69,196,2,94.60878940700451,6.4393012310449285
20260126-084051-01c69,196,4,71.13074168925223,4.841328965264506
20260126-084051-01c69,196,3,67.46864148410086,4.592077637697099
20260126-084051-01c69,196,6,80.88563807331262,5.505270621090674
20260126-084051-01c69,196,7,75.86836319545466,5.1637828534109245
20260126-084051-01c69,197,1,72.32375523681613,4.922528330076511
20260126-084051-01c69,197,2,94.34801326923112,6.421552181347575
20260126-084051-01c69,197,4,73.56738225394288,5.007172569079448
20260126-084051-01c69,197,3,69.0791773116904,4.701694570777437
20260126-084051-01c69,197,6,76.11799786199168,5.1807735878407675
20260126-084051-01c69,197,7,76.369937087014,5.197921176051156
20260126-084051-01c69,198,1,71.81687536065184,4.888028869391784
20260126-084051-01c69,198,2,93.93657254027143,6.3935485380381305
20260126-084051-01c69,198,4,76.04497792689213,5.175803675838674
20260126-084051-01c69,198,3,74.87363748867891,5.096079434856042
20260126-084051-01c69,198,6,72.53215604075082,4.936712588872535
20260126-084051-01c69,198,7,74.37551891280798,5.0621762892929665
20260126-084051-01c69,199,1,72.13222896849136,4.9094925926663695
20260126-084051-01c69,199,2,93.90582952471254,6.391456094628008
20260126-084051-01c69,199,4,77.47361373675936,5.2730400572241
20260126-084051-01c69,199,3,79.62885951349409,5.419731256533589
20260126-084051-01c69,199,6,70.39889526637378,4.791517741578897
20260126-084051-01c69,199,7,73.50746668906976,5.003094571960317
20260126-084051-01c69,200,1,72.10513337297802,4.907648401416925
20260126-084051-01c69,200,2,93.78779626076717,6.383422467450326
20260126-084051-01c69,200,4,78.5343537597516,5.345236568549154
20260126-084051-01c69,200,3,81.99033397288284,5.580458874852498
20260126-084051-01c69,200,6,69.4939118066528,4.729922395704773
20260126-084051-01c69,200,7,73.41362773009558,4.996707667235822
20260126-084051-01c69,201,1,72.20159170349476,4.914213586854071
20260126-084051-01c69,201,2,93.803490768069,6.384490673277953
20260126-084051-01c69,201,4,79.67735299409264,5.423031839188468
20260126-084051-01c69,201,3,84.09756253718481,5.723881907461328
20260126-084051-01c69,201,6,68.67378872104477,4.674102850524405
20260126-084051-01c69,201,7,72.66765080392908,4.945934687588759
20260126-084051-01c69,202,1,72.11131728452699,4.908069293275911
20260126-084051-01c69,202,2,93.46696244434196,6.3615857480290465
20260126-084051-01c69,202,4,80.92121098345581,5.507691798716058
20260126-084051-01c69,202,3,84.94762390599081,5.781739124036291
20260126-084051-01c69,202,6,74.37192900068389,5.061931951259419
20260126-084051-01c69,202,7,73.70928907807846,5.016831088050861
20260126-084051-01c69,203,1,72.99036705684797,4.9678995301549085
20260126-084051-01c69,203,2,93.6308229951576,6.372738490318642
20260126-084051-01c69,203,4,81.67095486098081,5.558721166111787
20260126-084051-01c69,203,3,84.4887325026852,5.750505873967847
20260126-084051-01c69,203,6,80.35501364995619,5.469155049546446
20260126-084051-01c69,203,7,74.0270573961962,5.03845916230134
20260126-084051-01c69,204,1,72.39629902244913,4.927465834203338
20260126-084051-01c69,204,2,94.64024599185056,6.441442241693022
20260126-084051-01c69,204,4,81.99965240705338,5.581093109842733
20260126-084051-01c69,204,3,83.00656782873125,5.649626189644391
20260126-084051-01c69,204,6,76.37371808829145,5.19817852007102
20260126-084051-01c69,204,7,75.36366236360843,5.129431703711336
20260126-084051-01c69,205,1,72.31734197063633,4.9220918277909895
20260126-084051-01c69,205,2,94.56683317575246,6.436445589267408
20260126-084051-01c69,205,4,83.08183315293097,5.654748928216695
20260126-084051-01c69,205,3,89.14514560251494,6.067432523108202
20260126-084051-01c69,205,6,77.05188065475933,5.244335891669117
20260126-084051-01c69,205,7,76.46227240717546,5.204205739509915
20260126-084051-01c69,206,1,72.31408327694201,4.921870033278567
20260126-084051-01c69,206,2,97.11441236284377,6.609839941932139
20260126-084051-01c69,206,4,83.46999450910847,5.681168121553217
20260126-084051-01c69,206,3,92.0964038943785,6.2683022443153265
20260126-084051-01c69,206,6,77.06138217854473,5.2449825881778835
20260126-084051-01c69,206,7,76.90939266329343,5.2346378170546295
20260126-084051-01c69,207,1,72.60434509866619,4.941625949379692
20260126-084051-01c69,207,2,98.52283389816922,6.705700491285919
20260126-084051-01c69,207,4,83.34620620089409,5.672742792252736
20260126-084051-01c69,207,3,89.529400978149,6.093585866036114
20260126-084051-01c69,207,6,75.34689836312195,5.128290705611198
20260126-084051-01c69,207,7,77.2726669790792,5.259363138702949
20260126-084051-01c69,208,1,72.9178854772763,4.962966259921885
20260126-084051-01c69,208,2,99.9689291014655,6.804125200883825
20260126-084051-01c69,208,4,83.11873744958274,5.657260723202659
20260126-084051-01c69,208,3,86.13920380196578,5.862840911080952
20260126-084051-01c69,208,6,75.7777185347475,5.157613360291546
20260126-084051-01c69,208,7,76.87428086689174,5.232248023936984
20260126-084051-01c69,209,1,72.59244457533896,4.940815971205451
20260126-084051-01c69,209,2,100.21655865398557,6.820979462442186
20260126-084051-01c69,209,4,82.70802752155524,5.629306819958294
20260126-084051-01c69,209,3,83.18092505648836,5.661493360954532
20260126-084051-01c69,209,6,79.98044534949146,5.44366103219974
20260126-084051-01c69,209,7,74.78844850474553,5.090281268189372
20260126-084051-01c69,210,1,71.35157088549919,4.856359130264571
20260126-084051-01c69,210,2,100.42391917988819,6.835092917419087
20260126-084051-01c69,210,4,81.44806005398225,5.5435504106873115
20260126-084051-01c69,210,3,81.34339536929865,5.536426681093535
20260126-084051-01c69,210,6,82.93292617348149,5.64461396187699
20260126-084051-01c69,210,7,72.76985471810801,4.952890931237103
20260126-084051-01c69,211,1,70.7269189158793,4.813843818292403
20260126-084051-01c69,211,2,100.29068868708208,6.826024930377752
20260126-084051-01c69,211,4,79.8803778843387,5.436850200398758
20260126-084051-01c69,211,3,78.9517626282962,5.373646417759944
20260126-084051-01c69,211,6,85.25777331569307,5.80284863709762
20260126-084051-01c69,211,7,71.08239877225643,4.838038630329724
20260126-084051-01c69,212,1,69.74672296406162,4.7471293297256825
20260126-084051-01c69,212,2,99.6024459257288,6.779181476527239
20260126-084051-01c69,212,4,78.26312089205018,5.326775808720848
20260126-084051-01c69,212,3,76.84761607171271,5.230433153992045
20260126-084051-01c69,212,6,87.62324208478059,5.963848117719405
20260126-084051-01c69,212,7,70.76880562677994,4.8166947283479855
20260126-084051-01c69,213,1,68.97436536660318,4.694560818287222
20260126-084051-01c69,213,2,99.00514776708059,6.7385279305682255
20260126-084051-01c69,213,4,78.2050508879677,5.32282342489775
20260126-084051-01c69,213,3,77.34407479152632,5.264223325768855
20260126-084051-01c69,213,6,89.50580022294291,6.0919795420042275
20260126-084051-01c69,213,7,70.84359319307656,4.821784949570973
20260126-084051-01c69,214,1,68.52066460650698,4.663680855851119
20260126-084051-01c69,214,2,98.69213043378859,6.717223219745487
20260126-084051-01c69,214,4,78.64838346767657,5.352997704097123
20260126-084051-01c69,214,3,78.58174990187669,5.348462463714348
20260126-084051-01c69,214,6,89.9937608626025,6.125191314053695
20260126-084051-01c69,214,7,70.07582178630655,4.769528585275826
20260126-084051-01c69,215,1,68.68801632922248,4.675071215677662
20260126-084051-01c69,215,2,98.54922741160502,6.707496897144443
20260126-084051-01c69,215,4,79.61970576834503,5.419108230673343
20260126-084051-01c69,215,3,80.1126387253954,5.452658430576039
20260126-084051-01c69,215,6,90.34140991924107,6.14885314306996
20260126-084051-01c69,215,7,69.95185833831074,4.761091335541555
20260126-084051-01c69,216,1,68.86017440396438,4.686788707356483
20260126-084051-01c69,216,2,98.41282318582543,6.698212898221219
20260126-084051-01c69,216,4,81.5728095309225,5.552041159437703
20260126-084051-01c69,216,3,81.53281722723645,5.54931918728298
20260126-084051-01c69,216,6,89.34190699108042,6.080824575364163
20260126-084051-01c69,216,7,69.25350151397515,4.71355949429468
20260126-084051-01c69,217,1,68.95809262715144,4.693453256591942
20260126-084051-01c69,217,2,98.63157280813832,6.713101522429169
20260126-084051-01c69,217,4,81.58378942383864,5.552788477297014
20260126-084051-01c69,217,3,82.62926456214011,5.623946023940276
20260126-084051-01c69,217,6,88.55581337860372,6.027321157782508
20260126-084051-01c69,217,7,69.75822726293607,4.747912339912886
20260126-084051-01c69,218,1,68.99900475070157,4.696237833893821
20260126-084051-01c69,218,2,98.97877091031481,6.736732658402631
20260126-084051-01c69,218,4,83.01283297261763,5.650052610371188
20260126-084051-01c69,218,3,84.19438303768382,5.730471743056534
20260126-084051-01c69,218,6,88.069075824059,5.994192631840884
20260126-084051-01c69,218,7,70.03163878519096,4.766521384198018
20260126-084051-01c69,219,1,68.56321091297474,4.666576659563771
20260126-084051-01c69,219,2,98.92459429161634,6.7330452677313675
20260126-084051-01c69,219,4,83.9885981850887,5.71646553218594
20260126-084051-01c69,219,3,84.33740968793755,5.740206480080691
20260126-084051-01c69,219,6,88.03184596324512,5.991658678176821
20260126-084051-01c69,219,7,70.10535329473858,4.771538570603753
20260126-084051-01c69,220,1,68.17643518285333,4.640251775261587
20260126-084051-01c69,220,2,98.73868889211032,6.720392100140911
20260126-084051-01c69,220,4,83.23283225587913,5.665026289501997
20260126-084051-01c69,220,3,83.8677053678397,5.708237276948607
20260126-084051-01c69,220,6,87.43123462472904,5.950779629245668
20260126-084051-01c69,220,7,69.92235781382182,4.759083459055145
20260126-084051-01c69,221,1,67.49252958802153,4.593703519372024
20260126-084051-01c69,221,2,99.2556131563323,6.755575205979439
20260126-084051-01c69,221,4,81.67807766128279,5.5592059609922675
20260126-084051-01c69,221,3,83.53986586576508,5.685923733751129
20260126-084051-01c69,221,6,86.94993300806584,5.91802108628038
20260126-084051-01c69,221,7,70.67748422661232,4.810479174717019
20260126-084051-01c69,222,1,66.58419467618374,4.53188006562466
20260126-084051-01c69,222,2,99.90236374105423,6.799594602723465
20260126-084051-01c69,222,4,81.31505009390726,5.534497433632849
20260126-084051-01c69,222,3,85.35743617723297,5.809631930605821
20260126-084051-01c69,222,6,86.19668427473663,5.866753169988336
20260126-084051-01c69,222,7,66.83860849452839,4.54919608059462
20260126-084051-01c69,223,1,67.33010877420513,4.5826487690374025
20260126-084051-01c69,223,2,101.2773530295658,6.893179673134805
20260126-084051-01c69,223,4,83.09805355899894,5.655852927976297
20260126-084051-01c69,223,3,85.88003241584944,5.845201084632153
20260126-084051-01c69,223,6,85.65712173121904,5.830029248537954
20260126-084051-01c69,223,7,63.469626498461736,4.319895081706306
20260126-084051-01c69,224,1,68.40829086119209,4.656032429092054
20260126-084051-01c69,224,2,102.5152602437221,6.977434608622288
20260126-084051-01c69,224,4,82.9800366709596,5.647820415382076
20260126-084051-01c69,224,3,87.43845707312155,5.951271206414306
20260126-084051-01c69,224,6,86.5476299273329,5.890639373236021
20260126-084051-01c69,224,7,65.75712335214942,4.47558760666395
20260126-084051-01c69,225,1,69.58817655251895,4.736338280506857
20260126-084051-01c69,225,2,103.54018252836093,7.04719327872648
20260126-084051-01c69,225,4,84.60961974564489,5.758733749805675
20260126-084051-01c69,225,3,90.392408211041,6.15232420918577
20260126-084051-01c69,225,6,86.81093871911273,5.9085608014424285
20260126-084051-01c69,225,7,67.46931251229685,4.592123309486324
20260126-084051-01c69,226,1,70.47913698813184,4.796979185710425
20260126-084051-01c69,226,2,103.35566249953384,7.034634402788778
20260126-084051-01c69,226,4,88.77726765988214,6.042393867569774
20260126-084051-01c69,226,3,91.80141096092949,6.248224317397395
20260126-084051-01c69,226,6,87.21510867664662,5.936069578601632
20260126-084051-01c69,226,7,67.94046174924053,4.62419085712617
20260126-084051-01c69,227,1,70.773519419916,4.8170155604200815
20260126-084051-01c69,227,2,102.83991801047911,6.999531595279132
20260126-084051-01c69,227,4,91.70104957157443,6.241393480409902
20260126-084051-01c69,227,3,91.72373511507836,6.242937512937189
20260126-084051-01c69,227,6,87.2415532313783,5.9378694584532346
20260126-084051-01c69,227,7,67.96134001405451,4.62561188192906
20260126-084051-01c69,228,1,71.14912191775878,4.8425799677220045
20260126-084051-01c69,228,2,102.40492052811588,6.969924622806069
20260126-084051-01c69,228,4,94.46995497729584,6.429851826610754
20260126-084051-01c69,228,3,92.69006174313664,6.308708022047905
20260126-084051-01c69,228,6,87.47830034964983,5.9539830354230645
20260126-084051-01c69,228,7,67.75372772266236,4.611481291188802
20260126-084051-01c69,229,1,71.50487873427466,4.866793630330964
20260126-084051-01c69,229,2,101.85989482274915,6.932828865450788
20260126-084051-01c69,229,4,95.28578995328373,6.485379512760592
20260126-084051-01c69,229,3,93.07580818371761,6.334962850434076
20260126-084051-01c69,229,6,86.9684081532186,5.919278548992581
20260126-084051-01c69,229,7,66.89480630580685,4.553021038482948
20260126-084051-01c69,230,1,71.81891089266931,4.888167412585371
20260126-084051-01c69,230,2,100.60705388937065,6.84755750519797
20260126-084051-01c69,230,4,96.15274946754207,6.544386857663967
20260126-084051-01c69,230,3,92.55686555359088,6.299642369768784
20260126-084051-01c69,230,6,86.50703543082018,5.887876414392488
20260126-084051-01c69,230,7,66.25223569689628,4.509286140922946
20260126-084051-01c69,231,1,71.36549391520745,4.857306765076329
20260126-084051-01c69,231,2,102.50165111909628,6.976508338943691
20260126-084051-01c69,231,4,95.3192843387909,6.487659221011604
20260126-084051-01c69,231,3,93.20281433341778,6.343607193747637
20260126-084051-01c69,231,6,86.42442835561891,5.882253978629694
20260126-084051-01c69,231,7,66.07592377373548,4.4972859283531275
20260126-084051-01c69,232,1,70.59849081074722,4.80510269328001
20260126-084051-01c69,232,2,101.30552426527217,6.895097075036902
20260126-084051-01c69,232,4,93.68371114465342,6.376338184684151
20260126-084051-01c69,232,3,91.49303030227006,6.227235189776351
20260126-084051-01c69,232,6,86.70648228834253,5.901451246109725
20260126-084051-01c69,232,7,65.4745795165135,4.456356995216132
20260126-084051-01c69,233,1,69.74037373428007,4.7466971859110885
20260126-084051-01c69,233,2,100.49999912737181,6.84027110120687
20260126-084051-01c69,233,4,93.88588222778002,6.390098433733088
20260126-084051-01c69,233,3,88.52340764008619,6.025115545457937
20260126-084051-01c69,233,6,86.40412311219738,5.880871955037801
20260126-084051-01c69,233,7,65.309722551064,4.445136434555553
20260126-084051-01c69,234,1,69.27603425001034,4.715093126378967
20260126-084051-01c69,234,2,100.01350102558574,6.807158872994592
20260126-084051-01c69,234,4,94.87068793028486,6.457126672993171
20260126-084051-01c69,234,3,87.05223791746366,5.9249842039056695
20260126-084051-01c69,234,6,85.52126194027282,5.8207823051559195
20260126-084051-01c69,234,7,66.04377365922952,4.49509771441218
20260126-084051-01c69,235,1,68.81428227231102,4.683665178753031
20260126-084051-01c69,235,2,100.34428482853173,6.829672812374543
20260126-084051-01c69,235,4,93.97592969071222,6.396227280138863
20260126-084051-01c69,235,3,87.25090478634563,5.9385059477243765
20260126-084051-01c69,235,6,84.937948165405,5.781080569914038
20260126-084051-01c69,235,7,66.92414564515933,4.555017944322189
20260126-084051-01c69,236,1,69.433651476374,4.7258209330248295
20260126-084051-01c69,236,2,100.46778050484038,6.838078224445318
20260126-084051-01c69,236,4,94.60147862160865,6.438803641447868
20260126-084051-01c69,236,3,87.68550940130793,5.968086180699404
20260126-084051-01c69,236,6,84.53081704241399,5.753370248728185
20260126-084051-01c69,236,7,67.04131223008747,4.5629925832462686
20260126-084051-01c69,237,1,70.19279755949962,4.777490237095344
20260126-084051-01c69,237,2,100.47756643970202,6.838744278654408
20260126-084051-01c69,237,4,94.08073206699294,6.403360381353145
20260126-084051-01c69,237,3,88.80686517747294,6.044408345639443
20260126-084051-01c69,237,6,84.57394354907841,5.756305542258475
20260126-084051-01c69,237,7,67.067970405714,4.56480700264858
20260126-084051-01c69,238,1,71.40079612420863,4.85970951813241
20260126-084051-01c69,238,2,100.25352731348326,6.823495638117889
20260126-084051-01c69,238,4,94.04973529412786,6.401250666611844
20260126-084051-01c69,238,3,89.718201218428,6.106436063436063
20260126-084051-01c69,238,6,84.96649906882938,5.7830238129120755
20260126-084051-01c69,238,7,66.85994340790957,4.5506481859947705
20260126-084051-01c69,239,1,71.82688411684755,4.888710089355555
20260126-084051-01c69,239,2,99.97519740770886,6.804551836848225
20260126-084051-01c69,239,4,94.62746001786275,6.4405719976220865
20260126-084051-01c69,239,3,89.34873321717107,6.081289184692159
20260126-084051-01c69,239,6,84.83548849211257,5.774106918686708
20260126-084051-01c69,239,7,67.2665382136376,4.5783220041407535
20260126-084051-01c69,240,1,72.81943929748103,4.956265776692782
20260126-084051-01c69,240,2,100.84030845522813,6.863433370669743
20260126-084051-01c69,240,4,95.50187411190512,6.500086719113632
20260126-084051-01c69,240,3,90.05942205410193,6.129660372308264
20260126-084051-01c69,240,6,85.15882129100707,5.796113724851425
20260126-084051-01c69,240,7,67.5050508247089,4.594555744787026
20260126-084051-01c69,241,1,73.43618876488058,4.998243225400928
20260126-084051-01c69,241,2,102.39866048638929,6.969498549344511
20260126-084051-01c69,241,4,94.3013033719248,6.418372993651467
20260126-084051-01c69,241,3,90.53876189468748,6.162285392086214
20260126-084051-01c69,241,6,85.45671407427585,5.816389022506592
20260126-084051-01c69,241,7,66.72704030139768,4.541602481650219
20260126-084051-01c69,242,1,73.50947305329652,5.003231129924078
20260126-084051-01c69,242,2,102.79049369829991,6.996167657993243
20260126-084051-01c69,242,4,94.82888843139756,6.454281698796491
20260126-084051-01c69,242,3,90.65362521946378,6.170103265597437
20260126-084051-01c69,242,6,85.31854773262896,5.806985089749051
20260126-084051-01c69,242,7,66.38940147446668,4.518621972888479
20260126-084051-01c69,243,1,73.5517288579453,5.00610716138584
20260126-084051-01c69,243,2,103.34538223373119,7.033934703229642
20260126-084051-01c69,243,4,93.85299167962856,6.387859824101478
20260126-084051-01c69,243,3,90.3144643018845,6.147019159693754
20260126-084051-01c69,243,6,85.68580511899852,5.831981508739111
20260126-084051-01c69,243,7,66.13274612582974,4.501153393988031
20260126-084051-01c69,244,1,73.49321558117494,5.0021246073599235
20260126-084051-01c69,244,2,102.90799074640724,7.004164789034279
20260126-084051-01c69,244,4,92.85500164562087,6.319934227602086
20260126-084051-01c69,244,3,90.16169526316142,6.136621332332459
20260126-084051-01c69,244,6,85.28405277133476,5.8046372799089845
20260126-084051-01c69,244,7,66.24179689103003,4.508575650746647
20260126-084051-01c69,245,1,73.66061431153946,5.013518166639859
20260126-084051-01c69,245,2,102.40436052767815,6.969886507832496
20260126-084051-01c69,245,4,92.76170459774548,6.313584206647347
20260126-084051-01c69,245,3,91.01873927183924,6.194953804132697
20260126-084051-01c69,245,6,84.90756725698593,5.779012772384766
20260126-084051-01c69,245,7,66.2842809239183,4.511467215970046
20260126-084051-01c69,246,1,73.05906104250106,4.972575007657092
20260126-084051-01c69,246,2,102.04865681767482,6.9456764597802145
20260126-084051-01c69,246,4,92.27072741420038,6.28016712138251
20260126-084051-01c69,246,3,91.53161526744073,6.229861375094656
20260126-084051-01c69,246,6,84.53197484254449,5.753449051383334
20260126-084051-01c69,246,7,66.5713076613288,4.531002944469849
20260126-084051-01c69,247,1,73.49303575503401,5.00211236796126
20260126-084051-01c69,247,2,101.59918200939872,6.915084125765615
20260126-084051-01c69,247,4,92.19271794528748,6.274857609736156
20260126-084051-01c69,247,3,92.4819013288944,6.294540124751191
20260126-084051-01c69,247,6,84.67230078808669,5.762999971964192
20260126-084051-01c69,247,7,67.02034373191618,4.561565416944555
20260126-084051-01c69,248,1,74.20055211727627,5.050267629337363
20260126-084051-01c69,248,2,101.90126557524577,6.935644658139295
20260126-084051-01c69,248,4,92.70463396651168,6.309699842538434
20260126-084051-01c69,248,3,92.57094521544172,6.3006006653400215
20260126-084051-01c69,248,6,84.72831224474336,5.766812246109782
20260126-084051-01c69,248,7,67.24014729577394,4.576525774943096
20260126-084051-01c69,249,1,74.39928453773828,5.0637938347539055
20260126-084051-01c69,249,2,101.56637653250507,6.91285130628795
20260126-084051-01c69,249,4,93.11948164532872,6.337935371030514
20260126-084051-01c69,249,3,93.26086122340517,6.347558004369958
20260126-084051-01c69,249,6,84.89382760429865,5.778077618653089
20260126-084051-01c69,249,7,67.5192760203984,4.595523945740546
20260126-084051-01c69,250,1,75.05746798485704,5.108591379547048
20260126-084051-01c69,250,2,101.03916223839316,6.876967836323076
20260126-084051-01c69,250,4,93.4071760100625,6.357516539847983
20260126-084051-01c69,250,3,94.45133133742137,6.428584256991463
20260126-084051-01c69,250,6,85.33558500146563,5.808144687148841
20260126-084051-01c69,250,7,67.37878946317842,4.585962093543493
20260126-084051-01c69,251,1,76.26644675519198,5.190877375731125
20260126-084051-01c69,251,2,101.01682245431167,6.875447337011766
20260126-084051-01c69,251,4,93.78133429602897,6.382982650624062
20260126-084051-01c69,251,3,94.17042819087031,6.409465314779772
20260126-084051-01c69,251,6,85.75626030985318,5.836776858093517
20260126-084051-01c69,251,7,67.07331863562318,4.565171016009854
20260126-084051-01c69,252,1,76.23190699216462,5.188526516577593
20260126-084051-01c69,252,2,101.02368912312477,6.875914698968499
20260126-084051-01c69,252,4,94.60515411999661,6.439053804687908
20260126-084051-01c69,252,3,93.80879834012919,6.384851919368462
20260126-084051-01c69,252,6,87.86421610480289,5.9802493877653005
20260126-084051-01c69,252,7,66.43720518844148,4.521875608371777
20260126-084051-01c69,253,1,75.97526378900578,5.171058764327529
20260126-084051-01c69,253,2,99.33536577926489,6.76100336087126
20260126-084051-01c69,253,4,96.83999486644748,6.591162428633
20260126-084051-01c69,253,3,92.8271331780255,6.3180374328241475
20260126-084051-01c69,253,6,88.83381070025158,6.046242322578447
20260126-084051-01c69,253,7,66.06878405369045,4.496799981874333
20260126-084051-01c69,254,1,76.25707365950798,5.190239420347117
20260126-084051-01c69,254,2,98.84574449575878,6.727678561416704
20260126-084051-01c69,254,4,97.47356439678299,6.6342846911861235
20260126-084051-01c69,254,3,93.59104591032866,6.3700311664757745
20260126-084051-01c69,254,6,89.51357178034664,6.0925084928498165
20260126-084051-01c69,254,7,65.79452448487773,4.478133217505495
20260126-084051-01c69,255,1,75.97005923048775,5.170704529585891
20260126-084051-01c69,255,2,99.000038111551,6.738180155151712
20260126-084051-01c69,255,4,98.37436123615987,6.69559508563338
20260126-084051-01c69,255,3,94.77052807265163,6.450309552738261
20260126-084051-01c69,255,6,88.85688738381955,6.047812977037077
20260126-084051-01c69,255,7,65.67353079027579,4.469898096313454
20260126-084051-01c69,256,1,75.92514797459272,5.167647761740269
20260126-084051-01c69,256,2,99.30276532670263,6.758784495841566
20260126-084051-01c69,256,4,98.65524691151394,6.7147128387134805
20260126-084051-01c69,256,3,95.82288392593016,6.521935417353881
20260126-084051-01c69,256,6,88.76875297967747,6.0418143380031495
20260126-084051-01c69,256,7,65.04670748044016,4.427234997715837
20260126-084051-01c69,257,1,75.69831585180972,5.152209023155491
20260126-084051-01c69,257,2,99.70513725136782,6.786170894569153
20260126-084051-01c69,257,4,98.91425804864434,6.732341758231763
20260126-084051-01c69,257,3,95.88640633902531,6.526258905218025
20260126-084051-01c69,257,6,88.41414915379995,6.017679150703763
20260126-084051-01c69,257,7,64.53717619462132,4.392555075727677
20260126-084051-01c69,258,1,75.76999205725832,5.157087477693115
20260126-084051-01c69,258,2,99.59616779410194,6.77875417182366
20260126-084051-01c69,258,4,99.68547930469445,6.784832927547199
20260126-084051-01c69,258,3,95.4975996321941,6.499795787767424
20260126-084051-01c69,258,6,87.78688521077747,5.974986061554101
20260126-084051-01c69,258,7,64.4497613981802,4.386605414920653
20260126-084051-01c69,259,1,75.24248170530815,5.121183857321347
20260126-084051-01c69,259,2,99.65687806567564,6.782886258587817
20260126-084051-01c69,259,4,99.82461630061789,6.794302925363991
20260126-084051-01c69,259,3,94.85069299328586,6.455765769601009
20260126-084051-01c69,259,6,87.79716953740954,5.975686037503032
20260126-084051-01c69,259,7,64.16527317178804,4.3672424635721905
20260126-084051-01c69,260,1,75.10009888992636,5.111492941243525
20260126-084051-01c69,260,2,99.00750979566189,6.738688695901411
20260126-084051-01c69,260,4,99.26161332149796,6.755983591618658
20260126-084051-01c69,260,3,93.95757409785253,6.394977954442605
20260126-084051-01c69,260,6,88.24432433351163,6.006120465921948
20260126-084051-01c69,260,7,63.726714996314726,4.337393141781787
20260126-084051-01c69,261,1,74.43431845732076,5.066178327388362
20260126-084051-01c69,261,2,99.51272271171518,6.773074699280934
20260126-084051-01c69,261,4,98.57942652913687,6.709552321549704
20260126-084051-01c69,261,3,93.98218912073716,6.3966533119665385
20260126-084051-01c69,261,6,89.64091456873604,6.101175748600368
20260126-084051-01c69,261,7,63.37791048197658,4.313652669541844
20260126-084051-01c69,262,1,74.27189353723283,5.055123297571046
20260126-084051-01c69,262,2,99.55352001206566,6.775851461440314
20260126-084051-01c69,262,4,95.93199152222003,6.529361542172826
20260126-084051-01c69,262,3,93.93170228925959,6.393217057067572
20260126-084051-01c69,262,6,90.4961594792283,6.159385769460966
20260126-084051-01c69,262,7,63.44408025054977,4.318156342772438
20260126-084051-01c69,263,1,73.78596618892617,5.022049916210161
20260126-084051-01c69,263,2,99.33794060341278,6.761178609581333
20260126-084051-01c69,263,4,95.89932968877274,6.527138499412808
20260126-084051-01c69,263,3,92.61230405631895,6.303415647295129
20260126-084051-01c69,263,6,90.29513445772477,6.145703524116194
20260126-084051-01c69,263,7,68.05511666677657,4.631994545940525
20260126-084051-01c69,264,1,74.22167027361851,5.051704981733312
20260126-084051-01c69,264,2,99.41107675801571,6.766156431761708
20260126-084051-01c69,264,4,98.28709195459439,6.68965532891797
20260126-084051-01c69,264,3,90.44203733814786,6.155702086667111
20260126-084051-01c69,264,6,89.70055850531122,6.10523525804574
20260126-084051-01c69,264,7,70.18724986799756,4.777112647899429
20260126-084051-01c69,265,1,74.8170953832659,5.092231043482746
20260126-084051-01c69,265,2,98.88240338452556,6.730173653353132
20260126-084051-01c69,265,4,99.6399527644146,6.781734281969904
20260126-084051-01c69,265,3,88.13915981543751,5.998962716468209
20260126-084051-01c69,265,6,88.83226283902152,6.0461369714288695
20260126-084051-01c69,265,7,67.46091680084909,4.591551877218772
20260126-084051-01c69,266,1,75.17778730595717,5.116780601260323
20260126-084051-01c69,266,2,98.62631303478896,6.712743529633618
20260126-084051-01c69,266,4,99.64888683349761,6.7823423561499565
20260126-084051-01c69,266,3,86.72067700492686,5.90241737258221
20260126-084051-01c69,266,6,88.63246375404896,6.032538166266162
20260126-084051-01c69,266,7,65.11429057221685,4.431834865115083
20260126-084051-01c69,267,1,75.4827559152541,5.137537496614175
20260126-084051-01c69,267,2,98.51649130024178,6.705268798851228
20260126-084051-01c69,267,4,98.91797997688676,6.73259508159911
20260126-084051-01c69,267,3,84.7218504850551,5.766372443239709
20260126-084051-01c69,267,6,88.68202325612668,6.035911304900948
20260126-084051-01c69,267,7,64.35984401931293,4.380485422348489
20260126-084051-01c69,268,1,76.35941081403506,5.19720473265328
20260126-084051-01c69,268,2,97.23361330689156,6.617953044219567
20260126-084051-01c69,268,4,97.61020415291601,6.6435847208703835
20260126-084051-01c69,268,3,83.80234640338203,5.7037887889917265
20260126-084051-01c69,268,6,90.04662662924741,6.128789484988662
20260126-084051-01c69,268,7,64.16732182624392,4.367381899910424
20260126-084051-01c69,269,1,76.64756490066598,5.216817191246221
20260126-084051-01c69,269,2,97.71130219373266,6.650465696124028
20260126-084051-01c69,269,4,96.14087493049063,6.543578648178013
20260126-084051-01c69,269,3,83.36924151191663,5.674310630796645
20260126-084051-01c69,269,6,89.71184588363091,6.106003504099461
20260126-084051-01c69,269,7,64.47010661841152,4.387990159430149
20260126-084051-01c69,270,1,76.54675236934906,5.2099556484542395
20260126-084051-01c69,270,2,98.60207101508544,6.711093559601253
20260126-084051-01c69,270,4,89.9127543964581,6.119677819584146
20260126-084051-01c69,270,3,83.42689225156629,5.678234478476375
20260126-084051-01c69,270,6,89.81170189596224,6.1127999439140135
20260126-084051-01c69,270,7,64.84353474175435,4.41340657358596
20260126-084051-01c69,271,1,75.91679495327679,5.16707923506553
20260126-084051-01c69,271,2,99.61315267229433,6.779910203390483
20260126-084051-01c69,271,4,86.04708283533405,5.856570937037792
20260126-084051-01c69,271,3,84.0319712732032,5.71941760864142
20260126-084051-01c69,271,6,90.20828021579884,6.139792015994585
20260126-084051-01c69,271,7,64.6996859044536,4.403615876538455
20260126-084051-01c69,272,1,74.9948878703271,5.104332026784399
20260126-084051-01c69,272,2,100.07304259990977,6.811211415419521
20260126-084051-01c69,272,4,84.32510873234922,5.739369247525879
20260126-084051-01c69,272,3,83.69180382265802,5.696264995688793
20260126-084051-01c69,272,6,89.9496366331839,6.122188113118613
20260126-084051-01c69,272,7,64.53081987391475,4.392122449287711
20260126-084051-01c69,273,1,73.9982887670085,5.036501100365394
20260126-084051-01c69,273,2,99.42256340992482,6.7669382408541034
20260126-084051-01c69,273,4,82.33369381624652,5.6038287697208435
20260126-084051-01c69,273,3,79.4822044952091,5.409749564074563
20260126-084051-01c69,273,6,90.48758286926382,6.158802024806282
20260126-084051-01c69,273,7,65.97171195016156,4.490193021573165
20260126-084051-01c69,274,1,72.74597479989121,4.951265606700826
20260126-084051-01c69,274,2,98.96110890652591,6.735530540042873
20260126-084051-01c69,274,4,82.07090374153543,5.5859426466428515
20260126-084051-01c69,274,3,76.88855954028045,5.233219864711038
20260126-084051-01c69,274,6,89.57082605967777,6.096405356488917
20260126-084051-01c69,274,7,67.233013042951,4.576040200576557
20260126-084051-01c69,275,1,71.431763501952,4.861817232171191
20260126-084051-01c69,275,2,98.00182029416372,6.670239055168913
20260126-084051-01c69,275,4,82.66540525356974,5.626405846122468
20260126-084051-01c69,275,3,76.420324747645,5.2013506811443335
20260126-084051-01c69,275,6,88.76633342681104,6.041649657429082
20260126-084051-01c69,275,7,68.02450640287782,4.6299111379269435
20260126-084051-01c69,276,1,70.93606759782362,4.828078979460376
20260126-084051-01c69,276,2,97.5518377758681,6.639612165192079
20260126-084051-01c69,276,4,80.68372007616324,5.491527597680654
20260126-084051-01c69,276,3,77.66256710053935,5.285900676576961
20260126-084051-01c69,276,6,88.86435590577305,6.048321302562758
20260126-084051-01c69,276,7,68.44376177337763,4.658446664491685
20260126-084051-01c69,277,1,69.92458631740989,4.759235136356884
20260126-084051-01c69,277,2,96.70348985835942,6.581871570224022
20260126-084051-01c69,277,4,79.3186414399247,5.398617070044697
20260126-084051-01c69,277,3,79.39079533784304,5.403528037478087
20260126-084051-01c69,277,6,88.79670168084516,6.043716593670548
20260126-084051-01c69,277,7,68.03937997985138,4.630923469266517
20260126-084051-01c69,278,1,68.82343121556262,4.6842878777846115
20260126-084051-01c69,278,2,94.35384881146969,6.421949362355346
20260126-084051-01c69,278,4,77.6299673027939,5.283681856115672
20260126-084051-01c69,278,3,82.54602663737919,5.618280651042661
20260126-084051-01c69,278,6,89.51300041678898,6.092469604475034
20260126-084051-01c69,278,7,67.7727320475785,4.612774771145524
20260126-084051-01c69,279,1,67.84016643700637,4.617364517506084
20260126-084051-01c69,279,2,93.10705990201593,6.337089917373332
20260126-084051-01c69,279,4,75.1984096418216,5.118184206924777
20260126-084051-01c69,279,3,84.50648972481488,5.751714473116365
20260126-084051-01c69,279,6,89.8581389415127,6.115960560664882
20260126-084051-01c69,279,7,67.3427711897736,4.583510603425826
20260126-084051-01c69,280,1,66.33558493565589,4.514959090118421
20260126-084051-01c69,280,2,92.16006877819082,6.272635429078355
20260126-084051-01c69,280,4,72.58411494074782,4.94024903628732
20260126-084051-01c69,280,3,85.92876262288253,5.848517779456218
20260126-084051-01c69,280,6,90.37189102300427,6.150927760134782
20260126-084051-01c69,280,7,70.02390362872019,4.765994910887275
20260126-084051-01c69,281,1,65.79397848924529,4.478096055732576
20260126-084051-01c69,281,2,91.28183243470356,6.2128605561176915
20260126-084051-01c69,281,4,69.19815187995135,4.709792265385598
20260126-084051-01c69,281,3,87.31054038160934,5.942564889440074
20260126-084051-01c69,281,6,91.027563497847,6.195554402129469
20260126-084051-01c69,281,7,71.80260222365291,4.887057405437703
20260126-084051-01c69,282,1,64.13452235656288,4.365149489298065
20260126-084051-01c69,282,2,92.95589493575494,6.326801267032952
20260126-084051-01c69,282,4,70.43791718186247,4.794173666784356
20260126-084051-01c69,282,3,87.59032366641922,5.961607611174432
20260126-084051-01c69,282,6,92.40098302093433,6.2890326305392135
20260126-084051-01c69,282,7,72.95867838291306,4.965742722966504
20260126-084051-01c69,283,1,64.15423940377615,4.3664914788445826
20260126-084051-01c69,283,2,91.75826729785412,6.245287856160608
20260126-084051-01c69,283,4,69.95405243205978,4.76124067082708
20260126-084051-01c69,283,3,84.55659662707276,5.755124869120959
20260126-084051-01c69,283,6,93.58608748250757,6.369693683979988
20260126-084051-01c69,283,7,70.07019448072086,4.769145577354337
20260126-084051-01c69,284,1,64.63874455642767,4.399468062156466
20260126-084051-01c69,284,2,91.54423814028787,6.230720518110579
20260126-084051-01c69,284,4,63.49167318649879,4.321395632197516
20260126-084051-01c69,284,3,80.51067675708785,5.479749854148257
20260126-084051-01c69,284,6,93.78351798686523,6.383131277862381
20260126-084051-01c69,284,7,70.35098288223173,4.7882567097432505
20260126-084051-01c69,285,1,65.15371036573356,4.434517870853881
20260126-084051-01c69,285,2,92.47779548352847,6.294260671063167
20260126-084051-01c69,285,4,60.946006758898804,4.148131466533637
20260126-084051-01c69,285,3,77.48203019531375,5.273612901589513
20260126-084051-01c69,285,6,92.4411335222706,6.291765370005622
20260126-084051-01c69,285,7,73.46532592826344,5.000226370658534
20260126-084051-01c69,286,1,65.41762295492016,4.452480394960671
20260126-084051-01c69,286,2,92.87334552187876,6.321182755838309
20260126-084051-01c69,286,4,58.40035042938916,3.974867988170017
20260126-084051-01c69,286,3,76.00069507826919,5.17278967889992
20260126-084051-01c69,286,6,91.44589049085342,6.224026741094268
20260126-084051-01c69,286,7,75.83846135912398,5.161747662677574
20260126-084051-01c69,287,1,64.58556281028766,4.395848384898836
20260126-084051-01c69,287,2,93.42486050869222,6.358720189260586
20260126-084051-01c69,287,4,50.85548193530917,3.4613461337364333
20260126-084051-01c69,287,3,76.3868059302574,5.199069310000912
20260126-084051-01c69,287,6,91.37355406378512,6.2191033502889335
20260126-084051-01c69,287,7,77.08996876457589,5.2469282598197635
20260126-084051-01c69,288,1,64.30236971615197,4.3765735833595585
20260126-084051-01c69,288,2,95.47620193923696,6.498339409438687
20260126-084051-01c69,288,4,52.089087332155756,3.5453082772151423
20260126-084051-01c69,288,3,77.37489611396036,5.266321098932806
20260126-084051-01c69,288,6,91.07316900753413,6.198658422554119
20260126-084051-01c69,288,7,77.24578192754329,5.257533277581831
20260126-084051-01c69,289,1,64.57649143472074,4.395230965310007
20260126-084051-01c69,289,2,96.41550914049023,6.562270911525022
20260126-084051-01c69,289,4,52.71141625489376,3.5876654770421283
20260126-084051-01c69,289,3,79.37478484354995,5.40243832481759
20260126-084051-01c69,289,6,90.62798167780734,6.168357904617853
20260126-084051-01c69,289,7,76.67154559171145,5.218449374623034
20260126-084051-01c69,290,1,66.03180909932134,4.494283377754576
20260126-084051-01c69,290,2,96.2028064864802,6.547793858490118
20260126-084051-01c69,290,4,51.05463320045041,3.474900846726907
20260126-084051-01c69,290,3,81.41804492641565,5.541507509080589
20260126-084051-01c69,290,6,90.1478448788041,6.1356786419376075
20260126-084051-01c69,290,7,76.52397613871638,5.208405443543355
20260126-084051-01c69,291,1,67.93075078989307,4.623529905930486
20260126-084051-01c69,291,2,95.3351153085455,6.488736714801224
20260126-084051-01c69,291,4,49.41063677200343,3.363006504859889
20260126-084051-01c69,291,3,82.82570201897333,5.63731602862523
20260126-084051-01c69,291,6,89.22028335729627,6.0725465789997735
20260126-084051-01c69,291,7,75.97619623991179,5.171122229173708
20260126-084051-01c69,292,1,70.08626939574748,4.770239674644543
20260126-084051-01c69,292,2,94.70824273396126,6.4460702631266
20260126-084051-01c69,292,4,52.7171798302826,3.588057759813414
20260126-084051-01c69,292,3,83.13975310444825,5.658691099102138
20260126-084051-01c69,292,6,90.08686911454997,6.131528485104542
20260126-084051-01c69,292,7,73.92970529793064,5.031833144886516
20260126-084051-01c69,293,1,71.00920654251759,4.833056991541041
20260126-084051-01c69,293,2,93.91084453688923,6.3917974283908165
20260126-084051-01c69,293,4,57.18172210212851,3.8919252199864225
20260126-084051-01c69,293,3,81.6063048026142,5.554320928004561
20260126-084051-01c69,293,6,90.91607478839954,6.1879662130352795
20260126-084051-01c69,293,7,74.35021233318284,5.06045386275781
20260126-084051-01c69,294,1,72.0360940594137,4.902949420068451
20260126-084051-01c69,294,2,93.60695627151424,6.371114063836694
20260126-084051-01c69,294,4,59.22312142458356,4.030867756430778
20260126-084051-01c69,294,3,80.6289448582313,5.487799464909158
20260126-084051-01c69,294,6,91.52049973368224,6.229104825194131
20260126-084051-01c69,294,7,74.64816037114711,5.080732921180142
20260126-084051-01c69,295,1,73.0162008730766,4.96965784167846
20260126-084051-01c69,295,2,93.44587428673547,6.360150437419039
20260126-084051-01c69,295,4,60.039082208333795,4.086404005358811
20260126-084051-01c69,295,3,78.82751772737316,5.365190011664069
20260126-084051-01c69,295,6,90.7177511785584,6.174467832250579
20260126-084051-01c69,295,7,73.3394642543018,4.9916599231100305
20260126-084051-01c69,296,1,74.1085264319281,5.044004140366999
20260126-084051-01c69,296,2,93.13422776435493,6.338939027276343
20260126-084051-01c69,296,4,62.36098244038195,4.244438106802289
20260126-084051-01c69,296,3,78.19235685177418,5.3219594383337085
20260126-084051-01c69,296,6,90.46499572840132,6.157264689798898
20260126-084051-01c69,296,7,72.95819315362434,4.965709697096753
20260126-084051-01c69,297,1,73.0462829111418,4.9717052973742755
20260126-084051-01c69,297,2,93.16206118520132,6.340833436688446
20260126-084051-01c69,297,4,63.27881926901054,4.306908283807312
20260126-084051-01c69,297,3,79.65809091961357,5.421720816177995
20260126-084051-01c69,297,6,90.48364907640203,6.158534281424548
20260126-084051-01c69,297,7,70.00272906353854,4.764553719170356
20260126-084051-01c69,298,1,71.31693581280062,4.854001784106111
20260126-084051-01c69,298,2,94.45608334290034,6.428907689887312
20260126-084051-01c69,298,4,62.4795370829963,4.252507220263286
20260126-084051-01c69,298,3,74.83557312311419,5.093488682796153
20260126-084051-01c69,298,6,91.0503276068659,6.197103782014232
20260126-084051-01c69,298,7,67.67373815780387,4.606037009460937
20260126-084051-01c69,299,1,70.75485692533556,4.815745346256266
20260126-084051-01c69,299,2,94.71392429282922,6.446456963656668
20260126-084051-01c69,299,4,63.22456615280681,4.303215686532276
20260126-084051-01c69,299,3,72.1040574871839,4.907575174048072
20260126-084051-01c69,299,6,91.36017102814567,6.218192468769273
20260126-084051-01c69,299,7,67.25311531326602,4.577408409331765
20260126-084051-01c69,300,1,68.92680482818142,4.69132373391559
20260126-084051-01c69,300,2,94.74344284363588,6.4484660670575185
20260126-084051-01c69,300,4,63.96969279971804,4.3539307941328875
20260126-084051-01c69,300,3,74.3111767640831,5.057797008254819
20260126-084051-01c69,300,6,91.60248902429089,6.234685213055109
20260126-084051-01c69,300,7,66.9942540335239,4.559789689466929
20260126-084051-01c69,301,1,66.31068801434729,4.513264545911308
20260126-084051-01c69,301,2,95.24272868609766,6.482448659585749
20260126-084051-01c69,301,4,58.58021760316617,3.9871101796279826
20260126-084051-01c69,301,3,71.12953552696375,4.841246870964836
20260126-084051-01c69,301,6,92.49134008584022,6.29518254919824
20260126-084051-01c69,301,7,66.24790207515672,4.508991184228358
20260126-084051-01c69,302,1,65.2726672870651,4.442614364369682
20260126-084051-01c69,302,2,95.69071988314741,6.512940015460198
20260126-084051-01c69,302,4,50.05072265256135,3.406572285845835
20260126-084051-01c69,302,3,68.50748362284942,4.662783726474192
20260126-084051-01c69,302,6,93.8089801976185,6.384864297025571
20260126-084051-01c69,302,7,66.7723336330458,4.54468525448843
20260126-084051-01c69,303,1,65.54299572622972,4.461013566621499
20260126-084051-01c69,303,2,95.96492502544737,6.531603075429976
20260126-084051-01c69,303,4,47.138826310728305,3.208381633411036
20260126-084051-01c69,303,3,67.15563841851456,4.570773897968648
20260126-084051-01c69,303,6,95.29627962623549,6.486093465072792
20260126-084051-01c69,303,7,67.90420040502522,4.621722823025865
20260126-084051-01c69,304,1,65.93770779845815,4.487878617411598
20260126-084051-01c69,304,2,95.47302515554,6.498123189917236
20260126-084051-01c69,304,4,44.227135651708515,3.010204980242065
20260126-084051-01c69,304,3,67.10444176872835,4.56728933113231
20260126-084051-01c69,304,6,96.61449525643272,6.575814384064736
20260126-084051-01c69,304,7,72.45938816356896,4.93175983253716
20260126-084051-01c69,305,1,67.50509241070498,4.594558575229709
20260126-084051-01c69,305,2,95.14469300803718,6.47577611608976
20260126-084051-01c69,305,4,41.31569416152248,2.812045286101827
20260126-084051-01c69,305,3,66.84473385986163,4.549612987657676
20260126-084051-01c69,305,6,97.6889666182865,6.648945483262538
20260126-084051-01c69,305,7,75.72528018462685,5.154044280350852
20260126-084051-01c69,306,1,69.05518945705039,4.7000618998291905
20260126-084051-01c69,306,2,94.60982169048658,6.439371490735795
20260126-084051-01c69,306,4,38.4045585085224,2.6139064079743544
20260126-084051-01c69,306,3,69.58520130715472,4.736135778167945
20260126-084051-01c69,306,6,97.87355316640915,6.661508886663116
20260126-084051-01c69,306,7,77.14225275593903,5.250486833733021
20260126-084051-01c69,307,1,70.45148181503784,4.795096908268073
20260126-084051-01c69,307,2,94.31169917041099,6.419080556642277
20260126-084051-01c69,307,4,35.49380394537615,2.4157934677367994
20260126-084051-01c69,307,3,72.18203121941316,4.912882253369985
20260126-084051-01c69,307,6,100.89418088603867,6.867100057583422
20260126-084051-01c69,307,7,78.2820708613621,5.328065589104714
20260126-084051-01c69,308,1,71.47601923965733,4.864829383875836
20260126-084051-01c69,308,2,94.03038066229007,6.399933343925436
20260126-084051-01c69,308,4,32.583532602885455,2.217713416656602
20260126-084051-01c69,308,3,73.81246421158599,5.023853435217255
20260126-084051-01c69,308,6,101.00688022950588,6.874770645334043
20260126-084051-01c69,308,7,78.7087341903529,5.357105319100548
20260126-084051-01c69,309,1,72.42544144775863,4.929449337600299
20260126-084051-01c69,309,2,93.49196559010223,6.363287522127238
20260126-084051-01c69,309,4,29.67388665722812,2.01967593158559
20260126-084051-01c69,309,3,75.27763074994606,5.12357618564333
20260126-084051-01c69,309,6,100.61364823253788,6.84800633201777
20260126-084051-01c69,309,7,79.84602519595393,5.434512073994306
20260126-084051-01c69,310,1,72.62747188449961,4.943200013918735
20260126-084051-01c69,310,2,93.20737877033561,6.343917860277124
20260126-084051-01c69,310,4,33.407656149632,2.2738052428215947
20260126-084051-01c69,310,3,75.02776477806718,5.106569708016878
20260126-084051-01c69,310,6,100.49265877682961,6.839771499335004
20260126-084051-01c69,310,7,79.16379630209822,5.388077938396601
20260126-084051-01c69,311,1,72.13752022533261,4.909852728303926
20260126-084051-01c69,311,2,92.88127829653938,6.32172267951726
20260126-084051-01c69,311,4,40.720052929331025,2.7715045145334343
20260126-084051-01c69,311,3,74.61799856077312,5.078680035989567
20260126-084051-01c69,311,6,100.36795329380122,6.831283744915822
20260126-084051-01c69,311,7,78.25247257220121,5.326051058520134
20260126-084051-01c69,312,1,72.61436680093915,4.942308050484547
20260126-084051-01c69,312,2,91.32463154357524,6.21577356616858
20260126-084051-01c69,312,4,43.94514751054056,2.9910121906931857
20260126-084051-01c69,312,3,75.43420836875907,5.134233234104644
20260126-084051-01c69,312,6,101.77441930531339,6.927011196626378
20260126-084051-01c69,312,7,80.40546196690092,5.472588683053886
20260126-084051-01c69,313,1,71.9796471989261,4.899107511293329
20260126-084051-01c69,313,2,90.19957874480959,6.139199772998937
20260126-084051-01c69,313,4,45.622419029725116,3.105171315082976
20260126-084051-01c69,313,3,77.54084493922825,5.277615974192661
20260126-084051-01c69,313,6,102.53960501834543,6.9790915724010665
20260126-084051-01c69,313,7,81.91607808308896,5.575404840808103
20260126-084051-01c69,314,1,71.46979379006602,4.864405664838013
20260126-084051-01c69,314,2,89.89966641043527,6.118787019849397
20260126-084051-01c69,314,4,47.30376644303638,3.2196078546075784
20260126-084051-01c69,314,3,79.65944388905378,5.4218129025246915
20260126-084051-01c69,314,6,103.2145938294802,7.025032930595423
20260126-084051-01c69,314,7,83.11544899767476,5.657036903274807
20260126-084051-01c69,315,1,71.7710640233292,4.8849108398443555
20260126-084051-01c69,315,2,90.02192060145211,6.127107933452133
20260126-084051-01c69,315,4,48.98877008502765,3.3342932458296572
20260126-084051-01c69,315,3,80.90267497993163,5.506430193837061
20260126-084051-01c69,315,6,103.7487563124894,7.0613893109695764
20260126-084051-01c69,315,7,83.24297565087393,5.665716673305514
20260126-084051-01c69,316,1,73.24437727033103,4.985188074809495
20260126-084051-01c69,316,2,89.82684862103308,6.113830866368536
20260126-084051-01c69,316,4,50.67706525010028,3.449202666011018
20260126-084051-01c69,316,3,81.49682427985917,5.546869420915519
20260126-084051-01c69,316,6,103.900393298083,7.071710088078395
20260126-084051-01c69,316,7,83.5660474614315,5.68770571597775
20260126-084051-01c69,317,1,73.77707740370872,5.021444924158661
20260126-084051-01c69,317,2,89.31793946806796,6.079193288235276
20260126-084051-01c69,317,4,52.36833359440605,3.5643144479054514
20260126-084051-01c69,317,3,82.0014988790506,5.581218785157674
20260126-084051-01c69,317,6,107.13708063546846,7.29200679504155
20260126-084051-01c69,317,7,83.15718971707992,5.659877876798884
20260126-084051-01c69,318,1,74.23981534443374,5.052939978794052
20260126-084051-01c69,318,2,88.5051112796014,6.0238702512592495
20260126-084051-01c69,318,4,54.062296082574306,3.6796095996960543
20260126-084051-01c69,318,3,81.84986422176317,5.57089816651896
20260126-084051-01c69,318,6,108.53624012403434,7.38723694726759
20260126-084051-01c69,318,7,82.77571099908154,5.633913519852546
20260126-084051-01c69,319,1,74.73780565301324,5.086834394177482
20260126-084051-01c69,319,2,88.55697594753019,6.0274002850133535
20260126-084051-01c69,319,4,55.75870716899483,3.795071408959383
20260126-084051-01c69,319,3,85.9293883924986,5.848560370837889
20260126-084051-01c69,319,6,111.84991431226098,7.612773564037257
20260126-084051-01c69,319,7,81.31766263235342,5.534675249268562
20260126-084051-01c69,320,1,75.05886293162457,5.108686322971371
20260126-084051-01c69,320,2,89.76078065474532,6.109334122045773
20260126-084051-01c69,320,4,57.45734997168211,3.9106851141870704
20260126-084051-01c69,320,3,84.42420529655243,5.746113997478454
20260126-084051-01c69,320,6,113.44312376219739,7.721211222278007
20260126-084051-01c69,320,7,79.79043251108094,5.4307283024612
20260126-084051-01c69,321,1,74.68457189194888,5.083211176659285
20260126-084051-01c69,321,2,90.89276163194617,6.186379463664628
20260126-084051-01c69,321,4,59.158032248815175,4.026437630939477
20260126-084051-01c69,321,3,83.19232566937126,5.662269314024344
20260126-084051-01c69,321,6,114.9919483747495,7.826627941980174
20260126-084051-01c69,321,7,77.49454398718159,5.274464620292232
20260126-084051-01c69,322,1,74.35458547562493,5.060751509326246
20260126-084051-01c69,322,2,91.10041598618386,6.200512917303087
20260126-084051-01c69,322,4,60.860583028001045,4.142317322425271
20260126-084051-01c69,322,3,81.89961968484974,5.5742846427302375
20260126-084051-01c69,322,6,115.28605178396603,7.8466453257443325
20260126-084051-01c69,322,7,77.122763535514,5.249160350624405
20260126-084051-01c69,323,1,74.61200397221293,5.078272029907499
20260126-084051-01c69,323,2,90.45297469991658,6.1564465097544705
20260126-084051-01c69,323,4,62.564849769158855,4.25831380640051
20260126-084051-01c69,323,3,80.8235725580112,5.501046293186355
20260126-084051-01c69,323,6,113.88475143918885,7.751269461707335
20260126-084051-01c69,323,7,76.30951880543329,5.193808962826583
20260126-084051-01c69,324,1,73.65820085039499,5.013353900683006
20260126-084051-01c69,324,2,90.21825379976998,6.140470842052353
20260126-084051-01c69,324,3,79.32151910892804,5.398812931102342
20260126-084051-01c69,324,6,110.65111782606706,7.5311805985453075
20260126-084051-01c69,324,7,74.5105696754848,5.071368168269636
20260126-084051-01c69,325,1,72.86284311536659,4.95921994469022
20260126-084051-01c69,325,2,90.06471041146497,6.1300203106003766
20260126-084051-01c69,325,3,82.88488917589544,5.6413444485513216
20260126-084051-01c69,325,6,108.45610505751938,7.3817827623478385
20260126-084051-01c69,325,7,74.20128740388256,5.050317674708187
20260126-084051-01c69,326,1,72.22404982237103,4.915742140315471
20260126-084051-01c69,326,2,90.96225567968109,6.191109395311937
20260126-084051-01c69,326,3,85.97673104896437,5.851782625640765
20260126-084051-01c69,326,6,108.48620919548287,7.3838317222157634
20260126-084051-01c69,326,7,74.33973719301798,5.05974089958196
20260126-084051-01c69,327,1,72.14500018971002,4.9103618326284355
20260126-084051-01c69,327,2,91.64218152931063,6.237386780193204
20260126-084051-01c69,327,3,83.67819743430677,5.6953389122476095
20260126-084051-01c69,327,6,109.61260737466124,7.46049708520468
20260126-084051-01c69,327,7,74.41572209276005,5.064912614192375
20260126-084051-01c69,328,1,72.34209664505633,4.923776690333528
20260126-084051-01c69,328,2,91.76718667523502,6.245894930388162
20260126-084051-01c69,328,3,85.7831722092543,5.838608546544765
20260126-084051-01c69,328,6,110.03500677301776,7.489246601849784
20260126-084051-01c69,328,7,75.20446938655881,5.118596647692604
20260126-084051-01c69,329,1,71.93084100073605,4.895785644328773
20260126-084051-01c69,329,2,92.0038362979464,6.262001871576217
20260126-084051-01c69,329,3,86.86880550974978,5.912499354070797
20260126-084051-01c69,329,6,110.33180230315726,7.509447217823995
20260126-084051-01c69,329,7,76.5011744479381,5.206853505753866
20260126-084051-01c69,330,1,71.02454224327485,4.83410077613425
20260126-084051-01c69,330,2,92.04004091905476,6.264466044965749
20260126-084051-01c69,330,3,87.61493448885781,5.963282682805928
20260126-084051-01c69,330,6,110.69050170409976,7.53386115979008
20260126-084051-01c69,330,7,78.15512519574162,5.319425362482755
20260126-084051-01c69,331,1,70.60763115400916,4.805724806975658
20260126-084051-01c69,331,2,91.34303633175787,6.217026240216566
20260126-084051-01c69,331,3,88.44173796005373,6.019556911059714
20260126-084051-01c69,331,6,111.41124416588733,7.58291662123869
20260126-084051-01c69,331,7,80.16152879291968,5.455986005888738
20260126-084051-01c69,332,1,70.85796363006273,4.822763035995666
20260126-084051-01c69,332,2,90.41104377803296,6.1535925905932976
20260126-084051-01c69,332,3,89.27680026921342,6.076393255643287
20260126-084051-01c69,332,6,110.56290874104644,7.525176876551581
20260126-084051-01c69,332,7,80.60398816959089,5.4861008527940225
20260126-084051-01c69,333,1,71.22691089109571,4.847874471910356
20260126-084051-01c69,333,2,89.91197356392762,6.1196246742484295
20260126-084051-01c69,333,3,89.7178302969497,6.1064108176301835
20260126-084051-01c69,333,6,107.4566876855131,7.3137600177992095
20260126-084051-01c69,333,7,79.55628380032044,5.414791579341731
20260126-084051-01c69,334,1,70.93408923636161,4.82794432743198
20260126-084051-01c69,334,2,89.30585865054057,6.078371038805136
20260126-084051-01c69,334,3,88.50758765185445,6.024038799097116
20260126-084051-01c69,334,6,107.73052032849134,7.332397724571298
20260126-084051-01c69,334,7,78.3755221901212,5.3344261107866116
20260126-084051-01c69,335,1,70.90892973019442,4.826231911069289
20260126-084051-01c69,335,2,88.49058027361994,6.0228812361234345
20260126-084051-01c69,335,3,89.95851428794116,6.122792347604283
20260126-084051-01c69,335,6,106.53661953188197,7.251137971460209
20260126-084051-01c69,335,7,77.38178174608977,5.266789751578352
20260126-084051-01c69,336,1,70.51395979664188,4.799349309618707
20260126-084051-01c69,336,2,87.12299540089371,5.92980012801814
20260126-084051-01c69,336,3,90.54342555646315,6.162602812097625
20260126-084051-01c69,336,6,108.10679659463467,7.358007990160537
20260126-084051-01c69,336,7,77.60908691498202,5.282260686816451
20260126-084051-01c69,337,1,70.23838691727413,4.780593158182062
20260126-084051-01c69,337,2,86.80621780481604,5.908239484687052
20260126-084051-01c69,337,3,91.59387278195204,6.234098770925924
20260126-084051-01c69,337,6,108.43668526797624,7.380461004871651
20260126-084051-01c69,337,7,78.04209558024978,5.311732295625615
20260126-084051-01c69,338,1,69.90412752582267,4.75784266190838
20260126-084051-01c69,338,2,87.20269385205043,5.935224595848904
20260126-084051-01c69,338,3,92.14701121020885,6.271746699668458
20260126-084051-01c69,338,6,111.38258040357601,7.5809656967939905
20260126-084051-01c69,338,7,80.49990722180236,5.479016853734064
20260126-084051-01c69,339,1,69.63618412498064,4.739605791087953
20260126-084051-01c69,339,2,87.27746308384162,5.940313569181456
20260126-084051-01c69,339,3,93.40921023042637,6.357654993767279
20260126-084051-01c69,339,6,112.78490865550017,7.676411522657985
20260126-084051-01c69,339,7,82.09549127360314,5.587616133075818
20260126-084051-01c69,340,1,69.08728538767906,4.702246425885428
20260126-084051-01c69,340,2,87.43630959645981,5.951125043999606
20260126-084051-01c69,340,3,93.46779010550283,6.361642080633717
20260126-084051-01c69,340,6,111.08949297964848,7.561017463426567
20260126-084051-01c69,340,7,83.32510677137329,5.671306714449191
20260126-084051-01c69,341,1,68.92430715054405,4.6911537359821445
20260126-084051-01c69,341,2,87.40081466005327,5.948709173453845
20260126-084051-01c69,341,3,92.57742162236494,6.301041465136053
20260126-084051-01c69,341,6,110.2261093353026,7.502253500810119
20260126-084051-01c69,341,7,83.89183605497395,5.709879669419152
20260126-084051-01c69,342,1,68.66779677896113,4.673695024567881
20260126-084051-01c69,342,2,87.72196032919317,5.97056711831921
20260126-084051-01c69,342,3,92.22032364869993,6.276736520153272
20260126-084051-01c69,342,6,110.4600426337843,7.518175562452989
20260126-084051-01c69,342,7,81.93879266758822,5.57695084993522
20260126-084051-01c69,343,1,68.9398337640232,4.692210514553321
20260126-084051-01c69,343,2,87.94956662132009,5.9860585487272395
20260126-084051-01c69,343,3,92.48238986035513,6.294573375374693
20260126-084051-01c69,343,6,110.19074716102563,7.499846666373474
20260126-084051-01c69,343,7,79.35240687904927,5.400915226855331
20260126-084051-01c69,344,1,69.39439895377832,4.723149312146302
20260126-084051-01c69,344,2,86.9903580159571,5.920772509321629
20260126-084051-01c69,344,3,93.47536759929064,6.362157823043931
20260126-084051-01c69,344,6,110.34570671661899,7.510393585569342
20260126-084051-01c69,344,7,79.20648903431328,5.390983708196978
20260126-084051-01c69,345,1,70.0659848338325,4.768859058685614
20260126-084051-01c69,345,2,86.00985617394548,5.854037201134293
20260126-084051-01c69,345,3,93.94226833241268,6.393936207318933
20260126-084051-01c69,345,6,109.93536772482722,7.482464929135283
20260126-084051-01c69,345,7,78.83630574675225,5.365788145350811
20260126-084051-01c69,346,1,70.69731045390675,4.811828595321851
20260126-084051-01c69,346,2,85.25006861354696,5.802324236581291
20260126-084051-01c69,346,3,94.70432865822268,6.445803861739585
20260126-084051-01c69,346,6,110.57314280661865,7.525873431612171
20260126-084051-01c69,346,7,79.25460177952094,5.394258377087538
20260126-084051-01c69,347,1,71.07986395354045,4.837866104485343
20260126-084051-01c69,347,2,85.23919599853271,5.801584220313408
20260126-084051-01c69,347,3,94.77674432981688,6.450732646117508
20260126-084051-01c69,347,6,112.12980975177153,7.631823919289669
20260126-084051-01c69,347,7,79.23700252455707,5.393060529563384
20260126-084051-01c69,348,1,70.5222241806807,4.79991180342767
20260126-084051-01c69,348,2,88.57415714498167,6.028569678540039
20260126-084051-01c69,348,3,92.94922253745563,6.326347127593561
20260126-084051-01c69,348,6,117.12021566040885,7.97148292044927
20260126-084051-01c69,348,7,79.43806175543118,5.406745103280008
20260126-084051-01c69,349,1,69.67701060550037,4.742384539319674
20260126-084051-01c69,349,2,90.57916027081824,6.165035002505938
20260126-084051-01c69,349,3,91.36652708876161,6.218625077506848
20260126-084051-01c69,349,6,121.26474523572534,8.253569548591472
20260126-084051-01c69,349,7,78.71898044142723,5.357802703535654
20260126-084051-01c69,350,1,68.96139772987098,4.693678209813984
20260126-084051-01c69,350,2,91.99365288029696,6.261308763734786
20260126-084051-01c69,350,3,90.66335035852374,6.170765181898379
20260126-084051-01c69,350,6,125.56035367318168,8.545938966620954
20260126-084051-01c69,350,7,77.46803582663651,5.272660411276341
20260126-084051-01c69,351,1,68.33957368606126,4.651355373258369
20260126-084051-01c69,351,2,92.15215887147856,6.272097061846844
20260126-084051-01c69,351,3,90.3243258877063,6.147690362888724
20260126-084051-01c69,351,6,124.88539706868795,8.499999800487869
20260126-084051-01c69,351,7,76.35561278706697,5.196946229824057
20260126-084051-01c69,352,1,68.32520146301614,4.650377165270218
20260126-084051-01c69,352,2,92.07468692304178,6.266824135133932
20260126-084051-01c69,352,3,91.49395835140083,6.227298355027146
20260126-084051-01c69,352,6,122.12417187740164,8.312064188110972
20260126-084051-01c69,352,7,75.3017668460198,5.125218946259277
20260126-084051-01c69,353,1,68.54347758438902,4.665233561867974
20260126-084051-01c69,353,2,92.20618943738296,6.275774511814473
20260126-084051-01c69,353,3,91.64473295679907,6.237560436470494
20260126-084051-01c69,353,6,120.29173327835426,8.187344019925558
20260126-084051-01c69,353,7,74.94200425559303,5.1007326410656555
20260126-084051-01c69,354,1,68.38246360348766,4.654274563957397
20260126-084051-01c69,354,2,92.38918748857253,6.288229798302016
20260126-084051-01c69,354,3,91.61891909032262,6.235803482774947
20260126-084051-01c69,354,6,118.8962077262656,8.09236120213618
20260126-084051-01c69,354,7,75.42483071707444,5.133594968628301
20260126-084051-01c69,354,8,73.73298020911808,5.0184435632788436
20260126-084051-01c69,355,1,68.81954862441624,4.684023619314492
20260126-084051-01c69,355,2,91.91078784960696,6.255668770902437
20260126-084051-01c69,355,3,90.40126429498189,6.152926975509916
20260126-084051-01c69,355,6,121.3789194065533,8.261340516631272
20260126-084051-01c69,355,7,75.24850599646527,5.1215938850334375
20260126-084051-01c69,355,8,72.82395991156785,4.956573460535233
20260126-084051-01c69,356,1,69.00317012392746,4.696521339190838
20260126-084051-01c69,356,2,91.97632451418909,6.260129353556199
20260126-084051-01c69,356,3,88.79702382116409,6.043738519313665
20260126-084051-01c69,356,6,122.51902574440211,8.338938889793507
20260126-084051-01c69,356,7,75.63236691949459,5.147720380570539
20260126-084051-01c69,356,8,62.94685390868241,4.284313924796657
20260126-084051-01c69,357,1,69.48783023319591,4.729508469221905
20260126-084051-01c69,357,2,91.96542027906919,6.259387185148049
20260126-084051-01c69,357,3,87.19870066285904,5.934952809810449
20260126-084051-01c69,357,6,124.10950833272483,8.44719095128943
20260126-084051-01c69,357,7,75.96788353452642,5.1705564464979465
20260126-084051-01c69,357,8,57.27443038468897,3.8982351681610203
20260126-084051-01c69,358,1,69.87134578713881,4.755611458110234
20260126-084051-01c69,358,2,91.49182460880414,6.227153127385869
20260126-084051-01c69,358,3,86.21522974935597,5.868015419492798
20260126-084051-01c69,358,6,125.16432983782549,8.518984634084662
20260126-084051-01c69,358,7,75.32968502102618,5.127119124242887
20260126-084051-01c69,358,8,56.962028618072296,3.8769723542833234
20260126-084051-01c69,359,1,69.45554406689722,4.727310995269474
20260126-084051-01c69,359,2,90.79095475173547,6.179450243100887
20260126-084051-01c69,359,3,85.44038214648924,5.815277432311212
20260126-084051-01c69,359,6,126.71914161443956,8.624808854539733
20260126-084051-01c69,359,7,73.97399083122879,5.034847324550706
20260126-084051-01c69,359,8,58.30655475604272,3.9684840295692143
20260126-084051-01c69,360,1,67.9211329371263,4.622875291792104
20260126-084051-01c69,360,2,88.72148794255716,6.038597366159182
20260126-084051-01c69,360,3,84.57998193751102,5.756716529464963
20260126-084051-01c69,360,6,131.06145147002698,8.920356883152309
20260126-084051-01c69,360,7,72.82566994340189,4.956689849405263
20260126-084051-01c69,360,8,57.975477181874204,3.9459500954149225
20260126-084051-01c69,361,1,67.06313038231568,4.564477579041932
20260126-084051-01c69,361,2,87.42610965484612,5.950430811497517
20260126-084051-01c69,361,3,83.71897224374663,5.698114143621644
20260126-084051-01c69,361,6,134.1379825541794,9.129752971208202
20260126-084051-01c69,361,7,71.66947258592866,4.8779962828352526
20260126-084051-01c69,361,8,57.25191918714684,3.896703002038254
20260126-084051-01c69,362,1,66.79863536857684,4.5464754137225265
20260126-084051-01c69,362,2,86.80695929518208,5.908289952300652
20260126-084051-01c69,362,3,82.86448469853545,5.639955670859455
20260126-084051-01c69,362,6,134.54664872249953,9.157567771262661
20260126-084051-01c69,362,7,71.48076420170965,4.865152337379166
20260126-084051-01c69,362,8,56.45818350643825,3.8426794469547696
20260126-084051-01c69,363,1,66.70959176204205,4.540414892192022
20260126-084051-01c69,363,2,86.64193750229525,5.897058173089166
20260126-084051-01c69,363,3,82.01672315426578,5.582254985861111
20260126-084051-01c69,363,6,136.82445864315505,9.312600980313295
20260126-084051-01c69,363,7,70.66009604791196,4.80929569354986
20260126-084051-01c69,363,8,58.27643395345128,3.966433935466723
20260126-084051-01c69,364,1,66.73735087090199,4.542304243752008
20260126-084051-01c69,364,2,87.19598241294179,5.9347677991983465
20260126-084051-01c69,364,3,76.83154387652169,5.229339241820377
20260126-084051-01c69,364,6,137.76246469905809,9.376443923324855
20260126-084051-01c69,364,7,69.99898121091334,4.764298631327309
20260126-084051-01c69,364,8,59.018579542653775,4.016946145126309
20260126-084051-01c69,365,1,67.22816579702112,4.575710285387079
20260126-084051-01c69,365,2,88.15154274287009,5.999805528223442
20260126-084051-01c69,365,3,73.82268111985867,5.024548822510868
20260126-084051-01c69,365,6,139.52899782135293,9.496678406615185
20260126-084051-01c69,365,7,68.27956135273296,4.6472707898459715
20260126-084051-01c69,365,8,61.141779825819,4.161456251246835
20260126-084051-01c69,366,1,67.8889023834224,4.620681602966323
20260126-084051-01c69,366,2,88.74754577977912,6.040370925089102
20260126-084051-01c69,366,3,72.62773979084781,4.943218248267663
20260126-084051-01c69,366,6,138.94804969617473,9.457137683167812
20260126-084051-01c69,366,7,66.93327406600325,4.5556392465494575
20260126-084051-01c69,366,8,62.62395935541812,4.26233694668115
20260126-084051-01c69,367,1,68.32965240913893,4.65068010734386
20260126-084051-01c69,367,2,89.33287783237628,6.080210029156318
20260126-084051-01c69,367,3,71.75848439568146,4.884054640200476
20260126-084051-01c69,367,6,138.82241169420755,9.448586459271974
20260126-084051-01c69,367,7,66.08760438055243,4.498080938481966
20260126-084051-01c69,367,8,64.2944982377378,4.376037831650227
20260126-084051-01c69,368,1,68.64183643534507,4.671928101286725
20260126-084051-01c69,368,2,89.99085198278118,6.124993328712884
20260126-084051-01c69,368,3,71.69665817098728,4.879846598989088
20260126-084051-01c69,368,6,137.54324854203566,9.361523545645072
20260126-084051-01c69,368,7,65.22547106734343,4.439402076403
20260126-084051-01c69,368,8,66.50319629667445,4.5263671215509005
20260126-084051-01c69,369,1,68.24659503758532,4.645027023330792
20260126-084051-01c69,369,2,90.40995004005954,6.153518148162284
20260126-084051-01c69,369,3,71.9187663449023,4.894963814278286
20260126-084051-01c69,369,6,137.58547334740265,9.36439746722133
20260126-084051-01c69,369,7,64.12528306862255,4.364520641190177
20260126-084051-01c69,369,8,68.57724881858125,4.66753211310482
20260126-084051-01c69,370,1,68.28614770146415,4.6477190725452715
20260126-084051-01c69,370,2,90.78095459295177,6.178769608297608
20260126-084051-01c69,370,3,71.64736516849636,4.876491598955676
20260126-084051-01c69,370,6,139.27891889066743,9.479657434501336
20260126-084051-01c69,370,7,63.44431744801261,4.318172487000941
20260126-084051-01c69,370,8,70.60445122196415,4.805508373170085
20260126-084051-01c69,371,1,68.55654969184407,4.666123280869298
20260126-084051-01c69,371,2,91.28751261917998,6.213247163103372
20260126-084051-01c69,371,3,71.24419065287033,4.8490505739613905
20260126-084051-01c69,371,6,140.1484812109204,9.53884193262642
20260126-084051-01c69,371,7,63.70574961982787,4.335966187949407
20260126-084051-01c69,371,8,72.15696521751333,4.911176201132105
20260126-084051-01c69,372,1,68.10549034118222,4.635423099097644
20260126-084051-01c69,372,2,91.27470951049936,6.212375752804128
20260126-084051-01c69,372,3,70.66187964410605,4.809417089386762
20260126-084051-01c69,372,6,141.93751902137464,9.660608138995308
20260126-084051-01c69,372,7,64.81537469638366,4.411489933324961
20260126-084051-01c69,372,8,72.64971149666314,4.944713695288935
20260126-084051-01c69,373,1,66.23045987851783,4.507804026470681
20260126-084051-01c69,373,2,91.18241265217829,6.206093807150519
20260126-084051-01c69,373,3,70.33108724692654,4.786902565062655
20260126-084051-01c69,373,6,141.84016709362967,9.653982133186524
20260126-084051-01c69,373,7,65.39682861146754,4.4510650820470135
20260126-084051-01c69,373,8,72.72197599981462,4.9496321907799015
20260126-084051-01c69,374,1,65.55391401465891,4.461756691531603
20260126-084051-01c69,374,2,90.85484093161838,6.183798489805504
20260126-084051-01c69,374,3,69.81502514738054,4.751778140220831
20260126-084051-01c69,374,6,142.55831311505392,9.702860874673569
20260126-084051-01c69,374,7,65.71469776263595,4.472700019236881
20260126-084051-01c69,374,8,72.87877587118118,4.960304366283329
20260126-084051-01c69,375,1,65.53352407027467,4.460368902988938
20260126-084051-01c69,375,2,90.17922646840151,6.1378145482291195
20260126-084051-01c69,375,3,69.2994470344595,4.716686656670082
20260126-084051-01c69,375,6,142.57175047498484,9.703775453634861
20260126-084051-01c69,375,7,65.9401522128375,4.488044990119892
20260126-084051-01c69,375,8,72.67607731491573,4.9465082161468334
20260126-084051-01c69,376,1,65.56793616776419,4.4627110729196175
20260126-084051-01c69,376,2,89.63614462373546,6.100851094697631
20260126-084051-01c69,376,3,70.01190035547484,4.765177939307046
20260126-084051-01c69,376,6,139.33747458088172,9.483642875288021
20260126-084051-01c69,376,7,70.70907232637607,4.812629136585995
20260126-084051-01c69,376,8,72.86491927321883,4.959361252975609
20260126-084051-01c69,377,1,66.94512546753617,4.556445881376506
20260126-084051-01c69,377,2,89.44413815984412,6.087782674024946
20260126-084051-01c69,377,3,70.77601358684399,4.817185319406223
20260126-084051-01c69,377,6,135.0512209508333,9.191910167898595
20260126-084051-01c69,377,7,74.33705907899551,5.059558620715166
20260126-084051-01c69,377,8,73.76800559124594,5.020827474833651
20260126-084051-01c69,378,1,68.65486598879244,4.672814923960173
20260126-084051-01c69,378,2,89.8478135121378,6.115257787164643
20260126-084051-01c69,378,3,71.44580276262381,4.862772777941236
20260126-084051-01c69,378,6,129.88989694400033,8.840618070839367
20260126-084051-01c69,378,7,72.67164958646568,4.9462068543237105
20260126-084051-01c69,378,8,73.59170169232446,5.008827808412817
20260126-084051-01c69,379,1,70.02664062190675,4.766181197211263
20260126-084051-01c69,379,2,90.5304996050086,6.161723040824413
20260126-084051-01c69,379,3,72.18756568131958,4.913258942127875
20260126-084051-01c69,379,6,125.94050991150303,8.57181331242704
20260126-084051-01c69,379,7,71.81102779786681,4.887630870236777
20260126-084051-01c69,379,8,72.73936870281679,4.950815979881898
20260126-084051-01c69,380,1,71.066090527458,4.836928652055349
20260126-084051-01c69,380,2,90.76629468722024,6.177771819935494
20260126-084051-01c69,380,3,73.95530840304203,5.033575753657812
20260126-084051-01c69,380,6,123.68105368891634,8.418029300108651
20260126-084051-01c69,380,7,70.51927161300263,4.799710844586496
20260126-084051-01c69,380,8,71.37850298122555,4.858192193326179
20260126-084051-01c69,381,1,71.40463178153809,4.859970582174327
20260126-084051-01c69,381,2,91.27803457896412,6.2126020649427005
20260126-084051-01c69,381,3,74.8209384714271,5.092492613284903
20260126-084051-01c69,381,6,124.45472024638494,8.470686902506394
20260126-084051-01c69,381,7,69.38531538275583,4.722531062505502
20260126-084051-01c69,381,8,70.77896288807071,4.817386055924881
20260126-084051-01c69,382,1,70.87802320241391,4.824128338624997
20260126-084051-01c69,382,2,91.78835216213642,6.247335504215542
20260126-084051-01c69,382,3,75.43932716820215,5.134581631877852
20260126-084051-01c69,382,6,125.02662757474442,8.509612287627919
20260126-084051-01c69,382,7,73.27867040271826,4.987522147689844
20260126-084051-01c69,382,8,69.77602091510362,4.749123418577198
20260126-084051-01c69,383,1,71.08418141702748,4.83815996141049
20260126-084051-01c69,383,2,92.13278446160565,6.2707783930199055
20260126-084051-01c69,383,3,75.30328742259506,5.125322440349777
20260126-084051-01c69,383,6,125.5563225213599,8.54566459675478
20260126-084051-01c69,383,7,76.54544454955266,5.209866635100641
20260126-084051-01c69,383,8,69.0302207312889,4.69836246843871
20260126-084051-01c69,384,1,71.75940188133214,4.884117086475467
20260126-084051-01c69,384,2,92.2990908878517,6.282097607460436
20260126-084051-01c69,384,3,76.87914002313708,5.232578749771112
20260126-084051-01c69,384,6,124.25195393168708,8.456886140568395
20260126-084051-01c69,384,7,78.53618869557098,5.345361458684149
20260126-084051-01c69,384,8,68.33291353790555,4.650902067593147
20260126-084051-01c69,385,1,72.58001865163777,4.939970233021002
20260126-084051-01c69,385,2,92.29279104952455,6.281668825346748
20260126-084051-01c69,385,3,77.634695328872,5.2840036569159565
20260126-084051-01c69,385,6,123.18358971273155,8.384170708170997
20260126-084051-01c69,385,7,81.08005385374177,5.518503025628337
20260126-084051-01c69,385,8,67.77519696994136,4.612942539676388
20260126-084051-01c69,386,1,72.5927690694868,4.940838057055812
20260126-084051-01c69,386,2,91.96840550182013,6.259590366571842
20260126-084051-01c69,386,3,78.43568760108462,5.338521113030181
20260126-084051-01c69,386,6,121.91392727621049,8.297754436049283
20260126-084051-01c69,386,7,81.54543019057897,5.550177655834239
20260126-084051-01c69,386,8,67.92305187870328,4.62300589956054
20260126-084051-01c69,387,1,71.4624936304182,4.863908798454861
20260126-084051-01c69,387,2,91.6990671069858,6.241258549112861
20260126-084051-01c69,387,3,78.25005867107006,5.325886762616732
20260126-084051-01c69,387,6,121.6565708586914,8.280238140718426
20260126-084051-01c69,387,7,80.91103267361137,5.506999038524093
20260126-084051-01c69,387,8,67.74456633930703,4.61085774545391
20260126-084051-01c69,388,1,70.71576824063033,4.813084876577709
20260126-084051-01c69,388,2,91.55215511950216,6.23125936671355
20260126-084051-01c69,388,3,77.42943615293676,5.270033224860252
20260126-084051-01c69,388,6,122.40949076768128,8.331483676436884
20260126-084051-01c69,388,7,79.26635529409195,5.395058349493068
20260126-084051-01c69,388,8,68.46274750113702,4.659738878681292
20260126-084051-01c69,389,1,70.2792114242989,4.78337177209298
20260126-084051-01c69,389,2,91.10615078776388,6.200903241659898
20260126-084051-01c69,389,3,76.5953018797303,5.213260044630578
20260126-084051-01c69,389,6,122.63203031301947,8.346630251900267
20260126-084051-01c69,389,7,77.45933495830609,5.2720682092991
20260126-084051-01c69,389,8,68.11636646883223,4.636163354443946
20260126-084051-01c69,390,1,70.38850655128444,4.790810660701073
20260126-084051-01c69,390,2,90.80767072512089,6.180587972361281
20260126-084051-01c69,390,3,76.15437464869905,5.183249479234098
20260126-084051-01c69,390,6,121.89855300195457,8.296708026051196
20260126-084051-01c69,390,7,75.94652213563243,5.169102538430239
20260126-084051-01c69,390,8,68.0007609111036,4.628294962776919
20260126-084051-01c69,391,1,70.83217124940522,4.821007544676514
20260126-084051-01c69,391,2,91.1941797127595,6.206894701530009
20260126-084051-01c69,391,3,75.59731579737198,5.145334717089923
20260126-084051-01c69,391,6,121.12966887140304,8.244375927105377
20260126-084051-01c69,391,7,74.10676127513965,5.043883999560293
20260126-084051-01c69,391,8,68.09563782380816,4.6347525131229865
20260126-084051-01c69,392,1,71.47996837148247,4.865098171264223
20260126-084051-01c69,392,2,91.25419376081564,6.2109794016508975
20260126-084051-01c69,392,3,75.3934887079513,5.131461756278846
20260126-084051-01c69,392,6,120.62116493493174,8.209765928979047
20260126-084051-01c69,392,7,73.11266547465694,4.976223453939244
20260126-084051-01c69,392,8,68.29716712911407,4.648469081233432
20260126-084051-01c69,393,1,72.192092125338,4.913567022769459
20260126-084051-01c69,393,2,91.57018460115766,6.232486496498711
20260126-084051-01c69,393,3,74.82154454197585,5.092533863900782
20260126-084051-01c69,393,6,121.74382820436202,8.28617708504819
20260126-084051-01c69,393,7,72.05432382107827,4.904190181391622
20260126-084051-01c69,393,8,68.55154597654085,4.665782715998806
20260126-084051-01c69,394,1,72.57574605538072,4.9396794298671916
20260126-084051-01c69,394,2,91.79126065858843,6.247533463463316
20260126-084051-01c69,394,3,76.18410833785434,5.185273225467204
20260126-084051-01c69,394,6,123.89963073794503,8.432906178564771
20260126-084051-01c69,394,7,71.22039769111778,4.847431167890732
20260126-084051-01c69,394,8,69.15006065026218,4.706519060892854
20260126-084051-01c69,395,1,70.45885777326733,4.79559893368458
20260126-084051-01c69,395,2,92.63804297154333,6.305167499628606
20260126-084051-01c69,395,3,77.61778596684718,5.282852765160708
20260126-084051-01c69,395,6,124.35634009326589,8.463990913211314
20260126-084051-01c69,395,7,70.09568097490471,4.770880249306084
20260126-084051-01c69,395,8,70.12549378106071,4.772909380432109
20260126-084051-01c69,396,1,70.74124414423049,4.814818827708917
20260126-084051-01c69,396,2,93.57207191978368,6.368739751149144
20260126-084051-01c69,396,3,79.02040540621375,5.3783184099407695
20260126-084051-01c69,396,6,125.2036217290485,8.521658934486435
20260126-084051-01c69,396,7,70.34292582447962,4.787708327058862
20260126-084051-01c69,396,8,70.8241623426956,4.820462439267621
20260126-084051-01c69,397,1,70.82457257732197,4.820490360820695
20260126-084051-01c69,397,2,94.61180410596472,6.439506418690256
20260126-084051-01c69,397,3,80.19522627041079,5.458279537067517
20260126-084051-01c69,397,6,123.77343323688991,8.424316873818432
20260126-084051-01c69,397,7,70.09876935371909,4.77109045177909
20260126-084051-01c69,397,8,71.43655178953964,4.862143134514418
20260126-084051-01c69,398,1,70.55193945277456,4.801934296151382
20260126-084051-01c69,398,2,95.50488110967568,6.500291382597512
20260126-084051-01c69,398,3,86.15236658509149,5.863736801686007
20260126-084051-01c69,398,6,122.41016198804286,8.331529361305359
20260126-084051-01c69,398,7,70.05334766361311,4.767998942556227
20260126-084051-01c69,398,8,72.04003055674482,4.903217347522857
20260126-084051-01c69,399,1,70.1513667714652,4.774670358244072
20260126-084051-01c69,399,2,95.89829312724413,6.52706794854783
20260126-084051-01c69,399,3,89.57907073203128,6.09696650867328
20260126-084051-01c69,399,6,121.91397250220525,8.297757514239011
20260126-084051-01c69,399,7,69.97158363018482,4.762433886239473
20260126-084051-01c69,399,8,72.9509768441257,4.965218537755963
20260126-084051-01c69,400,1,70.42533410135293,4.793317232130416
20260126-084051-01c69,400,2,95.89793617075559,6.5270436532326634
20260126-084051-01c69,400,3,86.04501681667928,5.856430318850514
20260126-084051-01c69,400,6,120.99125593601607,8.23495521058616
20260126-084051-01c69,400,7,70.96247318443609,4.829876207048277
20260126-084051-01c69,400,8,73.0149993231455,4.969576061306901
20260126-084051-01c69,401,1,70.57834336116963,4.8037314095157795
20260126-084051-01c69,401,2,95.69412676740733,6.513171896178115
20260126-084051-01c69,401,3,82.3678001338574,5.606150127539231
20260126-084051-01c69,401,6,121.38631976450498,8.261844202751421
20260126-084051-01c69,401,7,71.06425022128178,4.836803396400982
20260126-084051-01c69,401,8,73.4930880673442,5.00211592846262
20260126-084051-01c69,402,1,70.12319676319652,4.772753039884329
20260126-084051-01c69,402,2,95.61265396901666,6.507626662016871
20260126-084051-01c69,402,3,85.48144609562866,5.818072343227019
20260126-084051-01c69,402,6,122.08163378366041,8.309168943376195
20260126-084051-01c69,402,7,72.64551201139773,4.944427868244652
20260126-084051-01c69,402,8,73.80892262145802,5.023612386094718
20260126-084051-01c69,403,1,69.44593112500984,4.726656715377327
20260126-084051-01c69,403,2,95.5522382756053,6.5035146249493145
20260126-084051-01c69,403,3,88.14926730232904,5.9996506562800525
20260126-084051-01c69,403,6,122.57624554930855,8.342833407020539
20260126-084051-01c69,403,7,72.4623026044022,4.9319581963737855
20260126-084051-01c69,403,8,74.01226825628576,5.037452577950898
20260126-084051-01c69,404,1,69.21881080296585,4.711198361259281
20260126-084051-01c69,404,2,95.17456177312926,6.477809055915253
20260126-084051-01c69,404,3,90.3164366340308,6.147153401352454
20260126-084051-01c69,404,6,123.83870234211243,8.42875924574014
20260126-084051-01c69,404,7,75.10142019997113,5.111582872775798
20260126-084051-01c69,404,8,74.00560242287376,5.03699888533349
20260126-084051-01c69,405,1,68.95557616988737,4.693281980472038
20260126-084051-01c69,405,2,95.39418713961052,6.492757285372746
20260126-084051-01c69,405,3,91.67126728640424,6.23936642661541
20260126-084051-01c69,405,6,125.08368879092724,8.51349601092587
20260126-084051-01c69,405,7,77.48994102867171,5.274151331890754
20260126-084051-01c69,405,8,78.80455198443335,5.363626908090805
20260126-084051-01c69,406,1,68.97437076100182,4.6945611854429385
20260126-084051-01c69,406,2,95.64275534993945,6.509675434233989
20260126-084051-01c69,406,3,92.26147329376293,6.279537263739276
20260126-084051-01c69,406,6,126.91497941132906,8.638138044929969
20260126-084051-01c69,406,7,78.79002622031798,5.362638249728975
20260126-084051-01c69,406,8,82.53632282342784,5.617620186179783
20260126-084051-01c69,407,1,69.19097554867832,4.709303827058774
20260126-084051-01c69,407,2,95.44939190894482,6.496514654443442
20260126-084051-01c69,407,3,92.24494734774964,6.2784124681978195
20260126-084051-01c69,407,6,127.0201030747369,8.645293013717085
20260126-084051-01c69,407,7,79.89170149185814,5.437620912298749
20260126-084051-01c69,407,8,84.65998374965234,5.762161644772287
20260126-084051-01c69,408,1,69.96713343942578,4.7621309955776985
20260126-084051-01c69,408,2,93.9377342669074,6.3936276079406635
20260126-084051-01c69,408,3,93.11740680354036,6.337794152319591
20260126-084051-01c69,408,6,116.45173463789382,7.925984497964514
20260126-084051-01c69,408,7,77.03649172992375,5.2432884845174215
20260126-084051-01c69,408,8,85.54244729128958,5.822224230982656
20260126-084051-01c69,409,1,71.00505795399549,4.832774628651241
20260126-084051-01c69,409,2,93.10014926673952,6.3366195629536035
20260126-084051-01c69,409,3,93.98993295933205,6.397180376203483
20260126-084051-01c69,409,6,108.80361061969265,7.4054348247864645
20260126-084051-01c69,409,7,74.92933027410888,5.099870019473257
20260126-084051-01c69,409,8,79.98082732813819,5.443687030583035
20260126-084051-01c69,410,1,71.90989576263014,4.894360061162924
20260126-084051-01c69,410,2,92.89913541717813,6.322938077998022
20260126-084051-01c69,410,3,94.86252397464567,6.4565710145820745
20260126-084051-01c69,410,6,104.2461501259782,7.095243127465779
20260126-084051-01c69,410,7,73.76002113772338,5.020284033767348
20260126-084051-01c69,410,8,75.53703586918064,5.141231920529025
20260126-084051-01c69,411,1,72.05213713767469,4.904041350471992
20260126-084051-01c69,411,2,93.30334376327636,6.350449467975032
20260126-084051-01c69,411,3,95.73517807596899,6.515965946745868
20260126-084051-01c69,411,6,101.72445199495313,6.923610301581303
20260126-084051-01c69,411,7,72.04915684423491,4.903838504548945
20260126-084051-01c69,411,8,78.57013955494885,5.347672235642159
20260126-084051-01c69,412,1,72.02997319336892,4.902532819237764
20260126-084051-01c69,412,2,93.52278767331137,6.365385347071369
20260126-084051-01c69,412,3,96.60789355374409,6.575365056338249
20260126-084051-01c69,412,6,101.49423736775303,6.907941341629212
20260126-084051-01c69,412,7,71.87519755675572,4.89199841800902
20260126-084051-01c69,412,8,74.61847845049338,5.078712698435476
20260126-084051-01c69,413,1,72.21600455019434,4.915194559785627
20260126-084051-01c69,413,2,93.65877468701085,6.374640949539276
20260126-084051-01c69,413,3,97.48066875951552,6.6347682311613845
20260126-084051-01c69,413,6,101.48983503061486,6.907641707999705
20260126-084051-01c69,413,7,71.20432305501511,4.846337089584759
20260126-084051-01c69,413,8,71.46813181893866,4.864292547095006
20260126-084051-01c69,414,1,72.39858546053539,4.927621454666045
20260126-084051-01c69,414,2,93.37141373686458,6.3550824737186975
20260126-084051-01c69,414,3,98.35350210322969,6.694175362992411
20260126-084051-01c69,414,6,101.612290062043,6.915976291282773
20260126-084051-01c69,414,7,69.69351084064046,4.7435075849174035
20260126-084051-01c69,414,8,69.30140370376185,4.716819832278039
20260126-084051-01c69,415,1,73.25091551794158,4.9856330836311
20260126-084051-01c69,415,2,92.59484400919922,6.3022272745908925
20260126-084051-01c69,415,3,99.22639205067574,6.7535863474092555
20260126-084051-01c69,415,6,102.1447497393435,6.952216774614325
20260126-084051-01c69,415,7,68.78808255325373,4.681881963004937
20260126-084051-01c69,415,8,67.50440901543787,4.59451206170795
20260126-084051-01c69,416,1,73.19112144740447,4.981563355708017
20260126-084051-01c69,416,2,91.65270782505449,6.238103225140515
20260126-084051-01c69,416,3,100.09933712105985,6.8130010836255375
20260126-084051-01c69,416,6,103.0480621978364,7.013698388135118
20260126-084051-01c69,416,7,67.03292897977607,4.56242199911356
20260126-084051-01c69,416,8,63.0011199441024,4.288007401384553
20260126-084051-01c69,417,1,72.67431395503576,4.94638819764203
20260126-084051-01c69,417,2,90.6718097890582,6.171340951039872
20260126-084051-01c69,417,3,100.97233588470436,6.872419474333967
20260126-084051-01c69,417,6,112.96464217640751,7.688644617380926
20260126-084051-01c69,417,7,65.21126738258455,4.438435339535036
20260126-084051-01c69,417,8,58.29000817686284,3.9673578296849286
20260126-084051-01c69,418,1,72.04284087383877,4.9034086244479305
20260126-084051-01c69,418,2,90.06963030152609,6.130355170123744
20260126-084051-01c69,418,3,101.84538696086487,6.931841425557763
20260126-084051-01c69,418,6,120.46541862216257,8.199165461201884
20260126-084051-01c69,418,7,66.51515107075531,4.527180792161615
20260126-084051-01c69,418,8,55.75769657852906,3.7950026257472613
20260126-084051-01c69,419,1,71.51955762532668,4.867792710879549
20260126-084051-01c69,419,2,89.8649291434976,6.116422718105797
20260126-084051-01c69,419,3,102.71848901565792,6.991266846509619
20260126-084051-01c69,419,6,127.08790441649862,8.649907735734027
20260126-084051-01c69,419,7,68.36590545827165,4.653147576860939
20260126-084051-01c69,419,8,56.58437251574043,3.8512681737320267
20260126-084051-01c69,420,1,72.24476041420978,4.917151752893318
20260126-084051-01c69,420,2,89.32984495793538,6.08000360444416
20260126-084051-01c69,420,3,103.59164076009296,7.050695649457745
20260126-084051-01c69,420,6,131.50475547843286,8.950529217720241
20260126-084051-01c69,420,7,58.77590730106977,4.000429290045859
20260126-084051-01c69,420,8,54.42611548153994,3.7043720210135813
20260126-084051-01c69,421,1,72.93330864275127,4.964015997573663
20260126-084051-01c69,421,2,89.03232917072407,6.0597539660453075
20260126-084051-01c69,421,3,104.46484094820251,7.110127749598603
20260126-084051-01c69,421,6,131.77087924174376,8.96864223964388
20260126-084051-01c69,421,7,53.69865241328104,3.654859138961711
20260126-084051-01c69,421,8,57.511932785366724,3.9144001514637994
20260126-084051-01c69,422,1,73.41797313348648,4.997003425817871
20260126-084051-01c69,422,2,89.10646655717994,6.064799934468157
20260126-084051-01c69,422,3,105.33808837526495,7.16956306493595
20260126-084051-01c69,422,6,132.68358679167704,9.030763305632643
20260126-084051-01c69,422,7,52.54885116997189,3.576600907269874
20260126-084051-01c69,422,8,60.13582389378903,4.092988476613013
20260126-084051-01c69,423,1,73.30401561348812,4.98924720355341
20260126-084051-01c69,423,2,89.76120100144044,6.109362731850511
20260126-084051-01c69,423,6,132.02703388335124,8.986076739222403
20260126-084051-01c69,423,7,51.658047310433794,3.515970659009678
20260126-084051-01c69,423,8,61.92823722682455,4.214984429148713
20260126-084051-01c69,424,1,72.86808853921904,4.959576960824579
20260126-084051-01c69,424,2,90.9134949960986,6.187790626180788
20260126-084051-01c69,424,6,131.17802556563558,8.928291195831559
20260126-084051-01c69,424,7,51.95836664108752,3.5364111133026275
20260126-084051-01c69,424,8,64.78866418542572,4.409671951854409
20260126-084051-01c69,425,1,71.69803526813078,4.879940327525168
20260126-084051-01c69,425,2,92.18412207577971,6.274272554230739
20260126-084051-01c69,425,6,130.04482083652266,8.851162562721044
20260126-084051-01c69,425,7,50.23690184606343,3.419244088512662
20260126-084051-01c69,425,8,66.59289870439265,4.532472482670813
20260126-084051-01c69,426,1,70.83062488955797,4.820902295714653
20260126-084051-01c69,426,2,93.63995073035109,6.373359745878896
20260126-084051-01c69,426,6,118.59735795261378,8.07202076941914
20260126-084051-01c69,426,7,46.52378565295627,3.166520490386613
20260126-084051-01c69,426,8,68.64920876098795,4.67242987946067
20260126-084051-01c69,427,1,70.70707177475889,4.81249297424239
20260126-084051-01c69,427,2,94.94142866032189,6.46194145682951
20260126-084051-01c69,427,6,122.27759065004786,8.322506237922182
20260126-084051-01c69,427,7,47.115976162577226,3.206826397496476
20260126-084051-01c69,427,8,69.4374516973457,4.726079585183204
20260126-084051-01c69,428,1,70.78822047780336,4.818016149696671
20260126-084051-01c69,428,2,95.43602608202018,6.495604944190206
20260126-084051-01c69,428,6,125.00080529026364,8.507854760982797
20260126-084051-01c69,428,7,47.66051207471622,3.243888818349366
20260126-084051-01c69,428,8,70.1111421324622,4.771932572790164
20260126-084051-01c69,429,1,70.80263506424548,4.818997241039278
20260126-084051-01c69,429,2,95.82408577712567,6.52201721823022
20260126-084051-01c69,429,6,115.40653051922344,7.854845397567685
20260126-084051-01c69,429,7,48.65506026790804,3.311580154903763
20260126-084051-01c69,429,8,71.20510042893677,4.8463899995192605
20260126-084051-01c69,430,1,70.9436725303608,4.828596589417713
20260126-084051-01c69,430,2,95.60739288211846,6.5072685798180325
20260126-084051-01c69,430,6,109.22841062272744,7.434347732346481
20260126-084051-01c69,430,7,50.1249591832883,3.4116250022656818
20260126-084051-01c69,430,8,71.60536785676437,4.873633161142113
20260126-084051-01c69,431,1,71.87040215103501,4.891672031188574
20260126-084051-01c69,431,2,95.88991336479296,6.526497601807258
20260126-084051-01c69,431,6,104.62285590438509,7.120882626690336
20260126-084051-01c69,431,7,50.867539563126236,3.4621668048192427
20260126-084051-01c69,431,8,69.91554731021854,4.758619919837368
20260126-084051-01c69,432,1,73.18084834999257,4.980864144046757
20260126-084051-01c69,432,2,95.21905912068522,6.480837652166101
20260126-084051-01c69,432,6,101.39198373256143,6.9009817138494345
20260126-084051-01c69,432,7,49.03843441697927,3.3376735194372107
20260126-084051-01c69,432,8,69.00555856011842,4.696683901889305
20260126-084051-01c69,433,1,74.01147826522212,5.037398809263437
20260126-084051-01c69,433,2,95.36386295211253,6.49069334840547
20260126-084051-01c69,433,6,100.04747376898263,6.80947113943145
20260126-084051-01c69,433,7,48.140678534176,3.276570099791457
20260126-084051-01c69,433,8,61.15491091788401,4.162349984882253
20260126-084051-01c69,434,1,74.95706533384353,5.101757734192067
20260126-084051-01c69,434,2,95.17034296035693,6.4775219133944715
20260126-084051-01c69,434,6,99.98717893647809,6.805367328447231
20260126-084051-01c69,434,7,47.52190590386454,3.2344549497607296
20260126-084051-01c69,434,8,57.83186896575431,3.936175775622384
20260126-084051-01c69,435,1,75.68193235859259,5.151093923293171
20260126-084051-01c69,435,2,94.91595106877044,6.460207390812287
20260126-084051-01c69,435,6,99.75019242025841,6.789237457478589
20260126-084051-01c69,435,7,45.500324061624234,3.0968612385739727
20260126-084051-01c69,435,8,57.35087364638485,3.903438079985901
20260126-084051-01c69,436,1,75.25838830487866,5.122266498657718
20260126-084051-01c69,436,2,94.2909018849136,6.417665043485993
20260126-084051-01c69,436,6,99.06008180026532,6.742266872686922
20260126-084051-01c69,436,7,44.58536270576067,3.0345867731453455
20260126-084051-01c69,436,8,57.60668322213339,3.920849093554041
20260126-084051-01c69,437,1,74.7299317444277,5.086298477064857
20260126-084051-01c69,437,2,95.29948843557689,6.486311864336453
20260126-084051-01c69,437,6,98.18771040013817,6.682891181844911
20260126-084051-01c69,437,7,45.377428158714395,3.088496648519942
20260126-084051-01c69,437,8,60.8579190425878,4.142136005185525
20260126-084051-01c69,438,1,73.76860901544222,5.020868545332432
20260126-084051-01c69,438,2,96.48198675110517,6.566795537223679
20260126-084051-01c69,438,6,99.05576124607843,6.741972805401326
20260126-084051-01c69,438,7,44.7407605470074,3.0451635231144945
20260126-084051-01c69,438,8,59.27302405991376,4.034264249538112
20260126-084051-01c69,439,1,73.79980242425162,5.022991643587952
20260126-084051-01c69,439,2,95.43475674548233,6.49551855009953
20260126-084051-01c69,439,6,100.31245316628846,6.827506273058757
20260126-084051-01c69,439,7,43.60621031312355,2.9679433117205867
20260126-084051-01c69,439,8,59.42362985614559,4.044514841424518
20260126-084051-01c69,440,1,74.11649846151937,5.044546735830727
20260126-084051-01c69,440,2,95.25314297340168,6.483157480969868
20260126-084051-01c69,440,6,101.62390227504771,6.916766646364632
20260126-084051-01c69,440,7,44.374661512790944,3.020245944351566
20260126-084051-01c69,440,8,64.68109863469776,4.402350782356713
20260126-084051-01c69,441,1,75.18442920256524,5.117232664681416
20260126-084051-01c69,441,2,95.1008074391126,6.472789158960592
20260126-084051-01c69,441,6,102.26697503873852,6.960535721783951
20260126-084051-01c69,441,7,46.71925313107724,3.1798244759928425
20260126-084051-01c69,441,8,65.22258198943564,4.439205438827941
20260126-084051-01c69,442,1,75.24046193139094,5.121046386661876
20260126-084051-01c69,442,2,95.10151742404464,6.472837482238752
20260126-084051-01c69,442,6,101.8513662980039,6.93224839359151
20260126-084051-01c69,442,7,47.77213348726661,3.2514860395351755
20260126-084051-01c69,442,8,71.2561160696621,4.849862246444563
20260126-084051-01c69,443,1,75.00825924631528,5.105242114720214
20260126-084051-01c69,443,2,95.43145633869943,6.495293916494203
20260126-084051-01c69,443,6,102.00862956971257,6.942952109234201
20260126-084051-01c69,443,7,49.25348510558133,3.3523103853408114
20260126-084051-01c69,443,8,67.27638374787787,4.578992114826568
20260126-084051-01c69,443,9,86.07235702003183,5.858291158696458
20260126-084051-01c69,444,1,75.73596798781826,5.154771717882596
20260126-084051-01c69,444,2,95.01195780805861,6.466741839866776
20260126-084051-01c69,444,6,102.2188558474217,6.957260614155733
20260126-084051-01c69,444,7,52.059614056478864,3.5433022553482663
20260126-084051-01c69,444,8,69.74198463538633,4.746806827705911
20260126-084051-01c69,444,9,86.54178964498666,5.8902418696051475
20260126-084051-01c69,445,1,76.06927880433592,5.1774576518700774
20260126-084051-01c69,445,2,94.5842211266738,6.43762905493138
20260126-084051-01c69,445,6,101.48198115981737,6.907107154707017
20260126-084051-01c69,445,7,52.84206846142728,3.5965579797328746
20260126-084051-01c69,445,8,74.02488464945591,5.038311279944455
20260126-084051-01c69,445,9,85.5104003485913,5.820043039162513
20260126-084051-01c69,446,1,76.10072667486239,5.179598069400669
20260126-084051-01c69,446,2,94.20812377862553,6.412030966937024
20260126-084051-01c69,446,6,101.40036329591008,6.901552047038611
20260126-084051-01c69,446,7,52.819841034725684,3.5950451277344535
20260126-084051-01c69,446,8,78.63456472631628,5.352057167400581
20260126-084051-01c69,446,9,82.21401745902196,5.5956833096718
20260126-084051-01c69,447,1,75.75319292051304,5.1559440881348895
20260126-084051-01c69,447,2,93.96948463584651,6.395788614239097
20260126-084051-01c69,447,6,100.49435463994087,6.839886923847763
20260126-084051-01c69,447,7,52.816128940349756,3.5947924736836567
20260126-084051-01c69,447,8,80.86367117332097,5.503775501165294
20260126-084051-01c69,447,9,79.2527070920445,5.394129420111384
20260126-084051-01c69,448,1,75.80711689483333,5.159614283223526
20260126-084051-01c69,448,2,92.98604194255083,6.3288531446564775
20260126-084051-01c69,448,6,100.77716037034415,6.8591353604818925
20260126-084051-01c69,448,7,54.37453729663819,3.7008614859817452
20260126-084051-01c69,448,8,76.50944446902237,5.20741638323367
20260126-084051-01c69,448,9,76.2840848262677,5.192077865172995
20260126-084051-01c69,449,1,76.28720077852432,5.192289944360644
20260126-084051-01c69,449,2,90.96226799186749,6.191110233308887
20260126-084051-01c69,449,6,102.41885826156621,6.970873258389795
20260126-084051-01c69,449,7,54.76175605694892,3.727216523981713
20260126-084051-01c69,449,8,72.73492017208267,4.9505132022054035
20260126-084051-01c69,449,9,72.7709635240216,4.9529663992282815
20260126-084051-01c69,450,1,75.9044187078016,5.166236878100351
20260126-084051-01c69,450,2,89.59398885449407,6.097981871885742
20260126-084051-01c69,450,6,103.68176580751363,7.056829776449977
20260126-084051-01c69,450,7,53.798665792617584,3.6616662895522576
20260126-084051-01c69,450,8,70.93914253965362,4.82828826737998
20260126-084051-01c69,450,9,70.73162974048623,4.814164448319283
20260126-084051-01c69,451,1,76.15907111783899,5.183569132193447
20260126-084051-01c69,451,2,88.51646324336609,6.024642893153337
20260126-084051-01c69,451,6,105.34829766534781,7.170257933717283
20260126-084051-01c69,451,7,53.347458169494466,3.6309560160010936
20260126-084051-01c69,451,8,70.30603448395955,4.785197413898311
20260126-084051-01c69,451,9,70.87971630457211,4.824243575220667
20260126-084051-01c69,452,1,75.89599009472086,5.165663206468709
20260126-084051-01c69,452,2,88.06457473893732,5.993886277186663
20260126-084051-01c69,452,6,107.12859808268776,7.291429452144494
20260126-084051-01c69,452,7,61.56920680242992,4.19054795693215
20260126-084051-01c69,452,8,70.38087031255603,4.790290919969238
20260126-084051-01c69,452,9,72.47848351244343,4.933059507802907
20260126-084051-01c69,453,1,75.90559673657397,5.166317057565406
20260126-084051-01c69,453,2,88.16664513924353,6.000833433560448
20260126-084051-01c69,453,6,108.26338031542828,7.368665453937293
20260126-084051-01c69,453,7,67.11049935600333,4.56770162505808
20260126-084051-01c69,453,8,69.00836005633462,4.696874578444272
20260126-084051-01c69,453,9,74.80719148446039,5.091556960364569
20260126-084051-01c69,454,1,76.1240807299681,5.1811876024317405
20260126-084051-01c69,454,2,88.754300403016,6.040830660955052
20260126-084051-01c69,454,6,109.02850283682078,7.420741528737359
20260126-084051-01c69,454,7,69.27123535781739,4.714766502260855
20260126-084051-01c69,454,8,69.29946316849609,4.716687754791327
20260126-084051-01c69,454,9,76.69309848207364,5.219916316059571
20260126-084051-01c69,455,1,75.7615317431424,5.156511648412948
20260126-084051-01c69,455,2,88.66018531766397,6.034424962406685
20260126-084051-01c69,455,6,108.19815525527338,7.364226079828577
20260126-084051-01c69,455,7,69.26706956618217,4.714482968485896
20260126-084051-01c69,455,8,69.55235582595188,4.733900235901002
20260126-084051-01c69,455,9,77.21365618668209,5.255346722569634
20260126-084051-01c69,456,1,77.00435946485554,5.241101485452039
20260126-084051-01c69,456,2,89.61586780185559,6.099471005544063
20260126-084051-01c69,456,6,108.4623777558654,7.382209697249286
20260126-084051-01c69,456,7,67.76814841351265,4.612462798012078
20260126-084051-01c69,456,8,73.05977155753021,4.972623367014934
20260126-084051-01c69,456,9,79.80981923402534,5.432047809345331
20260126-084051-01c69,457,1,78.20262467028552,5.322658290700329
20260126-084051-01c69,457,2,89.82658266307507,6.11381276463172
20260126-084051-01c69,457,6,108.22583834288723,7.366110257200133
20260126-084051-01c69,457,7,65.34379547616524,4.447455519599606
20260126-084051-01c69,457,8,74.46966201643635,5.068583894832454
20260126-084051-01c69,457,9,81.84001417240756,5.570227748523561
20260126-084051-01c69,458,1,78.166327316951,5.320187805732964
20260126-084051-01c69,458,2,89.55131182299193,6.095077170713562
20260126-084051-01c69,458,6,107.96648918752692,7.348458331350012
20260126-084051-01c69,458,7,58.62172288569762,3.98993512875348
20260126-084051-01c69,458,8,75.50404958965187,5.138986795190158
20260126-084051-01c69,458,9,82.78702780396617,5.634683768748888
20260126-084051-01c69,459,1,78.3162538595927,5.330392165990084
20260126-084051-01c69,459,2,89.65119886190854,6.10187572227196
20260126-084051-01c69,459,6,108.31880262573928,7.372437629368877
20260126-084051-01c69,459,7,53.19324053470261,3.620459593715296
20260126-084051-01c69,459,8,75.97299863366015,5.1709045924192205
20260126-084051-01c69,459,9,74.18686708742403,5.049336193366913
20260126-084051-01c69,460,1,78.43322700682118,5.338353639080149
20260126-084051-01c69,460,2,90.4909603154356,6.159031901897281
20260126-084051-01c69,460,6,108.33037773261694,7.3732254589186885
20260126-084051-01c69,460,7,52.92106837277742,3.601934903268181
20260126-084051-01c69,460,8,74.83505207582573,5.093453219067391
20260126-084051-01c69,460,9,65.63466767184538,4.467252979216832
20260126-084051-01c69,461,1,77.11799424831302,5.248835741493087
20260126-084051-01c69,461,2,92.3910208096028,6.288354578530587
20260126-084051-01c69,461,6,108.40842411940083,7.378537483283932
20260126-084051-01c69,461,7,57.326425749373094,3.9017740974499127
20260126-084051-01c69,461,8,72.6211250054689,4.942768030101883
20260126-084051-01c69,461,9,61.97334488141607,4.218054564360899
20260126-084051-01c69,462,1,75.59752368065791,5.145348866125202
20260126-084051-01c69,462,2,94.87430408288402,6.4573727970164185
20260126-084051-01c69,462,6,109.28418181656836,7.438143653628296
20260126-084051-01c69,462,7,63.70771800275068,4.336100160814481
20260126-084051-01c69,462,8,72.54181506143125,4.9373700049979075
20260126-084051-01c69,462,9,59.95702597127742,4.080819060961955
20260126-084051-01c69,463,1,74.1450321763483,5.046488808931713
20260126-084051-01c69,463,2,98.03535083908044,6.672521224516107
20260126-084051-01c69,463,6,108.2539614916099,7.36802438618673
20260126-084051-01c69,463,7,68.3873191118536,4.654605041508099
20260126-084051-01c69,463,8,73.6284741577468,5.011330630648962
20260126-084051-01c69,463,9,57.571304390979535,3.918441125410385
20260126-084051-01c69,464,1,73.6575500373898,5.013309604788176
20260126-084051-01c69,464,2,99.87803164944161,6.79793850218083
20260126-084051-01c69,464,6,106.99510266484981,7.282343433669776
20260126-084051-01c69,464,7,72.08279488401061,4.906127990254187
20260126-084051-01c69,464,8,76.44646699494925,5.203129985227005
20260126-084051-01c69,464,9,57.78976085948601,3.9333097968668165
20260126-084051-01c69,465,1,74.53348866888085,5.07292808995677
20260126-084051-01c69,465,2,99.48042793281667,6.770876639134292
20260126-084051-01c69,465,6,105.81235133094174,7.201842539744476
20260126-084051-01c69,465,7,75.23794421427601,5.1208750247934995
20260126-084051-01c69,465,8,78.2594017630306,5.3265226758753235
20260126-084051-01c69,465,9,59.76600128907001,4.067817462706571
20260126-084051-01c69,466,1,75.0726522562388,5.109624857493588
20260126-084051-01c69,466,2,98.66267125806513,6.715218157555276
20260126-084051-01c69,466,6,102.32964633137539,6.964801280347349
20260126-084051-01c69,466,7,70.0109799101004,4.765115291586154
20260126-084051-01c69,466,8,78.85572319138039,5.3671097432264565
20260126-084051-01c69,466,9,65.57226930554707,4.463005996674952
20260126-084051-01c69,467,1,75.7511119388346,5.155802451528314
20260126-084051-01c69,467,2,97.0216206529508,6.6035243154930985
20260126-084051-01c69,467,6,99.56985858747014,6.776963504088518
20260126-084051-01c69,467,7,65.38477027929407,4.450244363024018
20260126-084051-01c69,467,8,79.64659159864334,5.420938144798899
20260126-084051-01c69,467,9,71.94433839875325,4.896704309626286
20260126-084051-01c69,468,1,76.45069175728831,5.203417532689575
20260126-084051-01c69,468,2,96.11558020487648,6.541857028455289
20260126-084051-01c69,468,6,98.26262508690473,6.687990055192122
20260126-084051-01c69,468,7,61.24828765363732,4.168705429585182
20260126-084051-01c69,468,8,78.1879001879876,5.3216561071021475
20260126-084051-01c69,468,9,75.1455946804701,5.1145894939199925
20260126-084051-01c69,469,1,77.45479923800957,5.271759497291768
20260126-084051-01c69,469,2,96.37013168951391,6.559182413323481
20260126-084051-01c69,469,6,96.556611997819,6.571874710586358
20260126-084051-01c69,469,7,59.29625038732313,4.035845089115674
20260126-084051-01c69,469,8,77.41330665051872,5.2689354122211975
20260126-084051-01c69,469,9,78.00379304178718,5.309125332946774
20260126-084051-01c69,470,1,78.44873605600424,5.3394092221831855
20260126-084051-01c69,470,2,96.57386631961768,6.573049081131584
20260126-084051-01c69,470,6,95.10963716353157,6.473390131192424
20260126-084051-01c69,470,7,59.359846855166296,4.040173617323671
20260126-084051-01c69,470,8,76.26145264348098,5.190537464504164
20260126-084051-01c69,470,9,84.09114242664717,5.723444939332388
20260126-084051-01c69,471,1,78.93043686403216,5.37219493507066
20260126-084051-01c69,471,2,96.81606927180471,6.589533995249565
20260126-084051-01c69,471,6,94.75648620054436,6.449353829227652
20260126-084051-01c69,471,7,60.41462375631894,4.1119642642671685
20260126-084051-01c69,471,8,75.09550554665964,5.111180307278569
20260126-084051-01c69,471,9,89.08302452773101,6.0632044136921825
20260126-084051-01c69,472,1,79.55076805185837,5.414416164265768
20260126-084051-01c69,472,2,96.82357553258622,6.590044889370438
20260126-084051-01c69,472,6,94.95980135007754,6.463191946181532
20260126-084051-01c69,472,7,61.54253084134477,4.188732327008847
20260126-084051-01c69,472,8,74.9381360455631,5.10046936140883
20260126-084051-01c69,472,9,91.12205878461222,6.201985978098352
20260126-084051-01c69,473,1,79.9311123698929,5.440303311228452
20260126-084051-01c69,473,2,96.3802923143584,6.559873969831913
20260126-084051-01c69,473,6,95.47106084518221,6.49798949424071
20260126-084051-01c69,473,7,62.75864945854878,4.2715042783036665
20260126-084051-01c69,473,8,74.4732636505785,5.06882903069468
20260126-084051-01c69,473,9,92.99694999521697,6.329595572895985
20260126-084051-01c69,474,1,80.7061847110187,5.493056594635233
20260126-084051-01c69,474,2,94.84146329192471,6.455137573978704
20260126-084051-01c69,474,6,95.80039398973102,6.520404698329138
20260126-084051-01c69,474,7,63.584851225683785,4.327737553135212
20260126-084051-01c69,474,8,74.71864043693209,5.085529963581995
20260126-084051-01c69,474,9,94.2494693845009,6.414845048086147
20260126-084051-01c69,475,1,80.96542709458244,5.5107012533406685
20260126-084051-01c69,475,2,93.49995929429015,6.363831592816024
20260126-084051-01c69,475,6,95.91184290202054,6.527990178733259
20260126-084051-01c69,475,7,63.62135046259269,4.330221778783091
20260126-084051-01c69,475,8,75.65749527426917,5.149430676694697
20260126-084051-01c69,475,9,94.93879263114862,6.461762042358541
20260126-084051-01c69,476,1,80.25111179025829,5.462083239651677
20260126-084051-01c69,476,2,92.61246157465962,6.303426368371377
20260126-084051-01c69,476,6,95.80440183615825,6.520677481974235
20260126-084051-01c69,476,7,63.807507020709885,4.342892040831306
20260126-084051-01c69,476,8,77.5614323979427,5.279017206034596
20260126-084051-01c69,476,9,95.16968605998075,6.477477203178565
20260126-084051-01c69,477,1,80.12943836784713,5.45380185455386
20260126-084051-01c69,477,2,90.5493658610998,6.163007123485598
20260126-084051-01c69,477,6,95.70304210132258,6.5137786951976935
20260126-084051-01c69,477,7,63.39655349480254,4.314921557730701
20260126-084051-01c69,477,8,78.22178548275878,5.323962421575698
20260126-084051-01c69,477,9,95.36791673251945,6.490969258427449
20260126-084051-01c69,478,1,78.84990191470565,5.366713533167192
20260126-084051-01c69,478,2,88.91628622746751,6.051855804869695
20260126-084051-01c69,478,6,95.57157931340969,6.504831022393189
20260126-084051-01c69,478,7,63.37146822518936,4.313214194086015
20260126-084051-01c69,478,8,82.99586641419822,5.648897825692074
20260126-084051-01c69,478,9,91.31676514149913,6.215238159966999
20260126-084051-01c69,479,1,76.87378936699379,5.232214571274523
20260126-084051-01c69,479,2,89.23816055103684,6.073763343704013
20260126-084051-01c69,479,6,95.24842042003355,6.482836052655356
20260126-084051-01c69,479,7,62.975850832012526,4.286287524979754
20260126-084051-01c69,479,8,87.19190916744604,5.934490564335714
20260126-084051-01c69,479,9,88.30883702771287,6.010511354694459
20260126-084051-01c69,480,1,74.6982184919398,5.084139997001158
20260126-084051-01c69,480,2,89.50981585668204,6.092252855672459
20260126-084051-01c69,480,6,94.77086222196141,6.450332295742112
20260126-084051-01c69,480,7,60.95927635311631,4.149034626957905
20260126-084051-01c69,480,8,87.38034595786316,5.947316024465925
20260126-084051-01c69,480,9,84.7418963886756,5.76773681554243
20260126-084051-01c69,481,1,73.40540573508089,4.996148058525557
20260126-084051-01c69,481,2,88.82630844166059,6.045731700856265
20260126-084051-01c69,481,6,94.34423741317121,6.421295187523564
20260126-084051-01c69,481,7,60.40394819581207,4.111237660001911
20260126-084051-01c69,481,8,87.1241770174384,5.929880551675588
20260126-084051-01c69,481,9,82.55498479196274,5.618890364539676
20260126-084051-01c69,482,1,73.28534150926328,4.9879761992093385
20260126-084051-01c69,482,2,88.43646510102803,6.01919802762163
20260126-084051-01c69,482,6,94.035968614133,6.400313673336759
20260126-084051-01c69,482,7,60.141831090734236,4.093397340852022
20260126-084051-01c69,482,8,86.81749534965654,5.909007061450583
20260126-084051-01c69,482,9,84.6259159691316,5.759842909880728
20260126-084051-01c69,483,1,73.4018527440825,4.995906233432422
20260126-084051-01c69,483,2,89.00670029355813,6.058009603166136
20260126-084051-01c69,483,6,93.9989961737274,6.397797240323392
20260126-084051-01c69,483,7,60.380895807749134,4.1096686591536535
20260126-084051-01c69,483,8,86.05364305735266,5.857017441490339
20260126-084051-01c69,483,9,82.76444234310188,5.633146548086214
20260126-084051-01c69,484,1,73.27840695166883,4.98750421657924
20260126-084051-01c69,484,2,88.30464864624273,6.010226283401128
20260126-084051-01c69,484,6,94.18870004845803,6.410708941252487
20260126-084051-01c69,484,7,61.25638190468756,4.16925634373469
20260126-084051-01c69,484,8,85.45361143877689,5.816177849689424
20260126-084051-01c69,484,9,85.58665015916644,5.825232784239909
20260126-084051-01c69,485,1,70.94464680452744,4.82866290085537
20260126-084051-01c69,485,2,87.60260438731197,5.962443466507308
20260126-084051-01c69,485,6,94.7434516220629,6.448466664538326
20260126-084051-01c69,485,7,62.78921209895662,4.273584444948178
20260126-084051-01c69,485,8,84.4944217771306,5.750893099638629
20260126-084051-01c69,485,9,87.94037411926395,5.985432884978898
20260126-084051-01c69,486,1,69.0255095450537,4.698041813798542
20260126-084051-01c69,486,2,86.71206399376217,5.901831150374491
20260126-084051-01c69,486,6,95.04812816432451,6.469203681108907
20260126-084051-01c69,486,7,64.26652037516646,4.374133591187721
20260126-084051-01c69,486,8,84.32431537082483,5.739315249436773
20260126-084051-01c69,486,9,90.64558199465091,6.169555824416087
20260126-084051-01c69,487,1,68.55537282580575,4.6660431805427125
20260126-084051-01c69,487,2,86.03673597121686,5.855866704637558
20260126-084051-01c69,487,6,95.23964907854472,6.482239054105845
20260126-084051-01c69,487,7,65.45463932577131,4.454999817985579
20260126-084051-01c69,487,8,83.92622543503904,5.712220293147412
20260126-084051-01c69,487,9,92.00563514836333,6.2621243056521285
20260126-084051-01c69,488,1,69.06351433103053,4.700628510728713
20260126-084051-01c69,488,2,86.57398037085224,5.892432847652681
20260126-084051-01c69,488,6,95.38390992534951,6.492057793508856
20260126-084051-01c69,488,7,66.3845666249277,4.518292901427112
20260126-084051-01c69,488,8,83.7804212485496,5.702296510342054
20260126-084051-01c69,488,9,87.69891010552013,5.968998264784523
20260126-084051-01c69,489,1,69.79767630812609,4.7505973365907606
20260126-084051-01c69,489,2,86.69359901903222,5.90057437988567
20260126-084051-01c69,489,6,95.43836290546571,6.495763994001369
20260126-084051-01c69,489,7,66.92888921674853,4.555340803187263
20260126-084051-01c69,489,8,83.85577429018085,5.707425219173236
20260126-084051-01c69,489,9,84.11100832887296,5.724797060308252
20260126-084051-01c69,490,1,70.45622467415821,4.795419718640808
20260126-084051-01c69,490,2,83.26471901174008,5.667196578621606
20260126-084051-01c69,490,6,95.28625497075161,6.485411162965317
20260126-084051-01c69,490,7,67.66386990159437,4.605365352263372
20260126-084051-01c69,490,8,84.13256396958532,5.726264188940222
20260126-084051-01c69,490,9,82.38610752327378,5.607396172393468
20260126-084051-01c69,491,1,71.44696904594814,4.862852157982912
20260126-084051-01c69,491,2,81.2811915662775,5.5321929409951744
20260126-084051-01c69,491,6,95.10255264855448,6.472907942103025
20260126-084051-01c69,491,7,68.04536098098934,4.631330550556025
20260126-084051-01c69,491,8,84.09323142636258,5.7235871216657985
20260126-084051-01c69,491,9,81.5490978752595,5.550427287254601
20260126-084051-01c69,492,1,71.39006570011071,4.858979179719495
20260126-084051-01c69,492,2,83.7915932508601,5.703056903627734
20260126-084051-01c69,492,6,95.68340827464131,6.5124423698402785
20260126-084051-01c69,492,7,67.75385042733066,4.611489642762971
20260126-084051-01c69,492,8,83.25416503025822,5.666478249316532
20260126-084051-01c69,492,9,84.83287516216531,5.773929049179529
20260126-084051-01c69,493,1,70.21641339401097,4.779097587460931
20260126-084051-01c69,493,2,82.44236071850034,5.611224899846202
20260126-084051-01c69,493,6,95.8239322560207,6.522006769215425
20260126-084051-01c69,493,7,67.41196554826858,4.588220137504328
20260126-084051-01c69,493,8,82.96576563453839,5.646849094398355
20260126-084051-01c69,493,9,87.21740128573494,5.936225619077546
20260126-084051-01c69,494,1,69.44563039928921,4.726636247263158
20260126-084051-01c69,494,2,82.3135794831383,5.602459739942984
20260126-084051-01c69,494,6,95.89394097855902,6.52677173086487
20260126-084051-01c69,494,7,66.77254464942602,4.544699616769624
20260126-084051-01c69,494,8,82.81378517263718,5.636504939467833
20260126-084051-01c69,494,9,85.12543536694396,5.793841398746561
20260126-084051-01c69,495,1,69.41992674199136,4.724886794668765
20260126-084051-01c69,495,2,81.92270205228074,5.575855684046224
20260126-084051-01c69,495,6,96.24556026258706,6.550703783084252
20260126-084051-01c69,495,7,66.69109654247406,4.539156063166947
20260126-084051-01c69,495,8,82.23424808905422,5.597060254897377
20260126-084051-01c69,495,9,83.92288385848548,5.7119928574287036
20260126-084051-01c69,496,1,69.07427039471592,4.701360594233476
20260126-084051-01c69,496,2,86.78411390711533,5.9067350403688526
20260126-084051-01c69,496,6,96.56721951067742,6.572596683365374
20260126-084051-01c69,496,7,66.46568675754382,4.523814132309481
20260126-084051-01c69,496,8,82.2445792094997,5.597763415745535
20260126-084051-01c69,496,9,80.54487803729037,5.482077675348505
20260126-084051-01c69,497,1,68.68291834429779,4.674724234590522
20260126-084051-01c69,497,2,89.99449821154073,6.1252414997917795
20260126-084051-01c69,497,6,97.12693610986378,6.6106923382064045
20260126-084051-01c69,497,7,66.3693719030089,4.517258712191943
20260126-084051-01c69,497,8,81.86608625321577,5.57200227690614
20260126-084051-01c69,497,9,77.54984782303684,5.278228732068065
20260126-084051-01c69,498,1,69.12533317669852,4.70483604970587
20260126-084051-01c69,498,2,93.5257469244793,6.3655867608069
20260126-084051-01c69,498,6,97.200104760945,6.61567237217507
20260126-084051-01c69,498,7,66.71202214711164,4.540580310031829
20260126-084051-01c69,498,8,81.19207091527844,5.526127175633555
20260126-084051-01c69,498,9,75.32503598987097,5.1268027000266105
20260126-084051-01c69,499,1,69.53630448147615,4.73280774287905
20260126-084051-01c69,499,2,95.72248791864288,6.515102224186851
20260126-084051-01c69,499,6,97.17575021703746,6.614014743475366
20260126-084051-01c69,499,7,68.2814628240121,4.647400208544016
20260126-084051-01c69,499,8,82.25188811078746,5.5982608771056785
20260126-084051-01c69,499,9,77.25623203613137,5.258244537048499
20260126-084051-01c69,500,1,67.55895565240996,4.598224636710814
20260126-084051-01c69,500,2,96.39474825683013,6.560857875965134
20260126-084051-01c69,500,6,96.77742801427868,6.586903978538475
20260126-084051-01c69,500,7,69.1333053357764,4.705378653982767
20260126-084051-01c69,500,8,82.9637662423429,5.646713010967773
20260126-084051-01c69,500,9,76.72648852218961,5.222188922312871
20260126-084051-01c69,501,1,66.36614101980278,4.517038810528081
20260126-084051-01c69,501,2,96.81040953328763,6.589148779864939
20260126-084051-01c69,501,6,96.05530404685096,6.537754488500924
20260126-084051-01c69,501,7,69.79309801267088,4.7502857268159655
20260126-084051-01c69,501,8,83.32151481732097,5.671062237437109
20260126-084051-01c69,501,9,78.31098738392322,5.330033717018542
20260126-084051-01c69,502,1,65.92815394168153,4.48722835899387
20260126-084051-01c69,502,2,96.61223232186887,6.575660363308165
20260126-084051-01c69,502,6,95.76722781847909,6.518147329127923
20260126-084051-01c69,502,7,69.31728093751731,4.717900474906572
20260126-084051-01c69,502,8,83.95667311300559,5.714292635172306
20260126-084051-01c69,502,9,81.71011259490413,5.561386335445818
20260126-084051-01c69,503,1,70.89847684978263,4.825520462945647
20260126-084051-01c69,503,2,92.08379715861176,6.2674441996278185
20260126-084051-01c69,503,6,95.6868266948344,6.512675035721489
20260126-084051-01c69,503,7,67.98374740569464,4.627136982773043
20260126-084051-01c69,503,8,84.59312528345606,5.75761109712886
20260126-084051-01c69,503,9,84.18625575634847,5.729918580786562
20260126-084051-01c69,504,1,74.92639873975892,5.0996704922108655
20260126-084051-01c69,504,2,92.51967576699695,6.297111143652294
20260126-084051-01c69,504,6,96.3565880862657,6.55826060318707
20260126-084051-01c69,504,7,66.02027665031262,4.493498451601687
20260126-084051-01c69,504,8,85.14124534897351,5.794917464061251
20260126-084051-01c69,504,9,84.68843403442574,5.764098039423494
20260126-084051-01c69,505,1,78.28985173441791,5.328595173995938
20260126-084051-01c69,505,2,92.78419180156392,6.315114739699704
20260126-084051-01c69,505,6,96.2717794277294,6.552488322379557
20260126-084051-01c69,505,7,65.64996130163038,4.468293900358716
20260126-084051-01c69,505,8,85.6911053942479,5.832342258191167
20260126-084051-01c69,505,9,83.46421048140724,5.6807744467484715
20260126-084051-01c69,506,1,81.31362253408827,5.534400270485984
20260126-084051-01c69,506,2,92.31911358374934,6.28346040018985
20260126-084051-01c69,506,6,96.63970520838923,6.577530233888897
20260126-084051-01c69,506,7,65.37479202926595,4.449565219383215
20260126-084051-01c69,506,8,85.77702732215172,5.838190310783244
20260126-084051-01c69,506,9,80.32314995186306,5.466986329793843
20260126-084051-01c69,507,1,82.36554062856902,5.605996340187377
20260126-084051-01c69,507,2,91.9823018179937,6.260536183196327
20260126-084051-01c69,507,6,97.11281941122313,6.60973152182238
20260126-084051-01c69,507,7,66.02398392620198,4.493750777694725
20260126-084051-01c69,507,8,85.69460602771944,5.832580519705388
20260126-084051-01c69,507,9,77.94545042637661,5.305154394542527
20260126-084051-01c69,508,1,80.39206587545188,5.471676912924497
20260126-084051-01c69,508,2,91.31475327445774,6.21510122746847
20260126-084051-01c69,508,6,97.10078923040888,6.608912718848444
20260126-084051-01c69,508,7,66.20355152119905,4.505972579102056
20260126-084051-01c69,508,8,86.10477960273676,5.860497917476843
20260126-084051-01c69,508,9,76.5801928299627,5.212231686447599
