run_id,frame,track_id,length_px,length_cm
20251214-162807-3f222,7,1,115.62078482264387,9.07876412983156
20251214-162807-3f222,7,2,101.3423073896581,7.957590900069735
20251214-162807-3f222,7,3,101.95151765090466,8.005427249527271
20251214-162807-3f222,7,5,103.48833411644858,8.126101004016284
20251214-162807-3f222,7,4,95.29630226952207,7.482847068347198
20251214-162807-3f222,8,1,115.53666950955524,9.072159235318779
20251214-162807-3f222,8,2,100.73870797540994,7.910195124999799
20251214-162807-3f222,8,3,101.35901861097109,7.958903096980133
20251214-162807-3f222,8,5,104.26998381559584,8.187477626408159
20251214-162807-3f222,8,4,95.25394593108366,7.479521168019886
20251214-162807-3f222,9,1,115.12292212940442,9.03967100338464
20251214-162807-3f222,9,2,100.34582869977183,7.879345496358297
20251214-162807-3f222,9,3,96.65572239891763,7.589591324815091
20251214-162807-3f222,9,5,105.72400325945533,8.30165000113506
20251214-162807-3f222,9,4,95.71922079633805,7.516055436176458
20251214-162807-3f222,10,1,113.72302496739671,8.929748413260521
20251214-162807-3f222,10,2,100.92753967186044,7.925022549281167
20251214-162807-3f222,10,3,96.57447228667962,7.5832114113275395
20251214-162807-3f222,10,5,104.38764534007585,8.196716633300813
20251214-162807-3f222,10,4,96.43381595841578,7.572166808666916
20251214-162807-3f222,11,1,112.59469570779329,8.841149851812936
20251214-162807-3f222,11,2,102.30035563308375,8.03281867196562
20251214-162807-3f222,11,3,96.29260207622497,7.561078425810539
20251214-162807-3f222,11,5,104.0311049725148,8.168720404899357
20251214-162807-3f222,11,4,97.14048711865225,7.627655973447994
20251214-162807-3f222,12,1,111.79205608703899,8.778125060818276
20251214-162807-3f222,12,2,106.2240025871179,8.34091090018436
20251214-162807-3f222,12,3,97.19623680095756,7.632033544632444
20251214-162807-3f222,12,5,104.2056423910455,8.18242541526666
20251214-162807-3f222,12,4,98.19830460215644,7.710717816004054
20251214-162807-3f222,13,1,111.3916168560613,8.746681810091737
20251214-162807-3f222,13,2,106.79240789120828,8.385543166726208
20251214-162807-3f222,13,3,98.16074066454433,7.707768224112846
20251214-162807-3f222,13,5,107.65001966147113,8.452884475549938
20251214-162807-3f222,13,4,99.46620805066328,7.81027600846963
20251214-162807-3f222,14,1,110.98052323912292,8.71440195669697
20251214-162807-3f222,14,2,109.03384557588325,8.56154512071826
20251214-162807-3f222,14,3,98.72192092436566,7.751833166424478
20251214-162807-3f222,14,5,110.40087568195058,8.668886927041418
20251214-162807-3f222,14,4,100.77478926720939,7.913028296719307
20251214-162807-3f222,15,1,111.0510238368361,8.719937797840341
20251214-162807-3f222,15,2,110.56449828249137,8.681734885121777
20251214-162807-3f222,15,3,98.96257191932723,7.770729540672558
20251214-162807-3f222,15,5,110.33612670926647,8.663802714444612
20251214-162807-3f222,15,4,102.14169585130324,8.020360403861961
20251214-162807-3f222,16,1,110.98516524984066,8.714766456215452
20251214-162807-3f222,16,2,108.11125938718438,8.489101896868105
20251214-162807-3f222,16,3,99.31623366451868,7.798499734165562
20251214-162807-3f222,16,5,109.11354929439705,8.567803608426738
20251214-162807-3f222,16,4,103.29521832595327,8.110937184514952
20251214-162807-3f222,17,1,110.16515320046146,8.650377549053532
20251214-162807-3f222,17,2,105.16456863802638,8.257722129673143
20251214-162807-3f222,17,3,100.01533735168238,7.85339468655488
20251214-162807-3f222,17,5,108.29710174134206,8.503694592301875
20251214-162807-3f222,17,4,104.08599952537324,8.173030829691742
20251214-162807-3f222,18,1,111.13280737780165,8.72635959716706
20251214-162807-3f222,18,2,102.2214072116498,8.026619491621696
20251214-162807-3f222,18,3,100.04124131959894,7.855428715428685
20251214-162807-3f222,18,5,107.45046984730014,8.437215444261238
20251214-162807-3f222,18,4,104.34318597321216,8.193225599178044
20251214-162807-3f222,19,1,112.2493411622256,8.814031955448682
20251214-162807-3f222,19,2,99.26546765015648,7.79451349007534
20251214-162807-3f222,19,3,99.63161860871023,7.823264360377079
20251214-162807-3f222,19,5,106.40186105361857,8.354876685560495
20251214-162807-3f222,19,4,104.34005912045603,8.19298007274709
20251214-162807-3f222,20,1,112.53799857015325,8.836697884631947
20251214-162807-3f222,20,2,97.00481707331751,7.617002903215276
20251214-162807-3f222,20,3,98.32528941221163,7.720688905028671
20251214-162807-3f222,20,5,106.71038370427442,8.379102471419944
20251214-162807-3f222,20,4,102.47889524767825,8.046837942386771
20251214-162807-3f222,21,1,112.38685997050753,8.824830194067475
20251214-162807-3f222,21,2,97.07027735942913,7.622142969496527
20251214-162807-3f222,21,3,97.09223360652607,7.623867015816358
20251214-162807-3f222,21,5,106.95757041177997,8.398512042258915
20251214-162807-3f222,21,4,100.10572464716465,7.86049206906509
20251214-162807-3f222,22,1,113.16801880499013,8.886168272831432
20251214-162807-3f222,22,2,98.61849291339406,7.743711802108632
20251214-162807-3f222,22,3,96.02976438189559,7.540439909691612
20251214-162807-3f222,22,5,107.21127472242857,8.418433387704143
20251214-162807-3f222,22,4,97.43698332186489,7.650937419759635
20251214-162807-3f222,23,1,112.42627698687372,8.827925293230132
20251214-162807-3f222,23,2,100.22849374970207,7.870132132710031
20251214-162807-3f222,23,3,95.56175483313609,7.503690908980243
20251214-162807-3f222,23,5,110.46884509916812,8.674224015073701
20251214-162807-3f222,23,4,95.49279940137464,7.49827639720891
20251214-162807-3f222,24,1,110.43501511684404,8.671567620459983
20251214-162807-3f222,24,2,101.26801303807825,7.9517571661506405
20251214-162807-3f222,24,3,96.95518261269405,7.613105510878742
20251214-162807-3f222,24,5,113.57213606012029,8.917900329016222
20251214-162807-3f222,24,4,94.62671734542496,7.4302699854282945
20251214-162807-3f222,25,1,108.0386151899686,8.483397736211051
20251214-162807-3f222,25,2,102.53953090240752,8.051599169427302
20251214-162807-3f222,25,3,98.73902823091223,7.753176464701438
20251214-162807-3f222,25,5,116.50038007502219,9.147831623520624
20251214-162807-3f222,25,4,94.73609863447183,7.438858812471778
20251214-162807-3f222,26,1,106.86818815695578,8.39149357745446
20251214-162807-3f222,26,2,103.42474094659383,8.121107547257923
20251214-162807-3f222,26,3,99.4743590996152,7.810916044350364
20251214-162807-3f222,26,5,116.99755200933558,9.18687051026168
20251214-162807-3f222,26,4,95.07025207080149,7.465097176415277
20251214-162807-3f222,27,1,105.40226182202572,8.276386250973728
20251214-162807-3f222,27,2,104.39972887848852,8.197665455740227
20251214-162807-3f222,27,3,99.85634844176533,7.840910574683386
20251214-162807-3f222,27,5,117.50273214399175,9.226538216138744
20251214-162807-3f222,27,4,95.98849602933795,7.537199440086841
20251214-162807-3f222,28,1,104.13328614322002,8.176743864943898
20251214-162807-3f222,28,2,104.85076486630415,8.23308166013397
20251214-162807-3f222,28,3,99.40278131998032,7.8052956208318856
20251214-162807-3f222,28,5,117.61002991698984,9.234963441535719
20251214-162807-3f222,28,4,96.9282978580893,7.610994468767072
20251214-162807-3f222,29,1,102.73415518752535,8.066881438798092
20251214-162807-3f222,29,2,105.36382094662059,8.273367800257597
20251214-162807-3f222,29,3,99.30950301305745,7.797971230599785
20251214-162807-3f222,29,5,114.64072264089398,9.001807781590852
20251214-162807-3f222,29,4,97.73296800100222,7.6741787002271025
20251214-162807-3f222,30,1,102.42904791672164,8.042923835066441
20251214-162807-3f222,30,2,105.43999186910717,8.27934888609669
20251214-162807-3f222,30,3,98.12338243519261,7.704834784825847
20251214-162807-3f222,30,5,113.64777590676084,8.923839713768881
20251214-162807-3f222,30,4,98.4558775541783,7.730942934534585
20251214-162807-3f222,31,1,103.15666763895854,8.100057920815257
20251214-162807-3f222,31,2,105.32244095102415,8.270118564228888
20251214-162807-3f222,31,3,97.13699731600227,7.6273819475004325
20251214-162807-3f222,31,5,112.05214358239945,8.798547626078651
20251214-162807-3f222,31,4,99.04564568620219,7.777252650993867
20251214-162807-3f222,32,1,105.17650704552182,8.258659556156653
20251214-162807-3f222,32,2,105.71680382985708,8.301084688217559
20251214-162807-3f222,32,3,99.0373859566532,7.776604081305756
20251214-162807-3f222,32,5,111.38370764031508,8.746060763414688
20251214-162807-3f222,32,4,99.43973614836615,7.808197384307095
20251214-162807-3f222,33,1,107.0937490327516,8.40920504681881
20251214-162807-3f222,33,2,105.72747063281659,8.301922265892173
20251214-162807-3f222,33,3,99.13417824301578,7.7842043958929725
20251214-162807-3f222,33,5,110.65625877411152,8.688940093606865
20251214-162807-3f222,33,4,99.60191620939966,7.820932071439201
20251214-162807-3f222,34,1,108.44785478654663,8.515532008397653
20251214-162807-3f222,34,2,105.07748058257435,8.250883809770823
20251214-162807-3f222,34,3,99.22566528733678,7.791388132775575
20251214-162807-3f222,34,5,111.15936859426081,8.728445234447623
20251214-162807-3f222,34,4,99.98430107203198,7.850957658793431
20251214-162807-3f222,35,1,108.71370524277305,8.536407092316086
20251214-162807-3f222,35,2,103.98862357900002,8.165384685009384
20251214-162807-3f222,35,3,99.29452676824145,7.796795267346781
20251214-162807-3f222,35,5,111.5285506360507,8.757434111175291
20251214-162807-3f222,35,4,99.41613331794515,7.806344045130083
20251214-162807-3f222,36,1,108.15735759759103,8.492721616105708
20251214-162807-3f222,36,2,102.79652006776277,8.071778447917424
20251214-162807-3f222,36,3,99.50463036619595,7.813293001829242
20251214-162807-3f222,36,5,113.53483260431973,8.91497119065273
20251214-162807-3f222,36,4,98.46871171141865,7.73195069699329
20251214-162807-3f222,37,1,107.12483779359745,8.411646195503636
20251214-162807-3f222,37,2,101.53627064799167,7.972821264359038
20251214-162807-3f222,37,3,99.79294905823065,7.835932334395785
20251214-162807-3f222,37,5,114.05812232624052,8.956060895796764
20251214-162807-3f222,37,4,97.68462044476394,7.670382358072753
20251214-162807-3f222,38,1,105.71506691241204,8.30094830215323
20251214-162807-3f222,38,2,100.89477305678749,7.922449652288323
20251214-162807-3f222,38,3,100.56120077922952,7.89625692203792
20251214-162807-3f222,38,5,111.99285759676664,8.79389237762492
20251214-162807-3f222,38,4,97.83106624350896,7.681881560976887
20251214-162807-3f222,39,1,104.29840542949955,8.18970934563768
20251214-162807-3f222,39,2,100.56369188912704,7.896452528729362
20251214-162807-3f222,39,3,100.94319364081599,7.926251728723782
20251214-162807-3f222,39,5,110.73551420528092,8.695163380939665
20251214-162807-3f222,39,4,98.44764759949462,7.73029670282558
20251214-162807-3f222,40,1,103.44287289303533,8.122531302210025
20251214-162807-3f222,40,2,100.35200892464822,7.879830779380793
20251214-162807-3f222,40,3,100.5616519779989,7.896292351024232
20251214-162807-3f222,40,5,109.36230335736094,8.58733625100005
20251214-162807-3f222,40,4,99.33241909517578,7.799770644992719
20251214-162807-3f222,41,1,103.88533986411863,8.157274651097236
20251214-162807-3f222,41,2,100.21854531327597,7.869350962543164
20251214-162807-3f222,41,3,101.57219303917695,7.975641958899826
20251214-162807-3f222,41,5,109.75049548992658,8.617817836244656
20251214-162807-3f222,41,4,98.81849134302836,7.759416059537534
20251214-162807-3f222,42,1,105.21302594034738,8.261527089298829
20251214-162807-3f222,42,2,100.13151960314993,7.862517538114526
20251214-162807-3f222,42,3,101.93245803943826,8.003930652551432
20251214-162807-3f222,42,5,109.4255730795145,8.59230431002917
20251214-162807-3f222,42,4,98.36574938565698,7.723865899166645
20251214-162807-3f222,43,1,105.54461739657266,8.287564281687331
20251214-162807-3f222,43,2,99.47662648580967,7.811094083830744
20251214-162807-3f222,43,3,101.67905424197247,7.984032903973402
20251214-162807-3f222,43,5,108.7746981564928,8.541196372012658
20251214-162807-3f222,43,4,97.70465721037422,7.671955683052164
20251214-162807-3f222,44,1,105.28472570333494,8.267157091182378
20251214-162807-3f222,44,2,99.04184229895743,7.776954001786956
20251214-162807-3f222,44,3,101.0213877373562,7.932391678041052
20251214-162807-3f222,44,5,106.53006097296164,8.36494318727958
20251214-162807-3f222,44,4,96.70202147089633,7.593226816085709
20251214-162807-3f222,45,1,104.86179996260299,8.233948156902702
20251214-162807-3f222,45,2,98.96852638862693,7.771197096937404
20251214-162807-3f222,45,3,101.76171480789232,7.9905235689691105
20251214-162807-3f222,45,5,106.24087554676734,8.342235797096835
20251214-162807-3f222,45,4,96.27000372046547,7.559303959896152
20251214-162807-3f222,46,1,105.68910690325869,8.298909872814829
20251214-162807-3f222,46,2,98.69076036120741,7.749386379685395
20251214-162807-3f222,46,3,102.77568806253998,8.070142679209754
20251214-162807-3f222,46,5,106.94545896542854,8.397561028435023
20251214-162807-3f222,46,4,96.99460705359427,7.616201193029945
20251214-162807-3f222,47,1,106.11506419627375,8.332356850350894
20251214-162807-3f222,47,2,98.338182302238,7.721701279297543
20251214-162807-3f222,47,3,102.15046992249984,8.021049360635386
20251214-162807-3f222,47,5,110.6741856110293,8.6903477429687
20251214-162807-3f222,47,4,97.8801856377043,7.685738509316962
20251214-162807-3f222,48,1,106.42850624553294,8.356968916753663
20251214-162807-3f222,48,2,98.06291229334454,7.700086554171833
20251214-162807-3f222,48,3,101.18473615073034,7.945218106423119
20251214-162807-3f222,48,5,113.484809476973,8.911043279465186
20251214-162807-3f222,48,4,98.7774626178611,7.756194405931631
20251214-162807-3f222,49,1,106.51575434342088,8.363819803492722
20251214-162807-3f222,49,2,97.5184495062662,7.6573342996447815
20251214-162807-3f222,49,3,100.59377968214746,7.898815079515006
20251214-162807-3f222,49,5,114.1963399588872,8.966914007435019
20251214-162807-3f222,49,4,99.87591612884052,7.842447066723243
20251214-162807-3f222,50,1,107.35517808655561,8.429732953802079
20251214-162807-3f222,50,2,96.99946914465647,7.6165829736760395
20251214-162807-3f222,50,3,100.0549101748809,7.85650201996662
20251214-162807-3f222,50,5,113.73983387187602,8.931068280439096
20251214-162807-3f222,50,4,101.0083155935724,7.931365228425903
20251214-162807-3f222,51,1,108.43648360134314,8.514639121288319
20251214-162807-3f222,51,2,96.14985956826615,7.549870012348837
20251214-162807-3f222,51,3,100.36851047342095,7.88112651240418
20251214-162807-3f222,51,5,113.40683430587555,8.90492052059045
20251214-162807-3f222,51,4,101.74378078889367,7.9891153556566135
20251214-162807-3f222,52,1,109.26603761619799,8.579777281744285
20251214-162807-3f222,52,2,96.02206573032979,7.5398353969148575
20251214-162807-3f222,52,3,100.17065295749177,7.865590363595028
20251214-162807-3f222,52,5,113.28565668909643,8.895405423436937
20251214-162807-3f222,52,4,102.29509327118213,8.032405461291225
20251214-162807-3f222,53,1,110.37053918523421,8.666504847568113
20251214-162807-3f222,53,2,95.92496854470167,7.532211141056878
20251214-162807-3f222,53,3,100.13991658839376,7.863176885381087
20251214-162807-3f222,53,5,111.1335183895862,8.726415427165925
20251214-162807-3f222,53,4,102.71818019506982,8.06562705197913
20251214-162807-3f222,54,1,111.72799563562194,8.773094912222087
20251214-162807-3f222,54,2,96.02428690428879,7.540009807722534
20251214-162807-3f222,54,3,101.10836881320728,7.93922159770145
20251214-162807-3f222,54,5,110.19846097236034,8.65299293871054
20251214-162807-3f222,54,4,103.27343958025881,8.109227075943151
20251214-162807-3f222,55,1,113.22223750751147,8.890425628568739
20251214-162807-3f222,55,2,95.5553286135266,7.503186309983008
20251214-162807-3f222,55,3,101.65797829604904,7.982377980577532
20251214-162807-3f222,55,5,109.63283363525477,8.608578803424715
20251214-162807-3f222,55,4,104.04543399823545,8.169845547276896
20251214-162807-3f222,56,1,113.1724391638984,8.88651536782788
20251214-162807-3f222,56,2,94.90272952086013,7.4519429868837115
20251214-162807-3f222,56,3,101.95748090453326,8.005895495554345
20251214-162807-3f222,56,5,109.78179543588233,8.62027556758634
20251214-162807-3f222,56,4,104.65522418885374,8.217727433892703
20251214-162807-3f222,57,1,112.20227281788341,8.81033605944763
20251214-162807-3f222,57,2,94.42705604183631,7.414592199778278
20251214-162807-3f222,57,3,101.37289275643383,7.95999252129387
20251214-162807-3f222,57,5,113.42804241762919,8.90658582189891
20251214-162807-3f222,57,4,104.94318327184715,8.24033852927274
20251214-162807-3f222,58,1,110.17124438798348,8.650855840693463
20251214-162807-3f222,58,2,94.11762175405099,7.390294830435952
20251214-162807-3f222,58,3,97.29645494799105,7.6399028643213
20251214-162807-3f222,58,5,115.24190130285658,9.049013474582976
20251214-162807-3f222,58,4,104.80284205094604,8.229318669442105
20251214-162807-3f222,59,1,107.27525661801171,8.423457367946707
20251214-162807-3f222,59,2,93.6656425651295,7.35480456409582
20251214-162807-3f222,59,3,94.62593342432267,7.430208430451003
20251214-162807-3f222,59,5,115.72783548622947,9.087169951727047
20251214-162807-3f222,59,4,104.7080249723168,8.221873451926283
20251214-162807-3f222,60,1,103.52915273076228,8.12930615931798
20251214-162807-3f222,60,2,93.93864319239188,7.37624109305567
20251214-162807-3f222,60,3,93.45954078210795,7.338621059740088
20251214-162807-3f222,60,5,111.58469861491639,8.761842957363893
20251214-162807-3f222,60,4,104.09001123711285,8.17334583693457
20251214-162807-3f222,61,1,101.06646711450243,7.935931396551508
20251214-162807-3f222,61,2,94.72900895795901,7.438302117575479
20251214-162807-3f222,61,3,91.52018954068944,7.186339508349976
20251214-162807-3f222,61,5,108.81406164621544,8.544287268161366
20251214-162807-3f222,61,4,103.76471935915852,8.147803299424318
20251214-162807-3f222,62,1,100.3521793194539,7.879844159105313
20251214-162807-3f222,62,2,95.94453211766218,7.533747310048619
20251214-162807-3f222,62,3,90.65816346836218,7.118651580124706
20251214-162807-3f222,62,5,107.25042704325564,8.421507702469171
20251214-162807-3f222,62,4,102.72889048316999,8.06646804418977
20251214-162807-3f222,63,1,100.57052924093162,7.896989410609221
20251214-162807-3f222,63,2,97.55806287572192,7.660444816825824
20251214-162807-3f222,63,3,91.0309243799161,7.147921476519289
20251214-162807-3f222,63,5,106.79269378975252,8.385565616024163
20251214-162807-3f222,63,4,101.56343792377304,7.974954490571328
20251214-162807-3f222,64,1,102.33418093435708,8.03547469901432
20251214-162807-3f222,64,2,98.68793450765415,7.749164488284857
20251214-162807-3f222,64,3,91.06511115978026,7.150605887555083
20251214-162807-3f222,64,5,107.21465965287565,8.418699178886689
20251214-162807-3f222,64,4,99.94135935246129,7.847585793225231
20251214-162807-3f222,65,1,104.54595714285013,8.209147577430459
20251214-162807-3f222,65,2,99.31181773648859,7.798152987090103
20251214-162807-3f222,65,3,91.59083451474764,7.191886686198805
20251214-162807-3f222,65,5,108.29337065263041,8.503401620113419
20251214-162807-3f222,65,4,98.34532860443703,7.722262420550519
20251214-162807-3f222,66,1,106.69335257377455,8.377765154631186
20251214-162807-3f222,66,2,99.29468574799236,7.796807750739469
20251214-162807-3f222,66,3,91.84685685268711,7.211990047559705
20251214-162807-3f222,66,5,106.64512081429848,8.373977905059046
20251214-162807-3f222,66,4,101.14618471035453,7.94219097393501
20251214-162807-3f222,67,1,108.68289831835492,8.533988073964093
20251214-162807-3f222,67,2,98.6907150952568,7.749382825316781
20251214-162807-3f222,67,3,92.07356746168814,7.229791796164059
20251214-162807-3f222,67,5,106.18144070328071,8.337568860041044
20251214-162807-3f222,67,4,101.12727624178031,7.940706244986793
20251214-162807-3f222,68,1,110.14215666125457,8.64857181701684
20251214-162807-3f222,68,2,97.84439261496912,7.682927973033154
20251214-162807-3f222,68,3,96.90820148079736,7.609416462964936
20251214-162807-3f222,68,5,104.91018748328072,8.237747637140917
20251214-162807-3f222,68,4,100.59915239873396,7.8992369554493385
20251214-162807-3f222,69,1,110.42177322253431,8.670527841710388
20251214-162807-3f222,69,2,97.08944571988688,7.623648105650191
20251214-162807-3f222,69,3,99.67614688079833,7.8267608050692425
20251214-162807-3f222,69,5,101.74318026140317,7.9890682010948435
20251214-162807-3f222,69,4,99.9848956320219,7.851004344775694
20251214-162807-3f222,70,1,110.0478109267276,8.64116361033722
20251214-162807-3f222,70,2,96.11494378221902,7.547128358359757
20251214-162807-3f222,70,3,101.81473406573521,7.994686742026902
20251214-162807-3f222,70,5,101.19326865979959,7.945888095278445
20251214-162807-3f222,70,4,99.6130722127614,7.821808062060681
20251214-162807-3f222,71,1,109.81977312503712,8.623257648036333
20251214-162807-3f222,71,2,95.66239827371719,7.511593623528082
20251214-162807-3f222,71,3,102.9680153841036,8.085244586629573
20251214-162807-3f222,71,5,100.79303389727745,7.91446089980428
20251214-162807-3f222,71,4,100.09381451821882,7.859556863067129
20251214-162807-3f222,72,1,109.38107457273244,8.588810202565503
20251214-162807-3f222,72,2,95.77217052281003,7.520213149498639
20251214-162807-3f222,72,3,102.49703696923038,8.048262464899167
20251214-162807-3f222,72,5,100.74341379435982,7.910564634862141
20251214-162807-3f222,72,4,100.46412910266046,7.88863466919982
20251214-162807-3f222,73,1,108.88098611416184,8.549542304787625
20251214-162807-3f222,73,2,95.59405842658612,7.5062274486338065
20251214-162807-3f222,73,3,102.9137857365225,8.080986371465336
20251214-162807-3f222,73,5,101.95411530943653,8.005631222620318
20251214-162807-3f222,73,4,100.41622517852961,7.884873161883082
20251214-162807-3f222,74,1,103.70438583540182,8.143065796282915
20251214-162807-3f222,74,2,95.76291863876389,7.519486673950664
20251214-162807-3f222,74,3,103.3833312812934,8.117855981507573
20251214-162807-3f222,74,5,103.06381652552922,8.092767074629512
20251214-162807-3f222,74,4,101.85964218931852,7.998213013381586
20251214-162807-3f222,75,1,99.6221087658686,7.82251762941341
20251214-162807-3f222,75,2,99.71219633427918,7.8295914767833645
20251214-162807-3f222,75,3,103.79634865626649,8.150286892045456
20251214-162807-3f222,75,5,93.80427558889305,7.365690293035346
20251214-162807-3f222,75,4,103.21208659650316,8.1044095228619
20251214-162807-3f222,76,1,101.99972217184576,8.009212360277791
20251214-162807-3f222,76,2,101.68297736466579,7.984340955035671
20251214-162807-3f222,76,3,104.43055068575643,8.200085642721916
20251214-162807-3f222,76,5,86.92135530942893,6.825230289779505
20251214-162807-3f222,76,4,104.8582943174331,8.23367288697032
20251214-162807-3f222,77,1,104.11261156149222,8.175120457428738
20251214-162807-3f222,77,2,102.40252947888479,8.040841556844738
20251214-162807-3f222,77,3,104.96344416983446,8.241929453553073
20251214-162807-3f222,77,5,83.34919772417223,6.544737675922218
20251214-162807-3f222,77,4,104.61891161147506,8.214876101189219
20251214-162807-3f222,78,1,106.25707658046088,8.343507933104117
20251214-162807-3f222,78,2,103.17071833743789,8.101161208407959
20251214-162807-3f222,78,3,105.1264174001533,8.254726421847408
20251214-162807-3f222,78,5,85.54713324570156,6.717323757249657
20251214-162807-3f222,78,4,104.70333631062024,8.221505289284135
20251214-162807-3f222,79,1,108.36552068511423,8.509066978014983
20251214-162807-3f222,79,2,103.83468665874001,8.153297264983157
20251214-162807-3f222,79,3,105.61227851928415,8.292877161848102
20251214-162807-3f222,79,5,87.17283369752253,6.8449768515482585
20251214-162807-3f222,79,4,104.36058577123458,8.1945918644425
20251214-162807-3f222,80,1,110.023718758555,8.639271847428407
20251214-162807-3f222,80,2,103.78594255437959,8.149469785115356
20251214-162807-3f222,80,3,106.0793045001157,8.329548930933365
20251214-162807-3f222,80,5,93.62455448387158,7.351578249736683
20251214-162807-3f222,80,4,103.9562648980747,8.162843819782392
20251214-162807-3f222,81,1,108.12983483064733,8.490560476050609
20251214-162807-3f222,81,2,103.71990995994325,8.144284780094953
20251214-162807-3f222,81,3,106.52440930361863,8.364499407443768
20251214-162807-3f222,81,5,98.78232946835074,7.756576560297027
20251214-162807-3f222,81,4,103.82155958532303,8.152266502188644
20251214-162807-3f222,82,1,106.51636101700294,8.363867440657302
20251214-162807-3f222,82,2,103.49851235891752,8.126900218991112
20251214-162807-3f222,82,3,106.64756515416494,8.374169839278615
20251214-162807-3f222,82,5,101.96151761519694,8.006212465760283
20251214-162807-3f222,82,4,103.26059768979108,8.10821870625671
20251214-162807-3f222,83,1,105.35211951273946,8.272448981393408
20251214-162807-3f222,83,2,103.63894540801981,8.137927289346917
20251214-162807-3f222,83,3,106.71829186220637,8.379723435035404
20251214-162807-3f222,83,5,104.51410974081432,8.206646858795185
20251214-162807-3f222,83,4,102.33115778733134,8.03523731575474
20251214-162807-3f222,84,1,104.34510422933043,8.193376224300208
20251214-162807-3f222,84,2,103.58633294598287,8.133796058670221
20251214-162807-3f222,84,3,106.56620546282281,8.367781321431202
20251214-162807-3f222,84,5,107.52671261929258,8.443202171860309
20251214-162807-3f222,84,4,101.98164275924152,8.007792730382599
20251214-162807-3f222,85,1,103.48224469737906,8.125622851238608
20251214-162807-3f222,85,2,103.14804111673295,8.099380549867922
20251214-162807-3f222,85,3,106.15963257943093,8.33585644464056
20251214-162807-3f222,85,5,110.07841550052353,8.643566739733146
20251214-162807-3f222,85,4,101.209267417294,7.947144348173501
20251214-162807-3f222,86,1,103.21448603940783,8.104597931686559
20251214-162807-3f222,86,2,102.50083474007668,8.04856067309578
20251214-162807-3f222,86,3,106.11503083674603,8.332354230897272
20251214-162807-3f222,86,5,112.22227754441548,8.811906868657626
20251214-162807-3f222,86,4,99.95707196353271,7.848819577358422
20251214-162807-3f222,87,1,103.15467957357892,8.099901814136999
20251214-162807-3f222,87,2,101.85720582106697,7.998021705108397
20251214-162807-3f222,87,3,101.61716273968877,7.979173065392159
20251214-162807-3f222,87,5,111.79233864246088,8.7781472476079
20251214-162807-3f222,87,4,96.22727265496364,7.555948635286459
20251214-162807-3f222,88,1,102.97297429964843,8.085633970118366
20251214-162807-3f222,88,2,98.69476794021386,7.74970106241815
20251214-162807-3f222,88,3,96.97503975627917,7.614664731594793
20251214-162807-3f222,88,5,103.34947735544654,8.115197706802865
20251214-162807-3f222,88,4,93.48348109079905,7.34050089835332
20251214-162807-3f222,89,1,102.44577437195814,8.044237228173513
20251214-162807-3f222,89,2,96.29255921585094,7.561075060332379
20251214-162807-3f222,89,3,93.18883458496235,7.31736469380088
20251214-162807-3f222,89,5,102.16931576905353,8.022529172383338
20251214-162807-3f222,89,4,92.6066718157847,7.2716521649105
20251214-162807-3f222,90,1,102.60574176464625,8.056798172374915
20251214-162807-3f222,90,2,94.38157628520426,7.411021042708398
20251214-162807-3f222,90,3,90.12357813017285,7.076674921687973
20251214-162807-3f222,90,5,101.76321959713468,7.990641727885065
20251214-162807-3f222,90,4,92.82490595609784,7.288788325056955
20251214-162807-3f222,91,1,101.98511541093318,8.008065409604264
20251214-162807-3f222,91,2,93.0753629410715,7.308454684308301
20251214-162807-3f222,91,3,87.71366336190107,6.887443826364598
20251214-162807-3f222,91,5,99.81725426690558,7.837840825650403
20251214-162807-3f222,91,4,96.83545289395582,7.603704105435742
20251214-162807-3f222,92,1,101.03670754019896,7.933594618124344
20251214-162807-3f222,92,2,92.42048663989189,7.257032550461465
20251214-162807-3f222,92,3,86.495351800828,6.791779683307657
20251214-162807-3f222,92,5,96.78045113903248,7.599385262933144
20251214-162807-3f222,92,4,100.4200346957334,7.885172292426044
20251214-162807-3f222,93,1,99.63911109814597,7.823852684910914
20251214-162807-3f222,93,2,92.47847805242426,7.261586146570891
20251214-162807-3f222,93,3,85.9173338289031,6.746392611787951
20251214-162807-3f222,93,5,91.91240167786627,7.217136752009475
20251214-162807-3f222,93,4,102.73798342813737,8.067182039538713
20251214-162807-3f222,94,1,100.63490195150824,7.902044078389063
20251214-162807-3f222,94,2,92.28717722785126,7.246564841648902
20251214-162807-3f222,94,3,86.26582862874614,6.773757086895961
20251214-162807-3f222,94,5,89.39933506656664,7.019805977602933
20251214-162807-3f222,94,4,104.12698900936445,8.176249402005798
20251214-162807-3f222,95,1,102.20600628384952,8.025410181452303
20251214-162807-3f222,95,2,92.81417573288572,7.287945767503373
20251214-162807-3f222,95,3,87.83327903807006,6.89683627696796
20251214-162807-3f222,95,5,87.01820490525294,6.832835104414732
20251214-162807-3f222,95,4,104.98649481558786,8.2437394341388
20251214-162807-3f222,96,1,103.38474402918142,8.117966913161167
20251214-162807-3f222,96,2,93.6308681185527,7.352074008351016
20251214-162807-3f222,96,3,89.7300990876533,7.045778198209174
20251214-162807-3f222,96,5,86.91904654369013,6.825049001098531
20251214-162807-3f222,96,4,105.46636232384036,8.281419544403379
20251214-162807-3f222,97,1,104.3279125229921,8.192026298790926
20251214-162807-3f222,97,2,93.21729988695952,7.319599843502667
20251214-162807-3f222,97,3,92.06518946065569,7.229133939573916
20251214-162807-3f222,97,5,88.66495701631912,6.962141215072996
20251214-162807-3f222,97,4,105.4188266674778,8.277686954172873
20251214-162807-3f222,98,1,105.58694327831483,8.290887790496873
20251214-162807-3f222,98,2,91.7417814298043,7.203739325324437
20251214-162807-3f222,98,3,95.996486190485,7.5378268427508575
20251214-162807-3f222,98,5,94.35200471539461,7.408699026751989
20251214-162807-3f222,98,4,105.56618243524517,8.289257609576937
20251214-162807-3f222,99,1,106.50141527030682,8.362693872174729
20251214-162807-3f222,99,2,90.19209021843692,7.082054621283905
20251214-162807-3f222,99,3,100.42785846948924,7.885786630035353
20251214-162807-3f222,99,5,99.72804235528868,7.830835736518863
20251214-162807-3f222,99,4,105.50037277165222,8.284090109510748
20251214-162807-3f222,100,1,107.30673380749315,8.425929016787444
20251214-162807-3f222,100,2,89.16952490636133,7.00176084633745
20251214-162807-3f222,100,3,102.54732278476229,8.052211002863087
20251214-162807-3f222,100,5,104.04962132368627,8.170174344042643
20251214-162807-3f222,100,4,105.02020199727369,8.246386186212629
20251214-162807-3f222,101,1,107.3970419057565,8.433020180581257
20251214-162807-3f222,101,2,88.43008918072607,6.943698945507846
20251214-162807-3f222,101,3,103.3803321217062,8.11762048178733
20251214-162807-3f222,101,5,107.67000389040183,8.454453675249255
20251214-162807-3f222,101,4,104.42605084934377,8.199732307000524
20251214-162807-3f222,102,1,106.61312505160042,8.371465536862141
20251214-162807-3f222,102,2,87.44838369087219,6.866613561586472
20251214-162807-3f222,102,3,103.45109618207944,8.12317701052032
20251214-162807-3f222,102,5,102.70154166084718,8.064320562597441
20251214-162807-3f222,102,4,103.32113103886614,8.112971900062515
20251214-162807-3f222,103,1,105.80405792689113,8.307936046020991
20251214-162807-3f222,103,2,87.18688725579541,6.846080363697393
20251214-162807-3f222,103,3,104.8675749001676,8.234401615993937
20251214-162807-3f222,103,5,99.70305705019344,7.828873842798633
20251214-162807-3f222,103,4,102.91022604649622,8.080706857827945
20251214-162807-3f222,104,1,102.11512107048415,8.018273701482034
20251214-162807-3f222,104,2,87.72103650831625,6.888022779857266
20251214-162807-3f222,104,3,96.4063906686178,7.570013322702865
20251214-162807-3f222,104,5,96.4060224165212,7.569984406847204
20251214-162807-3f222,104,4,102.33227652715509,8.035325161335429
20251214-162807-3f222,105,1,100.0100542927967,7.852979850713897
20251214-162807-3f222,105,2,88.40709085149793,6.941893072915277
20251214-162807-3f222,105,3,92.54828152412195,7.267067248052417
20251214-162807-3f222,105,5,93.22947136489476,7.320555571120803
20251214-162807-3f222,105,4,101.72910171694257,7.9879627269826825
20251214-162807-3f222,106,1,100.88243300049346,7.921480687576536
20251214-162807-3f222,106,2,89.08133651405134,6.994836125890347
20251214-162807-3f222,106,3,92.82566458228364,7.2888478938292485
20251214-162807-3f222,106,5,93.44650506475406,7.3375974703975615
20251214-162807-3f222,106,4,102.13798588037302,8.020069089881904
20251214-162807-3f222,107,1,101.41764318050247,7.963506409782452
20251214-162807-3f222,107,2,89.5465677313792,7.031366966728636
20251214-162807-3f222,107,3,96.82592617233846,7.60295604911847
20251214-162807-3f222,107,5,102.51977981816617,8.050048276692827
20251214-162807-3f222,107,4,101.77427467433688,7.991509793592368
20251214-162807-3f222,108,1,102.80561042220923,8.072492239853732
20251214-162807-3f222,108,2,89.89134763094636,7.0584397407949835
20251214-162807-3f222,108,3,100.14337765766751,7.863448655129248
20251214-162807-3f222,108,5,101.32214407627421,7.956007638318234
20251214-162807-3f222,108,4,101.8394018674833,7.996623704779887
20251214-162807-3f222,109,1,103.82432925493386,8.152483981919064
20251214-162807-3f222,109,2,90.34589937373192,7.094132008961855
20251214-162807-3f222,109,3,100.4031380973328,7.883845539353827
20251214-162807-3f222,109,5,101.80484559774978,7.9939102806961575
20251214-162807-3f222,109,4,101.52503826896334,7.9719392765748225
20251214-162807-3f222,110,1,104.33554455963692,8.192625580837271
20251214-162807-3f222,110,2,90.1786906486105,7.081002461552574
20251214-162807-3f222,110,3,100.51286207370636,7.8924612748585705
20251214-162807-3f222,110,5,102.98192359657745,8.086336685949874
20251214-162807-3f222,110,4,100.91639773819253,7.92414766343883
20251214-162807-3f222,111,1,103.49812509183668,8.12686981004269
20251214-162807-3f222,111,2,89.63687349729555,7.038457947382123
20251214-162807-3f222,111,3,104.23129741498735,8.18443989658566
20251214-162807-3f222,111,5,103.29750517865854,8.111116752542816
20251214-162807-3f222,111,4,100.02934890682968,7.854494900538635
20251214-162807-3f222,112,1,102.60613034724706,8.056828684620468
20251214-162807-3f222,112,2,89.72530361684399,7.045401648712161
20251214-162807-3f222,112,3,106.39867810827408,8.35462675463272
20251214-162807-3f222,112,5,97.17771107300865,7.630578869206744
20251214-162807-3f222,112,4,98.66834315460092,7.7476261379473526
20251214-162807-3f222,113,1,102.23793738472578,8.027917472279865
20251214-162807-3f222,113,2,88.88681020595422,6.97956154986174
20251214-162807-3f222,113,3,107.5000814705964,8.441111043367364
20251214-162807-3f222,113,5,92.16845877296825,7.237242842568942
20251214-162807-3f222,113,4,96.99288271682825,7.616065794824483
20251214-162807-3f222,114,1,101.29335113900338,7.953746762071044
20251214-162807-3f222,114,2,88.22242915674259,6.9273930851053835
20251214-162807-3f222,114,3,100.02790212716039,7.854381296644789
20251214-162807-3f222,114,5,87.97015577915371,6.9075840992480515
20251214-162807-3f222,114,4,95.58514767706438,7.505527759618099
20251214-162807-3f222,115,1,100.5369262625762,7.894350840779267
20251214-162807-3f222,115,2,89.43586332819514,7.022674246244308
20251214-162807-3f222,115,3,93.12087878735498,7.312028675206315
20251214-162807-3f222,115,5,86.9061851775747,6.824039102147157
20251214-162807-3f222,115,4,95.40939709063407,7.491727488997831
20251214-162807-3f222,116,1,100.02577879349008,7.8542145684428375
20251214-162807-3f222,116,2,94.16202336570754,7.393781329509908
20251214-162807-3f222,116,3,88.06651082322196,6.915150080737946
20251214-162807-3f222,116,5,86.92131923289524,6.825227456981401
20251214-162807-3f222,116,4,95.64325488902239,7.510090448518872
20251214-162807-3f222,117,1,100.20215260075221,7.8680637755492375
20251214-162807-3f222,117,2,97.02061377879325,7.618243290601183
20251214-162807-3f222,117,3,84.87532237321841,6.664571888625977
20251214-162807-3f222,117,5,89.79298125922811,7.050715826029077
20251214-162807-3f222,117,4,96.68543581053602,7.591924478460344
20251214-162807-3f222,118,1,100.92668350151158,7.924955321155495
20251214-162807-3f222,118,2,98.36991551329771,7.724193031439991
20251214-162807-3f222,118,3,81.1310589656882,6.370565197968497
20251214-162807-3f222,118,5,93.912804563228,7.37421219470511
20251214-162807-3f222,118,4,98.31801583422339,7.720117769838432
20251214-162807-3f222,119,1,101.85620543853497,7.997943153167571
20251214-162807-3f222,119,2,98.4290650742085,7.728837567564839
20251214-162807-3f222,119,3,80.30061025370216,6.305356784190569
20251214-162807-3f222,119,5,97.20057831991532,7.632374448965892
20251214-162807-3f222,119,4,99.69670633595699,7.828375172627028
20251214-162807-3f222,120,1,102.91499942931493,8.081081672933887
20251214-162807-3f222,120,2,98.28407111545928,7.717452365901021
20251214-162807-3f222,120,3,82.17839192027911,6.452803775355045
20251214-162807-3f222,120,5,95.23358836762243,7.477922653382522
20251214-162807-3f222,120,4,98.37003843599878,7.724202683564484
20251214-162807-3f222,121,1,104.02711422332904,8.168407043676163
20251214-162807-3f222,121,2,98.15752517974731,7.707515738125314
20251214-162807-3f222,121,3,83.38715705680232,6.547718314982947
20251214-162807-3f222,121,5,93.89977745470141,7.373189281344091
20251214-162807-3f222,121,4,94.61378344487406,7.429254390934965
20251214-162807-3f222,122,1,104.98219805088354,8.24340204399453
20251214-162807-3f222,122,2,97.75246783397915,7.675709864233991
20251214-162807-3f222,122,3,84.06104477008428,6.6006332610998
20251214-162807-3f222,122,5,93.84003169433522,7.368497930503029
20251214-162807-3f222,122,4,89.97637613767415,7.065116341010746
20251214-162807-3f222,123,1,97.84555519033363,7.683019260663952
20251214-162807-3f222,123,2,96.98449660246173,7.615407301159904
20251214-162807-3f222,123,3,84.01065682736777,6.596676703914927
20251214-162807-3f222,123,5,99.48922925746442,7.812083677452782
20251214-162807-3f222,123,4,83.57871627561987,6.562759909512918
20251214-162807-3f222,124,1,92.50829925407629,7.263927764094783
20251214-162807-3f222,124,2,96.33680053741031,7.564548973122762
20251214-162807-3f222,124,3,83.45536342036976,6.553074008493695
20251214-162807-3f222,124,5,95.3627527396817,7.488064885764897
20251214-162807-3f222,124,4,76.52844259270333,6.009158998429823
20251214-162807-3f222,125,1,88.66069442421163,6.961806508226082
20251214-162807-3f222,125,2,95.64124320266728,7.509932487076651
20251214-162807-3f222,125,3,83.11113223773779,6.526044320725683
20251214-162807-3f222,125,5,93.42328244315541,7.335773985941078
20251214-162807-3f222,125,4,72.20926856548077,5.670009231465357
20251214-162807-3f222,126,1,84.93765889781754,6.66946667120661
20251214-162807-3f222,126,2,94.73395687892932,7.438690637749351
20251214-162807-3f222,126,3,84.74864072263493,6.6546246042602
20251214-162807-3f222,126,5,92.35812107218437,7.252135487360673
20251214-162807-3f222,126,4,71.69438598378066,5.629579670976001
20251214-162807-3f222,127,1,82.74396699572128,6.49721380695557
20251214-162807-3f222,127,2,90.5915353744899,7.113419815354949
20251214-162807-3f222,127,3,89.0498103875481,6.992360634421498
20251214-162807-3f222,127,5,91.23263846486046,7.163760450469204
20251214-162807-3f222,127,4,76.85639622468926,6.03491054193378
20251214-162807-3f222,128,1,81.75354531177493,6.419444010881167
20251214-162807-3f222,128,2,88.94770030242461,6.98434275615216
20251214-162807-3f222,128,3,92.35556413601049,7.251934711864697
20251214-162807-3f222,128,5,93.3449249042506,7.329621202818198
20251214-162807-3f222,128,4,86.7840333568708,6.814447508646894
20251214-162807-3f222,129,1,89.6057968741459,7.0360177517723095
20251214-162807-3f222,129,2,88.74918573447425,6.968755014367487
20251214-162807-3f222,129,3,91.72734009731556,7.202605364405672
20251214-162807-3f222,129,5,94.74153584409824,7.439285752522378
20251214-162807-3f222,129,4,96.66236797750298,7.590113148296701
20251214-162807-3f222,130,1,95.68807756885043,7.513610010667234
20251214-162807-3f222,130,2,94.58926874858416,7.427329450314021
20251214-162807-3f222,130,3,91.85902065114735,7.212945172170843
20251214-162807-3f222,130,5,96.35568679046376,7.566031957665996
20251214-162807-3f222,130,4,104.57025900158581,8.21105580564147
20251214-162807-3f222,131,1,99.15948694735718,7.786191683537661
20251214-162807-3f222,131,2,98.02867614549643,7.697398266667957
20251214-162807-3f222,131,3,92.22269240620781,7.241501370694668
20251214-162807-3f222,131,5,98.27523383752349,7.716758446014109
20251214-162807-3f222,131,4,107.74408297707647,8.460270506158196
20251214-162807-3f222,132,1,99.89284276391658,7.843776178332397
20251214-162807-3f222,132,2,99.93148433435354,7.846810388004487
20251214-162807-3f222,132,3,92.51920926708047,7.2647844390850995
20251214-162807-3f222,132,5,98.81128198664362,7.75884996714986
20251214-162807-3f222,132,4,110.63406549733868,8.687197435265654
20251214-162807-3f222,133,1,96.45125020993108,7.573535779285221
20251214-162807-3f222,133,2,100.79317373466587,7.914471880102225
20251214-162807-3f222,133,3,93.06282133294857,7.3074698933632165
20251214-162807-3f222,133,5,96.62295192642333,7.5870181249301805
20251214-162807-3f222,133,4,109.282355069961,8.581058559277048
20251214-162807-3f222,134,1,92.97676207631866,7.300712356702917
20251214-162807-3f222,134,2,96.01954814376744,7.53963771122529
20251214-162807-3f222,134,3,93.68469550412927,7.356300637136877
20251214-162807-3f222,134,5,96.50840254635706,7.578023489541437
20251214-162807-3f222,134,4,107.2823858015852,8.424017165012618
20251214-162807-3f222,135,1,89.16786976196406,7.001630881248502
20251214-162807-3f222,135,2,92.87135599793281,7.292435670768086
20251214-162807-3f222,135,3,92.67850091170311,7.277292322261989
20251214-162807-3f222,135,5,97.99210795198998,7.694526862499507
20251214-162807-3f222,135,4,103.74677193797433,8.146394033746699
20251214-162807-3f222,136,1,85.73639028665252,6.732184580390923
20251214-162807-3f222,136,2,91.12665152851709,7.155438154461778
20251214-162807-3f222,136,3,89.71322101407027,7.044452899740898
20251214-162807-3f222,136,5,99.85896391277151,7.841115946445824
20251214-162807-3f222,136,4,99.0990541119515,7.781446382256523
20251214-162807-3f222,137,1,82.89224416039157,6.508856812198501
20251214-162807-3f222,137,2,94.3742802986336,7.410448147953608
20251214-162807-3f222,137,3,90.01169398750758,7.067889565813728
20251214-162807-3f222,137,5,98.43972245892748,7.729674405701277
20251214-162807-3f222,137,4,93.13610643457503,7.3132243790546765
20251214-162807-3f222,138,1,80.04639675757679,6.2853954565323775
20251214-162807-3f222,138,2,96.99510820121468,7.6162405440951275
20251214-162807-3f222,138,3,90.22091015481595,7.084317617552468
20251214-162807-3f222,138,5,100.29006946173601,7.874967174839698
20251214-162807-3f222,138,4,88.54105943284347,6.952412540956511
20251214-162807-3f222,139,1,77.43242697616338,6.080141573120647
20251214-162807-3f222,139,2,91.52788472425246,7.186943748812549
20251214-162807-3f222,139,3,89.42839326465814,7.0220876826347345
20251214-162807-3f222,139,5,102.78785207937513,8.071097820968106
20251214-162807-3f222,139,4,86.032695664434,6.755451042726437
20251214-162807-3f222,140,1,75.49538537055837,5.928041378731429
20251214-162807-3f222,140,2,87.0499116706449,6.8353247799930035
20251214-162807-3f222,140,3,88.47481139351969,6.947210618793408
20251214-162807-3f222,140,5,106.13634774174716,8.334028074858633
20251214-162807-3f222,140,4,85.85373401749928,6.741398633522514
20251214-162807-3f222,141,1,74.19115392272181,5.825630642601416
20251214-162807-3f222,141,2,82.88968536441374,6.50865589066718
20251214-162807-3f222,141,3,88.10171027250999,6.917914008504706
20251214-162807-3f222,141,5,111.19390504101712,8.731157101993444
20251214-162807-3f222,141,4,86.07624766483147,6.758870828706938
20251214-162807-3f222,142,1,73.95174388744468,5.806831710870155
20251214-162807-3f222,142,2,84.89308581493825,6.665966707885817
20251214-162807-3f222,142,3,85.44355562998422,6.709190645684375
20251214-162807-3f222,142,5,113.57532821860576,8.918150983377364
20251214-162807-3f222,142,4,87.15905264364649,6.843894736963125
20251214-162807-3f222,143,1,76.81976597312163,6.032034264848227
20251214-162807-3f222,143,2,86.36170710038307,6.7812856470113045
20251214-162807-3f222,143,3,85.64884579183172,6.725310420000449
20251214-162807-3f222,143,5,110.5081296772552,8.677308714930563
20251214-162807-3f222,143,4,89.19277154272011,7.003586216478615
20251214-162807-3f222,144,1,78.87417439680078,6.193350325222082
20251214-162807-3f222,144,2,87.45102362439015,6.866820854191903
20251214-162807-3f222,144,3,86.15440510927881,6.7650079000321
20251214-162807-3f222,144,5,104.52500703391335,8.207502534994335
20251214-162807-3f222,144,4,93.43485115451281,7.336682383180044
20251214-162807-3f222,145,1,89.53271247153056,7.0302790253492695
20251214-162807-3f222,145,2,90.74264710943478,7.125285396451971
20251214-162807-3f222,145,3,86.90916869350973,6.824273373498051
20251214-162807-3f222,145,5,99.89019540450823,7.843568302631915
20251214-162807-3f222,145,4,96.47472379591396,7.5753789699429115
20251214-162807-3f222,146,1,97.83684656073024,7.682335442489006
20251214-162807-3f222,146,2,94.80889865274212,7.4445752084946655
20251214-162807-3f222,146,3,87.96170480904833,6.906920512987392
20251214-162807-3f222,146,5,95.33681221109725,7.4860279860778505
20251214-162807-3f222,146,4,98.75138439094171,7.75414669390919
20251214-162807-3f222,147,1,89.91304678248136,7.0601435994818615
20251214-162807-3f222,147,2,93.69423039993998,7.357049335307372
20251214-162807-3f222,147,3,88.97014525421213,6.986105176494635
20251214-162807-3f222,147,5,94.0818284401471,7.387484271289024
20251214-162807-3f222,147,4,100.70578103683312,7.907609639100226
20251214-162807-3f222,148,1,84.01450995964987,6.596979259196868
20251214-162807-3f222,148,2,93.59789833194999,7.349485157942882
20251214-162807-3f222,148,3,89.42760701869817,7.022025945105193
20251214-162807-3f222,148,5,96.40638210579081,7.570012650333389
20251214-162807-3f222,148,4,102.46239141014209,8.045542029645324
20251214-162807-3f222,149,1,79.32655175206035,6.228871856341064
20251214-162807-3f222,149,2,93.8287530337779,7.36761230860505
20251214-162807-3f222,149,3,89.59772520066186,7.0353839486044185
20251214-162807-3f222,149,5,101.35807884292831,7.958829304604391
20251214-162807-3f222,149,4,100.8752394060247,7.920915832844511
20251214-162807-3f222,150,1,75.1391938453064,5.900072542092168
20251214-162807-3f222,150,2,93.5859778145401,7.348549136222947
20251214-162807-3f222,150,3,86.13669209872569,6.763617040723476
20251214-162807-3f222,150,5,106.26130020933995,8.343839580484161
20251214-162807-3f222,150,4,99.4105930547255,7.805909013115159
20251214-162807-3f222,151,1,83.83986512243561,6.5832658141100415
20251214-162807-3f222,151,2,97.40845533483558,7.648697347909792
20251214-162807-3f222,151,3,86.13053266210048,6.763133390034037
20251214-162807-3f222,151,5,112.07003163795386,8.799952230254007
20251214-162807-3f222,151,4,98.638396593582,7.745274676967327
20251214-162807-3f222,152,1,90.2933633569615,7.090006780913014
20251214-162807-3f222,152,2,100.5147930037027,7.892612895157766
20251214-162807-3f222,152,3,86.07164860408761,6.758509701702168
20251214-162807-3f222,152,5,117.0074408906246,9.18764700404581
20251214-162807-3f222,152,4,97.87132752565603,7.685042953495875
20251214-162807-3f222,153,1,94.50727182354589,7.420890895663698
20251214-162807-3f222,153,2,102.5003045712607,8.048519043231074
20251214-162807-3f222,153,3,85.66300347293478,6.726422108072426
20251214-162807-3f222,153,5,120.27840156439444,9.444489063029096
20251214-162807-3f222,153,4,97.85650414277657,7.683878993253129
20251214-162807-3f222,154,1,97.24670591569905,7.635996475599244
20251214-162807-3f222,154,2,103.5680711566982,8.132362108210893
20251214-162807-3f222,154,3,84.98872235505382,6.673476271077542
20251214-162807-3f222,154,5,122.08321313897518,9.586206303657956
20251214-162807-3f222,154,4,96.99010365118909,7.615847577300031
20251214-162807-3f222,155,1,98.5909985211402,7.741552890088195
20251214-162807-3f222,155,2,104.21480117345065,8.183144580296549
20251214-162807-3f222,155,3,84.19925634953232,6.611485897429374
20251214-162807-3f222,155,5,123.69629303370667,9.712868407788326
20251214-162807-3f222,155,4,96.32046293621775,7.563266113575475
20251214-162807-3f222,156,1,99.01411225834991,7.774776586209191
20251214-162807-3f222,156,2,104.8825919817042,8.235580785823984
20251214-162807-3f222,156,3,83.73701996379681,6.5751902164689335
20251214-162807-3f222,156,5,124.41186819130334,9.769056731392533
20251214-162807-3f222,156,4,97.48188467198123,7.654463159248799
20251214-162807-3f222,157,1,100.81530758303109,7.916209872011738
20251214-162807-3f222,157,2,106.35400736624332,8.351119122929441
20251214-162807-3f222,157,3,81.34434945118471,6.387313172927588
20251214-162807-3f222,157,5,124.33928038482559,9.76335699864358
20251214-162807-3f222,157,4,98.64916093472216,7.746119913525567
20251214-162807-3f222,158,1,101.37775810579153,7.96037455778753
20251214-162807-3f222,158,2,107.91189349616964,8.473447307575764
20251214-162807-3f222,158,3,81.5531642910449,6.403709711671095
20251214-162807-3f222,158,5,122.79013474482369,9.641715133905262
20251214-162807-3f222,158,4,101.92487202059733,8.003334983910653
20251214-162807-3f222,159,1,101.10606350298994,7.9390405803546
20251214-162807-3f222,159,2,108.95589120640486,8.55542399522625
20251214-162807-3f222,159,3,79.6739129712611,6.2561473205390605
20251214-162807-3f222,159,5,123.09572933006143,9.665711002493968
20251214-162807-3f222,159,4,103.49729644907801,8.126804743435805
20251214-162807-3f222,160,1,100.63369060109838,7.901948960848851
20251214-162807-3f222,160,2,109.81447529795722,8.622841652568626
20251214-162807-3f222,160,3,80.99485252598024,6.359870009028467
20251214-162807-3f222,160,5,123.98035782695489,9.735173716124072
20251214-162807-3f222,160,4,103.04413704085296,8.09122180402919
20251214-162807-3f222,161,1,99.9073657542294,7.844916551178959
20251214-162807-3f222,161,2,110.74854571719538,8.696186640063083
20251214-162807-3f222,161,3,82.03199802988253,6.441308648393248
20251214-162807-3f222,161,5,125.54573742309879,9.858090302002998
20251214-162807-3f222,161,4,101.346510587535,7.9579209431685936
20251214-162807-3f222,162,1,96.53804594290129,7.58035114546978
20251214-162807-3f222,162,2,111.86955391542405,8.784210337834526
20251214-162807-3f222,162,3,80.46331140576812,6.318132388382537
20251214-162807-3f222,162,5,126.14065852392581,9.90480463938233
20251214-162807-3f222,162,4,99.89623940042958,7.8440428886975235
20251214-162807-3f222,163,1,94.73661129513152,7.438899067562721
20251214-162807-3f222,163,2,112.59586142721987,8.841241386321474
20251214-162807-3f222,163,3,80.82984738104237,6.34691349093012
20251214-162807-3f222,163,5,127.83260348161117,10.037659378390078
20251214-162807-3f222,163,4,98.5880537161597,7.741321658395146
20251214-162807-3f222,164,1,93.19067801505025,7.317509443440692
20251214-162807-3f222,164,2,113.27863024462937,8.894853693641247
20251214-162807-3f222,164,3,77.55340626017885,6.089641096807994
20251214-162807-3f222,164,5,130.43576330456372,10.242064443284706
20251214-162807-3f222,164,4,97.84418037137424,7.682911307262038
20251214-162807-3f222,165,1,91.43926755083426,7.179985359656565
20251214-162807-3f222,165,2,114.25459742662649,8.971488494705778
20251214-162807-3f222,165,3,75.38094384830617,5.919055212543573
20251214-162807-3f222,165,5,131.29348090634736,10.309414062200918
20251214-162807-3f222,165,4,96.70877626834843,7.593757215640655
20251214-162807-3f222,166,1,90.80736661407747,7.130367295162066
20251214-162807-3f222,166,2,114.53148642682198,8.993230346110574
20251214-162807-3f222,166,3,74.55046348221039,5.853844313224689
20251214-162807-3f222,166,5,130.71696967834401,10.2641453030823
20251214-162807-3f222,166,4,96.23371271226948,7.556454320845954
20251214-162807-3f222,167,1,94.23895526518125,7.399822168710689
20251214-162807-3f222,167,2,115.20034221142942,9.045750175608696
20251214-162807-3f222,167,3,73.70165758357508,5.78719445820476
20251214-162807-3f222,167,5,129.9833874333677,10.20654302869722
20251214-162807-3f222,167,4,96.21404308200373,7.554909824032706
20251214-162807-3f222,168,1,92.88068285484673,7.293168033328365
20251214-162807-3f222,168,2,115.0527459377753,9.034160635224557
20251214-162807-3f222,168,3,71.2962060917219,5.598313827842445
20251214-162807-3f222,168,5,129.44861203811126,10.164551446617768
20251214-162807-3f222,168,4,99.10375862526456,7.781815789597776
20251214-162807-3f222,169,1,92.48172174406979,7.261840847413864
20251214-162807-3f222,169,2,113.51899008709486,8.913727206041072
20251214-162807-3f222,169,3,74.45041465908909,5.845988289171758
20251214-162807-3f222,169,5,127.49168803073798,10.010890048191873
20251214-162807-3f222,169,4,101.28337175519931,7.952963161857146
20251214-162807-3f222,170,1,91.48971661942295,7.1839467165612865
20251214-162807-3f222,170,2,113.81189660398223,8.93672678334882
20251214-162807-3f222,170,3,78.01123474776912,6.125590661214821
20251214-162807-3f222,170,5,124.79929685190304,9.799478367364964
20251214-162807-3f222,170,4,102.40779276266483,8.041254839906781
20251214-162807-3f222,171,1,89.06582594956765,6.993618206839859
20251214-162807-3f222,171,2,113.6490258001714,8.923937857778881
20251214-162807-3f222,171,3,80.7771216895455,6.3427733692606765
20251214-162807-3f222,171,5,122.6309215929738,9.629213414130316
20251214-162807-3f222,171,4,102.67444178879636,8.062192629054389
20251214-162807-3f222,172,1,86.58644688034852,6.798932642367947
20251214-162807-3f222,172,2,113.03922366465054,8.876055033226585
20251214-162807-3f222,172,3,81.42400452183692,6.393567840713365
20251214-162807-3f222,172,5,118.97708877359709,9.342307505406005
20251214-162807-3f222,172,4,98.48145524706598,7.7329513436719965
20251214-162807-3f222,173,1,87.25830244856887,6.851688020585998
20251214-162807-3f222,173,2,112.73687227867555,8.85231382681802
20251214-162807-3f222,173,3,79.27877711920229,6.225120501221195
20251214-162807-3f222,173,5,114.57348177864692,8.99652790108179
20251214-162807-3f222,173,4,95.5379329563307,7.5018203698641335
20251214-162807-3f222,174,1,92.73595486448426,7.281803716008595
20251214-162807-3f222,174,2,113.9140570006287,8.944748612174719
20251214-162807-3f222,174,3,76.61187974049568,6.015710642112528
20251214-162807-3f222,174,5,111.97591653895915,8.792562133515437
20251214-162807-3f222,174,4,93.84820641682883,7.369139825275323
20251214-162807-3f222,175,1,96.31502533022949,7.562839142401788
20251214-162807-3f222,175,2,114.80407394453196,9.014634436921938
20251214-162807-3f222,175,3,74.76337640907268,5.870562641561069
20251214-162807-3f222,175,5,112.12469343222207,8.804244378398787
20251214-162807-3f222,175,4,93.25325240142908,7.322422903381081
20251214-162807-3f222,176,1,96.59745681433812,7.585016200194586
20251214-162807-3f222,176,2,115.63118847085096,9.07958104409405
20251214-162807-3f222,176,3,72.69261445704085,5.707962471008994
20251214-162807-3f222,176,5,115.38049010437138,9.059895731107344
20251214-162807-3f222,176,4,93.50705813777734,7.342352212965327
20251214-162807-3f222,177,1,96.37475869446084,7.5675295198747445
20251214-162807-3f222,177,2,115.9003149328535,9.100713366222507
20251214-162807-3f222,177,3,72.18646999201452,5.668219044075484
20251214-162807-3f222,177,5,116.15883091542045,9.12101253330667
20251214-162807-3f222,177,4,94.36998455143309,7.410110837705675
20251214-162807-3f222,178,1,96.22872276965344,7.556062501052463
20251214-162807-3f222,178,2,115.84770243920798,9.096582133063844
20251214-162807-3f222,178,3,72.31295319517521,5.678150745971843
20251214-162807-3f222,178,5,117.95619190315993,9.262144739673186
20251214-162807-3f222,178,4,95.50848806425951,7.499508300884903
20251214-162807-3f222,179,1,95.52414252531668,7.5007375189682755
20251214-162807-3f222,179,2,115.03590101769608,9.032837940032513
20251214-162807-3f222,179,3,72.97807563286047,5.730377425962518
20251214-162807-3f222,179,5,120.96410572106937,9.49833185877595
20251214-162807-3f222,179,4,96.53435900569299,7.580061640141417
20251214-162807-3f222,180,1,94.46365172663012,7.417465762614945
20251214-162807-3f222,180,2,113.80153198491867,8.935912933728979
20251214-162807-3f222,180,3,72.4908469659344,5.692119303505563
20251214-162807-3f222,180,5,124.67227523281854,9.789504388025295
20251214-162807-3f222,180,4,97.50838807403095,7.6565442568318725
20251214-162807-3f222,181,1,94.18374452471429,7.395486916265363
20251214-162807-3f222,181,2,113.16957544112024,8.886290502863712
20251214-162807-3f222,181,3,76.42733727990293,6.001220016796065
20251214-162807-3f222,181,5,127.77429204595599,10.033080653455826
20251214-162807-3f222,181,4,98.24562801153445,7.714433740197282
20251214-162807-3f222,182,1,94.92695815873162,7.453845465653076
20251214-162807-3f222,182,2,113.09813241115009,8.88068066014543
20251214-162807-3f222,182,3,80.13658990617964,6.29247759426002
20251214-162807-3f222,182,5,129.23828218723818,10.148035946325425
20251214-162807-3f222,182,4,98.92909324543041,7.768100731465329
20251214-162807-3f222,183,1,96.27933395623855,7.560036587770885
20251214-162807-3f222,183,2,111.89233481547816,8.785999137474434
20251214-162807-3f222,183,3,83.35143229173178,6.544913138420907
20251214-162807-3f222,183,5,129.82855011983065,10.194384908076813
20251214-162807-3f222,183,4,99.41066539185,7.805914693163883
20251214-162807-3f222,184,1,97.76460267156153,7.676662714781869
20251214-162807-3f222,184,2,109.93658024421687,8.632429565398292
20251214-162807-3f222,184,3,85.70409960887342,6.7296490549004275
20251214-162807-3f222,184,5,129.1346619282263,10.139899486327476
20251214-162807-3f222,184,4,99.64124079127986,7.824019912470052
20251214-162807-3f222,185,1,98.61766219357607,7.743646572407094
20251214-162807-3f222,185,2,108.69327380330022,8.534802776793653
20251214-162807-3f222,185,3,86.9806345738825,6.829885010473447
20251214-162807-3f222,185,5,125.40579117337955,9.847101456061463
20251214-162807-3f222,185,4,99.47358149063709,7.810854985013081
20251214-162807-3f222,186,1,96.21415830179973,7.554918871310431
20251214-162807-3f222,186,2,108.31673737157982,8.505236419368199
20251214-162807-3f222,186,3,86.18294531556303,6.767248931361101
20251214-162807-3f222,186,5,122.15032780387612,9.591476274911162
20251214-162807-3f222,186,4,99.52606033936149,7.81497572411812
20251214-162807-3f222,187,1,97.07843769171475,7.622783734322297
20251214-162807-3f222,187,2,108.63652717866593,8.53034692379967
20251214-162807-3f222,187,3,85.70929804102255,6.730057245688955
20251214-162807-3f222,187,5,117.43701782428684,9.221378202656147
20251214-162807-3f222,187,4,100.17743480843669,7.8661228874417315
20251214-162807-3f222,188,1,94.78058209767745,7.442351738685186
20251214-162807-3f222,188,2,108.65687177146609,8.531944419956034
20251214-162807-3f222,188,3,85.56352531920948,6.718610894066844
20251214-162807-3f222,188,5,114.69615284948364,9.006160267090971
20251214-162807-3f222,188,4,100.9979779097677,7.930553493813863
20251214-162807-3f222,189,1,94.54107138474407,7.423544901552697
20251214-162807-3f222,189,2,108.84020017917116,8.546339715528582
20251214-162807-3f222,189,3,85.76404527647752,6.734356102838372
20251214-162807-3f222,189,5,112.59117150056767,8.8408731243526
20251214-162807-3f222,189,4,102.20653680386428,8.025451838893805
20251214-162807-3f222,190,1,94.30664148409792,7.405137019473269
20251214-162807-3f222,190,2,109.4517209267013,8.594357488767542
20251214-162807-3f222,190,3,86.2895558035475,6.775620189830431
20251214-162807-3f222,190,5,112.07710868101383,8.800507933147536
20251214-162807-3f222,190,4,103.26044130376957,8.108206426528591
20251214-162807-3f222,191,1,94.3353495477803,7.40739123128472
20251214-162807-3f222,191,2,109.01894182415286,8.56037484976034
20251214-162807-3f222,191,3,85.45923219901141,6.710421599727639
20251214-162807-3f222,191,5,112.66581661875259,8.846734401133274
20251214-162807-3f222,191,4,102.72244052187268,8.065961580950011
20251214-162807-3f222,192,1,98.16873376792995,7.708395857807036
20251214-162807-3f222,192,2,108.70181245992538,8.535473248366774
20251214-162807-3f222,192,3,84.08587723140165,6.602583153235624
20251214-162807-3f222,192,5,113.5713574148743,8.91783918830921
20251214-162807-3f222,192,4,102.16297172384103,8.022031025876188
20251214-162807-3f222,193,1,100.5413335977707,7.894696913128917
20251214-162807-3f222,193,2,108.1027196061077,8.488431337000911
20251214-162807-3f222,193,3,83.60785225223674,6.565047721862597
20251214-162807-3f222,193,5,110.73265528197376,8.694938892839097
20251214-162807-3f222,193,4,101.71396525610307,7.986774183262511
20251214-162807-3f222,194,1,101.71655538782116,7.9869775653358115
20251214-162807-3f222,194,2,107.87938868273635,8.470894967746055
20251214-162807-3f222,194,3,83.48241389497633,6.555198063255387
20251214-162807-3f222,194,5,109.11066891201332,8.567577435318627
20251214-162807-3f222,194,4,102.29395626675799,8.032316181539342
20251214-162807-3f222,195,1,103.14802576906403,8.099379344739742
20251214-162807-3f222,195,2,107.58839860229628,8.44804587267644
20251214-162807-3f222,195,3,83.67925612382338,6.570654489790062
20251214-162807-3f222,195,5,107.87624760241255,8.470648324139404
20251214-162807-3f222,195,4,100.73475728616296,7.909884909359258
20251214-162807-3f222,196,1,103.76020899705148,8.147449137205363
20251214-162807-3f222,196,2,107.2685294424763,8.422929137317244
20251214-162807-3f222,196,3,83.89086595466658,6.587270496546338
20251214-162807-3f222,196,5,106.80163544178507,8.386267731563848
20251214-162807-3f222,196,4,98.70220944310725,7.750285383391616
20251214-162807-3f222,197,1,103.92007300818047,8.160001963689938
20251214-162807-3f222,197,2,106.5276900262997,8.36475701603415
20251214-162807-3f222,197,3,83.95055183876602,6.59195714578895
20251214-162807-3f222,197,5,105.94289316226896,8.318837653001419
20251214-162807-3f222,197,4,100.2102190857464,7.868697171307028
20251214-162807-3f222,198,1,104.04052242171376,8.169459880938318
20251214-162807-3f222,198,2,105.23561065275501,8.263300483911255
20251214-162807-3f222,198,3,84.33530094265687,6.62216837786757
20251214-162807-3f222,198,5,105.8714658416078,8.313229043807983
20251214-162807-3f222,198,4,100.47074519417131,7.889154177300206
20251214-162807-3f222,199,1,103.5128529885597,8.128026272530658
20251214-162807-3f222,199,2,104.83220586564985,8.231624372072103
20251214-162807-3f222,199,3,84.53870745640866,6.638140244549296
20251214-162807-3f222,199,5,106.18870880939103,8.33813956556901
20251214-162807-3f222,199,4,100.00616446146628,7.852674413752819
20251214-162807-3f222,200,1,102.57738526339959,8.054571565915179
20251214-162807-3f222,200,2,104.35456316365445,8.19411895783016
20251214-162807-3f222,200,3,84.95593485760719,6.670901734360964
20251214-162807-3f222,200,5,106.8756774015993,8.392081647201032
20251214-162807-3f222,200,4,99.61195180952772,7.821720085865878
20251214-162807-3f222,201,1,101.98475847093283,8.008037381995935
20251214-162807-3f222,201,2,103.96547757374084,8.16356721661373
20251214-162807-3f222,201,3,85.48589142838625,6.712514933168928
20251214-162807-3f222,201,5,107.87476015508467,8.470531526943587
20251214-162807-3f222,201,4,99.38283520782123,7.803729414134039
20251214-162807-3f222,202,1,101.35358058729138,7.958476093008517
20251214-162807-3f222,202,2,103.43754858907036,8.122113227726897
20251214-162807-3f222,202,3,86.03824895981678,6.755887098051619
20251214-162807-3f222,202,5,108.90940281789666,8.551773638461336
20251214-162807-3f222,202,4,99.32960325079546,7.799549539531496
20251214-162807-3f222,203,1,100.48668878424586,7.890406098344433
20251214-162807-3f222,203,2,103.54430666732218,8.130496075264986
20251214-162807-3f222,203,3,85.97898915025709,6.751233904992979
20251214-162807-3f222,203,5,109.84062827075056,8.62489523377938
20251214-162807-3f222,203,4,99.52020355642615,7.814515838372567
20251214-162807-3f222,204,1,99.84582067445758,7.840083914352829
20251214-162807-3f222,204,2,103.87548393781137,8.15650074500101
20251214-162807-3f222,204,3,85.76168297604247,6.734170610511136
20251214-162807-3f222,204,5,110.2196956531409,8.654660326269573
20251214-162807-3f222,204,4,100.17047052402934,7.865576038572263
20251214-162807-3f222,205,1,99.4542627673394,7.809338042082982
20251214-162807-3f222,205,2,103.86410701748353,8.155607407558795
20251214-162807-3f222,205,3,85.16239100454543,6.687113064046032
20251214-162807-3f222,205,5,110.38647415311922,8.667756091581605
20251214-162807-3f222,205,4,101.1552279624795,7.942901067307366
20251214-162807-3f222,206,1,99.35711365178517,7.801709708588346
20251214-162807-3f222,206,2,104.68316612546515,8.219921487948078
20251214-162807-3f222,206,3,84.27473924659799,6.617412958202633
20251214-162807-3f222,206,5,110.27987783968914,8.65938594612527
20251214-162807-3f222,206,4,101.39283860477067,7.961558707275892
20251214-162807-3f222,207,1,99.78057958321321,7.834961059669832
20251214-162807-3f222,207,2,105.8154243627563,8.308828560203239
20251214-162807-3f222,207,3,83.67627436984891,6.570420356791666
20251214-162807-3f222,207,5,109.25972222061947,8.579281384860934
20251214-162807-3f222,207,4,106.38979429527048,8.353929180723695
20251214-162807-3f222,208,1,100.53936982987382,7.894542714335258
20251214-162807-3f222,208,2,107.53009721927107,8.44346793709383
20251214-162807-3f222,208,3,83.47038697904198,6.554253686920761
20251214-162807-3f222,208,5,106.86345295279908,8.391121760209739
20251214-162807-3f222,208,4,110.19890930035817,8.653028142278405
20251214-162807-3f222,209,1,100.98585496843212,7.9296015773819315
20251214-162807-3f222,209,2,109.14380685899816,8.570179490000092
20251214-162807-3f222,209,3,83.43542537073515,6.551508434880619
20251214-162807-3f222,209,5,105.37409724128914,8.2741747144778
20251214-162807-3f222,209,4,108.7943503798914,8.542739502005558
20251214-162807-3f222,210,1,100.52021809242913,7.893038883452226
20251214-162807-3f222,210,2,110.98620107346693,8.71484779105847
20251214-162807-3f222,210,3,84.5174869346875,6.636473968786562
20251214-162807-3f222,210,5,104.89910823257725,8.236877673284276
20251214-162807-3f222,210,4,106.67024869305786,8.375950993934799
20251214-162807-3f222,211,1,100.62125172816481,7.900972236866411
20251214-162807-3f222,211,2,112.47463068452791,8.831722117620151
20251214-162807-3f222,211,3,85.34820456601011,6.701703498622734
20251214-162807-3f222,211,5,105.66968070618732,8.297384490839423
20251214-162807-3f222,211,4,106.78043034508059,8.384602667002786
20251214-162807-3f222,212,1,100.68672217318931,7.906113100844841
20251214-162807-3f222,212,2,113.39346252084695,8.903870542574337
20251214-162807-3f222,212,3,84.57647626491013,6.641105923292748
20251214-162807-3f222,212,5,106.45619834704344,8.359143353281308
20251214-162807-3f222,212,4,102.86405325817866,8.077081282590804
20251214-162807-3f222,213,1,100.49972111426673,7.891429421707124
20251214-162807-3f222,213,2,114.59115767873155,8.997915846405782
20251214-162807-3f222,213,3,83.78476311637563,6.578939099697347
20251214-162807-3f222,213,5,104.79203263986763,8.228469893906514
20251214-162807-3f222,213,4,98.58634153380905,7.741187214577517
20251214-162807-3f222,214,1,100.43850998360226,7.886623007200636
20251214-162807-3f222,214,2,116.14183493303645,9.119677976414883
20251214-162807-3f222,214,3,81.44482198351287,6.395202467434051
20251214-162807-3f222,214,5,104.13839151069116,8.177144748116744
20251214-162807-3f222,214,4,95.53096997278978,7.501273623141173
20251214-162807-3f222,215,1,100.27309455544808,7.873634272883095
20251214-162807-3f222,215,2,116.74601038448438,9.167118983022338
20251214-162807-3f222,215,3,80.26082334661895,6.302232640504656
20251214-162807-3f222,215,5,104.86210737675044,8.23397229564678
20251214-162807-3f222,215,4,92.76244059837681,7.2838834262543335
20251214-162807-3f222,216,1,100.22912950250223,7.870182053230174
20251214-162807-3f222,216,2,116.52867361322902,9.150053286002608
20251214-162807-3f222,216,3,80.3833530874264,6.311853909010891
20251214-162807-3f222,216,5,105.5451253360433,8.287604166061522
20251214-162807-3f222,216,4,90.6606237937075,7.118844769554506
20251214-162807-3f222,217,1,100.71478125874255,7.908316353658143
20251214-162807-3f222,217,2,115.55820262452693,9.073850056498623
20251214-162807-3f222,217,3,81.27462819297837,6.38183852700591
20251214-162807-3f222,217,5,105.4799920174442,8.282489773891797
20251214-162807-3f222,217,4,89.7952787807174,7.0508962317901736
20251214-162807-3f222,218,1,102.01514741271133,8.010423579555356
20251214-162807-3f222,218,2,114.03495794089186,8.954241984161492
20251214-162807-3f222,218,3,82.82399236150373,6.503497551019899
20251214-162807-3f222,218,5,105.54184464962182,8.287346560318314
20251214-162807-3f222,218,4,90.90619601503529,7.138127567865326
20251214-162807-3f222,219,1,101.612520207736,7.978808524945309
20251214-162807-3f222,219,2,112.73108310307634,8.851859249729205
20251214-162807-3f222,219,3,85.07631944760755,6.680354561542134
20251214-162807-3f222,219,5,104.91232049576129,8.237915125341475
20251214-162807-3f222,219,4,92.30966639590525,7.248330733936794
20251214-162807-3f222,220,1,101.30299731003578,7.95450419778378
20251214-162807-3f222,220,2,111.68526624798827,8.769739719361795
20251214-162807-3f222,220,3,86.72888648582679,6.810117271350246
20251214-162807-3f222,220,5,98.0954378171274,7.702640520217615
20251214-162807-3f222,220,4,94.10379873303742,7.389209420511289
20251214-162807-3f222,221,1,101.0077490052904,7.931320738835395
20251214-162807-3f222,221,2,109.65169996134563,8.610060223264911
20251214-162807-3f222,221,3,88.16383058699216,6.922791813855359
20251214-162807-3f222,221,5,95.9049786716979,7.530641498174201
20251214-162807-3f222,221,4,95.80775100035865,7.52300699632978
20251214-162807-3f222,222,1,100.74391124019091,7.9106036952557774
20251214-162807-3f222,222,2,108.50119853749668,8.51972066127195
20251214-162807-3f222,222,3,89.15047434178106,7.000264959740333
20251214-162807-3f222,222,5,94.32147699003978,7.406301931641955
20251214-162807-3f222,222,4,97.11406538679067,7.625581288763568
20251214-162807-3f222,223,1,99.989074861418,7.851332505823812
20251214-162807-3f222,223,2,108.10928936689382,8.488947207124593
20251214-162807-3f222,223,3,89.50479009336252,7.0280865070601015
20251214-162807-3f222,223,5,93.52546249944871,7.343797358479871
20251214-162807-3f222,223,4,98.82456333005206,7.759892843517785
20251214-162807-3f222,224,1,99.08490942936281,7.780335714852638
20251214-162807-3f222,224,2,107.78670755916636,8.463617469487673
20251214-162807-3f222,224,3,89.4438066694527,7.023297972521472
20251214-162807-3f222,224,5,90.21207837653492,7.083624129508918
20251214-162807-3f222,224,4,99.72025144974928,7.8302239797844795
20251214-162807-3f222,225,1,98.25197761656948,7.71493232327228
20251214-162807-3f222,225,2,107.99238425803273,8.479767595426313
20251214-162807-3f222,225,3,89.37839281700377,7.0181615522998095
20251214-162807-3f222,225,5,88.14695281339728,6.921466538942724
20251214-162807-3f222,225,4,101.40867760837017,7.962802415990999
20251214-162807-3f222,226,1,97.86904024575857,7.684863351924067
20251214-162807-3f222,226,2,108.21408312265059,8.497175812320918
20251214-162807-3f222,226,3,89.19258015419898,7.003571188287593
20251214-162807-3f222,226,5,87.07601447111146,6.837374421577149
20251214-162807-3f222,226,4,103.55021699787154,8.13096016567113
20251214-162807-3f222,227,1,97.84333846888153,7.682845199475593
20251214-162807-3f222,227,2,108.23359645249515,8.498708036127546
20251214-162807-3f222,227,3,88.97256616472836,6.9862952709970205
20251214-162807-3f222,227,5,86.49974731042093,6.792124827088559
20251214-162807-3f222,227,4,106.29474261546484,8.346465541876896
20251214-162807-3f222,228,1,98.37773100179093,7.7248067184747065
20251214-162807-3f222,228,2,108.83027320337327,8.545560230491096
20251214-162807-3f222,228,3,88.20991775124222,6.926410665727718
20251214-162807-3f222,228,5,86.13620893506908,6.7635791017933675
20251214-162807-3f222,228,4,108.26195442769638,8.500934758325
20251214-162807-3f222,229,1,98.8274154835531,7.760116800040289
20251214-162807-3f222,229,2,109.4409912954597,8.593514977696614
20251214-162807-3f222,229,3,87.22381289311004,6.84897983503412
20251214-162807-3f222,229,5,85.48618547313289,6.712538022122203
20251214-162807-3f222,229,4,111.06790193381353,8.72126309814559
20251214-162807-3f222,230,1,99.2814243480508,7.795766440370529
20251214-162807-3f222,230,2,109.70087070319542,8.613921203520562
20251214-162807-3f222,230,3,87.36245144759748,6.859865998256615
20251214-162807-3f222,230,5,85.18076608793184,6.688555910573904
20251214-162807-3f222,230,4,110.9600839655815,8.712797026028559
20251214-162807-3f222,231,1,100.32882774368375,7.878010548921796
20251214-162807-3f222,231,2,109.6657430157082,8.611162910627012
20251214-162807-3f222,231,3,88.78051406636833,6.9712149746270855
20251214-162807-3f222,231,5,85.0818226523757,6.6807866836568985
20251214-162807-3f222,231,4,108.96335197119103,8.556009828680207
20251214-162807-3f222,232,1,101.36150584589039,7.959098399400908
20251214-162807-3f222,232,2,109.53280509461624,8.60072437199094
20251214-162807-3f222,232,3,90.60700604943513,7.114634602202941
20251214-162807-3f222,232,5,88.46045486345162,6.946083316722151
20251214-162807-3f222,232,4,108.17914154313698,8.494432132979748
20251214-162807-3f222,233,1,101.96336835233598,8.00635778916366
20251214-162807-3f222,233,2,108.84660181203861,8.546842383928027
20251214-162807-3f222,233,3,92.04744062392942,7.227740267125974
20251214-162807-3f222,233,5,92.0882839335949,7.230947361553705
20251214-162807-3f222,233,4,108.28179247044275,8.50249247920683
20251214-162807-3f222,234,1,102.14119113279179,8.020320772403617
20251214-162807-3f222,234,2,108.08064801110525,8.486698233343953
20251214-162807-3f222,234,3,94.8669102958949,7.449130393150918
20251214-162807-3f222,234,5,94.10584505307597,7.389370101456264
20251214-162807-3f222,234,4,105.81285307493577,8.308626657788649
20251214-162807-3f222,235,1,102.3459319419177,8.036397410498198
20251214-162807-3f222,235,2,107.10741342440015,8.410278000863752
20251214-162807-3f222,235,3,98.60929985364444,7.742989945556402
20251214-162807-3f222,235,5,96.9175801785468,7.610152896166309
20251214-162807-3f222,235,4,103.81031304502844,8.151383402434842
20251214-162807-3f222,236,1,102.4419542821664,8.043937267450818
20251214-162807-3f222,236,2,107.02819348700895,8.404057500569985
20251214-162807-3f222,236,3,101.83003431349219,7.995888146607633
20251214-162807-3f222,236,5,96.70057930852596,7.593113574750964
20251214-162807-3f222,236,4,104.01683929079337,8.167600236413227
20251214-162807-3f222,237,1,102.56098860574909,8.053284069142391
20251214-162807-3f222,237,2,107.15174417539316,8.41375893582351
20251214-162807-3f222,237,3,104.77224342356396,8.226916006969915
20251214-162807-3f222,237,5,96.20191188164611,7.5539572590866415
20251214-162807-3f222,237,4,102.73585541221243,8.067014943677215
20251214-162807-3f222,238,1,102.86582606302697,8.077220486602355
20251214-162807-3f222,238,2,106.6739372971271,8.376240630148256
20251214-162807-3f222,238,3,109.50813528495665,8.598787251572922
20251214-162807-3f222,238,5,96.19345203126916,7.5532929755301526
20251214-162807-3f222,238,4,101.8766671048953,7.999549842162752
20251214-162807-3f222,239,1,102.96967888094524,8.085375207568353
20251214-162807-3f222,239,2,105.99683072518323,8.323072933121578
20251214-162807-3f222,239,3,112.8238251274699,8.85914153003619
20251214-162807-3f222,239,5,96.91058502386515,7.609603623304135
20251214-162807-3f222,239,4,104.43707797991408,8.200598178285087
20251214-162807-3f222,240,1,103.49238390754837,8.126419001322965
20251214-162807-3f222,240,2,105.13485915094071,8.25538928418967
20251214-162807-3f222,240,3,114.39251712653729,8.982318212098441
20251214-162807-3f222,240,5,98.05845153588166,7.69973628700397
20251214-162807-3f222,240,4,107.74633360635252,8.46044722985344
20251214-162807-3f222,241,1,104.02688328643588,8.16838891007168
20251214-162807-3f222,241,2,104.82675927596713,8.231196695481625
20251214-162807-3f222,241,3,114.33486366652177,8.977791152663993
20251214-162807-3f222,241,5,98.87831155775764,7.764113256676924
20251214-162807-3f222,241,4,110.26417366610477,8.658152824519624
20251214-162807-3f222,242,1,105.18815651837619,8.259574294942105
20251214-162807-3f222,242,2,105.43178537916327,8.278704496883723
20251214-162807-3f222,242,3,114.36128690761123,8.979865955855868
20251214-162807-3f222,242,5,99.07099330384325,7.779242994184923
20251214-162807-3f222,242,4,111.90375038055427,8.786895509375851
20251214-162807-3f222,243,1,106.72423891788245,8.380190409168408
20251214-162807-3f222,243,2,106.78974468519574,8.385334046720198
20251214-162807-3f222,243,3,113.37235770486033,8.902213352246145
20251214-162807-3f222,243,5,99.10528866196518,7.7819359309922165
20251214-162807-3f222,243,4,114.10473835360698,8.95972127500781
20251214-162807-3f222,244,1,108.63680148928232,8.530368463191468
20251214-162807-3f222,244,2,110.28079968805586,8.659458331413934
20251214-162807-3f222,244,3,110.46094735515051,8.673603869178622
20251214-162807-3f222,244,5,99.05083177596688,7.777659872634872
20251214-162807-3f222,244,4,115.18430102294477,9.04449059095151
20251214-162807-3f222,245,1,109.82889628547683,8.623974015961684
20251214-162807-3f222,245,2,113.30630459640935,8.897026736426259
20251214-162807-3f222,245,3,109.06235042174826,8.563783375479828
20251214-162807-3f222,245,5,99.23032439501912,7.791753974780266
20251214-162807-3f222,245,4,117.5618599329402,9.231181042687663
20251214-162807-3f222,246,1,108.81636970222206,8.544468501112817
20251214-162807-3f222,246,2,114.97334995483759,9.027926311499343
20251214-162807-3f222,246,3,108.3913160578764,8.511092479790534
20251214-162807-3f222,246,5,99.7837049408029,7.835206468697471
20251214-162807-3f222,246,4,119.14708134354714,9.355655645610794
20251214-162807-3f222,247,1,108.29611389888434,8.503617025031554
20251214-162807-3f222,247,2,115.76842833703411,9.09035737964823
20251214-162807-3f222,247,3,108.00706738486761,8.480920542497437
20251214-162807-3f222,247,5,100.07491400641759,7.858072758899875
20251214-162807-3f222,247,4,121.00904474346456,9.501860556364164
20251214-162807-3f222,248,1,106.64107209297546,8.373659991753273
20251214-162807-3f222,248,2,115.61236512539526,9.078102999175147
20251214-162807-3f222,248,3,107.49152293415051,8.440439010792876
20251214-162807-3f222,248,5,100.16227547899501,7.864932548035383
20251214-162807-3f222,248,4,122.51981321469542,9.62048897275254
20251214-162807-3f222,249,1,104.48917308034001,8.204688784743194
20251214-162807-3f222,249,2,115.16098851586737,9.042660048516122
20251214-162807-3f222,249,3,107.54501200943307,8.444639074810414
20251214-162807-3f222,249,5,100.05287295610599,7.856342053670191
20251214-162807-3f222,249,4,122.78674164729783,9.641448701428143
20251214-162807-3f222,250,1,104.188531727629,8.181081853401883
20251214-162807-3f222,250,2,114.75232450512225,9.010570972424853
20251214-162807-3f222,250,3,108.04536863815557,8.483928029819129
20251214-162807-3f222,250,5,100.55626582691673,7.895869420187724
20251214-162807-3f222,250,4,127.21602247899476,9.989244264288612
20251214-162807-3f222,251,1,104.50785831460531,8.206155984908508
20251214-162807-3f222,251,2,114.52132151329677,8.992432177749778
20251214-162807-3f222,251,3,108.2691626221849,8.50150075947837
20251214-162807-3f222,251,5,100.10045629905564,7.860078388342295
20251214-162807-3f222,251,4,128.34264419226537,10.077708745947513
20251214-162807-3f222,252,1,102.5413207536073,8.051739711950821
20251214-162807-3f222,252,2,114.46794984412823,8.988241332683817
20251214-162807-3f222,252,3,111.01344742601728,8.716987226529197
20251214-162807-3f222,252,5,99.61780812712622,7.822179935072297
20251214-162807-3f222,252,4,128.3091464185315,10.075078436984718
20251214-162807-3f222,253,1,102.15216650651503,8.021182579642021
20251214-162807-3f222,253,2,113.8807316072026,8.94213183884185
20251214-162807-3f222,253,3,112.89138118935261,8.864446160620686
20251214-162807-3f222,253,5,99.94302279850962,7.847716410175623
20251214-162807-3f222,253,4,122.72211139382773,9.636373810890024
20251214-162807-3f222,254,1,101.42624159797506,7.9641815738910795
20251214-162807-3f222,254,2,111.86325671549106,8.783715869707903
20251214-162807-3f222,254,3,113.50539045063543,8.912659336696853
20251214-162807-3f222,254,5,101.01763247785989,7.93209680791657
20251214-162807-3f222,254,4,120.08580277251411,9.429365839243214
20251214-162807-3f222,255,1,101.25255520672826,7.950543387806197
20251214-162807-3f222,255,2,111.2222970325177,8.733386495215479
20251214-162807-3f222,255,3,112.5968798211513,8.841321352551672
20251214-162807-3f222,255,5,101.92980426300683,8.003722272974082
20251214-162807-3f222,255,4,117.86379245599468,9.254889359182327
20251214-162807-3f222,256,1,98.06294101588593,7.7000888095204605
20251214-162807-3f222,256,2,110.71209602664501,8.693324540972338
20251214-162807-3f222,256,3,109.57007492612689,8.603650870111178
20251214-162807-3f222,256,5,103.28765078042854,8.110342966434127
20251214-162807-3f222,256,4,116.67516206925299,9.161555838437492
20251214-162807-3f222,257,1,93.31523071474108,7.327289558529526
20251214-162807-3f222,257,2,110.67675260137491,8.69054930793738
20251214-162807-3f222,257,3,107.52189142922875,8.442823602838468
20251214-162807-3f222,257,5,104.23382768336806,8.184638578075747
20251214-162807-3f222,257,4,116.0472033776296,9.11224732653566
20251214-162807-3f222,258,1,87.14982068958847,6.843169826355756
20251214-162807-3f222,258,2,110.87884689123133,8.70641813630078
20251214-162807-3f222,258,3,106.32101225428686,8.348528283926319
20251214-162807-3f222,258,5,104.37644335184864,8.195837031860155
20251214-162807-3f222,258,4,115.75517570876211,9.089316758047483
20251214-162807-3f222,259,1,82.27359203637786,6.460279069702155
20251214-162807-3f222,259,2,111.01914401198678,8.717434533304028
20251214-162807-3f222,259,3,105.7722167710526,8.305435817849018
20251214-162807-3f222,259,5,104.29845480998415,8.189713223087336
20251214-162807-3f222,259,4,116.29798440440426,9.131939130166094
20251214-162807-3f222,260,1,78.88435488137468,6.19414971625126
20251214-162807-3f222,260,2,110.66759815350176,8.689830483263194
20251214-162807-3f222,260,3,106.10557848565008,8.331612014294919
20251214-162807-3f222,260,5,103.83647068937425,8.15343735046479
20251214-162807-3f222,260,4,117.23602076627009,9.205595531025581
20251214-162807-3f222,261,1,79.5920521149765,6.249719450266307
20251214-162807-3f222,261,2,110.36376299302596,8.665972768056186
20251214-162807-3f222,261,3,106.44856034022736,8.35854360244575
20251214-162807-3f222,261,5,103.32207192056349,8.113045779884532
20251214-162807-3f222,261,4,117.63587554799946,9.236992889684535
20251214-162807-3f222,262,1,81.3058158271614,6.384287439413393
20251214-162807-3f222,262,2,109.75253531469633,8.61797800716876
20251214-162807-3f222,262,3,106.29340946023802,8.346360859990579
20251214-162807-3f222,262,5,103.08473959411594,8.094409993805874
20251214-162807-3f222,262,4,118.1741414949799,9.279258556530266
20251214-162807-3f222,263,1,83.35344291406217,6.545071016313881
20251214-162807-3f222,263,2,109.56781644854486,8.603473530152007
20251214-162807-3f222,263,3,106.17910473370846,8.33738543526328
20251214-162807-3f222,263,5,103.46060004326269,8.123923271792787
20251214-162807-3f222,263,4,118.02097517572345,9.26723164556182
20251214-162807-3f222,264,1,83.19074451234033,6.53229562808417
20251214-162807-3f222,264,2,109.60254013680921,8.606200100257489
20251214-162807-3f222,264,3,106.02749812763535,8.325480995943193
20251214-162807-3f222,264,5,104.27013633777493,8.187489602740015
20251214-162807-3f222,264,4,117.41961577036096,9.220011760253858
20251214-162807-3f222,265,1,88.22944306933312,6.927943830874272
20251214-162807-3f222,265,2,109.50648678438205,8.598657808169579
20251214-162807-3f222,265,3,106.75338303207951,8.382478860496377
20251214-162807-3f222,265,5,104.72111204744728,8.222901073979198
20251214-162807-3f222,265,4,116.53852379117181,9.150826740726313
20251214-162807-3f222,266,1,93.06239858483086,7.307436698376234
20251214-162807-3f222,266,2,108.90348719221842,8.551309132271593
20251214-162807-3f222,266,3,106.92473060740372,8.395933398302647
20251214-162807-3f222,266,5,105.57397428163195,8.289869440188449
20251214-162807-3f222,266,4,118.83767030660499,9.331360101968937
20251214-162807-3f222,267,1,96.5055367163274,7.57779845911187
20251214-162807-3f222,267,2,108.6162575076248,8.528755310642449
20251214-162807-3f222,267,3,106.01207647428576,8.324270058364213
20251214-162807-3f222,267,5,106.55229673713428,8.366689181812308
20251214-162807-3f222,267,4,119.86888829988311,9.412333301915393
20251214-162807-3f222,268,1,98.82301986323886,7.759771647565338
20251214-162807-3f222,268,2,108.66522270919843,8.532600151484333
20251214-162807-3f222,268,3,106.2828458032619,8.345531381534938
20251214-162807-3f222,268,5,107.37041881779459,8.430929685032515
20251214-162807-3f222,268,4,119.68157620849765,9.39762519991658
20251214-162807-3f222,269,1,100.54577294355234,7.895045499010807
20251214-162807-3f222,269,2,109.30475347581613,8.582817324744303
20251214-162807-3f222,269,3,106.5957791869599,8.370103506549503
20251214-162807-3f222,269,5,108.25525682464854,8.500408849783557
20251214-162807-3f222,269,4,119.57434621981616,9.389205297073188
20251214-162807-3f222,270,1,101.42353429891327,7.963968991614903
20251214-162807-3f222,270,2,109.07587180341122,8.564845100108455
20251214-162807-3f222,270,3,106.23726797880518,8.341952523992774
20251214-162807-3f222,270,5,109.56568894987117,8.603306474906061
20251214-162807-3f222,270,4,119.71091503415066,9.39992894035874
20251214-162807-3f222,271,1,101.91309086012815,8.002409904762994
20251214-162807-3f222,271,2,108.6879813644822,8.534387204422526
20251214-162807-3f222,271,3,106.88356187712974,8.39270075122924
20251214-162807-3f222,271,5,111.21039045918093,8.732451568410712
20251214-162807-3f222,271,4,119.8471310484575,9.4106248811145
20251214-162807-3f222,272,1,102.25668490489221,8.029389563252707
20251214-162807-3f222,272,2,108.41475869129833,8.512933239994215
20251214-162807-3f222,272,3,107.88732731632359,8.471518324367985
20251214-162807-3f222,272,5,112.91138738387485,8.866017085100065
20251214-162807-3f222,272,4,119.73140296948294,9.401537692043606
20251214-162807-3f222,273,1,102.7013442435612,8.064305061016324
20251214-162807-3f222,273,2,108.73489145103886,8.538070673720984
20251214-162807-3f222,273,3,108.86005945583396,8.547899103737953
20251214-162807-3f222,273,5,114.76543729756257,9.011600613849895
20251214-162807-3f222,273,4,119.54539863689126,9.386932277754843
20251214-162807-3f222,274,1,102.50331995823174,8.048755817156387
20251214-162807-3f222,274,2,109.37046790441906,8.58797734677778
20251214-162807-3f222,274,3,109.71714290439195,8.61519892773566
20251214-162807-3f222,274,5,116.666616096546,9.160884792391698
20251214-162807-3f222,274,4,117.84816763278991,9.253662468319545
20251214-162807-3f222,275,1,101.96547313671749,8.006523060840145
20251214-162807-3f222,275,2,107.99126185662804,8.479679462331319
20251214-162807-3f222,275,3,110.89392101086351,8.707601784870675
20251214-162807-3f222,275,5,116.147337438264,9.120110043600386
20251214-162807-3f222,275,4,115.18280478449621,9.044373103460163
20251214-162807-3f222,276,1,98.27898084205269,7.717052667942858
20251214-162807-3f222,276,2,106.31838234586114,8.348321778510215
20251214-162807-3f222,276,3,112.0381492917895,8.797448767739235
20251214-162807-3f222,276,5,115.31217056373885,9.054531150717992
20251214-162807-3f222,276,4,110.06709030885781,8.642677464123956
20251214-162807-3f222,277,1,95.38890849651054,7.49011868558342
20251214-162807-3f222,277,2,104.73513546188472,8.22400221917699
20251214-162807-3f222,277,3,110.18686115627257,8.65208209906893
20251214-162807-3f222,277,5,114.90904750743066,9.022877160917345
20251214-162807-3f222,277,4,104.48738650276991,8.20454849927131
20251214-162807-3f222,278,1,94.71104188553842,7.436891308845368
20251214-162807-3f222,278,2,103.95520426131561,8.16276053656495
20251214-162807-3f222,278,3,108.98384966464266,8.55761934659118
20251214-162807-3f222,278,5,114.77248002949179,9.012153622568121
20251214-162807-3f222,278,4,99.23634400011186,7.79222664563158
20251214-162807-3f222,279,1,93.09196242240141,7.309758107182509
20251214-162807-3f222,279,2,104.41497697763947,8.198862765513137
20251214-162807-3f222,279,3,108.22409449550094,8.497961924375627
20251214-162807-3f222,279,5,114.76119656712915,9.011267623623247
20251214-162807-3f222,279,4,95.37445685904224,7.488983915498044
20251214-162807-3f222,280,1,92.46463150686631,7.260498889454219
20251214-162807-3f222,280,2,104.89332051361711,8.236423210573532
20251214-162807-3f222,280,3,107.40148606459948,8.433369144393888
20251214-162807-3f222,280,5,114.65434125377607,9.002877140999903
20251214-162807-3f222,280,4,94.53876285975596,7.423363631775927
20251214-162807-3f222,281,1,92.26931866492014,7.245162553290471
20251214-162807-3f222,281,2,105.20683579765534,8.261041027510569
20251214-162807-3f222,281,3,106.71096357174633,8.379148003717724
20251214-162807-3f222,281,5,115.21037927771646,9.046538305160967
20251214-162807-3f222,281,4,94.0955116946446,7.388558706480773
20251214-162807-3f222,282,1,92.417021942215,7.256760495804182
20251214-162807-3f222,282,2,105.00937584416229,8.245536096060736
20251214-162807-3f222,282,3,105.45497111121566,8.280525084702807
20251214-162807-3f222,282,5,115.24891008361499,9.049563817390638
20251214-162807-3f222,282,4,95.71529826555465,7.515747431592082
20251214-162807-3f222,283,1,92.35014799179902,7.25150942591058
20251214-162807-3f222,283,2,104.86843796933006,8.234469385827586
20251214-162807-3f222,283,3,104.9429417321055,8.240319563112411
20251214-162807-3f222,283,5,115.11885813532054,9.03935189083261
20251214-162807-3f222,283,4,99.71090740084352,7.829490267276273
20251214-162807-3f222,284,1,91.32343925076952,7.1708903010348815
20251214-162807-3f222,284,2,103.82718242919314,8.152708018593447
20251214-162807-3f222,284,3,105.44276193829882,8.279566397202956
20251214-162807-3f222,284,5,115.62714117525854,9.079263242739357
20251214-162807-3f222,284,4,103.80386602859579,8.15087717043146
20251214-162807-3f222,285,1,90.2216979654511,7.084379477943283
20251214-162807-3f222,285,2,102.69035206434772,8.063441934178835
20251214-162807-3f222,285,3,107.46286415042489,8.438188668537443
20251214-162807-3f222,285,5,117.70438228686929,9.242372169235848
20251214-162807-3f222,285,4,104.75567904918299,8.22561534076017
20251214-162807-3f222,286,1,92.16754790635298,7.237171319588308
20251214-162807-3f222,286,2,102.09649910994945,8.016811469690502
20251214-162807-3f222,286,3,109.91533138566888,8.630761064573969
20251214-162807-3f222,286,5,119.9368434128697,9.417669266752233
20251214-162807-3f222,286,4,101.4336373403586,7.964762301662199
20251214-162807-3f222,287,1,94.31021245258052,7.405417418716521
20251214-162807-3f222,287,2,101.65194982354751,7.981904613440398
20251214-162807-3f222,287,3,110.21932846662621,8.654631494085432
20251214-162807-3f222,287,5,121.62563393775659,9.550276313691596
20251214-162807-3f222,287,4,95.13143106873645,7.4699010677986735
20251214-162807-3f222,288,1,95.72337507342169,7.5163816379215005
20251214-162807-3f222,288,2,100.80699214569638,7.9155569280422435
20251214-162807-3f222,288,3,109.98566479087587,8.636283777443474
20251214-162807-3f222,288,5,123.24881589255014,9.677731650809179
20251214-162807-3f222,288,4,89.79884356616157,7.051176145529478
20251214-162807-3f222,289,1,95.63078707753354,7.509111452225981
20251214-162807-3f222,289,2,99.99116399179418,7.851496548317996
20251214-162807-3f222,289,3,109.54768414242453,8.601892703149868
20251214-162807-3f222,289,5,125.08699258318772,9.822068783867495
20251214-162807-3f222,289,4,84.69390138241913,6.650326367059993
20251214-162807-3f222,290,1,95.53581138275283,7.501653779867991
20251214-162807-3f222,290,2,98.91995075146914,7.767382845435062
20251214-162807-3f222,290,3,105.71063315489847,8.300600155072788
20251214-162807-3f222,290,5,125.57122118203355,9.860091335267606
20251214-162807-3f222,290,4,81.58717334544839,6.406380167365385
20251214-162807-3f222,291,1,95.63450536409982,7.509403419165612
20251214-162807-3f222,291,2,97.95024162790065,7.691239439031719
20251214-162807-3f222,291,3,103.72036728109396,8.144320689822301
20251214-162807-3f222,291,5,124.93098385763481,9.809818681745606
20251214-162807-3f222,291,4,81.34332105746708,6.387232421495142
20251214-162807-3f222,292,1,95.6670987185361,7.511962711403429
20251214-162807-3f222,292,2,97.27099930394475,7.637904038691255
20251214-162807-3f222,292,3,102.19692640596328,8.024697212155449
20251214-162807-3f222,292,5,125.75776458534848,9.874739078415779
20251214-162807-3f222,292,4,82.47552094089261,6.476134911693687
20251214-162807-3f222,293,1,96.0103334040972,7.538914152324421
20251214-162807-3f222,293,2,97.35096031405514,7.644182729425702
20251214-162807-3f222,293,3,96.22899765271998,7.556084085394139
20251214-162807-3f222,293,5,125.66930771338042,9.867793276434824
20251214-162807-3f222,293,4,87.48660703154981,6.86961493106168
20251214-162807-3f222,294,1,98.42273240774333,7.728340314538591
20251214-162807-3f222,294,2,98.33828060988193,7.721708998600891
20251214-162807-3f222,294,3,91.34440813612663,7.172536817831275
20251214-162807-3f222,294,5,126.5354767588019,9.935806518794367
20251214-162807-3f222,294,4,92.77005708773433,7.284481487498082
20251214-162807-3f222,295,1,100.44877725339838,7.887429212770675
20251214-162807-3f222,295,2,99.3074682120449,7.79781145415066
20251214-162807-3f222,295,3,87.7323958201694,6.8889147346485275
20251214-162807-3f222,295,5,125.86041973366882,9.882799756084962
20251214-162807-3f222,295,4,101.00570567458846,7.931160292618819
20251214-162807-3f222,296,1,102.13582649426941,8.019899530774257
20251214-162807-3f222,296,2,100.90917675121088,7.923580657794545
20251214-162807-3f222,296,3,85.29104716074367,6.697215390351516
20251214-162807-3f222,296,5,125.63598562081215,9.865176762291595
20251214-162807-3f222,296,4,106.62682099917417,8.372540968738402
20251214-162807-3f222,297,1,102.31741539146002,8.03415823666973
20251214-162807-3f222,297,2,102.38971178850615,8.03983508739536
20251214-162807-3f222,297,3,82.77999987822348,6.500043177484902
20251214-162807-3f222,297,5,125.9048649969698,9.886289682769139
20251214-162807-3f222,297,4,106.20381162623029,8.339325467498236
20251214-162807-3f222,298,1,100.85574749017537,7.919385290505553
20251214-162807-3f222,298,2,102.22281838003495,8.026730299249719
20251214-162807-3f222,298,3,82.30194667619524,6.46250552999892
20251214-162807-3f222,298,5,126.2934747789969,9.91680406264453
20251214-162807-3f222,298,4,105.74678828212016,8.30343912449021
20251214-162807-3f222,299,1,97.9701659757792,7.692803936756825
20251214-162807-3f222,299,2,103.1299183726506,8.097957517502579
20251214-162807-3f222,299,3,82.08260161492814,6.445282138224316
20251214-162807-3f222,299,5,125.70051852193494,9.870244008538075
20251214-162807-3f222,299,4,105.97127765310448,8.321066457256952
20251214-162807-3f222,300,1,96.01303224349546,7.5391260703317124
20251214-162807-3f222,300,2,102.42228666421057,8.042392928647976
20251214-162807-3f222,300,3,82.14099509525313,6.449867305462229
20251214-162807-3f222,300,5,122.18549124602323,9.594237375328671
20251214-162807-3f222,300,4,104.28601927948371,8.188736761559108
20251214-162807-3f222,301,1,94.02743564936372,7.383213245809971
20251214-162807-3f222,301,2,102.81435402209559,8.073178803961868
20251214-162807-3f222,301,3,82.20753883253172,6.455092446391661
20251214-162807-3f222,301,5,119.21531649380637,9.361013599507382
20251214-162807-3f222,301,4,104.19686565354226,8.181736249129761
20251214-162807-3f222,302,1,91.0236915536558,7.147353541232306
20251214-162807-3f222,302,2,103.48303103311564,8.12568459581758
20251214-162807-3f222,302,3,81.9344987620465,6.433652820274866
20251214-162807-3f222,302,5,118.4194094454816,9.298517462916585
20251214-162807-3f222,302,4,103.7873524070728,8.149580489432742
20251214-162807-3f222,303,1,91.23690899273872,7.164095780447945
20251214-162807-3f222,303,2,105.67559588063838,8.29784896159795
20251214-162807-3f222,303,3,81.63230711868438,6.409924157160363
20251214-162807-3f222,303,5,118.36298317302554,9.294086764585487
20251214-162807-3f222,303,4,102.4390599985367,8.043710002790409
20251214-162807-3f222,304,1,91.86699337937901,7.213571205969157
20251214-162807-3f222,304,2,107.23765067943917,8.42050447806013
20251214-162807-3f222,304,3,82.08288771307726,6.445304603195626
20251214-162807-3f222,304,5,118.82556248356185,9.330409372654106
20251214-162807-3f222,304,4,100.82774758198762,7.917186684411645
20251214-162807-3f222,305,1,92.80693596692588,7.287377287297973
20251214-162807-3f222,305,2,108.10929124205045,8.48894735436546
20251214-162807-3f222,305,3,84.8881162347768,6.665576486991025
20251214-162807-3f222,305,5,118.76009483289529,9.325268728093981
20251214-162807-3f222,305,4,101.66054772970512,7.982579737399599
20251214-162807-3f222,306,1,93.57312070974496,7.3475395718785546
20251214-162807-3f222,306,2,107.3217478059013,8.427107944524376
20251214-162807-3f222,306,3,85.4828355353105,6.712274978627162
20251214-162807-3f222,306,5,118.42805701847205,9.29919648681005
20251214-162807-3f222,306,4,102.21701302210586,8.026274451493554
20251214-162807-3f222,307,1,94.11102278416682,7.389776666758287
20251214-162807-3f222,307,2,105.86651037187063,8.312839930890567
20251214-162807-3f222,307,3,85.73073713597803,6.731740684238144
20251214-162807-3f222,307,5,116.4804481565353,9.146266531336938
20251214-162807-3f222,307,4,102.2443825636871,8.0284235600015
20251214-162807-3f222,308,1,94.30036950102505,7.404644531422506
20251214-162807-3f222,308,2,104.68445807740135,8.220022934473576
20251214-162807-3f222,308,3,86.15104804916727,6.764744297281357
20251214-162807-3f222,308,5,114.06100607173512,8.956287332982741
20251214-162807-3f222,308,4,102.6044844146275,8.056699442857845
20251214-162807-3f222,309,1,94.24763113377145,7.400503414428513
20251214-162807-3f222,309,2,103.70734703678983,8.143298315453096
20251214-162807-3f222,309,3,86.76023770689348,6.812579028911252
20251214-162807-3f222,309,5,113.68905081862167,8.927080698422625
20251214-162807-3f222,309,4,103.42757400695676,8.121330004550876
20251214-162807-3f222,310,1,93.76822847009659,7.362859804645088
20251214-162807-3f222,310,2,102.65099229562816,8.060351330210372
20251214-162807-3f222,310,3,87.17955944629479,6.845504970145563
20251214-162807-3f222,310,5,112.05705075208417,8.798932946384001
20251214-162807-3f222,310,4,104.83560346639727,8.231891158150752
20251214-162807-3f222,311,1,93.16879411499377,7.315791077948204
20251214-162807-3f222,311,2,101.47001278034367,7.967618570457207
20251214-162807-3f222,311,3,87.88580879576313,6.900961013542132
20251214-162807-3f222,311,5,112.25365708825838,8.814370850176939
20251214-162807-3f222,311,4,106.0777699611281,8.329428436010781
20251214-162807-3f222,312,1,92.76055334444649,7.283735235482987
20251214-162807-3f222,312,2,101.00547209942475,7.931141951852312
20251214-162807-3f222,312,3,87.97094474682791,6.907646050491776
20251214-162807-3f222,312,5,112.03342197098232,8.797077569510126
20251214-162807-3f222,312,4,107.8126843882471,8.465657219558793
20251214-162807-3f222,313,1,92.50472339631295,7.263646980935898
20251214-162807-3f222,313,2,101.00867402219119,7.9313933729233845
20251214-162807-3f222,313,3,88.17526200567052,6.923689430611804
20251214-162807-3f222,313,5,112.2996793084541,8.81798460251852
20251214-162807-3f222,313,4,110.16520106445986,8.650381307425805
20251214-162807-3f222,314,1,93.05278316852221,7.306681677582955
20251214-162807-3f222,314,2,101.04595685119189,7.934320891631283
20251214-162807-3f222,314,3,88.15633787667404,6.92220347197742
20251214-162807-3f222,314,5,112.9276337551948,8.86729278110408
20251214-162807-3f222,314,4,112.57232682197683,8.839393404315315
20251214-162807-3f222,315,1,94.64106498506159,7.431396589405949
20251214-162807-3f222,315,2,101.23007312964847,7.948778052315098
20251214-162807-3f222,315,3,88.56571846160143,6.954348814837611
20251214-162807-3f222,315,5,112.81286121869928,8.858280623047692
20251214-162807-3f222,315,4,113.81609728806121,8.937056629059482
20251214-162807-3f222,316,1,97.18739937688304,7.631339613270439
20251214-162807-3f222,316,2,101.34868517178599,7.958091695663705
20251214-162807-3f222,316,3,89.29252579781816,7.011419110489596
20251214-162807-3f222,316,5,113.35473489888385,8.9008295759726
20251214-162807-3f222,316,4,116.27095928122567,9.129817066046789
20251214-162807-3f222,317,1,98.67624197317421,7.74824636821859
20251214-162807-3f222,317,2,101.38773078931916,7.961157631882968
20251214-162807-3f222,317,3,90.1855389850006,7.081540205963001
20251214-162807-3f222,317,5,114.14165376482832,8.962619943372227
20251214-162807-3f222,317,4,115.25810487744452,9.050285810106123
20251214-162807-3f222,318,1,96.30701711690183,7.562210322246184
20251214-162807-3f222,318,2,101.47466084172905,7.967983545085631
20251214-162807-3f222,318,3,89.89504543379033,7.0587300993137445
20251214-162807-3f222,318,5,116.1234610455479,9.118235223791187
20251214-162807-3f222,318,4,113.88025710092514,8.942094579705632
20251214-162807-3f222,319,1,93.19852840040237,7.318125870643201
20251214-162807-3f222,319,2,101.22892704526332,7.9486880595873926
20251214-162807-3f222,319,3,89.54832118808731,7.031504651487387
20251214-162807-3f222,319,5,117.42548326181048,9.22047248685233
20251214-162807-3f222,319,4,113.16784335356071,8.886154496051189
20251214-162807-3f222,320,1,91.48464767054561,7.183548693045755
20251214-162807-3f222,320,2,100.99806159239758,7.930560064733267
20251214-162807-3f222,320,3,89.17249778132887,7.001994282139319
20251214-162807-3f222,320,5,117.44372445394427,9.22190481998416
20251214-162807-3f222,320,4,111.10644083002882,8.724289245642334
20251214-162807-3f222,321,1,90.15019364316444,7.078764822435627
20251214-162807-3f222,321,2,100.30258235531545,7.875949711064164
20251214-162807-3f222,321,3,89.31086702822722,7.012859298817242
20251214-162807-3f222,321,5,118.35757619986093,9.293662198759426
20251214-162807-3f222,321,4,110.28749671153464,8.65998419444651
20251214-162807-3f222,322,1,88.61542228589448,6.958251653741527
20251214-162807-3f222,322,2,99.70613718204173,7.829115700614962
20251214-162807-3f222,322,3,89.98291918489551,7.065630113534468
20251214-162807-3f222,322,5,119.09771426281068,9.351779248451994
20251214-162807-3f222,322,4,110.67497241436293,8.690409524264282
20251214-162807-3f222,323,1,88.67829633727732,6.963188643948499
20251214-162807-3f222,323,2,98.90418913943597,7.766145213653072
20251214-162807-3f222,323,3,91.38459208457907,7.175692137961341
20251214-162807-3f222,323,5,119.04433169053166,9.347587547253042
20251214-162807-3f222,323,4,112.06704314190934,8.799717567855437
20251214-162807-3f222,324,1,87.66703237041544,6.883782272142426
20251214-162807-3f222,324,2,98.01010748051064,7.695940219744383
20251214-162807-3f222,324,3,92.11139986512863,7.232762468503187
20251214-162807-3f222,324,5,121.72437638007003,9.558029758236557
20251214-162807-3f222,324,4,112.05114300497578,8.798469058834561
20251214-162807-3f222,325,1,87.48001796002185,6.869097544621788
20251214-162807-3f222,325,2,97.29498811424384,7.639787685743078
20251214-162807-3f222,325,3,91.19389857023032,7.160718520194288
20251214-162807-3f222,325,5,123.99893316981807,9.736632287407291
20251214-162807-3f222,325,4,114.06229218472697,8.956388321023216
20251214-162807-3f222,326,1,87.00469741435073,6.831774470515082
20251214-162807-3f222,326,2,95.79244998110704,7.521805531169822
20251214-162807-3f222,326,3,90.26450698899568,7.087740923966901
20251214-162807-3f222,326,5,124.6897777021532,9.79087871523664
20251214-162807-3f222,326,4,116.46299246936844,9.144895877550466
20251214-162807-3f222,327,1,87.1521983917934,6.843356528059284
20251214-162807-3f222,327,2,94.14120654104315,7.392146752808583
20251214-162807-3f222,327,3,90.06631433023774,7.07217845910483
20251214-162807-3f222,327,5,124.955289110204,9.811727176446883
20251214-162807-3f222,327,4,118.28926329909848,9.288298139745311
20251214-162807-3f222,328,1,87.38571703815211,6.861692856717322
20251214-162807-3f222,328,2,93.0767882846075,7.308566604996153
20251214-162807-3f222,328,3,90.43026418985463,7.100756494927848
20251214-162807-3f222,328,5,124.94943158557145,9.811267232461853
20251214-162807-3f222,328,4,119.58832193449854,9.390302696795406
20251214-162807-3f222,329,1,87.02504873980344,6.833372495332142
20251214-162807-3f222,329,2,92.53996393987548,7.266414135503323
20251214-162807-3f222,329,3,90.64597404479197,7.117694443381151
20251214-162807-3f222,329,5,125.16524164764583,9.82821304937032
20251214-162807-3f222,329,4,120.22024125028518,9.439922204446317
20251214-162807-3f222,330,1,86.27149653500048,6.7742021416849605
20251214-162807-3f222,330,2,92.06630465254638,7.229221506564146
20251214-162807-3f222,330,3,90.18479729901011,7.081481967367091
20251214-162807-3f222,330,5,125.35692511695102,9.843264400285115
20251214-162807-3f222,330,4,117.78494553779656,9.248698149065712
20251214-162807-3f222,331,1,87.51680751655995,6.871986330636887
20251214-162807-3f222,331,2,92.28219866424152,7.246173915356648
20251214-162807-3f222,331,3,92.29609415387525,7.247265015655324
20251214-162807-3f222,331,5,125.15361406965883,9.827300029811534
20251214-162807-3f222,331,4,115.49441056775409,9.068840982760836
20251214-162807-3f222,332,1,86.47138231079663,6.789897553320033
20251214-162807-3f222,332,2,96.11827921036083,7.547390262527056
20251214-162807-3f222,332,3,94.59904786571508,7.4280973252075
20251214-162807-3f222,332,5,124.997711353921,9.815058251782133
20251214-162807-3f222,332,4,112.55603109120608,8.838113832513256
20251214-162807-3f222,333,1,85.77979509278329,6.73559280839739
20251214-162807-3f222,333,2,98.10050389386535,7.703038318207294
20251214-162807-3f222,333,3,88.55457144439028,6.953473529825781
20251214-162807-3f222,333,5,125.06646103806905,9.820456607859182
20251214-162807-3f222,333,4,109.16707675397583,8.572006686452289
20251214-162807-3f222,334,1,87.22542566149343,6.8491064726777875
20251214-162807-3f222,334,2,99.33177366901037,7.799719964901524
20251214-162807-3f222,334,3,92.21318202266744,7.240754597274304
20251214-162807-3f222,334,5,125.34166895641903,9.842066457517218
20251214-162807-3f222,334,4,105.4710672083977,8.28178898089544
20251214-162807-3f222,335,1,88.5649144444504,6.954285681880316
20251214-162807-3f222,335,2,100.36586343975743,7.880918662281801
20251214-162807-3f222,335,3,94.02416767178826,7.382956637989546
20251214-162807-3f222,335,5,124.91615191535152,9.808654049402175
20251214-162807-3f222,335,4,103.26509173582618,8.108571587306633
20251214-162807-3f222,336,1,90.21588765445082,7.083923241262539
20251214-162807-3f222,336,2,101.76958304051988,7.991141397573663
20251214-162807-3f222,336,3,95.25855757198582,7.479883282842636
20251214-162807-3f222,336,5,123.53675883051716,9.70034147845101
20251214-162807-3f222,336,4,102.74201148692553,8.067498330382914
20251214-162807-3f222,337,1,91.56761720238875,7.190063618633935
20251214-162807-3f222,337,2,102.12130448751768,8.018759235158784
20251214-162807-3f222,337,3,96.1245194548117,7.5478802584008
20251214-162807-3f222,337,5,121.91326482251637,9.572861638321545
20251214-162807-3f222,337,4,102.0030249250913,8.009471698750033
20251214-162807-3f222,338,1,90.4788406397667,7.1045708102492044
20251214-162807-3f222,338,2,102.00449772972237,8.00958734617342
20251214-162807-3f222,338,3,97.0491222885792,7.620481833060799
20251214-162807-3f222,338,5,120.57027462957164,9.467407491741195
20251214-162807-3f222,338,4,102.87852008967548,8.078217245740223
20251214-162807-3f222,339,1,90.39594531327076,7.098061711406151
20251214-162807-3f222,339,2,101.66942616844466,7.9832768893111785
20251214-162807-3f222,339,3,94.68714021983641,7.435014504553203
20251214-162807-3f222,339,5,119.25266738342877,9.363946462464863
20251214-162807-3f222,339,4,104.58209302964752,8.211985036053138
20251214-162807-3f222,340,1,90.6003272358859,7.114110169048699
20251214-162807-3f222,340,2,101.33151032946562,7.9567430943492194
20251214-162807-3f222,340,3,94.5178595072847,7.421722260746484
20251214-162807-3f222,340,5,118.32337642417149,9.29097676726669
20251214-162807-3f222,340,4,105.1946695367094,8.260085709540364
20251214-162807-3f222,341,1,90.65113440221025,7.1180996444693285
20251214-162807-3f222,341,2,100.27439924900712,7.873736719905076
20251214-162807-3f222,341,3,95.54060931493493,7.502030522636681
20251214-162807-3f222,341,5,118.07889444787446,9.271779577071168
20251214-162807-3f222,341,4,104.27176383035065,8.187617396555295
20251214-162807-3f222,342,1,89.79425842662732,7.050816111644588
20251214-162807-3f222,342,2,99.18125495941646,7.787900949283995
20251214-162807-3f222,342,3,96.36598608390545,7.566840677793649
20251214-162807-3f222,342,5,121.13018661411513,9.511372846663614
20251214-162807-3f222,342,4,102.05583031252205,8.013618078295922
20251214-162807-3f222,343,1,89.24515920725665,7.007699795627637
20251214-162807-3f222,343,2,97.90342432894911,7.687563255592653
20251214-162807-3f222,343,3,96.97268373946267,7.614479732669247
20251214-162807-3f222,343,5,123.94902683374097,9.732713546892573
20251214-162807-3f222,343,4,100.60299115913111,7.899538382223513
20251214-162807-3f222,344,1,88.71207103519124,6.965840697525087
20251214-162807-3f222,344,2,96.94386184015903,7.612216582268108
20251214-162807-3f222,344,3,96.3841649027679,7.568268113257473
20251214-162807-3f222,344,5,125.17345825378051,9.828858232925844
20251214-162807-3f222,344,4,97.9344459937851,7.689999135771053
20251214-162807-3f222,345,1,89.01749911959791,6.989823492151571
20251214-162807-3f222,345,2,96.49106022188245,7.576661737209366
20251214-162807-3f222,345,3,94.40940478174258,7.413206189233279
20251214-162807-3f222,345,5,124.14319249022287,9.747959803869785
20251214-162807-3f222,345,4,96.78942459918267,7.600089876106779
20251214-162807-3f222,346,1,90.8352831468904,7.132559354462824
20251214-162807-3f222,346,2,95.3104917635071,7.483961254427229
20251214-162807-3f222,346,3,89.34939510740136,7.015884596939323
20251214-162807-3f222,346,5,122.02603335833568,9.58171643842985
20251214-162807-3f222,346,4,95.22969231930568,7.477616728251841
20251214-162807-3f222,347,1,92.78445809525611,7.285612282023675
20251214-162807-3f222,347,2,94.19629676948202,7.396472542420046
20251214-162807-3f222,347,3,88.96206037023519,6.985470336013694
20251214-162807-3f222,347,5,119.35716210222576,9.372151586709835
20251214-162807-3f222,347,4,97.53404700740836,7.658559045127194
20251214-162807-3f222,348,1,94.72650461014624,7.438105471417731
20251214-162807-3f222,348,2,94.01834751017053,7.382499627819566
20251214-162807-3f222,348,3,86.39298887857765,6.783741951785796
20251214-162807-3f222,348,5,117.91211165952262,9.258683475027885
20251214-162807-3f222,348,4,98.20450982624789,7.711205062012507
20251214-162807-3f222,349,1,95.85757465731082,7.526919244722214
20251214-162807-3f222,349,2,93.71500859332747,7.358680878607293
20251214-162807-3f222,349,3,84.92148943883612,6.668197014505831
20251214-162807-3f222,349,5,116.60450290783065,9.156007546569821
20251214-162807-3f222,349,4,98.61991736966618,7.743823653126835
20251214-162807-3f222,350,1,96.74657961763242,7.596725606592104
20251214-162807-3f222,350,2,92.42573324060874,7.257444523537626
20251214-162807-3f222,350,3,84.81840408056291,6.660102555932165
20251214-162807-3f222,350,5,115.41259492294223,9.062416662578991
20251214-162807-3f222,350,4,95.50356905752967,7.499122051112237
20251214-162807-3f222,351,1,96.95891812286631,7.613398830248703
20251214-162807-3f222,351,2,91.27636799566294,7.167194176475068
20251214-162807-3f222,351,3,85.24451912548577,6.693561920448341
20251214-162807-3f222,351,5,116.0361793109687,9.111381695835096
20251214-162807-3f222,351,4,93.4078740209881,7.334564087299718
20251214-162807-3f222,352,1,97.3556563112674,7.644551468066507
20251214-162807-3f222,352,2,89.93794822781256,7.062098908373776
20251214-162807-3f222,352,3,85.33478671299032,6.7006499032602544
20251214-162807-3f222,352,5,117.11127130313847,9.1957999656968
20251214-162807-3f222,352,4,94.86985675379837,7.449361754634627
20251214-162807-3f222,353,1,96.48943360893509,7.576534012464181
20251214-162807-3f222,353,2,89.78480838370814,7.050074076284668
20251214-162807-3f222,353,3,86.3509187498626,6.7804385251908155
20251214-162807-3f222,353,5,117.46148454350329,9.22329937602595
20251214-162807-3f222,353,4,94.80400128805188,7.444190658096148
20251214-162807-3f222,354,1,95.45756632597373,7.495509829055752
20251214-162807-3f222,354,2,90.35367651701681,7.094742685057816
20251214-162807-3f222,354,3,85.95171732740822,6.749092469545925
20251214-162807-3f222,354,5,117.8564790225489,9.254315094465689
20251214-162807-3f222,354,4,97.00289999640519,7.61685237068661
20251214-162807-3f222,355,1,95.46196943688004,7.4958555697062526
20251214-162807-3f222,355,2,90.28933654315011,7.089690587826758
20251214-162807-3f222,355,3,86.80953890039476,6.8164502524789174
20251214-162807-3f222,355,5,119.73023292163752,9.401445817659381
20251214-162807-3f222,355,4,97.73086898594293,7.674013881568784
20251214-162807-3f222,356,1,96.06153049685312,7.5429342455107555
20251214-162807-3f222,356,2,89.68396875938573,7.042155957015989
20251214-162807-3f222,356,3,88.37893674469191,6.939682358852317
20251214-162807-3f222,356,5,126.0682422142343,9.899118372887509
20251214-162807-3f222,356,4,98.15897549642803,7.70762961975203
20251214-162807-3f222,357,1,98.28329808179737,7.717391665826275
20251214-162807-3f222,357,2,89.49631657116113,7.027421149965932
20251214-162807-3f222,357,3,89.06526358729961,6.993574049084011
20251214-162807-3f222,357,5,131.70775193451527,10.341943411974219
20251214-162807-3f222,357,4,99.27695196813502,7.795415260585539
20251214-162807-3f222,358,1,100.8833486348927,7.921552584932644
20251214-162807-3f222,358,2,90.21876296397188,7.084149016039817
20251214-162807-3f222,358,3,93.17708162270588,7.3164418288305635
20251214-162807-3f222,358,5,134.808214447837,10.585397630824323
20251214-162807-3f222,358,4,100.32756933534704,7.8779117363035835
20251214-162807-3f222,359,1,102.69929145653741,8.064143872271357
20251214-162807-3f222,359,2,95.84565062339503,7.525982946879542
20251214-162807-3f222,359,3,94.39165761179851,7.411812647664249
20251214-162807-3f222,359,5,137.11076400804401,10.766198205620913
20251214-162807-3f222,359,4,99.93620198593952,7.84718082698794
20251214-162807-3f222,360,1,102.22707179411623,8.027064285420542
20251214-162807-3f222,360,2,99.45774500418088,7.8096114739488565
20251214-162807-3f222,360,3,94.76980966417376,7.441505866699156
20251214-162807-3f222,360,5,136.89038640073304,10.748893736365302
20251214-162807-3f222,360,4,99.31526770788696,7.798423885411962
20251214-162807-3f222,361,1,102.09495978030364,8.016690598596314
20251214-162807-3f222,361,2,101.67119335394943,7.983415652081178
20251214-162807-3f222,361,3,94.66646932740201,7.433391386728386
20251214-162807-3f222,361,5,135.66659078469146,10.65279897487232
20251214-162807-3f222,361,4,100.20057875283774,7.867940194014883
20251214-162807-3f222,362,1,101.85281979206597,7.997677305761621
20251214-162807-3f222,362,2,104.92742590690145,8.239101230980145
20251214-162807-3f222,362,3,95.13170801592287,7.469922814218971
20251214-162807-3f222,362,5,133.89502208898435,10.513692028376587
20251214-162807-3f222,362,4,101.50945761865044,7.970715854251603
20251214-162807-3f222,363,1,101.72633906288054,7.987745798126509
20251214-162807-3f222,363,2,106.28082337353446,8.34537257650267
20251214-162807-3f222,363,3,92.56071997163852,7.268043938630305
20251214-162807-3f222,363,5,132.34743035298195,10.392172179138454
20251214-162807-3f222,363,4,103.3881154739033,8.118231645418899
20251214-162807-3f222,364,1,102.15615037316067,8.021495400435064
20251214-162807-3f222,364,2,107.24690288151128,8.421230978580109
20251214-162807-3f222,364,3,95.0062815221441,7.460074087154924
20251214-162807-3f222,364,5,133.1458585247619,10.454866279142376
20251214-162807-3f222,364,4,104.95922258513215,8.241597966685681
20251214-162807-3f222,365,1,102.80849747961125,8.072718937096985
20251214-162807-3f222,365,2,104.50676353270661,8.206070020549701
20251214-162807-3f222,365,3,96.14170655542094,7.549229822259463
20251214-162807-3f222,365,5,133.48679548436635,10.481637298247104
20251214-162807-3f222,365,4,106.55405878908255,8.366827541485677
20251214-162807-3f222,366,1,104.38077388903338,8.196177073883879
20251214-162807-3f222,366,2,103.52092570068513,8.128660157254648
20251214-162807-3f222,366,3,92.02383636557705,7.225886815825073
20251214-162807-3f222,366,5,134.59148702324848,10.568379780864877
20251214-162807-3f222,366,4,106.20395285646708,8.339336557165288
20251214-162807-3f222,367,1,102.58427930390265,8.055112899099562
20251214-162807-3f222,367,2,101.70830969983643,7.986330098218057
20251214-162807-3f222,367,3,89.3671354096603,7.017277599244643
20251214-162807-3f222,367,5,132.97095046279026,10.441132165146502
20251214-162807-3f222,367,4,106.71153651422249,8.379192992251653
20251214-162807-3f222,368,1,101.86298803110977,7.998475735248464
20251214-162807-3f222,368,2,99.66835703941409,7.826149131894348
20251214-162807-3f222,368,3,87.54200238267474,6.87396467948731
20251214-162807-3f222,368,5,130.43064764785632,10.241662752181442
20251214-162807-3f222,368,4,106.8529018094354,8.390293264346768
20251214-162807-3f222,369,1,102.19002620004885,8.024155394851228
20251214-162807-3f222,369,2,97.9887500358538,7.6942631925320795
20251214-162807-3f222,369,3,86.90972923977532,6.824317388657928
20251214-162807-3f222,369,5,128.1627436806493,10.063582615301508
20251214-162807-3f222,369,4,104.00837820871556,8.166935856141242
20251214-162807-3f222,370,1,102.25328673882962,8.029122732784435
20251214-162807-3f222,370,2,95.30884481274104,7.483831932717803
20251214-162807-3f222,370,3,87.40377271932313,6.8631106231752
20251214-162807-3f222,370,5,128.46982645235474,10.087695339124695
20251214-162807-3f222,370,4,102.19381444064878,8.02445285471475
20251214-162807-3f222,371,1,101.85533995677793,7.997875193892403
20251214-162807-3f222,371,2,95.00071154174677,7.459636721690637
20251214-162807-3f222,371,3,88.48414185376384,6.947943264294036
20251214-162807-3f222,371,5,128.95690188204028,10.12594142910181
20251214-162807-3f222,371,4,101.15611720519526,7.942970892338245
20251214-162807-3f222,372,1,102.01680913556382,8.01055406119713
20251214-162807-3f222,372,2,94.75690036833657,7.440492204214786
20251214-162807-3f222,372,3,89.71142531060849,7.044311897686626
20251214-162807-3f222,372,5,128.39019466183652,10.081442499339357
20251214-162807-3f222,372,4,101.5499448879408,7.9738949917112905
20251214-162807-3f222,373,1,102.42778268890342,8.042824486969558
20251214-162807-3f222,373,2,95.18224977261167,7.473891449169762
20251214-162807-3f222,373,3,90.80543911180958,7.130215944014634
20251214-162807-3f222,373,5,126.2217438075015,9.911171610209536
20251214-162807-3f222,373,4,102.60511754438133,8.056749157411394
20251214-162807-3f222,374,1,103.08684679803649,8.094575455469167
20251214-162807-3f222,374,2,95.29517645691523,7.482758667398116
20251214-162807-3f222,374,3,91.81072980677517,7.209153283140183
20251214-162807-3f222,374,5,124.4783498863111,9.77427700064475
20251214-162807-3f222,374,4,103.88333639112504,8.157117334583798
20251214-162807-3f222,375,1,104.71873262113841,8.222714236895747
20251214-162807-3f222,375,2,95.10302685080595,7.467670714534086
20251214-162807-3f222,375,3,92.30674549574378,7.248101379295641
20251214-162807-3f222,375,5,122.89530040543485,9.649972941778744
20251214-162807-3f222,375,4,105.18936894746345,8.25966949718212
20251214-162807-3f222,376,1,105.87452392612306,8.31346917042575
20251214-162807-3f222,376,2,94.80315928642331,7.444124542525367
20251214-162807-3f222,376,3,91.8557993012541,7.21269222564479
20251214-162807-3f222,376,5,122.65935655393778,9.631446181396417
20251214-162807-3f222,376,4,104.99163755895465,8.244143252138123
20251214-162807-3f222,377,1,107.21429991424961,8.418670931524943
20251214-162807-3f222,377,2,94.88808686606222,7.450793217753977
20251214-162807-3f222,377,3,90.96736995338281,7.142931061960285
20251214-162807-3f222,377,5,122.91535177217,9.651547413266275
20251214-162807-3f222,377,4,106.23008147795218,8.341388226264963
20251214-162807-3f222,378,1,108.39841370113268,8.511649800250694
20251214-162807-3f222,378,2,94.80172361372304,7.444011810771873
20251214-162807-3f222,378,3,89.76100171839948,7.04820473160424
20251214-162807-3f222,378,5,123.54396315196776,9.700907175486071
20251214-162807-3f222,378,4,107.06774565271535,8.407163211916119
20251214-162807-3f222,379,1,109.596689066533,8.605740663080807
20251214-162807-3f222,379,2,94.77225309978459,7.44169772991485
20251214-162807-3f222,379,3,88.71601272384171,6.966150206421656
20251214-162807-3f222,379,5,124.73319510597466,9.794287932437763
20251214-162807-3f222,379,4,107.11996701780234,8.41126373291578
20251214-162807-3f222,380,1,110.69061212687082,8.69163758426349
20251214-162807-3f222,380,2,94.42909910345708,7.414752624866087
20251214-162807-3f222,380,3,88.5570925621307,6.953671492790174
20251214-162807-3f222,380,5,125.49119662840248,9.853807654974949
20251214-162807-3f222,380,4,107.42114685840392,8.434912947351371
20251214-162807-3f222,381,1,110.96156136264494,8.712913034058479
20251214-162807-3f222,381,2,93.84031973272229,7.368520547825516
20251214-162807-3f222,381,3,90.11302583646246,7.075846335497589
20251214-162807-3f222,381,5,126.06626620795866,9.898963213113053
20251214-162807-3f222,381,4,108.21106158538433,8.496938555462716
20251214-162807-3f222,382,1,110.43603191669823,8.671647461520202
20251214-162807-3f222,382,2,94.27226794864004,7.40243794403273
20251214-162807-3f222,382,3,92.01720069043294,7.225365769980522
20251214-162807-3f222,382,5,122.45668795633637,9.615532257295577
20251214-162807-3f222,382,4,108.81432628251792,8.54430804790762
20251214-162807-3f222,383,1,110.71377076070164,8.69345604427863
20251214-162807-3f222,383,2,94.89313678314882,7.451189746857068
20251214-162807-3f222,383,3,93.80473988651701,7.3657267505686566
20251214-162807-3f222,383,5,118.52235924915172,9.306601277484765
20251214-162807-3f222,383,4,103.78855358743705,8.149674808401612
20251214-162807-3f222,384,1,110.83956634391714,8.70333375294788
20251214-162807-3f222,384,2,95.67829799152399,7.512842099638327
20251214-162807-3f222,384,3,94.88053520523968,7.450200246970207
20251214-162807-3f222,384,5,115.40837272883354,9.062085127859849
20251214-162807-3f222,384,4,100.48347100947095,7.890153432543477
20251214-162807-3f222,385,1,110.45469624216972,8.67311301988722
20251214-162807-3f222,385,2,94.5800765465785,7.426607661113479
20251214-162807-3f222,385,3,95.43069872310079,7.493400133730716
20251214-162807-3f222,385,5,111.51794223604975,8.756601119412165
20251214-162807-3f222,385,4,102.05884138970343,8.013854513808345
20251214-162807-3f222,386,1,109.66477353750447,8.611086785352875
20251214-162807-3f222,386,2,94.25727563512791,7.401260719035116
20251214-162807-3f222,386,3,95.38150306429186,7.489537196948
20251214-162807-3f222,386,5,108.82286136791731,8.544978239061296
20251214-162807-3f222,386,4,103.28402271667065,8.110058083961167
20251214-162807-3f222,387,1,109.85272739858824,8.625845280330125
20251214-162807-3f222,387,2,94.38592187719794,7.41136226686438
20251214-162807-3f222,387,3,95.55060330717387,7.502815269932697
20251214-162807-3f222,387,5,107.87411870461813,8.470481159031834
20251214-162807-3f222,387,4,104.90474591424189,8.237320354780953
20251214-162807-3f222,388,1,110.04105619533644,8.640633215969505
20251214-162807-3f222,388,2,95.24041496983288,7.4784586911837865
20251214-162807-3f222,388,3,95.34118426102015,7.486371287760802
20251214-162807-3f222,388,5,109.43648390522566,8.593161048834785
20251214-162807-3f222,388,4,106.49272174057103,8.362011239670132
20251214-162807-3f222,389,1,111.14108543126798,8.727009605684042
20251214-162807-3f222,389,2,95.85331004197741,7.52658437900775
20251214-162807-3f222,389,3,95.98071452837333,7.536588421817572
20251214-162807-3f222,389,5,110.3216114858601,8.662662951470331
20251214-162807-3f222,389,4,106.78075590008518,8.384628230201502
20251214-162807-3f222,390,1,113.11336917601982,8.881877079929001
20251214-162807-3f222,390,2,96.67311528820116,7.590957047592217
20251214-162807-3f222,390,3,96.28006813686247,7.560094237031123
20251214-162807-3f222,390,5,110.46283587590234,8.673752159423204
20251214-162807-3f222,390,4,107.90087680363898,8.472582255905944
20251214-162807-3f222,391,1,115.91672573102225,9.102001973335708
20251214-162807-3f222,391,2,97.48410327664513,7.654637368310532
20251214-162807-3f222,391,3,96.63361226987678,7.587855195392081
20251214-162807-3f222,391,5,110.0309330460502,8.63983832701626
20251214-162807-3f222,391,4,108.72192888288676,8.537052828193035
20251214-162807-3f222,392,1,114.6499160762768,9.002529667638516
20251214-162807-3f222,392,2,98.10157188845895,7.703122179175908
20251214-162807-3f222,392,3,105.04918555191855,8.248662030098902
20251214-162807-3f222,392,5,110.76983017121998,8.69785793591199
20251214-162807-3f222,392,4,108.94489936559928,8.554560894961194
20251214-162807-3f222,393,1,115.09932161973474,9.03781784643744
20251214-162807-3f222,393,2,98.77682395469432,7.756144256883962
20251214-162807-3f222,393,3,111.29348827153008,8.738976566828427
20251214-162807-3f222,393,5,108.93327068871385,8.55364778911481
20251214-162807-3f222,393,4,109.2841242722569,8.581197480409326
20251214-162807-3f222,394,1,116.87413298737019,9.177179413706012
20251214-162807-3f222,394,2,99.26901820349474,7.794792286282595
20251214-162807-3f222,394,3,114.94420637033834,9.025637901764256
20251214-162807-3f222,394,5,103.50835267024127,8.127672898969106
20251214-162807-3f222,394,4,109.81166767239573,8.622621192464702
20251214-162807-3f222,395,1,118.53262633266974,9.307407468427892
20251214-162807-3f222,395,2,99.54371280873342,7.816361829617945
20251214-162807-3f222,395,3,109.21622982735931,8.575866279346329
20251214-162807-3f222,395,5,97.47700503455302,7.6540800008286425
20251214-162807-3f222,395,4,110.80376120529748,8.700522265301757
20251214-162807-3f222,396,1,120.58043400650635,9.468205225358362
20251214-162807-3f222,396,2,99.80459062295091,7.8368464522194925
20251214-162807-3f222,396,3,103.64993821670097,8.13879046561141
20251214-162807-3f222,396,5,89.60258892343123,7.0357658573752655
20251214-162807-3f222,396,4,111.39269866152065,8.746766755515822
20251214-162807-3f222,397,1,122.50265371216605,9.619141575947646
20251214-162807-3f222,397,2,99.93701945968232,7.847245016582438
20251214-162807-3f222,397,3,100.56599018911021,7.896632995619279
20251214-162807-3f222,397,5,86.08187205946787,6.759312466880864
20251214-162807-3f222,397,4,105.55925071805609,8.288713317947444
20251214-162807-3f222,398,1,124.45177402668418,9.77219021355478
20251214-162807-3f222,398,2,99.78923108899619,7.835640392373653
20251214-162807-3f222,398,3,98.57751533244728,7.740494164444283
20251214-162807-3f222,398,5,86.3591872906392,6.781087786753291
20251214-162807-3f222,398,4,101.89877044722341,8.001285438680158
20251214-162807-3f222,399,1,124.4504342267773,9.772085009915534
20251214-162807-3f222,399,2,99.41608041147423,7.806339890813269
20251214-162807-3f222,399,3,96.91460840958206,7.609919547209885
20251214-162807-3f222,399,5,86.92974323155951,6.82588892539316
20251214-162807-3f222,399,4,99.04040992760527,7.776841529261601
20251214-162807-3f222,400,1,123.61203192250943,9.706252064930503
20251214-162807-3f222,400,2,99.1098875245461,7.782297042436856
20251214-162807-3f222,400,3,96.19125605019953,7.553120542916109
20251214-162807-3f222,400,5,90.7258984593991,7.123970260567015
20251214-162807-3f222,400,4,100.89506474436304,7.922472556152037
20251214-162807-3f222,401,1,121.22521449502513,9.518834616775822
20251214-162807-3f222,401,2,98.98431635536129,7.772436955184509
20251214-162807-3f222,401,3,96.1140151751515,7.54705544236504
20251214-162807-3f222,401,5,94.80894031750516,7.4445784800911765
20251214-162807-3f222,401,4,103.01764945718736,8.089141948535751
20251214-162807-3f222,402,1,118.24684256776985,9.284967183165676
20251214-162807-3f222,402,2,98.71825175653348,7.751545056381355
20251214-162807-3f222,402,3,96.3447801126835,7.56517554456381
20251214-162807-3f222,402,5,98.46346228825887,7.731538502293535
20251214-162807-3f222,402,4,104.60980644871556,8.21416114647598
20251214-162807-3f222,403,1,114.53635375718125,8.993612538156246
20251214-162807-3f222,403,2,98.67832489674066,7.748409923342258
20251214-162807-3f222,403,3,97.1349484877226,7.627221069603589
20251214-162807-3f222,403,5,99.73370465129157,7.831280350780238
20251214-162807-3f222,403,4,104.57757228330138,8.21163005844396
20251214-162807-3f222,404,1,111.64297410007512,8.766418859396726
20251214-162807-3f222,404,2,98.39538148799156,7.726192668252146
20251214-162807-3f222,404,3,98.5238753570204,7.736282251460146
20251214-162807-3f222,404,5,96.30169646233959,7.561792534321107
20251214-162807-3f222,404,4,104.45561663642746,8.202053868886281
20251214-162807-3f222,405,1,110.46330960796584,8.673789357766667
20251214-162807-3f222,405,2,98.1130133906204,7.704020587706641
20251214-162807-3f222,405,3,101.30444817419566,7.954618122399602
20251214-162807-3f222,405,5,92.43135124845621,7.257885660208728
20251214-162807-3f222,405,4,106.06298217017432,8.328267270513793
20251214-162807-3f222,406,1,109.96462116694818,8.634631392032238
20251214-162807-3f222,406,2,97.58028824780203,7.662189995351662
20251214-162807-3f222,406,3,104.66066827985662,8.218154914282083
20251214-162807-3f222,406,5,90.68007866246339,7.1203724028851605
20251214-162807-3f222,406,4,107.88507365027345,8.471341362219457
20251214-162807-3f222,407,1,111.27656804417933,8.737647958366063
20251214-162807-3f222,407,2,97.13937153762332,7.627568375901888
20251214-162807-3f222,407,3,112.14817117002595,8.806087895065366
20251214-162807-3f222,407,5,91.16540981977654,7.15848152927505
20251214-162807-3f222,407,4,108.67605954985348,8.533451080842498
20251214-162807-3f222,408,1,113.75021991618478,8.931883812409977
20251214-162807-3f222,408,2,96.13679695214242,7.548844310863695
20251214-162807-3f222,408,3,115.88894490719724,9.09982057016303
20251214-162807-3f222,408,5,94.36105184785991,7.409409424816055
20251214-162807-3f222,408,4,109.38223331394292,8.588901189131226
20251214-162807-3f222,409,1,118.71545440814698,9.321763476961436
20251214-162807-3f222,409,2,95.27474400839897,7.481154272643673
20251214-162807-3f222,409,3,116.84834088668171,9.175154168859917
20251214-162807-3f222,409,5,96.17417696954259,7.551779460989736
20251214-162807-3f222,409,4,102.99876986382458,8.087659486924107
20251214-162807-3f222,410,1,122.95890685503805,9.654967441288234
20251214-162807-3f222,410,2,95.47346807608044,7.496758464746055
20251214-162807-3f222,410,3,119.09147398348757,9.351289249840017
20251214-162807-3f222,410,5,98.38411560306844,7.725308049521286
20251214-162807-3f222,410,4,98.7164964492942,7.751407226315375
20251214-162807-3f222,411,1,127.78836358324989,10.034185577351918
20251214-162807-3f222,411,2,95.7880593722725,7.521460772205797
20251214-162807-3f222,411,3,120.97784923265608,9.499411025469056
20251214-162807-3f222,411,5,102.94675175968244,8.08357492636078
20251214-162807-3f222,411,4,96.8131543902275,7.601953184473667
20251214-162807-3f222,412,1,130.9863068081217,10.285294167245507
20251214-162807-3f222,412,2,96.1876833350736,7.552840006523097
20251214-162807-3f222,412,3,122.68823823092553,9.633714025655111
20251214-162807-3f222,412,5,107.1894552262656,8.416720079327977
20251214-162807-3f222,412,4,101.03838201994058,7.933726101461338
20251214-162807-3f222,413,1,132.54751372267182,10.407883106222219
20251214-162807-3f222,413,2,93.3890191964763,7.333083570585404
20251214-162807-3f222,413,3,117.62832826933746,9.236400262996353
20251214-162807-3f222,413,5,109.95558795431633,8.633922086979995
20251214-162807-3f222,413,4,104.3658937724386,8.195008658801802
20251214-162807-3f222,414,1,133.78776362865182,10.50526988988495
20251214-162807-3f222,414,2,91.53019954329838,7.187125512810721
20251214-162807-3f222,414,3,113.001405017594,8.873085441064914
20251214-162807-3f222,414,5,112.3057813683766,8.818463747880035
20251214-162807-3f222,414,4,106.68981571627383,8.377487433847167
20251214-162807-3f222,415,1,137.14426143083486,10.768828487026992
20251214-162807-3f222,415,2,90.81174636747392,7.1307112017364265
20251214-162807-3f222,415,3,109.76223354447862,8.618739530633642
20251214-162807-3f222,415,5,113.3282605701484,8.898750761281509
20251214-162807-3f222,415,4,108.6559537821163,8.531872337684726
20251214-162807-3f222,416,1,139.0354030264262,10.917324525250775
20251214-162807-3f222,416,2,90.22173484336402,7.08438237366721
20251214-162807-3f222,416,3,107.73242012509161,8.459354716817947
20251214-162807-3f222,416,5,113.57490979070786,8.918118127622266
20251214-162807-3f222,416,4,106.79376999641615,8.385650121820149
20251214-162807-3f222,417,1,136.61497626941588,10.727268008560134
20251214-162807-3f222,417,2,90.77818947576024,7.128076250717316
20251214-162807-3f222,417,3,107.22200428362223,8.419275893274774
20251214-162807-3f222,417,5,112.40756323350345,8.826455853690408
20251214-162807-3f222,417,4,103.01035949430215,8.088569526772211
20251214-162807-3f222,418,1,133.24216658553567,10.462428571414545
20251214-162807-3f222,418,2,91.6553257938233,7.196950664202908
20251214-162807-3f222,418,3,107.87467117080344,8.470524539728427
20251214-162807-3f222,418,5,105.26072065739446,8.265272169277084
20251214-162807-3f222,418,4,99.39585659739183,7.8047518784317464
20251214-162807-3f222,419,1,130.49270522630047,10.24653563137896
20251214-162807-3f222,419,2,92.28565503357092,7.2464453160562305
20251214-162807-3f222,419,3,108.43746414318444,8.514716115300342
20251214-162807-3f222,419,5,99.76780982252903,7.833958353751307
20251214-162807-3f222,419,4,97.57399335355919,7.661695708272219
20251214-162807-3f222,420,1,125.85224149527696,9.882157585237643
20251214-162807-3f222,420,2,92.07202185498427,7.2296704321833225
20251214-162807-3f222,420,3,107.92927509567235,8.47481214385781
20251214-162807-3f222,420,5,94.40806812119948,7.4131012321028535
20251214-162807-3f222,420,4,97.62429779452061,7.665645708740321
20251214-162807-3f222,421,1,122.65766807388799,9.631313598728573
20251214-162807-3f222,421,2,92.25867807872775,7.244327034206321
20251214-162807-3f222,421,3,107.27442673571872,8.423392204009227
20251214-162807-3f222,421,5,90.62634852677357,7.11615341034554
20251214-162807-3f222,421,4,98.6322784198758,7.744794266320841
20251214-162807-3f222,422,1,121.49578326444747,9.540080191628581
20251214-162807-3f222,422,2,92.56367847271272,7.268276245766705
20251214-162807-3f222,422,3,106.8331920258611,8.388745614619294
20251214-162807-3f222,422,5,89.08008293287521,6.9947376923099736
20251214-162807-3f222,422,4,100.02130631537203,7.8538633809468195
20251214-162807-3f222,423,1,122.00295640694134,9.57990439227512
20251214-162807-3f222,423,2,96.13568514905108,7.5487570099684405
20251214-162807-3f222,423,3,106.96074226543152,8.398761102245846
20251214-162807-3f222,423,5,88.90792902713417,6.981219839904374
20251214-162807-3f222,423,4,101.0592467375886,7.935364438810911
20251214-162807-3f222,424,1,122.79045470459286,9.64174025775544
20251214-162807-3f222,424,2,98.56498693134566,7.739510410539654
20251214-162807-3f222,424,3,106.82396157712104,8.388020822212358
20251214-162807-3f222,424,5,89.5538567380931,7.031939313411785
20251214-162807-3f222,424,4,102.56163652580828,8.053334945058873
20251214-162807-3f222,425,1,118.70578367375076,9.321004112486612
20251214-162807-3f222,425,2,100.36133805606342,7.880563320539243
20251214-162807-3f222,425,3,108.29922628917691,8.503861415842337
20251214-162807-3f222,425,5,93.17926880315176,7.316613570402876
20251214-162807-3f222,425,4,99.46446792198685,7.8101393702532995
20251214-162807-3f222,426,1,117.7245981563204,9.243959557789797
20251214-162807-3f222,426,2,97.19701484814183,7.6320946383785095
20251214-162807-3f222,426,3,109.15213418193929,8.570833367250028
20251214-162807-3f222,426,5,96.04620303744461,7.5417307042193436
20251214-162807-3f222,426,4,96.4637480583836,7.57451713413768
20251214-162807-3f222,427,1,114.1475441396986,8.96308246682046
20251214-162807-3f222,427,2,94.50636185457118,7.420819443167509
20251214-162807-3f222,427,3,109.21499638993689,8.575769427491844
20251214-162807-3f222,427,5,95.71167445496442,7.515462883085944
20251214-162807-3f222,427,4,94.12807319567554,7.391115497528565
20251214-162807-3f222,428,1,113.17625247821864,8.886814796527654
20251214-162807-3f222,428,2,92.86809915252182,7.2921799370664075
20251214-162807-3f222,428,3,108.94760736139796,8.554773531946475
20251214-162807-3f222,428,5,96.78907924177635,7.600062757985783
20251214-162807-3f222,428,4,94.15670464090394,7.393363693113153
20251214-162807-3f222,429,1,112.59180675929649,8.84092300607732
20251214-162807-3f222,429,2,92.1007739535661,7.231928101698908
20251214-162807-3f222,429,3,107.91692924915361,8.473842724486554
20251214-162807-3f222,429,5,95.31267726406054,7.48413286409119
20251214-162807-3f222,429,4,95.16219166394096,7.4723164482926165
20251214-162807-3f222,430,1,110.89258764818423,8.707497086694795
20251214-162807-3f222,430,2,90.86767866897866,7.135103112528064
20251214-162807-3f222,430,3,107.27462797634371,8.4234080058062
20251214-162807-3f222,430,5,94.49370110176632,7.419825296755185
20251214-162807-3f222,430,4,95.22707631051264,7.477411314261356
20251214-162807-3f222,431,1,109.10418260016165,8.567068117764139
20251214-162807-3f222,431,2,92.11745658150447,7.233238053403097
20251214-162807-3f222,431,3,106.9237661986476,8.395857671091187
20251214-162807-3f222,431,5,97.30024121781526,7.6402001694357615
20251214-162807-3f222,431,4,95.29823562134037,7.482998878812463
20251214-162807-3f222,432,1,110.05067713087973,8.641388670143595
20251214-162807-3f222,432,2,92.68514197629925,7.277813791296573
20251214-162807-3f222,432,3,106.85178302354046,8.39020541514848
20251214-162807-3f222,432,5,98.95549991857729,7.770174233710811
20251214-162807-3f222,432,4,94.05497679291646,7.385375828831394
20251214-162807-3f222,433,1,112.0020640476359,8.794615285673355
20251214-162807-3f222,433,2,93.10792682492232,7.311011662459645
20251214-162807-3f222,433,3,106.6584665911301,8.37502584086202
20251214-162807-3f222,433,5,104.28392559680961,8.188572361609825
20251214-162807-3f222,433,4,95.94559862026772,7.533831053863491
20251214-162807-3f222,434,1,114.47384045092804,8.9887038743436
20251214-162807-3f222,434,2,93.55746950170102,7.346310609227974
20251214-162807-3f222,434,3,106.5630634527159,8.36753460481621
20251214-162807-3f222,434,5,108.75801733287348,8.539886561987034
20251214-162807-3f222,434,4,97.36861859581248,7.645569291325095
20251214-162807-3f222,435,1,118.82092409111357,9.33004515724903
20251214-162807-3f222,435,2,91.02382810125582,7.147364263209804
20251214-162807-3f222,435,3,106.86294274104765,8.391081697411733
20251214-162807-3f222,435,5,112.03116268549873,8.796900166112987
20251214-162807-3f222,435,4,98.62852754588911,7.7444997405549225
20251214-162807-3f222,436,1,120.8836373324401,9.492013327714314
20251214-162807-3f222,436,2,89.50226661690527,7.027888358884774
20251214-162807-3f222,436,3,107.43468977254425,8.435976362751113
20251214-162807-3f222,436,5,113.48148591228147,8.910782306838588
20251214-162807-3f222,436,4,99.7315887357249,7.8311142050619065
20251214-162807-3f222,437,1,121.78605007329263,9.562872494035682
20251214-162807-3f222,437,2,92.51811959913644,7.26469887628375
20251214-162807-3f222,437,3,108.63921932857515,8.530558316535547
20251214-162807-3f222,437,5,113.39377157012301,8.903894809711824
20251214-162807-3f222,437,4,101.02523921180767,7.932694103146975
20251214-162807-3f222,438,1,123.5503119600346,9.70140569598161
20251214-162807-3f222,438,2,94.95683329235467,7.456191318018003
20251214-162807-3f222,438,3,110.4312711891758,8.671273640132215
20251214-162807-3f222,438,5,113.198495013444,8.888561322736331
20251214-162807-3f222,438,4,101.43345709297941,7.96474814829485
20251214-162807-3f222,439,1,125.02696419874675,9.817355240846053
20251214-162807-3f222,439,2,96.53609207011242,7.580197723658839
20251214-162807-3f222,439,3,111.7779328516869,8.777016077492238
20251214-162807-3f222,439,5,103.70573610051223,8.143171821669863
20251214-162807-3f222,439,4,101.42777479676792,7.964301963579022
20251214-162807-3f222,440,1,123.40079879711476,9.689665637803174
20251214-162807-3f222,440,2,93.81024569357017,7.366159077019793
20251214-162807-3f222,440,3,112.05003573154178,8.798382113616624
20251214-162807-3f222,440,5,96.26916472750843,7.559238080571987
20251214-162807-3f222,440,4,101.41725387700185,7.963475840930473
20251214-162807-3f222,441,1,122.22374978724893,9.597241508817925
20251214-162807-3f222,441,2,95.97278473327337,7.535965759210491
20251214-162807-3f222,441,3,112.2321752237479,8.812684053280872
20251214-162807-3f222,441,5,90.97293851220755,7.143368315799985
20251214-162807-3f222,441,4,101.069289492617,7.936153015053984
20251214-162807-3f222,442,1,124.40686640029853,9.768663981241001
20251214-162807-3f222,442,2,98.13454832111621,7.705711551444898
20251214-162807-3f222,442,3,112.76022781017726,8.85414774761311
20251214-162807-3f222,442,5,87.36527890382892,6.860088015502495
20251214-162807-3f222,442,4,100.85320274431439,7.919185472216154
20251214-162807-3f222,443,1,125.52924055457189,9.856794936481425
20251214-162807-3f222,443,2,99.33285372948374,7.799804773305987
20251214-162807-3f222,443,3,112.41728310011608,8.827219076120397
20251214-162807-3f222,443,5,85.52661110279404,6.715712319520862
20251214-162807-3f222,443,4,100.54310963613943,7.894836371042648
20251214-162807-3f222,444,1,125.48068389043586,9.852982174776868
20251214-162807-3f222,444,2,100.0599379903924,7.85689681361196
20251214-162807-3f222,444,3,111.12047444854757,8.725391192084016
20251214-162807-3f222,444,5,85.61425020120934,6.722593908365672
20251214-162807-3f222,444,4,100.97868142741545,7.929038297285141
20251214-162807-3f222,445,1,124.78361011524116,9.798246614939668
20251214-162807-3f222,445,2,100.58783882913453,7.898348592426918
20251214-162807-3f222,445,3,111.37237249530016,8.74517070624957
20251214-162807-3f222,445,5,86.06392489963407,6.757903221724975
20251214-162807-3f222,445,4,101.80793838515176,7.994153132250654
20251214-162807-3f222,446,1,123.2837231703726,9.68047263671626
20251214-162807-3f222,446,2,100.62992347262008,7.901653158749309
20251214-162807-3f222,446,3,112.07929643173442,8.800679719498905
20251214-162807-3f222,446,5,92.32756907837349,7.2497364866452685
20251214-162807-3f222,446,4,102.60328437199094,8.056605213225518
20251214-162807-3f222,447,1,121.65765827966946,9.552790925982855
20251214-162807-3f222,447,2,100.46876618842244,7.8889987820014005
20251214-162807-3f222,447,3,112.9976585359225,8.872791260191946
20251214-162807-3f222,447,5,97.89532867399139,7.686927569353795
20251214-162807-3f222,447,4,103.70462527161413,8.143084597270118
