run_id,frame,track_id,length_px,length_cm
20251219-095950-dbf8f,7,2,174.09451049445332,13.67023238513842
20251219-095950-dbf8f,7,5,137.1851570788689,10.772039691163059
20251219-095950-dbf8f,7,1,108.8721891995538,8.548851554306047
20251219-095950-dbf8f,7,6,88.23544235287497,6.928414906038724
20251219-095950-dbf8f,7,4,107.11439017097493,8.410825828286333
20251219-095950-dbf8f,7,3,123.06307678109206,9.663147062188724
20251219-095950-dbf8f,8,2,175.8237545680043,13.806015921729703
20251219-095950-dbf8f,8,5,135.71255682718015,10.6564083160334
20251219-095950-dbf8f,8,1,113.03778813962815,8.87594231306904
20251219-095950-dbf8f,8,6,101.56077820977141,7.9747456447646625
20251219-095950-dbf8f,8,4,99.95352636445548,7.848541170169174
20251219-095950-dbf8f,8,3,114.74506082441715,9.01000061438813
20251219-095950-dbf8f,9,2,176.34594219930065,13.847019088619872
20251219-095950-dbf8f,9,5,134.0961297368377,10.52948338373165
20251219-095950-dbf8f,9,1,114.8976320806605,9.021980799875974
20251219-095950-dbf8f,9,6,108.63824507089974,8.530481815968194
20251219-095950-dbf8f,9,4,97.15938040333081,7.6291395101278185
20251219-095950-dbf8f,9,3,107.26616166759908,8.422743215126387
20251219-095950-dbf8f,10,2,176.6435409478664,13.870387108891537
20251219-095950-dbf8f,10,5,125.77109926617362,9.875786142939202
20251219-095950-dbf8f,10,1,114.54986529736881,8.99467349001349
20251219-095950-dbf8f,10,6,111.56826636133636,8.760552665530954
20251219-095950-dbf8f,10,4,98.4370811614923,7.729467005998469
20251219-095950-dbf8f,10,3,103.19255013438071,8.102875482664775
20251219-095950-dbf8f,11,2,177.06659918850136,13.903606447315834
20251219-095950-dbf8f,11,5,110.52945240864234,8.678983016390847
20251219-095950-dbf8f,11,1,115.25885349051151,9.050344592629267
20251219-095950-dbf8f,11,6,110.03343287476835,8.640034618326098
20251219-095950-dbf8f,11,4,94.41800264878766,7.4138813101212895
20251219-095950-dbf8f,11,3,100.8114372282495,7.915905964386352
20251219-095950-dbf8f,12,2,178.31637714162454,14.001741391378651
20251219-095950-dbf8f,12,5,98.44162737652063,7.729823983457054
20251219-095950-dbf8f,12,1,114.09509014532121,8.958963679326063
20251219-095950-dbf8f,12,6,109.25003634920606,8.578520831798706
20251219-095950-dbf8f,12,4,90.78499228489368,7.1286104202408795
20251219-095950-dbf8f,12,3,105.30824003010179,8.269003480883983
20251219-095950-dbf8f,13,2,174.7359040412822,13.720595827446719
20251219-095950-dbf8f,13,5,93.93844950803744,7.376225884591445
20251219-095950-dbf8f,13,1,110.14716455449731,8.648965046327712
20251219-095950-dbf8f,13,6,109.51705958788932,8.599488004828258
20251219-095950-dbf8f,13,4,93.08462528006557,7.309181980798691
20251219-095950-dbf8f,13,3,98.98173296441978,7.772234102409819
20251219-095950-dbf8f,14,2,174.1868665271658,13.6774843566438
20251219-095950-dbf8f,14,5,93.68734373733146,7.356508581449314
20251219-095950-dbf8f,14,1,108.4810214122094,8.518136314983503
20251219-095950-dbf8f,14,6,111.03829337986352,8.718938178124073
20251219-095950-dbf8f,14,4,96.4396144941705,7.572622120732962
20251219-095950-dbf8f,14,3,97.36514561419601,7.645296586197106
20251219-095950-dbf8f,15,2,173.57017512978436,13.629060574135227
20251219-095950-dbf8f,15,5,96.14753817333774,7.549687731999853
20251219-095950-dbf8f,15,1,107.71604595544599,8.458068985846111
20251219-095950-dbf8f,15,6,111.92219883554321,8.78834411718163
20251219-095950-dbf8f,15,4,99.99110222897436,7.851491698583806
20251219-095950-dbf8f,15,3,99.83916732287447,7.839561480520637
20251219-095950-dbf8f,16,2,176.19247391669225,13.834968466914187
20251219-095950-dbf8f,16,5,105.58599161811321,8.29081306432618
20251219-095950-dbf8f,16,1,105.28206881239926,8.266948467048225
20251219-095950-dbf8f,16,6,111.27073506785798,8.737189941961162
20251219-095950-dbf8f,16,4,101.62627695018121,7.979888730550612
20251219-095950-dbf8f,16,3,103.66905361681928,8.140291443218398
20251219-095950-dbf8f,17,2,177.30097126266827,13.92200978875003
20251219-095950-dbf8f,17,5,117.59646710268026,9.233898463536804
20251219-095950-dbf8f,17,1,109.895602728606,8.629211932864242
20251219-095950-dbf8f,17,6,110.44567391462405,8.672404569552665
20251219-095950-dbf8f,17,4,104.0361282396198,8.169114841395162
20251219-095950-dbf8f,17,3,108.71159836337455,8.53624165613488
20251219-095950-dbf8f,18,2,182.87440055088732,14.359646066514909
20251219-095950-dbf8f,18,5,129.2107957135609,10.145877656086697
20251219-095950-dbf8f,18,1,112.5045252471525,8.834069495587265
20251219-095950-dbf8f,18,6,108.45471856668087,8.516070965480269
20251219-095950-dbf8f,18,4,108.22898287001055,8.498345768848049
20251219-095950-dbf8f,18,3,114.80712588712886,9.014874081264583
20251219-095950-dbf8f,19,2,189.99487626091718,14.91875937440949
20251219-095950-dbf8f,19,5,139.6237917444205,10.963525927494482
20251219-095950-dbf8f,19,1,112.1308442669097,8.804727353647712
20251219-095950-dbf8f,19,6,107.54282887577313,8.444467650999437
20251219-095950-dbf8f,19,4,110.51994018900363,8.678236098796544
20251219-095950-dbf8f,19,3,121.79764482549378,9.563782936051272
20251219-095950-dbf8f,20,2,194.41573222651692,15.265893400745716
20251219-095950-dbf8f,20,5,144.27947236774972,11.329098832987814
20251219-095950-dbf8f,20,1,111.16019642211774,8.728510237066871
20251219-095950-dbf8f,20,6,106.30892313547382,8.347579023303245
20251219-095950-dbf8f,20,4,110.53777015715433,8.67963614183838
20251219-095950-dbf8f,20,3,129.53834185461037,10.171597202626586
20251219-095950-dbf8f,21,2,199.8799173583198,15.69495161938233
20251219-095950-dbf8f,21,5,143.23122827446014,11.246788711256125
20251219-095950-dbf8f,21,1,111.5924951008367,8.76245515228041
20251219-095950-dbf8f,21,6,102.33320560146531,8.035398114018932
20251219-095950-dbf8f,21,4,107.70628239908967,8.457302332814278
20251219-095950-dbf8f,21,3,137.9029489556962,10.82840207578119
20251219-095950-dbf8f,22,2,186.01247121163448,14.606053348694925
20251219-095950-dbf8f,22,5,136.5592681907898,10.722893704175778
20251219-095950-dbf8f,22,1,111.5298768055871,8.757538244531899
20251219-095950-dbf8f,22,6,100.74832797614924,7.9109505057713
20251219-095950-dbf8f,22,4,105.65541771731134,8.296264533800644
20251219-095950-dbf8f,22,3,146.78484337881582,11.525825334214021
20251219-095950-dbf8f,23,2,183.85539624327927,14.436675715788342
20251219-095950-dbf8f,23,5,130.91723452159027,10.27987047981518
20251219-095950-dbf8f,23,1,111.40270708070364,8.747552635642947
20251219-095950-dbf8f,23,6,96.87050670667823,7.606456597542125
20251219-095950-dbf8f,23,4,104.61133481346624,8.214281156585729
20251219-095950-dbf8f,23,3,156.09574867894486,12.256935343411216
20251219-095950-dbf8f,24,2,179.86287466466027,14.123175320931605
20251219-095950-dbf8f,24,5,130.85760628005494,10.275188356776434
20251219-095950-dbf8f,24,1,111.23462411499956,8.734354441198837
20251219-095950-dbf8f,24,6,94.84577438693236,7.447470761343067
20251219-095950-dbf8f,24,4,105.1757910858336,8.258603337638972
20251219-095950-dbf8f,24,3,165.76338817835446,13.016056801045476
20251219-095950-dbf8f,25,2,173.69504931960898,13.638865933241382
20251219-095950-dbf8f,25,5,132.6168361302422,10.413326433632674
20251219-095950-dbf8f,25,1,107.1734742790728,8.41546522493171
20251219-095950-dbf8f,25,6,97.50323299514191,7.6561394702238585
20251219-095950-dbf8f,25,4,106.43538730379564,8.357509230547818
20251219-095950-dbf8f,25,3,175.72889506261063,13.798567372783571
20251219-095950-dbf8f,26,2,178.4701728319558,14.013817721762015
20251219-095950-dbf8f,26,5,139.03318327967688,10.91715022651032
20251219-095950-dbf8f,26,1,104.6904844070479,8.220496133349657
20251219-095950-dbf8f,26,6,96.49828372139007,7.577228940141972
20251219-095950-dbf8f,26,4,106.67586114849588,8.37639169462014
20251219-095950-dbf8f,26,3,185.94438376653085,14.600706992888338
20251219-095950-dbf8f,27,2,173.75179920043982,13.643322041918118
20251219-095950-dbf8f,27,5,142.5840634405969,11.195972096503176
20251219-095950-dbf8f,27,1,100.93452518453122,7.925571065034292
20251219-095950-dbf8f,27,6,91.66194362631282,7.197470309008254
20251219-095950-dbf8f,27,4,106.60600619105338,8.37090655037992
20251219-095950-dbf8f,27,3,196.3708449427625,15.419412573144132
20251219-095950-dbf8f,28,2,180.24089141620567,14.15285791588778
20251219-095950-dbf8f,28,5,143.9861520520492,11.306066763409515
20251219-095950-dbf8f,28,1,98.2344681848122,7.713557449358256
20251219-095950-dbf8f,28,6,92.76653460959119,7.284204895808594
20251219-095950-dbf8f,28,4,105.29110935141897,8.26765834738239
20251219-095950-dbf8f,28,3,206.97639775487622,16.252180769583457
20251219-095950-dbf8f,29,2,178.393986255402,14.007835406735767
20251219-095950-dbf8f,29,5,144.1756587009292,11.320947186240543
20251219-095950-dbf8f,29,1,99.6419029291592,7.82407190479684
20251219-095950-dbf8f,29,6,88.14804961843436,6.921552662162207
20251219-095950-dbf8f,29,4,102.27853792460226,8.031105503961607
20251219-095950-dbf8f,29,3,217.73487388671956,17.096956796205784
20251219-095950-dbf8f,30,2,187.06405921383546,14.688626040520086
20251219-095950-dbf8f,30,5,149.3705646832932,11.72886109344053
20251219-095950-dbf8f,30,1,101.43055970115594,7.96452063957315
20251219-095950-dbf8f,30,6,84.0172741360748,6.597196307591875
20251219-095950-dbf8f,30,4,106.49844555014585,8.362460684094277
20251219-095950-dbf8f,30,7,117.52842825981823,9.22855592407075
20251219-095950-dbf8f,31,2,188.07738493026773,14.768194304827347
20251219-095950-dbf8f,31,5,146.32345349825476,11.489596122451356
20251219-095950-dbf8f,31,1,104.65436086349482,8.21765964394202
20251219-095950-dbf8f,31,6,90.10854134409662,7.075494204619964
20251219-095950-dbf8f,31,4,108.94256527251439,8.554377617528788
20251219-095950-dbf8f,31,7,106.42221638716826,8.356475025100961
20251219-095950-dbf8f,32,2,184.41600605685002,14.480695865574429
20251219-095950-dbf8f,32,5,148.99924938400787,11.699704709273268
20251219-095950-dbf8f,32,1,104.93742505716851,8.239886383294348
20251219-095950-dbf8f,32,6,93.90611225660847,7.373686702049301
20251219-095950-dbf8f,32,4,109.11210885758118,8.567690502585819
20251219-095950-dbf8f,32,7,98.78160422481598,7.756519612794043
20251219-095950-dbf8f,33,2,178.8777223424388,14.045819285171044
20251219-095950-dbf8f,33,5,152.11312524379062,11.94421216962228
20251219-095950-dbf8f,33,1,104.6511988580557,8.217411357255479
20251219-095950-dbf8f,33,6,89.01151077056171,6.9893532755853185
20251219-095950-dbf8f,33,4,108.98044873834527,8.557352299384016
20251219-095950-dbf8f,33,7,97.19006604858545,7.631549005409016
20251219-095950-dbf8f,34,2,183.21170737162635,14.386132040205283
20251219-095950-dbf8f,34,5,150.9692525605596,11.854393108961673
20251219-095950-dbf8f,34,1,107.18540526840498,8.416402068926917
20251219-095950-dbf8f,34,6,85.420312123887,6.707365521337306
20251219-095950-dbf8f,34,4,105.29567642609553,8.268016962780266
20251219-095950-dbf8f,34,7,98.5090768109205,7.7351202414486115
20251219-095950-dbf8f,35,2,183.9180441184711,14.441594946210227
20251219-095950-dbf8f,35,5,149.86031442266074,11.76731717530492
20251219-095950-dbf8f,35,1,108.01432270321402,8.481490243905839
20251219-095950-dbf8f,35,6,79.98310935052262,6.280426008851195
20251219-095950-dbf8f,35,4,102.73663414548835,8.067076091296503
20251219-095950-dbf8f,35,7,99.5688017738636,7.818331862921454
20251219-095950-dbf8f,36,2,182.3045278025168,14.314898573454633
20251219-095950-dbf8f,36,5,147.53408218278818,11.584656991416628
20251219-095950-dbf8f,36,1,109.57885375443547,8.604340200422092
20251219-095950-dbf8f,36,6,80.90377406788731,6.3527183551143125
20251219-095950-dbf8f,36,4,106.91706468433404,8.395331455429714
20251219-095950-dbf8f,36,7,104.68676516906565,8.220204091703033
20251219-095950-dbf8f,37,2,171.58421879872046,13.473119502384746
20251219-095950-dbf8f,37,5,145.8494581946404,11.45237710887379
20251219-095950-dbf8f,37,1,113.24199724452193,8.891977200735116
20251219-095950-dbf8f,37,6,80.3194232078691,6.306834013165696
20251219-095950-dbf8f,37,4,109.67189934404963,8.611646317248093
20251219-095950-dbf8f,37,7,109.2134775093276,8.575650162094933
20251219-095950-dbf8f,38,2,170.27750891797706,13.37051415498473
20251219-095950-dbf8f,38,5,144.81360418632318,11.37103988020095
20251219-095950-dbf8f,38,1,119.11630717396667,9.353239199231009
20251219-095950-dbf8f,38,6,83.6532240936887,6.568610405227101
20251219-095950-dbf8f,38,4,111.85831866042274,8.783328124223436
20251219-095950-dbf8f,38,7,115.75068056700289,9.088963790959214
20251219-095950-dbf8f,39,2,173.85976495556898,13.651799718543652
20251219-095950-dbf8f,39,5,145.94747716257137,11.460073744832973
20251219-095950-dbf8f,39,1,123.79963850810009,9.72098329117493
20251219-095950-dbf8f,39,6,87.81734978565945,6.895585481744399
20251219-095950-dbf8f,39,4,110.19339304625045,8.652594995504655
20251219-095950-dbf8f,39,7,115.88015477273021,9.09913035207103
20251219-095950-dbf8f,40,2,174.9691958207374,13.73891434208361
20251219-095950-dbf8f,40,5,146.35679041823497,11.492213800871196
20251219-095950-dbf8f,40,1,122.01960276210687,9.581211495772134
20251219-095950-dbf8f,40,6,91.73509637394699,7.2032144020122795
20251219-095950-dbf8f,40,4,110.70614013702912,8.69285687318156
20251219-095950-dbf8f,40,7,111.52993433414883,8.757542761784082
20251219-095950-dbf8f,41,2,169.49904851444344,13.309387962155853
20251219-095950-dbf8f,41,5,151.71446899261576,11.91290892186409
20251219-095950-dbf8f,41,1,117.82037122586978,9.251479841532573
20251219-095950-dbf8f,41,6,95.51896159100143,7.500330702142975
20251219-095950-dbf8f,41,4,105.21381191389068,8.261588805437695
20251219-095950-dbf8f,41,7,110.25636637862958,8.657539781444456
20251219-095950-dbf8f,42,2,165.57619328812282,13.001357901904377
20251219-095950-dbf8f,42,5,150.4119672267162,11.81063400365254
20251219-095950-dbf8f,42,1,113.5255631855261,8.914243338243
20251219-095950-dbf8f,42,6,104.40562019074889,8.198128052794114
20251219-095950-dbf8f,42,4,104.13693844432855,8.17703065057977
20251219-095950-dbf8f,42,7,113.52419943833463,8.914136254217382
20251219-095950-dbf8f,43,2,166.15020008373736,13.046430008224176
20251219-095950-dbf8f,43,5,150.03745964015943,11.781226955011615
20251219-095950-dbf8f,43,1,112.69086843383285,8.848701517344141
20251219-095950-dbf8f,43,6,111.14705174287222,8.727478091829186
20251219-095950-dbf8f,43,4,100.12581175299731,7.862069346854593
20251219-095950-dbf8f,43,7,116.00768175985625,9.109144013871385
20251219-095950-dbf8f,44,2,167.71972492160816,13.169672086374735
20251219-095950-dbf8f,44,5,150.5950862904526,11.825012861138143
20251219-095950-dbf8f,44,1,112.53429454630665,8.836407037628218
20251219-095950-dbf8f,44,6,114.43262731561342,8.985467740501866
20251219-095950-dbf8f,44,4,97.37324310633718,7.645932416695106
20251219-095950-dbf8f,44,7,116.57946546465985,9.154041558868643
20251219-095950-dbf8f,45,2,167.7203686028989,13.16972262945505
20251219-095950-dbf8f,45,5,151.10407988195863,11.864980006906679
20251219-095950-dbf8f,45,1,111.50061627822632,8.755240652220703
20251219-095950-dbf8f,45,6,116.7257408345852,9.165527379377416
20251219-095950-dbf8f,45,4,92.74260741674145,7.282326087076194
20251219-095950-dbf8f,45,7,116.47628599136956,9.145939710204672
20251219-095950-dbf8f,46,2,169.3010123686333,13.293837786988394
20251219-095950-dbf8f,46,5,140.90166769695287,11.06386717996065
20251219-095950-dbf8f,46,1,109.8245641823657,8.623633850978438
20251219-095950-dbf8f,46,6,111.07638066144611,8.721928863980127
20251219-095950-dbf8f,46,4,89.6526727686788,7.039698536247972
20251219-095950-dbf8f,46,7,113.00058568831722,8.873021105770356
20251219-095950-dbf8f,47,2,171.97026427360066,13.503432527981332
20251219-095950-dbf8f,47,5,133.57128226900306,10.488271361413005
20251219-095950-dbf8f,47,1,108.4859975874084,8.518527053733198
20251219-095950-dbf8f,47,6,106.43925155443816,8.357812658864585
20251219-095950-dbf8f,47,4,88.73332127052777,6.967509306457465
20251219-095950-dbf8f,47,7,111.46668835621053,8.752576567195945
20251219-095950-dbf8f,48,2,168.7562488348098,13.251061917254388
20251219-095950-dbf8f,48,5,130.6461454785176,10.258584052084961
20251219-095950-dbf8f,48,1,106.79327633114522,8.385611358283292
20251219-095950-dbf8f,48,6,102.59181766400638,8.05570482548557
20251219-095950-dbf8f,48,4,88.01439332015902,6.911057715182133
20251219-095950-dbf8f,48,7,115.21110697182496,9.046595445087666
20251219-095950-dbf8f,49,2,168.70885388738526,13.24734037575756
20251219-095950-dbf8f,49,5,130.24207136224763,10.226855383245594
20251219-095950-dbf8f,49,1,105.4698005704001,8.281689522068588
20251219-095950-dbf8f,49,6,99.3927255606374,7.804506023465281
20251219-095950-dbf8f,49,4,88.50592782347164,6.949653940109116
20251219-095950-dbf8f,49,7,109.50475521850112,8.598521842320253
20251219-095950-dbf8f,50,2,166.9586791185917,13.109913321130378
20251219-095950-dbf8f,50,5,136.1116364634935,10.687744808798655
20251219-095950-dbf8f,50,1,106.2262018160927,8.341083587830102
20251219-095950-dbf8f,50,6,97.56142651738243,7.6607089363723215
20251219-095950-dbf8f,50,4,89.84234893125414,7.054592269617059
20251219-095950-dbf8f,50,7,107.44013976034074,8.436404306167953
20251219-095950-dbf8f,51,2,157.7835215023206,12.389462478490543
20251219-095950-dbf8f,51,5,139.51326718290593,10.954847328520406
20251219-095950-dbf8f,51,1,107.362024082734,8.430270514454625
20251219-095950-dbf8f,51,6,97.4431598803413,7.651422414889425
20251219-095950-dbf8f,51,4,89.35615036510683,7.016415032634239
20251219-095950-dbf8f,51,7,111.32165917280342,8.741188599624934
20251219-095950-dbf8f,52,2,150.5916619524491,11.824743975599247
20251219-095950-dbf8f,52,5,142.2340532233322,11.168488627934341
20251219-095950-dbf8f,52,1,107.55236385931973,8.44521635605912
20251219-095950-dbf8f,52,6,97.47899226861252,7.654236042230062
20251219-095950-dbf8f,52,4,91.66082514959332,7.1973824840870115
20251219-095950-dbf8f,52,7,113.72943732536633,8.930251923815405
20251219-095950-dbf8f,53,2,143.20178812127264,11.244477014383063
20251219-095950-dbf8f,53,5,140.95353866098998,11.067940186802822
20251219-095950-dbf8f,53,1,108.78301595348961,8.541849501267313
20251219-095950-dbf8f,53,6,98.74159243453114,7.753377810851031
20251219-095950-dbf8f,53,4,87.87851177589903,6.900388037651176
20251219-095950-dbf8f,53,7,108.26406163413849,8.501100220186292
20251219-095950-dbf8f,54,2,138.0081884772108,10.83666568335342
20251219-095950-dbf8f,54,5,138.78566078447884,10.8977142889825
20251219-095950-dbf8f,54,1,109.58347045933877,8.60470271287985
20251219-095950-dbf8f,54,6,100.81624231784122,7.91628326916847
20251219-095950-dbf8f,54,4,87.27545087612233,6.853034547762701
20251219-095950-dbf8f,54,7,106.0586599279852,8.327927879828916
20251219-095950-dbf8f,55,2,134.92251638360935,10.594372836416051
20251219-095950-dbf8f,55,5,136.39169527386582,10.709735559732854
20251219-095950-dbf8f,55,1,110.5845256532622,8.683307472400509
20251219-095950-dbf8f,55,6,102.78214028212103,8.070649319774251
20251219-095950-dbf8f,55,4,83.89511213163948,6.5876039144456335
20251219-095950-dbf8f,55,7,106.49301329875838,8.362034133374037
20251219-095950-dbf8f,56,2,136.73544081218182,10.736727113784664
20251219-095950-dbf8f,56,5,136.09392449430723,10.686354031260137
20251219-095950-dbf8f,56,1,111.15852965245155,8.728379359139678
20251219-095950-dbf8f,56,6,102.76956631651049,8.069661988057643
20251219-095950-dbf8f,56,4,82.61160835674772,6.4868207546542065
20251219-095950-dbf8f,56,7,111.48816746291325,8.754263147543698
20251219-095950-dbf8f,57,2,144.48388479425046,11.34514968585353
20251219-095950-dbf8f,57,5,136.30484817933845,10.70291616054105
20251219-095950-dbf8f,57,1,111.0581131983524,8.720494468002512
20251219-095950-dbf8f,57,6,100.65213054484627,7.903396900335781
20251219-095950-dbf8f,57,4,81.38267221247816,6.390322349098816
20251219-095950-dbf8f,57,7,108.33237683912668,8.506464460132598
20251219-095950-dbf8f,58,2,154.93866986366413,12.16607931212175
20251219-095950-dbf8f,58,5,136.19882492406973,10.694591012702466
20251219-095950-dbf8f,58,1,108.99810809463833,8.558738945658
20251219-095950-dbf8f,58,6,96.86788002128094,7.606250345204348
20251219-095950-dbf8f,58,4,80.21081188371889,6.29830564523167
20251219-095950-dbf8f,58,7,89.37848702612044,7.018168949778995
20251219-095950-dbf8f,59,2,165.47599702163922,12.993490300317951
20251219-095950-dbf8f,59,5,137.87074992045189,10.825873746236985
20251219-095950-dbf8f,59,1,107.26926632104366,8.422986998425138
20251219-095950-dbf8f,59,6,93.65396135879439,7.35388733353705
20251219-095950-dbf8f,59,4,79.09856417845837,6.210969838045305
20251219-095950-dbf8f,59,7,103.79748742455551,8.150376310299366
20251219-095950-dbf8f,60,2,169.84576360535723,13.336612691130734
20251219-095950-dbf8f,60,5,140.1062931350726,11.001412855219163
20251219-095950-dbf8f,60,1,104.7049022431183,8.221628249284924
20251219-095950-dbf8f,60,6,91.12552434946133,7.155349646216526
20251219-095950-dbf8f,60,4,78.04847770833678,6.1285150493774605
20251219-095950-dbf8f,60,7,108.16845530162777,8.493593028953207
20251219-095950-dbf8f,61,2,170.8255211645232,13.413545119826246
20251219-095950-dbf8f,61,5,140.491877521605,11.031689675280912
20251219-095950-dbf8f,61,1,106.2383976665807,8.342041229227478
20251219-095950-dbf8f,61,6,87.19679644130103,6.846858451807263
20251219-095950-dbf8f,61,4,77.06309360212883,6.051140813497038
20251219-095950-dbf8f,61,7,113.47162240632997,8.910007805574267
20251219-095950-dbf8f,62,2,162.7809801032557,12.781872441423108
20251219-095950-dbf8f,62,5,138.2281652413744,10.853938677642018
20251219-095950-dbf8f,62,1,108.8510463611679,8.547191378386682
20251219-095950-dbf8f,62,6,84.78340096742927,6.65735404485401
20251219-095950-dbf8f,62,4,72.5749662473496,5.698724509618901
20251219-095950-dbf8f,62,7,119.5830318364784,9.389887308228184
20251219-095950-dbf8f,63,2,170.32038823125632,13.373881120292126
20251219-095950-dbf8f,63,5,141.53838287102047,11.113863267533585
20251219-095950-dbf8f,63,1,109.82683708720738,8.623812323793501
20251219-095950-dbf8f,63,6,82.37036295949102,6.467877706806358
20251219-095950-dbf8f,63,4,74.88827143637346,5.88036963686552
20251219-095950-dbf8f,63,7,126.38548950484261,9.924029234084992
20251219-095950-dbf8f,64,2,178.71655715430447,14.03316428779098
20251219-095950-dbf8f,64,5,146.4060931468549,11.4960851449793
20251219-095950-dbf8f,64,1,105.95979068292053,8.320164478490536
20251219-095950-dbf8f,64,6,79.95771478130739,6.2784319789331535
20251219-095950-dbf8f,64,4,86.44511057126888,6.787834646319198
20251219-095950-dbf8f,64,7,133.77361643481183,10.504159025292834
20251219-095950-dbf8f,65,2,184.67417532259392,14.500967807793607
20251219-095950-dbf8f,65,5,139.84046213162952,10.980539298770308
20251219-095950-dbf8f,65,1,102.52101534226908,8.050145292397437
20251219-095950-dbf8f,65,6,79.61839721752244,6.2517881178709915
20251219-095950-dbf8f,65,4,102.32015170016645,8.03437309683843
20251219-095950-dbf8f,65,7,141.6558046576724,11.123083449755592
20251219-095950-dbf8f,66,2,187.9185486051535,14.755722174205042
20251219-095950-dbf8f,66,5,140.74284910201285,11.051396441545378
20251219-095950-dbf8f,66,1,104.83088375909466,8.231520557748514
20251219-095950-dbf8f,66,6,83.86798101127351,6.58547352722539
20251219-095950-dbf8f,66,4,93.16103769557675,7.315182029129801
20251219-095950-dbf8f,66,7,149.9541649133899,11.774686494498747
20251219-095950-dbf8f,67,2,191.60834728628078,15.045452190861681
20251219-095950-dbf8f,67,5,144.40350673547627,11.338838247664073
20251219-095950-dbf8f,67,1,100.70190797436032,7.907305518861771
20251219-095950-dbf8f,67,6,84.20354956146852,6.611823008603529
20251219-095950-dbf8f,67,4,95.58377762591708,7.505420180593867
20251219-095950-dbf8f,67,7,158.60338646771265,12.453839836337789
20251219-095950-dbf8f,68,2,194.9734462303917,15.309686166041764
20251219-095950-dbf8f,68,5,142.58818546308967,11.196295765556341
20251219-095950-dbf8f,68,1,100.42643774117492,7.885675071743494
20251219-095950-dbf8f,68,6,86.67704513244526,6.8060465895931195
20251219-095950-dbf8f,68,4,91.108707779154,7.154029177102542
20251219-095950-dbf8f,68,7,167.54914164410425,13.156277562688295
20251219-095950-dbf8f,69,2,196.74785613844085,15.44901620993937
20251219-095950-dbf8f,69,5,142.98307780703033,11.227303464153206
20251219-095950-dbf8f,69,1,99.18647417309522,7.78831077187779
20251219-095950-dbf8f,69,6,92.72327554554407,7.280808111747981
20251219-095950-dbf8f,69,4,91.66150518268458,7.1974358815799055
20251219-095950-dbf8f,69,7,176.7464103590808,13.87846461089105
20251219-095950-dbf8f,70,2,199.93157841049228,15.699008143545285
20251219-095950-dbf8f,70,5,145.6740752294009,11.438605704569259
20251219-095950-dbf8f,70,1,96.73793896721308,7.5960471262721
20251219-095950-dbf8f,70,6,99.8175823714505,7.837866589043878
20251219-095950-dbf8f,70,4,92.22155275446423,7.241411883070224
20251219-095950-dbf8f,70,7,186.157917710905,14.61747408470197
20251219-095950-dbf8f,71,2,205.00439529392335,16.09733538227787
20251219-095950-dbf8f,71,5,146.62739873369193,11.513462480953878
20251219-095950-dbf8f,71,1,92.4211771941237,7.257086774094343
20251219-095950-dbf8f,71,6,98.06299046316016,7.700092692214565
20251219-095950-dbf8f,71,4,92.78871921443157,7.2859468732131605
20251219-095950-dbf8f,71,7,195.75276529488556,15.370879782563863
20251219-095950-dbf8f,72,2,204.5437102559156,16.06116151609429
20251219-095950-dbf8f,72,5,147.6023707257189,11.590019137807426
20251219-095950-dbf8f,72,1,83.83474986369218,6.582864154255666
20251219-095950-dbf8f,72,6,94.35493813040446,7.408929364082861
20251219-095950-dbf8f,72,4,93.36287482391432,7.331030664681187
20251219-095950-dbf8f,72,7,205.5052747673987,16.13666539205191
20251219-095950-dbf8f,72,8,115.44727339067506,9.065139681882254
20251219-095950-dbf8f,73,2,200.81675847846148,15.768514167586273
20251219-095950-dbf8f,73,5,148.57746422900098,11.666585335956041
20251219-095950-dbf8f,73,1,83.72992209001261,6.574632877907281
20251219-095950-dbf8f,73,6,94.71708315783592,7.437365681046847
20251219-095950-dbf8f,73,4,93.94389143652846,7.376653195176278
20251219-095950-dbf8f,73,7,215.39403157085974,16.913149401337993
20251219-095950-dbf8f,73,8,118.1240989092697,9.27532911743498
20251219-095950-dbf8f,74,2,198.99681174002862,15.625608485079159
20251219-095950-dbf8f,74,5,149.55267686675361,11.743160888770081
20251219-095950-dbf8f,74,1,83.057314396559,6.521818441384105
20251219-095950-dbf8f,74,6,94.06077721248506,7.3858312888180935
20251219-095950-dbf8f,74,4,94.53164254370955,7.422804531005124
20251219-095950-dbf8f,74,7,225.40110416315179,17.698923791599082
20251219-095950-dbf8f,74,8,124.33201743771797,9.762786698210325
20251219-095950-dbf8f,75,2,195.357004763332,15.339803912222875
20251219-095950-dbf8f,75,5,150.52800632349854,11.819745614433781
20251219-095950-dbf8f,75,1,83.1178000768478,6.526567892146066
20251219-095950-dbf8f,75,6,89.94323708949489,7.0625141998614
20251219-095950-dbf8f,75,4,95.12600331510932,7.469474870251138
20251219-095950-dbf8f,75,8,122.88255355047153,9.648972034461027
20251219-095950-dbf8f,76,2,194.12179773833762,15.242813105175191
20251219-095950-dbf8f,76,5,151.50345034310888,11.896339335791765
20251219-095950-dbf8f,76,1,91.6489214632237,7.196447783972399
20251219-095950-dbf8f,76,6,87.88643875392589,6.901010479056315
20251219-095950-dbf8f,76,4,95.72685063409209,7.516654545561713
20251219-095950-dbf8f,76,8,120.19162441049576,9.437675155708602
20251219-095950-dbf8f,77,2,196.80781818929478,15.453724544321277
20251219-095950-dbf8f,77,5,152.47900672692796,11.972941880201327
20251219-095950-dbf8f,77,1,89.45172503136152,7.023919737372619
20251219-095950-dbf8f,77,6,85.20094695656324,6.690140550796859
20251219-095950-dbf8f,77,4,96.33406312856552,7.564334026569104
20251219-095950-dbf8f,77,8,119.75715263650721,9.403559604917607
20251219-095950-dbf8f,78,2,196.62251757339274,15.439174387206641
20251219-095950-dbf8f,78,5,153.45467333195904,12.04955307939028
20251219-095950-dbf8f,78,1,88.39401412863153,6.940866263741845
20251219-095950-dbf8f,78,6,85.21435464333184,6.691193347885942
20251219-095950-dbf8f,78,4,96.9475211973787,7.61250392196326
20251219-095950-dbf8f,78,8,113.87393469840839,8.941598132624154
20251219-095950-dbf8f,78,9,108.7274853557046,8.537489133016466
20251219-095950-dbf8f,79,2,195.4244096621296,15.34509667319416
20251219-095950-dbf8f,79,5,145.54877591313556,11.428766963725671
20251219-095950-dbf8f,79,1,87.47685346764293,6.868849062655998
20251219-095950-dbf8f,79,6,86.8501231489729,6.819637004936899
20251219-095950-dbf8f,79,4,97.567107032519,7.661154981234757
20251219-095950-dbf8f,79,8,117.8317895444733,9.252376429646203
20251219-095950-dbf8f,79,9,110.63247450657533,8.68707250764217
20251219-095950-dbf8f,80,2,195.72632681238147,15.368803782587097
20251219-095950-dbf8f,80,5,141.37134952342205,11.100747491101274
20251219-095950-dbf8f,80,1,87.72044647450267,6.887976449278986
20251219-095950-dbf8f,80,6,90.30859947548424,7.09120314994419
20251219-095950-dbf8f,80,4,98.19270463733507,7.710278096105712
20251219-095950-dbf8f,80,8,119.04076680588129,9.347307625723877
20251219-095950-dbf8f,80,9,112.3883520561218,8.82494735547037
20251219-095950-dbf8f,81,2,196.83800134798727,15.45609458340104
20251219-095950-dbf8f,81,5,146.54647827050988,11.507108452137748
20251219-095950-dbf8f,81,1,87.26323668869827,6.852075466514198
20251219-095950-dbf8f,81,6,95.06884843230304,7.464986960048294
20251219-095950-dbf8f,81,4,98.82419984101014,7.759864301666245
20251219-095950-dbf8f,81,8,121.67505571583445,9.554157005789769
20251219-095950-dbf8f,81,9,111.75054838695715,8.774865797190262
20251219-095950-dbf8f,82,2,198.15607476509777,15.559592217309193
20251219-095950-dbf8f,82,5,148.451894424966,11.656725355897859
20251219-095950-dbf8f,82,1,89.56816125524595,7.0330625313299215
20251219-095950-dbf8f,82,6,100.4422736040755,7.886918533844942
20251219-095950-dbf8f,82,4,99.4614803095046,7.80990477723372
20251219-095950-dbf8f,82,8,114.09838436224177,8.959222347509817
20251219-095950-dbf8f,82,9,116.96014154712772,9.183932969551382
20251219-095950-dbf8f,83,2,197.96104905959962,15.544278427645962
20251219-095950-dbf8f,83,5,148.49512240720162,11.660119699355462
20251219-095950-dbf8f,83,1,92.99555066889555,7.302187672759616
20251219-095950-dbf8f,83,6,103.94338770711138,8.161832678233838
20251219-095950-dbf8f,83,8,105.53903208370062,8.28712571228794
20251219-095950-dbf8f,83,9,115.77057781950586,9.090526161103849
20251219-095950-dbf8f,84,2,199.33867620037591,15.652452333307885
20251219-095950-dbf8f,84,5,145.4502443833847,11.421030080436637
20251219-095950-dbf8f,84,1,97.30074450477404,7.640239688485865
20251219-095950-dbf8f,84,6,102.64068046003514,8.059541625249121
20251219-095950-dbf8f,84,8,102.22343238883312,8.02677851238943
20251219-095950-dbf8f,84,9,118.50224732274093,9.305022050736214
20251219-095950-dbf8f,85,2,198.8836810926105,15.616725251278767
20251219-095950-dbf8f,85,5,144.17049038697553,11.32054136039006
20251219-095950-dbf8f,85,1,103.07511450881034,8.093654213784546
20251219-095950-dbf8f,85,6,104.2596574725831,8.186666782296694
20251219-095950-dbf8f,85,8,109.34063276510008,8.585634634841746
20251219-095950-dbf8f,85,9,120.99484368998546,9.500745462610654
20251219-095950-dbf8f,86,2,199.41089637840912,15.658123199171524
20251219-095950-dbf8f,86,5,145.41837416624767,11.418527570316181
20251219-095950-dbf8f,86,1,107.37763796749532,8.431496546410003
20251219-095950-dbf8f,86,6,104.34578783398463,8.193429902239023
20251219-095950-dbf8f,86,8,116.87424467438333,9.177188183582901
20251219-095950-dbf8f,86,9,122.9122972271006,9.651307564572534
20251219-095950-dbf8f,87,2,198.857738700309,15.61468820524911
20251219-095950-dbf8f,87,5,143.45137894950508,11.2640753613582
20251219-095950-dbf8f,87,1,102.59079398177347,8.055624444007874
20251219-095950-dbf8f,87,6,102.99164522506959,8.087100046725997
20251219-095950-dbf8f,87,8,123.66847232015252,9.710683872398178
20251219-095950-dbf8f,87,9,123.8671583447732,9.726285077287006
20251219-095950-dbf8f,88,2,196.03976310242294,15.393415396765128
20251219-095950-dbf8f,88,5,140.3364840456506,11.019487883728738
20251219-095950-dbf8f,88,1,98.65067458840467,7.746238768494238
20251219-095950-dbf8f,88,6,102.32992841598768,8.0351407831765
20251219-095950-dbf8f,88,8,128.87650389978296,10.11962842648253
20251219-095950-dbf8f,88,9,124.97181865495564,9.81302510776783
20251219-095950-dbf8f,89,2,194.69437838756957,15.287773227766095
20251219-095950-dbf8f,89,5,137.28578260978023,10.779940999409533
20251219-095950-dbf8f,89,1,98.2728712357848,7.716572930027938
20251219-095950-dbf8f,89,6,101.93192825070514,8.003889052531557
20251219-095950-dbf8f,89,8,121.87793386976789,9.570087384652728
20251219-095950-dbf8f,89,9,126.25062290658043,9.913439252045922
20251219-095950-dbf8f,90,2,194.93133205458392,15.306379280785212
20251219-095950-dbf8f,90,5,137.43344492419618,10.791535725440012
20251219-095950-dbf8f,90,1,103.05150458770842,8.091800317833771
20251219-095950-dbf8f,90,6,100.07915466435598,7.8584057434340755
20251219-095950-dbf8f,90,8,113.04624613415135,8.87660645090036
20251219-095950-dbf8f,90,9,127.62881269344216,10.021657337749573
20251219-095950-dbf8f,91,2,196.03379673507342,15.39294690624276
20251219-095950-dbf8f,91,5,138.32673181171924,10.8616783123852
20251219-095950-dbf8f,91,1,104.41293939580997,8.198702770708971
20251219-095950-dbf8f,91,6,97.0429042131283,7.6199935779391375
20251219-095950-dbf8f,91,8,105.45904907588117,8.280845294251503
20251219-095950-dbf8f,91,9,129.65107402086278,10.180449146927263
20251219-095950-dbf8f,92,2,197.1523499908967,15.480777837263096
20251219-095950-dbf8f,92,5,138.69667454168743,10.890726919796741
20251219-095950-dbf8f,92,1,100.16872043979335,7.865438618626444
20251219-095950-dbf8f,92,6,94.1683366601985,7.394277061411863
20251219-095950-dbf8f,92,8,104.3475327035096,8.193566912715806
20251219-095950-dbf8f,92,9,129.1772824815487,10.143246133310459
20251219-095950-dbf8f,93,2,196.99130253517816,15.468132084456444
20251219-095950-dbf8f,93,5,137.42668230222029,10.791004711488561
20251219-095950-dbf8f,93,1,102.78109508074101,8.070567248572159
20251219-095950-dbf8f,93,6,92.09164035348913,7.231210914033365
20251219-095950-dbf8f,93,8,103.79235309043548,8.149973152610105
20251219-095950-dbf8f,93,9,123.78669498420976,9.719966941038669
20251219-095950-dbf8f,94,2,196.5133710730855,15.430603996221956
20251219-095950-dbf8f,94,5,135.60589381320193,10.648032933123046
20251219-095950-dbf8f,94,1,100.5264993744887,7.893532101677125
20251219-095950-dbf8f,94,6,90.87534225615349,7.135704871982088
20251219-095950-dbf8f,94,8,102.85429813527655,8.076315291769848
20251219-095950-dbf8f,94,9,123.94972227617349,9.732768154356275
20251219-095950-dbf8f,95,2,194.52469201909898,15.274449131084385
20251219-095950-dbf8f,95,5,132.87330459663423,10.433464825848956
20251219-095950-dbf8f,95,1,97.81020870144975,7.680243787068208
20251219-095950-dbf8f,95,6,91.05237678084572,7.149605959878897
20251219-095950-dbf8f,95,8,99.1932766277077,7.788844913563693
20251219-095950-dbf8f,95,9,120.39867254056463,9.453932969036035
20251219-095950-dbf8f,96,2,192.6217266382039,15.125024666729791
20251219-095950-dbf8f,96,5,129.78970586116378,10.191334782939057
20251219-095950-dbf8f,96,1,94.47922103539312,7.418688294378077
20251219-095950-dbf8f,96,6,92.31208350715593,7.248520530113615
20251219-095950-dbf8f,96,8,94.31826091648213,7.406049399423816
20251219-095950-dbf8f,96,9,122.9667382099082,9.655582374181071
20251219-095950-dbf8f,97,2,191.37000769343504,15.026737312307919
20251219-095950-dbf8f,97,5,128.5388172822196,10.093112630422496
20251219-095950-dbf8f,97,1,87.85120548984511,6.898243896087655
20251219-095950-dbf8f,97,6,95.55186747966204,7.502914535163053
20251219-095950-dbf8f,97,8,94.1016098428904,7.389037544689987
20251219-095950-dbf8f,97,9,120.51013662496302,9.462685341135506
20251219-095950-dbf8f,98,2,189.93730906513076,14.91423908860653
20251219-095950-dbf8f,98,5,126.53233181863962,9.935559572105849
20251219-095950-dbf8f,98,1,88.24800786893155,6.929401574280272
20251219-095950-dbf8f,98,6,99.00403355937846,7.773985187579283
20251219-095950-dbf8f,98,8,97.72248895377737,7.673355865490202
20251219-095950-dbf8f,98,9,117.93569107774496,9.260534975834489
20251219-095950-dbf8f,99,2,189.25313020171828,14.860516061790321
20251219-095950-dbf8f,99,5,124.75244271313366,9.795799291193271
20251219-095950-dbf8f,99,1,94.39425959865098,7.412016960625268
20251219-095950-dbf8f,99,6,100.13865475221786,7.863077803602416
20251219-095950-dbf8f,99,8,102.69996776554753,8.064196977342311
20251219-095950-dbf8f,99,9,114.51841645426144,8.992204066984009
20251219-095950-dbf8f,100,2,188.0004164259593,14.762150591345259
20251219-095950-dbf8f,100,5,122.97321202463124,9.656090710437228
20251219-095950-dbf8f,100,1,100.2416773724158,7.871167335862978
20251219-095950-dbf8f,100,6,102.11515506623799,8.018276370893343
20251219-095950-dbf8f,100,8,112.1385590894159,8.80533313619749
20251219-095950-dbf8f,100,9,112.08071432905781,8.800791055495969
20251219-095950-dbf8f,101,2,185.4146976834637,14.559115033290436
20251219-095950-dbf8f,101,5,121.19466875133557,9.516436106831842
20251219-095950-dbf8f,101,1,105.95405879618703,8.319714399832515
20251219-095950-dbf8f,101,6,102.53880340335427,8.051542044816712
20251219-095950-dbf8f,101,8,119.5880741162642,9.390283237635877
20251219-095950-dbf8f,101,9,107.71838587277217,8.45825272060903
20251219-095950-dbf8f,102,2,181.86371403539295,14.280285037289497
20251219-095950-dbf8f,102,5,119.41684360745276,9.376837892115047
20251219-095950-dbf8f,102,1,108.11729040573199,8.489575463925624
20251219-095950-dbf8f,102,6,103.0183403260214,8.089196196871796
20251219-095950-dbf8f,102,8,124.95778648650997,9.811923275188647
20251219-095950-dbf8f,102,9,100.74099555355582,7.910374749990641
20251219-095950-dbf8f,103,2,178.08382684012972,13.983481099002748
20251219-095950-dbf8f,103,5,117.63976915107213,9.237298622809995
20251219-095950-dbf8f,103,1,111.21766006781306,8.733022391919551
20251219-095950-dbf8f,103,6,102.91839203161675,8.081348066525072
20251219-095950-dbf8f,103,8,128.17360040797453,10.064435106198875
20251219-095950-dbf8f,103,9,96.9583617595353,7.613355143540811
20251219-095950-dbf8f,104,2,174.26356957095766,13.683507225660774
20251219-095950-dbf8f,104,5,115.86347992356387,9.09782101117083
20251219-095950-dbf8f,104,1,114.39967984994261,8.982880642775797
20251219-095950-dbf8f,104,6,102.93007392736132,8.082265351217586
20251219-095950-dbf8f,104,8,129.51186410625056,10.169518119420081
20251219-095950-dbf8f,104,9,93.17602697766324,7.316359016094103
20251219-095950-dbf8f,105,2,175.2859846281001,13.76378920230384
20251219-095950-dbf8f,105,5,123.50641711600545,9.697958989266484
20251219-095950-dbf8f,105,1,117.65672526934716,9.23863004949606
20251219-095950-dbf8f,105,6,105.60737490090166,8.292492120397766
20251219-095950-dbf8f,105,8,132.07374441595533,10.3706818383513
20251219-095950-dbf8f,105,9,89.39402916229638,7.019389347898862
20251219-095950-dbf8f,106,2,179.81079997635157,14.119086317271801
20251219-095950-dbf8f,106,5,124.7457419121764,9.795273131545892
20251219-095950-dbf8f,106,1,112.56726946875493,8.838996291312723
20251219-095950-dbf8f,106,6,108.89257280928821,8.550452114146365
20251219-095950-dbf8f,106,8,131.6329477148434,10.33606964224191
20251219-095950-dbf8f,106,9,85.61241297075274,6.722449645532712
20251219-095950-dbf8f,107,2,185.18550391234191,14.541118302069203
20251219-095950-dbf8f,107,5,126.19087846682639,9.908748004901838
20251219-095950-dbf8f,107,1,113.60552924759703,8.920522425667006
20251219-095950-dbf8f,107,6,109.74766859550944,8.617595863113506
20251219-095950-dbf8f,107,8,129.49492588629215,10.168188098143911
20251219-095950-dbf8f,107,9,81.83123131028815,6.4255440633740974
20251219-095950-dbf8f,108,2,189.30253910192036,14.864395742693173
20251219-095950-dbf8f,108,5,129.82334555817945,10.193976235988115
20251219-095950-dbf8f,108,1,114.66212425800774,9.003488277308563
20251219-095950-dbf8f,108,6,110.29836862636203,8.660837877895458
20251219-095950-dbf8f,108,8,124.53327982260916,9.778590203812172
20251219-095950-dbf8f,108,9,78.05054733388488,6.128677560315412
20251219-095950-dbf8f,109,2,196.42307098509585,15.423513461410083
20251219-095950-dbf8f,109,5,134.48198055961808,10.559781124874803
20251219-095950-dbf8f,109,1,115.73655233696837,9.087854415441205
20251219-095950-dbf8f,109,6,106.06982176517324,8.328804328533543
20251219-095950-dbf8f,109,8,121.26591328239208,9.522030363037548
20251219-095950-dbf8f,109,9,74.27043704434543,5.831856104241394
20251219-095950-dbf8f,110,2,192.30544400994177,15.100189552656142
20251219-095950-dbf8f,110,5,138.53053790694872,10.877681554965232
20251219-095950-dbf8f,110,1,116.82832147255078,9.173582206351698
20251219-095950-dbf8f,110,6,99.62069818657304,7.822406868041823
20251219-095950-dbf8f,110,8,119.48605783775241,9.38227272524027
20251219-095950-dbf8f,110,9,70.49099273435651,5.535086942149499
20251219-095950-dbf8f,111,2,184.9873019356941,14.525555105548678
20251219-095950-dbf8f,111,5,142.2701534640139,11.171323287556154
20251219-095950-dbf8f,111,1,106.21227051432659,8.339989675494616
20251219-095950-dbf8f,111,6,95.55224032238834,7.502943811483698
20251219-095950-dbf8f,111,8,116.37841031795132,9.138254326003416
20251219-095950-dbf8f,111,9,66.71232759295751,5.238378961858575
20251219-095950-dbf8f,112,2,176.11279972819509,13.828712297958829
20251219-095950-dbf8f,112,5,140.9244442651598,11.06565563945567
20251219-095950-dbf8f,112,1,104.43075167401813,8.200101424702844
20251219-095950-dbf8f,112,6,93.71449531432356,7.358640574962785
20251219-095950-dbf8f,112,8,116.93238812484074,9.181753717999634
20251219-095950-dbf8f,112,9,62.934581966856726,4.941743183659335
20251219-095950-dbf8f,113,2,167.0842112806957,13.119770345472482
20251219-095950-dbf8f,113,5,143.1520743502661,11.240573394444269
20251219-095950-dbf8f,113,1,105.28821185674711,8.26743083058484
20251219-095950-dbf8f,113,6,99.24034229451095,7.79254059931929
20251219-095950-dbf8f,113,8,118.2301068180568,9.283653060238612
20251219-095950-dbf8f,113,9,59.15793201333096,4.6451934397565
20251219-095950-dbf8f,114,2,159.67320949978824,12.53784437742246
20251219-095950-dbf8f,114,5,145.44188721699953,11.42037385982266
20251219-095950-dbf8f,114,1,103.57749151076536,8.133101812345634
20251219-095950-dbf8f,114,6,107.2391278536431,8.420620468590696
20251219-095950-dbf8f,114,8,117.39774078807311,9.21829409500154
20251219-095950-dbf8f,114,9,55.38260188112075,4.348747330735887
20251219-095950-dbf8f,115,2,156.51368652479363,12.289752618689283
20251219-095950-dbf8f,115,5,147.790992590276,11.604830085689068
20251219-095950-dbf8f,115,1,94.73398316708068,7.43869270194504
20251219-095950-dbf8f,115,6,113.17164001209325,8.886452616906805
20251219-095950-dbf8f,115,8,116.78835075570194,9.170443629573072
20251219-095950-dbf8f,115,9,51.608881216603635,4.052427600182456
20251219-095950-dbf8f,116,2,157.28819628943117,12.35056859983127
20251219-095950-dbf8f,116,5,150.1966084554306,11.793723622955925
20251219-095950-dbf8f,116,1,91.44669956060193,7.180568935211729
20251219-095950-dbf8f,116,6,113.61635081012902,8.921372155357865
20251219-095950-dbf8f,116,8,119.04701675078448,9.347798383295602
20251219-095950-dbf8f,116,9,47.83715091865567,3.7562641570010653
20251219-095950-dbf8f,117,2,164.3663153002386,12.90635597906909
20251219-095950-dbf8f,117,5,152.65606329041486,11.986844698626248
20251219-095950-dbf8f,117,1,88.41337823135727,6.942386769951023
20251219-095950-dbf8f,117,6,113.93272757686022,8.946214661363314
20251219-095950-dbf8f,117,8,120.00870395514993,9.423311893331913
20251219-095950-dbf8f,117,9,44.06792205081748,3.4602971308738293
20251219-095950-dbf8f,118,2,172.50535395917422,13.545448788734793
20251219-095950-dbf8f,118,5,155.16679700972975,12.183992289913055
20251219-095950-dbf8f,118,1,85.19388721168525,6.689586206189508
20251219-095950-dbf8f,118,6,117.27820542488746,9.20890795072652
20251219-095950-dbf8f,118,8,120.92117071994642,9.494960520753057
20251219-095950-dbf8f,119,2,172.47103208076268,13.542753769503873
20251219-095950-dbf8f,119,5,157.7263608161569,12.384974112597025
20251219-095950-dbf8f,119,1,85.07968607664678,6.680618915663296
20251219-095950-dbf8f,119,6,117.44663855706222,9.222133640908515
20251219-095950-dbf8f,119,8,119.71652096080166,9.400369128391295
20251219-095950-dbf8f,120,2,171.3270071887144,13.452922757117177
20251219-095950-dbf8f,120,5,160.33241614058167,12.589606537779375
20251219-095950-dbf8f,120,1,89.55390721615395,7.031943277045216
20251219-095950-dbf8f,120,6,115.87285224866211,9.0985569439795
20251219-095950-dbf8f,120,8,120.78279112041338,9.48409469116655
20251219-095950-dbf8f,121,2,165.79346382500117,13.018418398074735
20251219-095950-dbf8f,121,5,162.98273283315353,12.797714449848337
20251219-095950-dbf8f,121,1,91.39090664842944,7.176187969535812
20251219-095950-dbf8f,121,6,114.26473047874522,8.972284161248279
20251219-095950-dbf8f,121,8,122.04461338025907,9.583175377121785
20251219-095950-dbf8f,122,2,156.2956771788443,12.272634109824212
20251219-095950-dbf8f,122,5,165.6751867515708,13.009131057106687
20251219-095950-dbf8f,122,1,93.72172551813178,7.359208304329837
20251219-095950-dbf8f,122,6,105.349540400102,8.272246464559295
20251219-095950-dbf8f,122,8,123.99518630879923,9.736338076747248
20251219-095950-dbf8f,123,2,154.78761730108803,12.154218377351773
20251219-095950-dbf8f,123,5,168.4077568750648,13.223697665156282
20251219-095950-dbf8f,123,1,89.12503024089611,6.998267040501292
20251219-095950-dbf8f,123,6,92.9241993198748,7.296585029004012
20251219-095950-dbf8f,123,8,125.70308213819094,9.870445308566813
20251219-095950-dbf8f,124,2,150.4907908604578,11.816823385429302
20251219-095950-dbf8f,124,5,171.17852205616305,13.44126342184032
20251219-095950-dbf8f,124,1,89.53296137358821,7.030298569612667
20251219-095950-dbf8f,124,6,74.92556885222417,5.88329830096065
20251219-095950-dbf8f,124,8,124.0479543968601,9.740481527475607
20251219-095950-dbf8f,125,2,153.814449123846,12.077803359469035
20251219-095950-dbf8f,125,5,173.98565750685307,13.661685041330244
20251219-095950-dbf8f,125,1,90.44709064665007,7.1020777403477
20251219-095950-dbf8f,125,6,66.61939787031112,5.231081943127458
20251219-095950-dbf8f,125,8,116.68649627429421,9.162445821794085
20251219-095950-dbf8f,126,2,155.14912595710828,12.1826047252211
20251219-095950-dbf8f,126,1,88.90289351662686,6.980824442033313
20251219-095950-dbf8f,126,6,58.3148304864231,4.5789915028639365
20251219-095950-dbf8f,126,8,112.57813734046438,8.839849657288354
20251219-095950-dbf8f,127,2,162.4344463728606,12.754661953221408
20251219-095950-dbf8f,127,1,80.12335348044653,6.29143824491347
20251219-095950-dbf8f,127,6,50.012665535859306,3.9270897062385104
20251219-095950-dbf8f,127,8,109.91356702276686,8.630622523440111
20251219-095950-dbf8f,128,2,167.2628622449682,13.133798359282325
20251219-095950-dbf8f,128,1,76.06023121778895,5.972394149944559
20251219-095950-dbf8f,128,6,41.71433747079315,3.27548918916658
20251219-095950-dbf8f,128,8,112.52629950804764,8.835779252004086
20251219-095950-dbf8f,129,2,169.7634707778357,13.330150901654118
20251219-095950-dbf8f,129,1,99.1155906757618,7.7827448647273165
20251219-095950-dbf8f,129,6,33.422704327099645,2.624414370065852
20251219-095950-dbf8f,129,8,120.23128177273655,9.440789127286875
20251219-095950-dbf8f,130,2,168.88051242829263,13.260819331173401
20251219-095950-dbf8f,130,1,122.71352310800788,9.635699442338058
20251219-095950-dbf8f,130,6,25.144390144329492,1.9743853811319318
20251219-095950-dbf8f,130,8,124.34654221265426,9.76392721118892
20251219-095950-dbf8f,130,10,108.92433380191999,8.552946047750739
20251219-095950-dbf8f,131,2,168.09109309879645,13.1988326226156
20251219-095950-dbf8f,131,1,139.41403916118458,10.947055755355946
20251219-095950-dbf8f,131,6,16.89897997536546,1.326940078000947
20251219-095950-dbf8f,131,8,127.87878745212235,10.04128583167435
20251219-095950-dbf8f,131,10,112.2655485429796,8.815304589839235
20251219-095950-dbf8f,132,2,171.04063630032772,13.43043636980108
20251219-095950-dbf8f,132,1,150.66490506083812,11.830495163901762
20251219-095950-dbf8f,132,6,8.77967368239685,0.689396691275184
20251219-095950-dbf8f,132,8,130.37881224486566,10.237592537660333
20251219-095950-dbf8f,132,10,112.87481337861178,8.863145224581421
20251219-095950-dbf8f,133,2,156.3602087531714,12.27770125188817
20251219-095950-dbf8f,133,1,161.91638113193147,12.713982484270607
20251219-095950-dbf8f,133,6,2.600344787708167,0.2041840229682981
20251219-095950-dbf8f,133,8,130.90783505550786,10.279132415844767
20251219-095950-dbf8f,133,10,114.20048298030265,8.967239325363568
20251219-095950-dbf8f,134,2,155.23053079286998,12.188996787894276
20251219-095950-dbf8f,134,1,173.1683484382896,13.5975083773676
20251219-095950-dbf8f,134,6,8.63787551106002,0.6782624289227596
20251219-095950-dbf8f,134,8,130.3400922485719,10.23455216984067
20251219-095950-dbf8f,134,10,116.4291715583866,9.142240195235809
20251219-095950-dbf8f,135,2,163.37877241179606,12.828812231497967
20251219-095950-dbf8f,135,1,163.60804589934895,12.846815222205127
20251219-095950-dbf8f,135,6,16.752193019369134,1.3154140867799842
20251219-095950-dbf8f,135,8,130.64773996709215,10.258709254363238
20251219-095950-dbf8f,135,10,106.71162573686509,8.379199998183402
20251219-095950-dbf8f,136,2,165.40192403536236,12.987673948423858
20251219-095950-dbf8f,136,1,155.8420856953669,12.23701724304625
20251219-095950-dbf8f,136,6,24.99662028866802,1.9627822107581305
20251219-095950-dbf8f,136,8,129.77589405090868,10.19025025330449
20251219-095950-dbf8f,136,10,104.89406363821321,8.236481562131493
20251219-095950-dbf8f,137,2,167.803821996973,13.176275548826725
20251219-095950-dbf8f,137,1,148.38383437905694,11.651381151528188
20251219-095950-dbf8f,137,6,33.27458576808312,2.6127838188407906
20251219-095950-dbf8f,137,8,127.243113116065,9.991371472683408
20251219-095950-dbf8f,137,10,103.07824998337988,8.093900417216702
20251219-095950-dbf8f,137,11,107.53173010657451,8.4435961545134
20251219-095950-dbf8f,138,2,174.82075954934112,13.727258843477665
20251219-095950-dbf8f,138,1,139.81374621471838,10.978441514115755
20251219-095950-dbf8f,138,6,41.56605667492659,3.263845898795206
20251219-095950-dbf8f,138,8,127.25021770788025,9.991929338757647
20251219-095950-dbf8f,138,10,101.26427882871957,7.951463948923038
20251219-095950-dbf8f,138,11,113.85875675047231,8.940406331258181
20251219-095950-dbf8f,139,2,181.62650821273078,14.26165918452889
20251219-095950-dbf8f,139,1,136.63938311015036,10.729184480157542
20251219-095950-dbf8f,139,6,49.86429638782563,3.91543947828678
20251219-095950-dbf8f,139,8,126.51987033996308,9.934581073077435
20251219-095950-dbf8f,139,10,99.45225099378621,7.809180073793802
20251219-095950-dbf8f,139,11,117.98950495917902,9.26476054424937
20251219-095950-dbf8f,140,2,183.24379309410833,14.388651472215678
20251219-095950-dbf8f,140,1,129.76775338896454,10.18961103303138
20251219-095950-dbf8f,140,8,125.06047987950213,9.819986955902266
20251219-095950-dbf8f,140,10,97.64227466997744,7.6670572872235
20251219-095950-dbf8f,140,11,119.35800773523661,9.372217987423666
20251219-095950-dbf8f,141,2,178.44441961492538,14.011795530134773
20251219-095950-dbf8f,141,1,123.68831094067207,9.712241638647857
20251219-095950-dbf8f,141,8,123.89296911917026,9.728311788428247
20251219-095950-dbf8f,141,10,95.83446609487352,7.525104716408213
20251219-095950-dbf8f,141,11,115.10818968700403,9.038514183961432
20251219-095950-dbf8f,142,2,178.5019269116225,14.01631111254721
20251219-095950-dbf8f,142,1,119.87841394801035,9.413081273940177
20251219-095950-dbf8f,142,8,123.24570800867205,9.677487613850639
20251219-095950-dbf8f,142,10,94.02895030051907,7.383332179102108
20251219-095950-dbf8f,142,11,103.01975464313185,8.089307251743724
20251219-095950-dbf8f,143,2,179.07235367844507,14.061102108191017
20251219-095950-dbf8f,143,1,116.79119297270749,9.170666805863034
20251219-095950-dbf8f,143,8,125.42485932979675,9.848598724003105
20251219-095950-dbf8f,143,10,92.22586194507149,7.241750248920048
20251219-095950-dbf8f,143,11,105.68795185515515,8.29881917623889
20251219-095950-dbf8f,143,12,140.5945416657391,11.039751059318515
20251219-095950-dbf8f,144,2,179.95854991650987,14.13068792384238
20251219-095950-dbf8f,144,1,115.53457567440711,9.071994823396944
20251219-095950-dbf8f,144,8,126.13359187288663,9.904249752490056
20251219-095950-dbf8f,144,10,90.42534623860261,7.10037032803331
20251219-095950-dbf8f,144,11,109.36421545680318,8.58748639268829
20251219-095950-dbf8f,144,12,145.0324943373626,11.38822755155847
20251219-095950-dbf8f,145,2,179.12497612423545,14.06523412281104
20251219-095950-dbf8f,145,1,113.7934557544513,8.935278772738082
20251219-095950-dbf8f,145,8,125.65746125065887,9.866863069629995
20251219-095950-dbf8f,145,10,88.62755997542087,6.959204728229477
20251219-095950-dbf8f,145,11,113.95102111067065,8.947651104463235
20251219-095950-dbf8f,145,12,144.81819455121996,11.371400324391255
20251219-095950-dbf8f,146,2,178.3102022222317,14.001256524952824
20251219-095950-dbf8f,146,1,115.69655966362808,9.084714114597071
20251219-095950-dbf8f,146,8,126.36549969486902,9.922459596151564
20251219-095950-dbf8f,146,10,86.8326726871191,6.818266761451956
20251219-095950-dbf8f,146,11,119.34342854294455,9.371073201490702
20251219-095950-dbf8f,146,12,143.08187022033565,11.235060832515577
20251219-095950-dbf8f,147,2,173.5361261996447,13.626386987322222
20251219-095950-dbf8f,147,1,114.05933151634106,8.956155843705375
20251219-095950-dbf8f,147,8,126.93517987467403,9.967191968361485
20251219-095950-dbf8f,147,10,85.04086793269323,6.677570841102544
20251219-095950-dbf8f,147,11,125.4375852571441,9.849597988044575
20251219-095950-dbf8f,147,13,100.98865344775133,7.9298213193055
20251219-095950-dbf8f,147,12,141.05219451022015,11.075686831894037
20251219-095950-dbf8f,148,2,167.0206001022267,13.114775474643446
20251219-095950-dbf8f,148,1,112.71607385411814,8.850680694928123
20251219-095950-dbf8f,148,8,126.44549144048433,9.928740700296368
20251219-095950-dbf8f,148,10,83.252344744572,6.53713259558644
20251219-095950-dbf8f,148,11,132.1364324796142,10.375604224448123
20251219-095950-dbf8f,148,13,101.67905963393072,7.984033327360228
20251219-095950-dbf8f,148,12,135.68932460835364,10.654584077984314
20251219-095950-dbf8f,149,2,162.6203047354757,12.769255905669729
20251219-095950-dbf8f,149,1,116.37509553693748,9.137994043087911
20251219-095950-dbf8f,149,8,124.63216014183728,9.786354474714948
20251219-095950-dbf8f,149,11,139.3527929977507,10.942246590009713
20251219-095950-dbf8f,149,13,103.14355798867898,8.09902852611866
20251219-095950-dbf8f,149,12,131.82205782924254,10.350918928430625
20251219-095950-dbf8f,150,2,162.0372684271705,12.72347478482411
20251219-095950-dbf8f,150,1,115.69351231664513,9.08447483111078
20251219-095950-dbf8f,150,8,123.1089923026353,9.66675243634899
20251219-095950-dbf8f,150,11,147.0104764247985,11.543542470518833
20251219-095950-dbf8f,150,13,102.51472431675823,8.049651309098193
20251219-095950-dbf8f,150,12,129.15046790719072,10.141140601885366
20251219-095950-dbf8f,151,2,162.5193834843663,12.761331376910343
20251219-095950-dbf8f,151,1,116.08708326253779,9.115378771017392
20251219-095950-dbf8f,151,8,122.85163899477823,9.646544564696413
20251219-095950-dbf8f,151,11,155.04410525897617,12.174358300077436
20251219-095950-dbf8f,151,13,103.06968765577277,8.093228086953017
20251219-095950-dbf8f,151,12,117.58985246539986,9.23337906962536
20251219-095950-dbf8f,151,14,132.27467102950905,10.386458978548527
20251219-095950-dbf8f,152,2,158.76529111484405,12.466552897446
20251219-095950-dbf8f,152,1,112.01029558461228,8.795261641626995
20251219-095950-dbf8f,152,8,122.5722576682838,9.62460701108602
20251219-095950-dbf8f,152,11,163.39823777202955,12.830340688639415
20251219-095950-dbf8f,152,13,102.82378398920333,8.073919262930856
20251219-095950-dbf8f,152,12,105.17982437387704,8.258920039094253
20251219-095950-dbf8f,152,14,136.34519563614847,10.706084319658624
20251219-095950-dbf8f,153,2,156.8904440169993,12.319336334204872
20251219-095950-dbf8f,153,1,116.12662693509378,9.118483815465186
20251219-095950-dbf8f,153,8,123.69315311764738,9.71262185560194
20251219-095950-dbf8f,153,11,172.0261863001993,13.507823631967781
20251219-095950-dbf8f,153,13,104.94958538054551,8.240841235035335
20251219-095950-dbf8f,153,12,94.16013520645933,7.393633067651279
20251219-095950-dbf8f,153,14,136.925783442297,10.751673179453721
20251219-095950-dbf8f,154,2,154.29051974212754,12.115185330705012
20251219-095950-dbf8f,154,1,113.45327109698135,8.908566825829102
20251219-095950-dbf8f,154,8,122.45884743142393,9.615701823390413
20251219-095950-dbf8f,154,11,180.88877403950482,14.203730892833685
20251219-095950-dbf8f,154,13,107.64622031838714,8.45258614389823
20251219-095950-dbf8f,154,12,87.99068783764106,6.90919631556705
20251219-095950-dbf8f,154,14,132.48362227778605,10.402866228340601
20251219-095950-dbf8f,155,2,146.53364152008825,11.506100486057512
20251219-095950-dbf8f,155,1,111.2962649076187,8.739194593579947
20251219-095950-dbf8f,155,8,121.51878039505306,9.541885970103024
20251219-095950-dbf8f,155,11,189.9531613545222,14.915483840547312
20251219-095950-dbf8f,155,13,108.11184871194585,8.489148171770264
20251219-095950-dbf8f,155,12,86.03287247551773,6.755464926269325
20251219-095950-dbf8f,155,14,129.89915949544687,10.19992929066821
20251219-095950-dbf8f,156,2,145.8226339880871,11.450270821110385
20251219-095950-dbf8f,156,1,110.02564108401876,8.639422792083323
20251219-095950-dbf8f,156,8,119.11271504854298,9.352957138704465
20251219-095950-dbf8f,156,13,108.42117230780435,8.513436849371773
20251219-095950-dbf8f,156,12,101.18823020179349,7.945492465964169
20251219-095950-dbf8f,156,14,123.96270545019456,9.733787617896285
20251219-095950-dbf8f,157,2,144.89231485501492,11.377220391746949
20251219-095950-dbf8f,157,1,115.0247498733488,9.0319623309501
20251219-095950-dbf8f,157,8,116.99982990671532,9.187049375100337
20251219-095950-dbf8f,157,13,108.78259735411653,8.541816632047658
20251219-095950-dbf8f,157,12,112.54171583235384,8.836989771136436
20251219-095950-dbf8f,157,14,122.00846421092977,9.580336875529415
20251219-095950-dbf8f,158,2,140.80615659228906,11.056367466199386
20251219-095950-dbf8f,158,1,118.32156137427766,9.290834246093745
20251219-095950-dbf8f,158,8,113.1463914120202,8.884470048763687
20251219-095950-dbf8f,158,13,104.67524001109109,8.2192991143586
20251219-095950-dbf8f,158,12,116.68244013788552,9.162127326241668
20251219-095950-dbf8f,158,14,120.05655245581359,9.427069048692498
20251219-095950-dbf8f,159,2,137.42129042304524,10.790581330871298
20251219-095950-dbf8f,159,1,122.33582236500133,9.606041660973933
20251219-095950-dbf8f,159,8,113.81038972335492,8.936608460213337
20251219-095950-dbf8f,159,13,105.28318372238499,8.267036011902741
20251219-095950-dbf8f,159,12,128.2899494599245,10.073571055249934
20251219-095950-dbf8f,159,14,118.10708568044957,9.273993206320194
20251219-095950-dbf8f,160,2,135.67218419853262,10.653238180375226
20251219-095950-dbf8f,160,1,117.73437465211535,9.244727226850985
20251219-095950-dbf8f,160,8,113.60327135707836,8.920345131805167
20251219-095950-dbf8f,160,13,99.90527291075972,7.844752217125605
20251219-095950-dbf8f,160,12,141.3308740026459,11.097569276157287
20251219-095950-dbf8f,160,14,116.16018698405382,9.12111901439729
20251219-095950-dbf8f,161,2,134.2833786131829,10.544186521965159
20251219-095950-dbf8f,161,1,107.45472884662175,8.437549868995763
20251219-095950-dbf8f,161,8,112.64400663695811,8.845021839843435
20251219-095950-dbf8f,161,13,103.25584466706557,8.107845489864046
20251219-095950-dbf8f,161,12,155.44486571867415,12.20582677429461
20251219-095950-dbf8f,161,14,114.21598769130085,8.968456784787232
20251219-095950-dbf8f,162,2,139.91670670337263,10.986526167689227
20251219-095950-dbf8f,162,1,100.3863541714966,7.882527633545861
20251219-095950-dbf8f,162,8,112.32549393241852,8.820011615935119
20251219-095950-dbf8f,162,13,103.95246509495493,8.1625454520078
20251219-095950-dbf8f,162,12,170.3654370119261,13.377418436309007
20251219-095950-dbf8f,162,14,112.27462803463736,8.816017528808693
20251219-095950-dbf8f,163,2,140.65182948147537,11.044249407668085
20251219-095950-dbf8f,163,1,99.80803969910785,7.83711728024529
20251219-095950-dbf8f,163,8,113.42918354629086,8.906675425493773
20251219-095950-dbf8f,163,13,104.90286580885011,8.237172725326463
20251219-095950-dbf8f,163,12,185.89847631504554,14.597102252404383
20251219-095950-dbf8f,163,14,110.33625790383105,8.663813016091575
20251219-095950-dbf8f,164,2,125.25545687544228,9.835296920798275
20251219-095950-dbf8f,164,1,106.5391103349977,8.365653760413787
20251219-095950-dbf8f,164,8,109.37026914692294,8.587961739960813
20251219-095950-dbf8f,164,13,105.11180289581485,8.25357886314534
20251219-095950-dbf8f,164,12,201.9026755203348,15.853782440958188
20251219-095950-dbf8f,164,14,108.40103767037019,8.511855839310435
20251219-095950-dbf8f,165,2,131.99161499058465,10.364232879522637
20251219-095950-dbf8f,165,1,114.44785889175905,8.986663752856945
20251219-095950-dbf8f,165,8,109.25221124653073,8.578691608876959
20251219-095950-dbf8f,165,13,104.6656549009598,8.21854647326406
20251219-095950-dbf8f,165,12,218.274420824582,17.139323048894173
20251219-095950-dbf8f,165,14,106.46913909529404,8.360159485469053
20251219-095950-dbf8f,165,15,118.5009599641694,9.304920964890453
20251219-095950-dbf8f,166,2,138.290533048358,10.85883591657503
20251219-095950-dbf8f,166,1,120.11389808077513,9.431571936332487
20251219-095950-dbf8f,166,8,107.77477400133955,8.462680423809376
20251219-095950-dbf8f,166,13,108.7351685977013,8.53809243580452
20251219-095950-dbf8f,166,12,234.936886649089,18.447691585521266
20251219-095950-dbf8f,166,14,104.54074633013136,8.208738414496034
20251219-095950-dbf8f,166,15,123.63154643066628,9.707784381260455
20251219-095950-dbf8f,167,2,147.200259449727,11.558444594923325
20251219-095950-dbf8f,167,1,121.05275202581012,9.505292535378839
20251219-095950-dbf8f,167,8,107.26847638493369,8.422924971137993
20251219-095950-dbf8f,167,13,107.17101850523134,8.415272392894659
20251219-095950-dbf8f,167,12,251.8323731144392,19.774357346465273
20251219-095950-dbf8f,167,14,102.61605702187366,8.05760814600941
20251219-095950-dbf8f,167,15,123.77757776209369,9.719251039401795
20251219-095950-dbf8f,167,16,149.7747552240852,11.760598904155001
20251219-095950-dbf8f,168,2,152.77229006473792,11.995971046205264
20251219-095950-dbf8f,168,1,125.25391160969484,9.835175583590088
20251219-095950-dbf8f,168,8,104.87301859544044,8.234829065309842
20251219-095950-dbf8f,168,13,105.71364281406159,8.300836479239718
20251219-095950-dbf8f,168,12,268.9169632183073,21.11587188509947
20251219-095950-dbf8f,168,14,100.69528353433307,7.906785355219984
20251219-095950-dbf8f,168,15,115.4477793309527,9.065179409276004
20251219-095950-dbf8f,168,16,152.15933416570263,11.947840582138044
20251219-095950-dbf8f,169,2,143.29192511418344,11.251554742658865
20251219-095950-dbf8f,169,1,128.47564393090323,10.08815213861497
20251219-095950-dbf8f,169,8,107.36153677266188,8.430232249940078
20251219-095950-dbf8f,169,13,96.81525106437726,7.602117819319314
20251219-095950-dbf8f,169,12,286.1567884616505,22.469575782404064
20251219-095950-dbf8f,169,14,98.77865429985765,7.756287979070587
20251219-095950-dbf8f,169,15,110.345321841152,8.664524733704898
20251219-095950-dbf8f,169,16,146.72067209670163,11.520786482980505
20251219-095950-dbf8f,170,2,151.9729974840812,11.933209071170776
20251219-095950-dbf8f,170,1,126.22626055361866,9.911526273713116
20251219-095950-dbf8f,170,8,112.00462150164569,8.794816101830792
20251219-095950-dbf8f,170,13,92.19721823540846,7.239501090308705
20251219-095950-dbf8f,170,12,303.52539856960607,23.833392112443843
20251219-095950-dbf8f,170,15,106.54866870887993,8.366404302127153
20251219-095950-dbf8f,170,16,143.64688534562407,11.279426895764063
20251219-095950-dbf8f,171,2,160.69072261179784,12.617741444001934
20251219-095950-dbf8f,171,1,129.1408238292113,10.140383330523138
20251219-095950-dbf8f,171,8,117.85291933501844,9.254035581024274
20251219-095950-dbf8f,171,13,90.33265536725838,7.093092064361136
20251219-095950-dbf8f,171,12,321.00188954118903,25.205679453266825
20251219-095950-dbf8f,171,15,106.52669007596346,8.364678498030157
20251219-095950-dbf8f,171,16,139.26112561169492,10.935048692350783
20251219-095950-dbf8f,172,2,165.99956211698898,13.03460162830785
20251219-095950-dbf8f,172,1,128.9590639901786,10.126111201948804
20251219-095950-dbf8f,172,8,123.2021832252329,9.674069964997518
20251219-095950-dbf8f,172,13,88.72349046455898,6.966737372858038
20251219-095950-dbf8f,172,12,338.56955580679767,26.58512605174575
20251219-095950-dbf8f,172,15,109.91721903785205,8.630909286616887
20251219-095950-dbf8f,172,16,136.31235591891533,10.703505682544998
20251219-095950-dbf8f,173,2,169.6937361797183,13.324675208257228
20251219-095950-dbf8f,173,1,129.05696299708882,10.133798418340268
20251219-095950-dbf8f,173,8,126.463500058258,9.930154771246693
20251219-095950-dbf8f,173,13,87.66890650125596,6.883929432463779
20251219-095950-dbf8f,173,12,356.21490798032846,27.97067269560422
20251219-095950-dbf8f,173,15,114.24382861465386,8.97064290708926
20251219-095950-dbf8f,173,16,136.3246777046636,10.704473212618753
20251219-095950-dbf8f,174,2,170.78837300938127,13.410628175966115
20251219-095950-dbf8f,174,1,131.32768559373014,10.312099879369166
20251219-095950-dbf8f,174,8,128.24870286865047,10.07033229438258
20251219-095950-dbf8f,174,13,83.48123509765527,6.555105501845678
20251219-095950-dbf8f,174,15,116.74897027023313,9.16735139888602
20251219-095950-dbf8f,174,16,132.64405119427533,10.415463412269466
20251219-095950-dbf8f,175,2,164.51902727263635,12.918347213857258
20251219-095950-dbf8f,175,1,131.18992428943392,10.301282599501693
20251219-095950-dbf8f,175,8,128.12027051323685,10.060247541340749
20251219-095950-dbf8f,175,13,83.35482590092214,6.5451796110748965
20251219-095950-dbf8f,175,15,115.30336421526476,9.053839659471294
20251219-095950-dbf8f,175,16,125.56399803722209,9.859524160186417
20251219-095950-dbf8f,176,2,152.71909569115928,11.991794122726537
20251219-095950-dbf8f,176,1,132.11856834061373,10.374201498246114
20251219-095950-dbf8f,176,8,128.45607826479682,10.086615805265428
20251219-095950-dbf8f,176,13,85.28024209300075,6.696366955862897
20251219-095950-dbf8f,176,15,112.59344017693135,8.841051265139521
20251219-095950-dbf8f,176,16,121.29698496741949,9.5244701708966
20251219-095950-dbf8f,177,2,150.06872157605727,11.783681701731194
20251219-095950-dbf8f,177,1,130.39268203182283,10.238681619735917
20251219-095950-dbf8f,177,8,129.00690847692678,10.129868042129104
20251219-095950-dbf8f,177,13,86.34321355590929,6.779833498693339
20251219-095950-dbf8f,177,15,112.04533673638586,8.798013139571573
20251219-095950-dbf8f,177,16,119.46579713558931,9.380681816336427
20251219-095950-dbf8f,178,2,156.05789038238265,12.253962637894878
20251219-095950-dbf8f,178,1,128.3051408630882,10.074763913145997
20251219-095950-dbf8f,178,8,128.33076334090762,10.076775838881504
20251219-095950-dbf8f,178,13,79.1459219240079,6.214688458380085
20251219-095950-dbf8f,178,15,108.41940312404014,8.51329792969464
20251219-095950-dbf8f,178,16,123.12684889345985,9.668154569853858
20251219-095950-dbf8f,179,2,161.6660509056837,12.694326078355727
20251219-095950-dbf8f,179,1,126.27278165272045,9.91517919897611
20251219-095950-dbf8f,179,8,126.63049551583043,9.943267572482032
20251219-095950-dbf8f,179,13,68.75382838105614,5.398681490114574
20251219-095950-dbf8f,179,15,102.3314525049075,8.03526045753987
20251219-095950-dbf8f,179,16,128.68925046445239,10.10492493026881
20251219-095950-dbf8f,180,2,164.55119797413073,12.92087331858148
20251219-095950-dbf8f,180,1,122.94888870327112,9.65418079694009
20251219-095950-dbf8f,180,8,123.74820920304904,9.716944964237124
20251219-095950-dbf8f,180,13,65.40597874339325,5.135801963314036
20251219-095950-dbf8f,180,15,100.03002195799503,7.854547749797415
20251219-095950-dbf8f,180,16,130.66412175757836,10.259995583737984
20251219-095950-dbf8f,181,2,151.16064297968816,11.869421449018724
20251219-095950-dbf8f,181,1,117.37077057518063,9.21617634254243
20251219-095950-dbf8f,181,8,120.94631122666516,9.49693460120022
20251219-095950-dbf8f,181,13,60.6325790029617,4.760985528645709
20251219-095950-dbf8f,181,15,96.5330248814938,7.579956882169545
20251219-095950-dbf8f,181,16,135.09761524293754,10.608121932183579
20251219-095950-dbf8f,182,2,140.32324412178102,11.018448259701854
20251219-095950-dbf8f,182,1,114.10645500720436,8.959856069916246
20251219-095950-dbf8f,182,8,127.13211422233039,9.982655628240433
20251219-095950-dbf8f,182,13,68.6842608986128,5.393218918958548
20251219-095950-dbf8f,182,15,98.13271120705224,7.705567297751308
20251219-095950-dbf8f,182,16,137.66239151368237,10.809513047488663
20251219-095950-dbf8f,183,2,134.33263828379614,10.548054485076609
20251219-095950-dbf8f,183,1,109.8262431873752,8.62376568964808
20251219-095950-dbf8f,183,8,123.4116428509254,9.690517133552047
20251219-095950-dbf8f,183,13,79.26363617520818,6.2239316054751885
20251219-095950-dbf8f,183,15,99.46061463160302,7.8098368025569105
20251219-095950-dbf8f,183,16,134.3614306291522,10.550315314845525
20251219-095950-dbf8f,184,2,125.74365913779006,9.873631491821163
20251219-095950-dbf8f,184,1,105.73847075587193,8.302786016495247
20251219-095950-dbf8f,184,8,122.97103259546729,9.655919577510328
20251219-095950-dbf8f,184,13,88.45016093209962,6.945275017635989
20251219-095950-dbf8f,184,15,95.75099841450216,7.51855067524928
20251219-095950-dbf8f,184,16,135.69291536109264,10.654866030725042
20251219-095950-dbf8f,185,2,121.44182194320602,9.535843045959343
20251219-095950-dbf8f,185,1,102.71208175542239,8.065148190888506
20251219-095950-dbf8f,185,8,121.44203029492182,9.535859406132703
20251219-095950-dbf8f,185,13,93.58945873117821,7.34882246442394
20251219-095950-dbf8f,185,15,92.77379032000982,7.284774628003253
20251219-095950-dbf8f,185,16,138.80945683316293,10.899582800025357
20251219-095950-dbf8f,186,2,123.16680171061982,9.671291741114839
20251219-095950-dbf8f,186,1,99.20275190620664,7.7895889304693755
20251219-095950-dbf8f,186,8,121.26663348286942,9.522086914550064
20251219-095950-dbf8f,186,13,98.90722481598344,7.766383580754551
20251219-095950-dbf8f,186,15,93.45853856897644,7.338542364057104
20251219-095950-dbf8f,186,16,137.85084878873732,10.824311071489271
20251219-095950-dbf8f,187,2,130.01712206115516,10.209191935891196
20251219-095950-dbf8f,187,1,97.88036406437321,7.6857525197186725
20251219-095950-dbf8f,187,8,122.4115311022027,9.611986455144574
20251219-095950-dbf8f,187,13,101.58884943618925,7.9769498509017644
20251219-095950-dbf8f,187,15,90.10205209662402,7.074984656554931
20251219-095950-dbf8f,187,16,139.66018246592876,10.966383396223783
20251219-095950-dbf8f,188,2,130.7580765331523,10.26737309157635
20251219-095950-dbf8f,188,1,95.63446245674149,7.5094000499981535
20251219-095950-dbf8f,188,8,122.59299592454134,9.62623541844647
20251219-095950-dbf8f,188,13,105.83274780062695,8.310188829523211
20251219-095950-dbf8f,188,15,95.17928235705516,7.4736584420512395
20251219-095950-dbf8f,188,16,141.61042438896465,11.119520104666922
20251219-095950-dbf8f,189,2,136.2681995161713,10.700038437741656
20251219-095950-dbf8f,189,1,92.76037420810906,7.2837211693567525
20251219-095950-dbf8f,189,8,121.90984860010401,9.572593390034315
20251219-095950-dbf8f,189,13,92.72314503558691,7.280797863857695
20251219-095950-dbf8f,189,15,97.76920329316502,7.677023964348309
20251219-095950-dbf8f,189,16,136.8094771390978,10.742540587115952
20251219-095950-dbf8f,190,2,139.53825707505462,10.956809582424805
20251219-095950-dbf8f,190,1,90.84724169569154,7.133498362479999
20251219-095950-dbf8f,190,8,117.9687269655051,9.26312901663134
20251219-095950-dbf8f,190,13,92.52309541882282,7.2650895871179175
20251219-095950-dbf8f,190,15,95.43167370156095,7.49347669089546
20251219-095950-dbf8f,190,16,133.2096246229271,10.459873314560873
20251219-095950-dbf8f,191,2,135.47122584680707,10.63745854803633
20251219-095950-dbf8f,191,1,91.10705354117621,7.1538992831873776
20251219-095950-dbf8f,191,8,114.44373073949248,8.986339602482271
20251219-095950-dbf8f,191,13,89.39480020713617,7.019449891807509
20251219-095950-dbf8f,191,15,97.23166031698442,7.634815066546089
20251219-095950-dbf8f,191,16,133.94491824459317,10.517609969501557
20251219-095950-dbf8f,192,2,138.38841560126068,10.8665218409665
20251219-095950-dbf8f,192,1,93.16695264735691,7.315646482403784
20251219-095950-dbf8f,192,8,108.41780300398236,8.513172285221577
20251219-095950-dbf8f,192,13,84.34911546792205,6.623253120689897
20251219-095950-dbf8f,192,15,97.17972269346845,7.630736825474739
20251219-095950-dbf8f,192,16,136.1622604845549,10.691719903304586
20251219-095950-dbf8f,193,2,136.97653376977962,10.755658191780297
20251219-095950-dbf8f,193,1,99.64077110156154,7.823983031539228
20251219-095950-dbf8f,193,8,98.62403198055964,7.744146740207112
20251219-095950-dbf8f,193,13,84.72641828266813,6.652879655969481
20251219-095950-dbf8f,193,15,87.85004932799251,6.89815311205802
20251219-095950-dbf8f,193,16,132.9538176697508,10.439786865621603
20251219-095950-dbf8f,194,2,136.66724939458672,10.731372593860113
20251219-095950-dbf8f,194,1,107.03953599359801,8.40494813577992
20251219-095950-dbf8f,194,8,91.75601492778348,7.204856966681859
20251219-095950-dbf8f,194,13,87.43273914547851,6.865385122099872
20251219-095950-dbf8f,194,15,85.85497323803857,6.7414959394783445
20251219-095950-dbf8f,194,16,133.0973683686751,10.451058739776455
20251219-095950-dbf8f,195,2,140.6411237794409,11.043408775564053
20251219-095950-dbf8f,195,1,111.3988928091008,8.74725313177552
20251219-095950-dbf8f,195,8,90.26395079989086,7.087697250939582
20251219-095950-dbf8f,195,13,87.15147864168578,6.843300011910657
20251219-095950-dbf8f,195,15,83.94394345314183,6.591438242769454
20251219-095950-dbf8f,195,16,138.14352765989418,10.847292773620893
20251219-095950-dbf8f,196,2,144.90745353787872,11.378409109944698
20251219-095950-dbf8f,196,1,113.39432452117784,8.903938228481294
20251219-095950-dbf8f,196,8,95.31407149594664,7.484242341833065
20251219-095950-dbf8f,196,13,86.88302440592362,6.822220474266301
20251219-095950-dbf8f,196,15,90.21514420939407,7.083864864541398
20251219-095950-dbf8f,196,16,135.12675056059894,10.61040969279082
20251219-095950-dbf8f,197,2,146.3482887478761,11.491546233530116
20251219-095950-dbf8f,197,1,115.52783378531255,9.071465437430806
20251219-095950-dbf8f,197,8,104.1030462773707,8.174369373110228
20251219-095950-dbf8f,197,13,86.62749549620838,6.802155857828899
20251219-095950-dbf8f,197,15,98.38127564071763,7.725085050271107
20251219-095950-dbf8f,197,16,134.15982173934688,10.534484601018184
20251219-095950-dbf8f,198,2,147.06007781301716,11.547437265947183
20251219-095950-dbf8f,198,1,115.90184031510675,9.10083314214088
20251219-095950-dbf8f,198,8,111.33705298647865,8.742397351179685
20251219-095950-dbf8f,198,13,81.83951069328681,6.42619417628849
20251219-095950-dbf8f,198,15,96.01266980144716,7.539097610692104
20251219-095950-dbf8f,198,16,133.165695434263,10.45642391103963
20251219-095950-dbf8f,199,2,147.8863243769353,11.612315719059252
20251219-095950-dbf8f,199,1,114.27192616315106,8.972849180086143
20251219-095950-dbf8f,199,8,112.00337730006407,8.794718404754036
20251219-095950-dbf8f,199,13,80.46800839794678,6.318501205149998
20251219-095950-dbf8f,199,15,97.0867128541233,7.623433515827919
20251219-095950-dbf8f,199,16,130.6879626772213,10.26186761813395
20251219-095950-dbf8f,200,2,154.6173269966635,12.140846858469255
20251219-095950-dbf8f,200,1,111.53046393047369,8.757584346695694
20251219-095950-dbf8f,200,8,111.46658660656578,8.75256857762014
20251219-095950-dbf8f,200,13,79.14053667642045,6.214265598487703
20251219-095950-dbf8f,200,15,94.69914892622135,7.435957451039344
20251219-095950-dbf8f,200,16,127.23093402770205,9.99041514748
20251219-095950-dbf8f,201,2,153.91771873684928,12.08591228607487
20251219-095950-dbf8f,201,1,111.30928341715311,8.74021683173173
20251219-095950-dbf8f,201,8,110.60512249093111,8.684924775304163
20251219-095950-dbf8f,201,13,77.85934767396951,6.113664199034927
20251219-095950-dbf8f,201,15,90.1147170991703,7.075979136665041
20251219-095950-dbf8f,201,16,123.99034817140206,9.735958176988532
20251219-095950-dbf8f,202,2,151.57086927044648,11.901633198310718
20251219-095950-dbf8f,202,1,114.8314031029492,9.016780374466968
20251219-095950-dbf8f,202,8,115.09988134175481,9.03786179687599
20251219-095950-dbf8f,202,13,80.50045507785727,6.321048980224829
20251219-095950-dbf8f,202,15,89.8457448608717,7.054858924475411
20251219-095950-dbf8f,202,16,121.37696254615612,9.53075016263112
20251219-095950-dbf8f,203,2,146.30896387447294,11.488458369608328
20251219-095950-dbf8f,203,1,107.4286879134061,8.435505085345936
20251219-095950-dbf8f,203,8,110.59703385837277,8.684289640477473
20251219-095950-dbf8f,203,13,80.42860294671254,6.315407014103519
20251219-095950-dbf8f,203,15,89.65090976321476,7.039560101702728
20251219-095950-dbf8f,203,16,123.03781032741698,9.661163092146786
20251219-095950-dbf8f,204,2,146.2973248981883,11.487544455033513
20251219-095950-dbf8f,204,1,103.87455925187933,8.156428136901315
20251219-095950-dbf8f,204,8,113.5053317155338,8.91265472470486
20251219-095950-dbf8f,204,13,80.44061233232188,6.3163500139236515
20251219-095950-dbf8f,204,15,92.02772165354611,7.226191896032768
20251219-095950-dbf8f,204,16,129.4738739906133,10.166535063219028
20251219-095950-dbf8f,205,2,146.5964894571921,11.511035425721584
20251219-095950-dbf8f,205,1,99.4460789396779,7.808695432355571
20251219-095950-dbf8f,205,8,116.89244112178504,9.178617003273189
20251219-095950-dbf8f,205,13,88.98591518457883,6.987343461448009
20251219-095950-dbf8f,205,15,91.75549587101828,7.204816209356535
20251219-095950-dbf8f,205,16,133.43807162303838,10.477811407900747
20251219-095950-dbf8f,206,2,147.2045626210055,11.558782488123994
20251219-095950-dbf8f,206,1,97.6813523716348,7.6701257427492715
20251219-095950-dbf8f,206,8,120.71806529654089,9.479012296258501
20251219-095950-dbf8f,206,13,101.5737390337751,7.975763353338759
20251219-095950-dbf8f,206,15,87.52820251936896,6.8728810879499465
20251219-095950-dbf8f,206,16,136.82714471569548,10.743927878863904
20251219-095950-dbf8f,207,2,148.11773991717786,11.630486907821398
20251219-095950-dbf8f,207,1,97.52697437946611,7.658003688917113
20251219-095950-dbf8f,207,8,124.94192979317693,9.810678177441986
20251219-095950-dbf8f,207,13,104.53415149064006,8.208220575144681
20251219-095950-dbf8f,207,15,85.65835759041009,6.726057304532291
20251219-095950-dbf8f,207,16,141.2898699703658,11.094349561483892
20251219-095950-dbf8f,208,2,149.3304241819673,11.725709184861548
20251219-095950-dbf8f,208,1,98.1082379963692,7.703645614659191
20251219-095950-dbf8f,208,8,129.5250801424948,10.170555867745149
20251219-095950-dbf8f,208,13,106.7680635465567,8.383631602440202
20251219-095950-dbf8f,208,15,86.26837808584408,6.7739572751206545
20251219-095950-dbf8f,208,16,141.72927770064842,11.128852692959603
20251219-095950-dbf8f,209,2,150.83539167258505,11.843882097208942
20251219-095950-dbf8f,209,1,103.77279960339585,8.148437775584073
20251219-095950-dbf8f,209,8,134.4307739521333,10.555760284573847
20251219-095950-dbf8f,209,13,109.28805502002209,8.581506130206755
20251219-095950-dbf8f,209,15,89.90654131579329,7.059632777853155
20251219-095950-dbf8f,209,16,143.9033052660396,11.299561476057855
20251219-095950-dbf8f,210,2,152.6239963509681,11.984326741495536
20251219-095950-dbf8f,210,1,105.42272084121474,8.277992732107979
20251219-095950-dbf8f,210,8,139.6250178828735,10.963622206219993
20251219-095950-dbf8f,210,13,106.93216825813893,8.396517416797321
20251219-095950-dbf8f,210,15,95.58298955863131,7.505358300050356
20251219-095950-dbf8f,210,16,144.7434167398892,11.365528628292164
20251219-095950-dbf8f,211,2,154.6863996275071,12.146270572935626
20251219-095950-dbf8f,211,1,110.46435997321298,8.673871834445437
20251219-095950-dbf8f,211,8,145.0768220157487,11.391708245251284
20251219-095950-dbf8f,211,13,103.70291883690717,8.142950604768412
20251219-095950-dbf8f,211,15,98.66675201023686,7.7475011982628486
20251219-095950-dbf8f,211,16,141.35000588550463,11.099071548020433
20251219-095950-dbf8f,212,2,157.01181256123263,12.328866423345554
20251219-095950-dbf8f,212,1,113.2638120870103,8.893690143695892
20251219-095950-dbf8f,212,8,150.75824683100763,11.837824537388803
20251219-095950-dbf8f,212,13,105.36861809863305,8.273744481765883
20251219-095950-dbf8f,212,15,100.42408349773396,7.885490212066772
20251219-095950-dbf8f,212,16,135.41523277807568,10.633061865686374
20251219-095950-dbf8f,213,2,159.58873840051749,12.531211545901352
20251219-095950-dbf8f,213,1,112.32119854166422,8.81967433367602
20251219-095950-dbf8f,213,8,156.64430957715038,12.300009389425485
20251219-095950-dbf8f,213,13,107.68100179770569,8.455317251867305
20251219-095950-dbf8f,213,15,101.01915171236274,7.9322161011018775
20251219-095950-dbf8f,213,16,128.20795315014624,10.067132548910998
20251219-095950-dbf8f,214,2,162.40520512359285,12.752365874662775
20251219-095950-dbf8f,214,1,110.3484736400587,8.664772218955084
20251219-095950-dbf8f,214,8,162.71280371322516,12.776519101491536
20251219-095950-dbf8f,214,13,111.46392675113374,8.752359720708089
20251219-095950-dbf8f,214,15,100.21291482218783,7.868908845664242
20251219-095950-dbf8f,214,16,127.9588718525819,10.047574211253908
20251219-095950-dbf8f,215,2,165.4489799444713,12.99136886798672
20251219-095950-dbf8f,215,1,114.43734299803482,8.985838024862769
20251219-095950-dbf8f,215,8,168.94407150151278,13.265810110599105
20251219-095950-dbf8f,215,13,113.14009172892817,8.88397538565469
20251219-095950-dbf8f,215,15,100.58633468684471,7.898230484310908
20251219-095950-dbf8f,215,16,126.3217336200558,9.919023000640408
20251219-095950-dbf8f,216,2,168.70776023810575,13.247254500334169
20251219-095950-dbf8f,216,1,119.75826569143746,9.403647004109636
20251219-095950-dbf8f,216,8,175.32075784906732,13.766519661811447
20251219-095950-dbf8f,216,13,110.352836078515,8.665114765927383
20251219-095950-dbf8f,216,15,101.0772811667095,7.9367805365173565
20251219-095950-dbf8f,216,16,127.53602925378499,10.014371805437248
20251219-095950-dbf8f,217,2,172.16933771991054,13.519064153958723
20251219-095950-dbf8f,217,1,127.07927274579976,9.97850641490972
20251219-095950-dbf8f,217,8,181.82756392804598,14.277446462042196
20251219-095950-dbf8f,217,13,109.2295119134713,8.576909214032751
20251219-095950-dbf8f,217,15,101.81156380477042,7.994437807100768
20251219-095950-dbf8f,217,16,129.26771934264667,10.150347407807171
20251219-095950-dbf8f,217,17,117.85114098488651,9.253895941586496
20251219-095950-dbf8f,218,2,175.82173478762337,13.805857324729168
20251219-095950-dbf8f,218,1,132.4008521396991,10.396366959529741
20251219-095950-dbf8f,218,8,188.451011961245,14.79753221056787
20251219-095950-dbf8f,218,13,108.01946480316408,8.481894011382856
20251219-095950-dbf8f,218,15,102.06792013341118,8.014567394047347
20251219-095950-dbf8f,218,16,131.71939101272744,10.342857334552578
20251219-095950-dbf8f,218,17,119.3050922368657,9.36806296175714
20251219-095950-dbf8f,219,1,138.97159321558436,10.912314057429692
20251219-095950-dbf8f,219,13,107.99649963150956,8.48009074238609
20251219-095950-dbf8f,219,15,99.82492120640111,7.83844284833503
20251219-095950-dbf8f,219,16,131.27911046803845,10.308285668028114
20251219-095950-dbf8f,219,17,121.97468614246142,9.577684557290478
20251219-095950-dbf8f,220,1,143.55518797584514,11.27222664372611
20251219-095950-dbf8f,220,13,110.20587162406574,8.653574837189995
20251219-095950-dbf8f,220,15,96.5098051405035,7.578133623903913
20251219-095950-dbf8f,220,16,123.43369662419974,9.692248837812986
20251219-095950-dbf8f,220,17,124.01836127643877,9.738157819324144
20251219-095950-dbf8f,221,1,147.68742798046006,11.596697995371922
20251219-095950-dbf8f,221,13,113.39958387658496,8.904351203080019
20251219-095950-dbf8f,221,15,96.28859039839885,7.560763421230662
20251219-095950-dbf8f,221,16,113.78015793276798,8.934234602464644
20251219-095950-dbf8f,221,17,124.8665732669062,9.804761039544116
20251219-095950-dbf8f,222,1,147.64439120306818,11.593318665682643
20251219-095950-dbf8f,222,13,112.27574190937251,8.816104992373365
20251219-095950-dbf8f,222,15,92.04553676040621,7.227590772137775
20251219-095950-dbf8f,222,16,106.5608963425575,8.36736443920108
20251219-095950-dbf8f,222,17,126.25676669248102,9.91392167381067
20251219-095950-dbf8f,223,1,149.49739240055217,11.738819847239732
20251219-095950-dbf8f,223,13,113.76453211530425,8.933007633530757
20251219-095950-dbf8f,223,15,89.11413286547429,6.997411357838001
20251219-095950-dbf8f,223,16,101.80007301280145,7.993535528240516
20251219-095950-dbf8f,223,17,127.08273011117376,9.97877789382062
20251219-095950-dbf8f,224,1,150.55865908403365,11.8221525275442
20251219-095950-dbf8f,224,13,118.12517745178577,9.275413806646547
20251219-095950-dbf8f,224,15,95.87304416546296,7.528133939951391
20251219-095950-dbf8f,224,16,97.07649120795533,7.6226308927120145
20251219-095950-dbf8f,224,17,128.22721066506907,10.068644685642981
20251219-095950-dbf8f,225,1,149.81334143949854,11.763628767245258
20251219-095950-dbf8f,225,13,117.911220907342,9.258613531470951
20251219-095950-dbf8f,225,15,92.969473300879,7.300140028179862
20251219-095950-dbf8f,225,16,92.39586283399734,7.255099042346654
20251219-095950-dbf8f,225,17,128.86451309232942,10.118686885454556
20251219-095950-dbf8f,226,1,148.83930041264657,11.687145211549517
20251219-095950-dbf8f,226,13,116.019094068459,9.110040130068313
20251219-095950-dbf8f,226,15,96.27386382684627,7.559607062797599
20251219-095950-dbf8f,226,16,87.76506045222995,6.891479623741093
20251219-095950-dbf8f,226,17,127.06552810723379,9.977427159724057
20251219-095950-dbf8f,227,1,148.37530213382496,11.650711183389866
20251219-095950-dbf8f,227,13,113.35209745704469,8.90062247901853
20251219-095950-dbf8f,227,15,98.47192498767127,7.732203009561712
20251219-095950-dbf8f,227,16,83.19240498556584,6.532426011602855
20251219-095950-dbf8f,227,17,125.31223951723362,9.839755601927997
20251219-095950-dbf8f,228,1,147.51610848223885,11.58324566223323
20251219-095950-dbf8f,228,13,107.8870936342029,8.47149997520301
20251219-095950-dbf8f,228,15,98.20718566658273,7.711415174089557
20251219-095950-dbf8f,228,16,78.68803404670449,6.178734230579923
20251219-095950-dbf8f,228,17,124.93592290440445,9.810206505100346
20251219-095950-dbf8f,229,1,142.15146489957988,11.162003635531152
20251219-095950-dbf8f,229,13,105.94629889424854,8.319105077559895
20251219-095950-dbf8f,229,15,94.90615776961374,7.45221217950215
20251219-095950-dbf8f,229,16,74.26437369790679,5.83137999873633
20251219-095950-dbf8f,229,17,124.85242710246773,9.803650255782568
20251219-095950-dbf8f,230,1,137.63496883907527,10.807359766874377
20251219-095950-dbf8f,230,13,104.86965098023344,8.23456463375291
20251219-095950-dbf8f,230,15,94.79775646424322,7.443700302642514
20251219-095950-dbf8f,230,16,69.93674101002617,5.491566041634368
20251219-095950-dbf8f,230,17,123.79477411458045,9.720601329735494
20251219-095950-dbf8f,231,1,135.20095030918586,10.616235998302816
20251219-095950-dbf8f,231,13,102.53395852961967,8.051161616107956
20251219-095950-dbf8f,231,15,91.2679391235997,7.166532325394745
20251219-095950-dbf8f,231,16,65.72410767152874,5.160782052368514
20251219-095950-dbf8f,231,17,121.77823881011918,9.562259138781117
20251219-095950-dbf8f,232,1,133.97909197296357,10.520293355709216
20251219-095950-dbf8f,232,13,101.45482229217981,7.966425784408676
20251219-095950-dbf8f,232,15,91.78041449009139,7.206772866763357
20251219-095950-dbf8f,232,16,61.65005238511992,4.840879475561621
20251219-095950-dbf8f,232,17,119.98611371291621,9.421538064507017
20251219-095950-dbf8f,233,1,135.22694334033685,10.618277020591336
20251219-095950-dbf8f,233,13,101.26247308370425,7.951322158386866
20251219-095950-dbf8f,233,15,92.93998373855206,7.297824451607112
20251219-095950-dbf8f,233,16,57.74391424826912,4.534162072999389
20251219-095950-dbf8f,233,17,119.17550033851876,9.35788715919678
20251219-095950-dbf8f,234,1,136.0685928051927,10.684364938807308
20251219-095950-dbf8f,234,13,102.76187734472626,8.069058235355763
20251219-095950-dbf8f,234,15,94.7228852596728,7.437821273128453
20251219-095950-dbf8f,234,16,54.042116447165405,4.243489862599656
20251219-095950-dbf8f,234,17,119.58667703408838,9.390173536083829
20251219-095950-dbf8f,235,1,137.14054814869814,10.768536913044697
20251219-095950-dbf8f,235,13,105.95566197725329,8.319840284661788
20251219-095950-dbf8f,235,15,97.09478733566198,7.624067539489605
20251219-095950-dbf8f,235,16,50.589535590086385,3.972386641075309
20251219-095950-dbf8f,235,17,121.00264998180502,9.501358427505046
20251219-095950-dbf8f,235,18,159.1039394881135,12.493144212394956
20251219-095950-dbf8f,236,1,136.50201391305276,10.718397989293756
20251219-095950-dbf8f,236,13,106.45519291514827,8.359064404854873
20251219-095950-dbf8f,236,15,100.01379297298539,7.853273418999582
20251219-095950-dbf8f,236,16,47.44061462614442,3.725127372432877
20251219-095950-dbf8f,236,17,119.2729918514682,9.365542378386705
20251219-095950-dbf8f,236,18,162.39729042137026,12.751744397177157
20251219-095950-dbf8f,237,1,136.81554003436815,10.743016657194424
20251219-095950-dbf8f,237,13,104.37375777910326,8.195626155575702
20251219-095950-dbf8f,237,15,103.43359301104458,8.121802628210139
20251219-095950-dbf8f,237,16,44.65963238480786,3.5067593527288605
20251219-095950-dbf8f,237,17,118.8239080044173,9.33027945980207
20251219-095950-dbf8f,237,19,120.95667694193267,9.497748536896081
20251219-095950-dbf8f,237,18,165.98426008665166,13.033400083755518
20251219-095950-dbf8f,238,1,137.67834510694772,10.810765754002475
20251219-095950-dbf8f,238,13,104.33655570194047,8.192704977655843
20251219-095950-dbf8f,238,15,107.3063179069672,8.425896359486403
20251219-095950-dbf8f,238,17,119.53093401813848,9.385796488354297
20251219-095950-dbf8f,238,19,114.68273524662571,9.005106691371676
20251219-095950-dbf8f,238,18,164.568486389382,12.922230837858708
20251219-095950-dbf8f,239,1,139.29205675203525,10.937477464373453
20251219-095950-dbf8f,239,13,105.75817906623759,8.304333550543575
20251219-095950-dbf8f,239,15,111.584819234398,8.76185242863521
20251219-095950-dbf8f,239,17,121.87985912714913,9.570238559527386
20251219-095950-dbf8f,239,19,116.7101252490891,9.164301213877105
20251219-095950-dbf8f,239,18,159.7841623985222,12.546556610250422
20251219-095950-dbf8f,240,1,139.95211617146722,10.98930658653249
20251219-095950-dbf8f,240,13,106.00658555596847,8.32383890100496
20251219-095950-dbf8f,240,15,116.22429275173464,9.12615272131278
20251219-095950-dbf8f,240,17,121.9953300406676,9.579305555477106
20251219-095950-dbf8f,240,19,116.16201036697441,9.121262189895363
20251219-095950-dbf8f,240,18,155.38263529346872,12.200940322840351
20251219-095950-dbf8f,241,1,138.90342071967117,10.906961023271629
20251219-095950-dbf8f,241,13,106.98063663998762,8.400323246408613
20251219-095950-dbf8f,241,15,121.18328634326612,9.51554233848171
20251219-095950-dbf8f,241,17,121.57901890991812,9.546616012965389
20251219-095950-dbf8f,241,19,115.77134910723461,9.0905867240846
20251219-095950-dbf8f,241,18,153.63555722320754,12.063756426877069
20251219-095950-dbf8f,242,1,132.05090064638128,10.368888102077005
20251219-095950-dbf8f,242,13,109.85559589051684,8.626070519777063
20251219-095950-dbf8f,242,15,126.42420604264284,9.92706933033716
20251219-095950-dbf8f,242,17,122.04691692894622,9.58335625614993
20251219-095950-dbf8f,242,19,125.71286896941358,9.87121378918546
20251219-095950-dbf8f,242,18,153.115887960652,12.02295100709461
20251219-095950-dbf8f,243,1,127.74532580427343,10.030806169016312
20251219-095950-dbf8f,243,13,112.32529763479374,8.819996202271932
20251219-095950-dbf8f,243,15,131.91345336741307,10.358095480076093
20251219-095950-dbf8f,243,17,123.21122549186344,9.674779980986976
20251219-095950-dbf8f,243,19,131.2041991884403,10.302403491746587
20251219-095950-dbf8f,243,18,153.75618216397956,12.073228126858382
20251219-095950-dbf8f,244,1,124.07515376667153,9.742617273772234
20251219-095950-dbf8f,244,13,112.55246700613918,8.837833973768909
20251219-095950-dbf8f,244,15,137.62131668591965,10.806287773819198
20251219-095950-dbf8f,244,17,124.4863333447294,9.774903876997746
20251219-095950-dbf8f,244,19,134.1014298654177,10.52989955991753
20251219-095950-dbf8f,244,18,154.6878648355457,12.146385623860112
20251219-095950-dbf8f,245,1,123.25656897434365,9.67834043755103
20251219-095950-dbf8f,245,13,111.41912531914375,8.74884182698042
20251219-095950-dbf8f,245,15,143.52171527215378,11.26959830331078
20251219-095950-dbf8f,245,17,126.5962187526882,9.940576095787943
20251219-095950-dbf8f,245,19,137.56843744209164,10.802135594928398
20251219-095950-dbf8f,245,18,153.30797340383617,12.038033921763615
20251219-095950-dbf8f,246,1,123.6469349368521,9.708992716061035
20251219-095950-dbf8f,246,13,110.08014743420455,8.643702734462835
20251219-095950-dbf8f,246,15,149.59186817538458,11.74623826493169
20251219-095950-dbf8f,246,17,129.2860469753244,10.151786528415068
20251219-095950-dbf8f,246,19,137.1730797545497,10.771091356666092
20251219-095950-dbf8f,246,18,153.5254418644263,12.055109959280607
20251219-095950-dbf8f,247,1,123.35932954751743,9.686409393380401
20251219-095950-dbf8f,247,13,109.82760060236566,8.623872276457222
20251219-095950-dbf8f,247,17,131.87159253986636,10.354808488207293
20251219-095950-dbf8f,247,19,138.32538305591552,10.861572405511886
20251219-095950-dbf8f,247,18,156.45522760631633,12.285162313123077
20251219-095950-dbf8f,248,1,123.26156298620987,9.678732576869791
20251219-095950-dbf8f,248,13,105.65379447892727,8.296137074032591
20251219-095950-dbf8f,248,17,132.80082013298218,10.42777320777541
20251219-095950-dbf8f,248,19,137.1719638740139,10.771003735602136
20251219-095950-dbf8f,248,18,159.55723220434933,12.528737619400355
20251219-095950-dbf8f,249,1,124.53624977418994,9.778823410064147
20251219-095950-dbf8f,249,13,105.84189886181693,8.310907388268586
20251219-095950-dbf8f,249,17,130.98283431189014,10.285021500230865
20251219-095950-dbf8f,249,19,136.29189240612678,10.701898848564758
20251219-095950-dbf8f,249,18,159.03457034325643,12.487697215083777
20251219-095950-dbf8f,250,1,126.5816856277984,9.939434927155103
20251219-095950-dbf8f,250,13,108.09929469622278,8.488162406556798
20251219-095950-dbf8f,250,17,126.28868673661,9.916428096441388
20251219-095950-dbf8f,250,19,133.12947345630772,10.453579692375344
20251219-095950-dbf8f,250,18,158.06456086346114,12.411530224137723
20251219-095950-dbf8f,251,1,128.28474092619874,10.07316207126638
20251219-095950-dbf8f,251,13,110.77865275823153,8.698550702239565
20251219-095950-dbf8f,251,17,120.12793816107911,9.432674390165847
20251219-095950-dbf8f,251,19,132.8141319405621,10.428818476248074
20251219-095950-dbf8f,251,18,158.09324811390044,12.413782801653706
20251219-095950-dbf8f,252,1,129.20456567256846,10.145388461407935
20251219-095950-dbf8f,252,13,112.08525527434205,8.801147619164215
20251219-095950-dbf8f,252,17,118.7951509933277,9.328021404547021
20251219-095950-dbf8f,252,19,120.532232797187,9.464420374642685
20251219-095950-dbf8f,252,18,156.57974901476106,12.294939971163698
20251219-095950-dbf8f,253,1,130.50811180333955,10.247745385137337
20251219-095950-dbf8f,253,13,113.34641081711283,8.900175953225508
20251219-095950-dbf8f,253,17,117.79244787120224,9.249287246566805
20251219-095950-dbf8f,253,19,112.32466970522903,8.819946896047131
20251219-095950-dbf8f,253,18,154.57920689203638,12.13785359528526
20251219-095950-dbf8f,254,1,129.76867810048157,10.189683643140057
20251219-095950-dbf8f,254,13,113.96325012261504,8.948611349761295
20251219-095950-dbf8f,254,17,108.02085404747494,8.482003097490828
20251219-095950-dbf8f,254,19,107.64827322954264,8.452747342390257
20251219-095950-dbf8f,254,18,156.50832107385654,12.289331313267574
20251219-095950-dbf8f,255,1,127.0618295639552,9.97713674306496
20251219-095950-dbf8f,255,13,110.24194793860462,8.656407618085527
20251219-095950-dbf8f,255,17,108.66916524841439,8.532909727168922
20251219-095950-dbf8f,255,19,103.01140637522805,8.088651729855444
20251219-095950-dbf8f,255,18,164.40364544757475,12.909287213302768
20251219-095950-dbf8f,256,1,120.75075411386149,9.481579084423727
20251219-095950-dbf8f,256,13,107.40341268017977,8.433520425916921
20251219-095950-dbf8f,256,17,117.17722424513056,9.200978716255648
20251219-095950-dbf8f,256,19,98.41965640403912,7.728098780871995
20251219-095950-dbf8f,256,18,170.91077285422912,13.42023924479432
20251219-095950-dbf8f,257,1,115.11291829924227,9.038885483596166
20251219-095950-dbf8f,257,13,105.45575061416432,8.280586292758263
20251219-095950-dbf8f,257,17,122.92035413717839,9.65194020848966
20251219-095950-dbf8f,257,19,93.87964368894089,7.371608339728227
20251219-095950-dbf8f,257,18,176.02650516896705,13.821936284890583
20251219-095950-dbf8f,258,1,110.23076169828131,8.655529253200262
20251219-095950-dbf8f,258,13,110.73087438290696,8.694799053254101
20251219-095950-dbf8f,258,17,129.65609045772604,10.180843047099481
20251219-095950-dbf8f,258,19,89.39925078445854,7.019799359611359
20251219-095950-dbf8f,258,18,178.62147794445696,14.025698487232884
20251219-095950-dbf8f,259,1,105.35558543781895,8.272721132428678
20251219-095950-dbf8f,259,13,111.66619596352662,8.768242284322051
20251219-095950-dbf8f,259,17,136.08324751139722,10.685515654236431
20251219-095950-dbf8f,259,19,84.98790732609649,6.673412273452254
20251219-095950-dbf8f,259,18,176.82338520732557,13.884508822511096
20251219-095950-dbf8f,260,1,95.77106788979677,7.520126568655372
20251219-095950-dbf8f,260,13,112.93080353378993,8.86754167815363
20251219-095950-dbf8f,260,17,139.72362815884395,10.9713652728121
20251219-095950-dbf8f,260,19,93.9671564365133,7.37848000726432
20251219-095950-dbf8f,260,18,175.25696778255696,13.761510744352858
20251219-095950-dbf8f,261,1,100.27827183335343,7.874040802600129
20251219-095950-dbf8f,261,13,112.65202565125382,8.845651508111612
20251219-095950-dbf8f,261,17,138.46563172188854,10.872584997753373
20251219-095950-dbf8f,261,19,101.68590017878037,7.984570459964066
20251219-095950-dbf8f,261,18,177.60295843304561,13.945722396256516
20251219-095950-dbf8f,261,20,81.92471548366028,6.432884618631699
20251219-095950-dbf8f,262,1,104.48916846041773,8.204688421978103
20251219-095950-dbf8f,262,13,114.23791135481397,8.970178272582034
20251219-095950-dbf8f,262,17,128.6461239328823,10.101538552910593
20251219-095950-dbf8f,262,19,103.28120746074842,8.109837024706792
20251219-095950-dbf8f,262,18,178.17060936143614,13.990295427782316
20251219-095950-dbf8f,262,20,82.30544943121767,6.462780572991423
20251219-095950-dbf8f,263,1,107.15499667976202,8.414014328658297
20251219-095950-dbf8f,263,13,112.71235598792319,8.85038876099685
20251219-095950-dbf8f,263,17,111.82976176644542,8.781085782545006
20251219-095950-dbf8f,263,19,104.94109063132073,8.240174211154878
20251219-095950-dbf8f,263,18,179.72804669723766,14.112588372259598
20251219-095950-dbf8f,263,20,83.08858647675059,6.5242739846529405
20251219-095950-dbf8f,264,1,106.61770548147204,8.371825200935357
20251219-095950-dbf8f,264,13,113.08228365106584,8.879436185332567
20251219-095950-dbf8f,264,17,90.26972461876814,7.088150622189358
20251219-095950-dbf8f,264,19,106.66253494171066,8.375345295494464
20251219-095950-dbf8f,264,18,178.48040410766936,14.01462110100817
20251219-095950-dbf8f,264,20,81.5913537997266,6.406708424593579
20251219-095950-dbf8f,265,1,105.81603529404553,8.308876531691089
20251219-095950-dbf8f,265,13,113.65817504171068,8.924656273641821
20251219-095950-dbf8f,265,17,82.1752808360064,6.452559487095427
20251219-095950-dbf8f,265,19,108.442608722088,8.515120077429506
20251219-095950-dbf8f,265,18,177.83602612381623,13.964023315023299
20251219-095950-dbf8f,265,20,84.16524966414717,6.608815627754915
20251219-095950-dbf8f,266,1,102.56602707637936,8.05367969944794
20251219-095950-dbf8f,266,13,115.49806139183585,9.069127652417755
20251219-095950-dbf8f,266,17,87.28947002453442,6.854135357984061
20251219-095950-dbf8f,266,19,110.27847288420237,8.659275626345854
20251219-095950-dbf8f,266,18,178.00529819892728,13.977314880601735
20251219-095950-dbf8f,266,20,82.06003303502553,6.443510010366896
20251219-095950-dbf8f,267,1,100.08918742533388,7.859193534925276
20251219-095950-dbf8f,267,13,116.71134675202266,9.164397128612805
20251219-095950-dbf8f,267,17,94.37421736469443,7.410443206260899
20251219-095950-dbf8f,267,19,112.16738806734912,8.8075968424261
20251219-095950-dbf8f,267,18,179.1248552380653,14.06522463059883
20251219-095950-dbf8f,267,20,83.06482921277613,6.522408519059318
20251219-095950-dbf8f,268,1,101.95508585814947,8.005707431952876
20251219-095950-dbf8f,268,13,116.85595097270222,9.175751727301455
20251219-095950-dbf8f,268,17,104.00398758525708,8.166591096028917
20251219-095950-dbf8f,268,19,92.13390774743331,7.234529830269668
20251219-095950-dbf8f,268,18,184.21818539648567,14.465162610734389
20251219-095950-dbf8f,268,20,84.64809833064483,6.64672982424009
20251219-095950-dbf8f,269,1,103.32871479333215,8.113567390900265
20251219-095950-dbf8f,269,13,116.55020776214232,9.151744188369518
20251219-095950-dbf8f,269,17,112.8129590526358,8.858288305154634
20251219-095950-dbf8f,269,19,88.92203776074467,6.982327684526055
20251219-095950-dbf8f,269,18,192.9689322946658,15.152287915845388
20251219-095950-dbf8f,269,20,91.16637151023131,7.158557043040314
20251219-095950-dbf8f,270,1,108.29250983361254,8.503334026965407
20251219-095950-dbf8f,270,13,115.65020911522736,9.0810745812998
20251219-095950-dbf8f,270,17,117.74431123500429,9.245507466255548
20251219-095950-dbf8f,270,19,86.09813912846155,6.760589788105624
20251219-095950-dbf8f,270,18,197.2888563181123,15.491496573941115
20251219-095950-dbf8f,270,20,92.96337088731433,7.299660855049691
20251219-095950-dbf8f,271,1,114.5806289267503,8.997089108756786
20251219-095950-dbf8f,271,13,114.70769093325805,9.007066259393815
20251219-095950-dbf8f,271,17,121.1671000350044,9.514271358743366
20251219-095950-dbf8f,271,19,83.70148888994996,6.572400248910505
20251219-095950-dbf8f,271,18,201.18564398511984,15.797479759810907
20251219-095950-dbf8f,271,20,95.9194197327517,7.531775437779377
20251219-095950-dbf8f,272,1,118.991366710398,9.343428636184306
20251219-095950-dbf8f,272,13,108.88634065710619,8.549962753692979
20251219-095950-dbf8f,272,17,121.54385339740061,9.543854749978454
20251219-095950-dbf8f,272,19,81.76966333888613,6.420709629053586
20251219-095950-dbf8f,272,18,204.97847603880376,16.095300153023782
20251219-095950-dbf8f,272,20,101.61045594330939,7.9786464349728226
20251219-095950-dbf8f,273,1,126.8544450423129,9.960852515630798
20251219-095950-dbf8f,273,13,104.93677026053408,8.239834967416085
20251219-095950-dbf8f,273,17,123.3119703413213,9.682690658352868
20251219-095950-dbf8f,273,19,80.33620206273767,6.308151520791632
20251219-095950-dbf8f,273,18,207.09983769968784,16.261873509040843
20251219-095950-dbf8f,273,20,108.26153770653873,8.500902036586396
20251219-095950-dbf8f,274,1,135.92451942320116,10.67305202258299
20251219-095950-dbf8f,274,13,92.37793222255453,7.253691096601928
20251219-095950-dbf8f,274,17,122.86471424295861,9.647571258074692
20251219-095950-dbf8f,274,19,79.62712417532906,6.252473375211346
20251219-095950-dbf8f,274,18,208.17328135595488,16.34616234842955
20251219-095950-dbf8f,274,20,111.55912837720913,8.75983513362144
20251219-095950-dbf8f,275,1,139.4092494078108,10.946679654802853
20251219-095950-dbf8f,275,13,89.73340146705489,7.046037507326477
20251219-095950-dbf8f,275,17,115.74813940997983,9.088764254472201
20251219-095950-dbf8f,275,19,92.15935486069121,7.236527986045967
20251219-095950-dbf8f,275,18,207.99135790564824,16.331877372786526
20251219-095950-dbf8f,275,20,108.86358140393193,8.548175653807286
20251219-095950-dbf8f,276,1,143.84047128774597,11.294627632466135
20251219-095950-dbf8f,276,13,91.01942247791862,7.147018325278448
20251219-095950-dbf8f,276,17,113.39237358703835,8.903785037418698
20251219-095950-dbf8f,276,19,94.64277137991049,7.431530578777923
20251219-095950-dbf8f,276,18,207.59628850604338,16.30085577144185
20251219-095950-dbf8f,276,20,104.00019188557147,8.166293050463787
20251219-095950-dbf8f,277,1,150.72611041362836,11.835301124718566
20251219-095950-dbf8f,277,13,97.24468134547585,7.635837502491174
20251219-095950-dbf8f,277,17,113.61311018144538,8.921117695024488
20251219-095950-dbf8f,277,19,83.99420837702814,6.59538514028159
20251219-095950-dbf8f,277,18,208.80925249678248,16.396100013096078
20251219-095950-dbf8f,277,20,98.97167583402181,7.771444397385363
20251219-095950-dbf8f,278,1,156.39769308807746,12.280644593223359
20251219-095950-dbf8f,278,13,102.66627625686756,8.06155145594274
20251219-095950-dbf8f,278,17,113.87971903491336,8.942052329738079
20251219-095950-dbf8f,278,19,91.03587712601419,7.148310375571379
20251219-095950-dbf8f,278,18,203.9841773981227,16.017225930926063
20251219-095950-dbf8f,278,20,94.67912539771933,7.434385165462873
20251219-095950-dbf8f,279,1,158.30741319653515,12.430599451645046
20251219-095950-dbf8f,279,13,108.64601361538713,8.531091816870205
20251219-095950-dbf8f,279,17,114.19187884788988,8.966563712506959
20251219-095950-dbf8f,279,19,99.37628940344224,7.803215425113051
20251219-095950-dbf8f,279,18,208.52424611505546,16.37372076944049
20251219-095950-dbf8f,279,20,92.72839172517776,7.281209843912413
20251219-095950-dbf8f,280,1,153.39307781076008,12.044716481807265
20251219-095950-dbf8f,280,13,121.31045315533432,9.525527718650862
20251219-095950-dbf8f,280,17,114.54921722614388,8.994622602227185
20251219-095950-dbf8f,280,19,110.81246115412186,8.70120540184541
20251219-095950-dbf8f,280,18,205.75089944424374,16.155952309269804
20251219-095950-dbf8f,280,20,92.52679451112472,7.265380046887369
20251219-095950-dbf8f,281,1,155.48649177823947,12.209095331734584
20251219-095950-dbf8f,281,13,128.61579521499084,10.09915708424543
20251219-095950-dbf8f,281,17,114.9513128433261,9.02619591555174
20251219-095950-dbf8f,281,19,115.61503402166832,9.078312565991245
20251219-095950-dbf8f,281,18,203.47367676831075,15.977140449640821
20251219-095950-dbf8f,281,20,91.685294642369,7.199303875241965
20251219-095950-dbf8f,282,1,159.44239557331832,12.519720428519022
20251219-095950-dbf8f,282,13,126.89023699828549,9.963662968150375
20251219-095950-dbf8f,282,17,115.39769783950175,9.061246915227889
20251219-095950-dbf8f,282,19,116.36166176210538,9.136939197514419
20251219-095950-dbf8f,282,18,197.8840987421827,15.538236142233217
20251219-095950-dbf8f,282,20,89.3453512525258,7.015567065756268
20251219-095950-dbf8f,283,1,167.9923705935505,13.191080743567133
20251219-095950-dbf8f,283,13,120.98083049586788,9.499645119931833
20251219-095950-dbf8f,283,17,102.59379671110703,8.055860224031395
20251219-095950-dbf8f,283,19,115.67466220426051,9.082994684401664
20251219-095950-dbf8f,283,18,192.56926593330127,15.120905352312176
20251219-095950-dbf8f,283,20,83.32208858697591,6.542609014862305
20251219-095950-dbf8f,284,1,171.60607479851868,13.474835677095841
20251219-095950-dbf8f,284,13,115.4324816764078,9.063978208319224
20251219-095950-dbf8f,284,17,95.14053973530554,7.470616297637711
20251219-095950-dbf8f,284,19,113.13440510819936,8.883528861369529
20251219-095950-dbf8f,284,18,189.67385310442603,14.893552025034825
20251219-095950-dbf8f,284,20,74.62771737046582,5.859910435597576
20251219-095950-dbf8f,285,1,168.54220546498553,13.234254824384626
20251219-095950-dbf8f,285,13,112.0974316651806,8.802103732552872
20251219-095950-dbf8f,285,17,90.8667128651049,7.1350272757693105
20251219-095950-dbf8f,285,19,114.95649048825175,9.026602474087909
20251219-095950-dbf8f,285,18,195.28101797944674,15.333837285297303
20251219-095950-dbf8f,285,20,70.86309497169277,5.564305118190602
20251219-095950-dbf8f,286,1,162.4910692410132,12.759108088620858
20251219-095950-dbf8f,286,13,108.73338058333403,8.537952037512584
20251219-095950-dbf8f,286,17,86.37537154080749,6.7823586048862206
20251219-095950-dbf8f,286,19,116.89690038063262,9.178967152766925
20251219-095950-dbf8f,286,18,204.12951366721393,16.028638011449587
20251219-095950-dbf8f,286,20,70.16366262861395,5.509384359113169
20251219-095950-dbf8f,287,1,156.52133273085258,12.290353013345
20251219-095950-dbf8f,287,13,107.99941539914789,8.480319694011754
20251219-095950-dbf8f,287,17,78.73014504368928,6.182040866229243
20251219-095950-dbf8f,287,19,118.94984429942839,9.34016821742938
20251219-095950-dbf8f,287,18,209.36411284046625,16.43966870356146
20251219-095950-dbf8f,287,20,75.83046894038777,5.95435277852801
20251219-095950-dbf8f,288,1,152.13624621003854,11.946027671907103
20251219-095950-dbf8f,288,13,105.84313736648028,8.311004638012475
20251219-095950-dbf8f,288,17,73.45528168466332,5.767848553600097
20251219-095950-dbf8f,288,19,121.10959964491524,9.509756318650933
20251219-095950-dbf8f,288,18,211.12846505995458,16.578208998606595
20251219-095950-dbf8f,288,20,81.52916459502774,6.401825209851966
20251219-095950-dbf8f,289,1,147.7520972099276,11.601775946379558
20251219-095950-dbf8f,289,13,82.91835767112818,6.510907294773439
20251219-095950-dbf8f,289,17,73.9692442491996,5.808205872590328
20251219-095950-dbf8f,289,19,123.37055694321774,9.687290989864215
20251219-095950-dbf8f,289,18,209.26102245165393,16.431573849980285
20251219-095950-dbf8f,289,20,87.65744200223654,6.883029218175978
20251219-095950-dbf8f,290,1,143.0693910475488,11.234080944111941
20251219-095950-dbf8f,290,13,75.8527395510707,5.9561015092750615
20251219-095950-dbf8f,290,17,77.84972167649394,6.112908347388278
20251219-095950-dbf8f,290,19,125.72725655895975,9.872343530106063
20251219-095950-dbf8f,290,18,205.8379509721133,16.162787760956814
20251219-095950-dbf8f,290,20,90.50326683396422,7.106488801517374
20251219-095950-dbf8f,291,1,144.61459049327948,11.35541294616377
20251219-095950-dbf8f,291,13,68.83330215170723,5.404921921879126
20251219-095950-dbf8f,291,17,85.15495364345564,6.686529068294869
20251219-095950-dbf8f,291,19,128.17441745621443,10.064499262382073
20251219-095950-dbf8f,291,18,206.70006959040776,16.230482956067604
20251219-095950-dbf8f,291,20,96.25227720864518,7.557912040442328
20251219-095950-dbf8f,292,1,141.67582748620904,11.124655680369449
20251219-095950-dbf8f,292,13,61.875764253818474,4.858602801176138
20251219-095950-dbf8f,292,17,85.54503837196009,6.717159263775497
20251219-095950-dbf8f,292,19,130.70695874999177,10.263359225930428
20251219-095950-dbf8f,292,18,209.05853344748434,16.4156740278976
20251219-095950-dbf8f,292,20,96.41027612018027,7.570318415756226
20251219-095950-dbf8f,293,1,139.8662974042016,10.98256793355489
20251219-095950-dbf8f,293,13,55.00362031775956,4.318988976919237
20251219-095950-dbf8f,293,17,86.21260850070048,6.769578141127456
20251219-095950-dbf8f,293,19,133.32001488200808,10.468541367852197
20251219-095950-dbf8f,293,18,205.76651737543799,16.1571786589588
20251219-095950-dbf8f,293,20,97.05108513928081,7.62063595983454
20251219-095950-dbf8f,294,1,134.23304784709612,10.5402344543981
20251219-095950-dbf8f,294,13,48.253369035815744,3.7889463959086744
20251219-095950-dbf8f,294,17,86.8820040559209,6.822140354441662
20251219-095950-dbf8f,294,19,136.0089452853758,10.679681302001192
20251219-095950-dbf8f,294,18,212.16558828766037,16.659645888802018
20251219-095950-dbf8f,294,20,94.59689220395964,7.427928058542762
20251219-095950-dbf8f,295,1,138.85846283998342,10.903430844972902
20251219-095950-dbf8f,295,13,41.684269547795004,3.273128198612911
20251219-095950-dbf8f,295,17,87.5531831682557,6.874842616055821
20251219-095950-dbf8f,295,18,206.83571301503804,16.24113393599193
20251219-095950-dbf8f,295,20,93.06115810939147,7.307339293883259
20251219-095950-dbf8f,296,1,143.62332048461295,11.277576538017396
20251219-095950-dbf8f,296,13,35.397321386512765,2.779465060619912
20251219-095950-dbf8f,296,17,88.2261051325416,6.927681729723022
20251219-095950-dbf8f,296,18,199.87435779848414,15.694515072160383
20251219-095950-dbf8f,296,20,94.27048352703501,7.402297827851327
20251219-095950-dbf8f,297,1,148.57917452807607,11.666719631895289
20251219-095950-dbf8f,297,13,29.573023587843608,2.322130109839863
20251219-095950-dbf8f,297,17,88.90073037194638,6.980654587795056
20251219-095950-dbf8f,297,18,189.93713859733762,14.914225703150896
20251219-095950-dbf8f,297,20,88.43331740401257,6.943952431745822
20251219-095950-dbf8f,298,1,155.40035906736776,12.202332027307387
20251219-095950-dbf8f,298,13,24.542991180670505,1.9271623896312222
20251219-095950-dbf8f,298,17,89.57702040320281,7.033758168492521
20251219-095950-dbf8f,298,18,185.35927295007474,14.5547629777135
20251219-095950-dbf8f,298,20,87.79712033962028,6.89399702713091
20251219-095950-dbf8f,298,21,161.66825468595096,12.694499123377616
20251219-095950-dbf8f,299,1,150.4568124686739,11.814155337422275
20251219-095950-dbf8f,299,13,20.889098526313248,1.6402517825503322
20251219-095950-dbf8f,299,17,90.25493780292126,7.086989533259621
20251219-095950-dbf8f,299,18,185.63881016277782,14.576712771805752
20251219-095950-dbf8f,299,20,87.17606920813,6.8452309100005495
20251219-095950-dbf8f,299,21,167.48460193061655,13.151209781521954
20251219-095950-dbf8f,300,1,146.29306778259726,11.487210178213097
20251219-095950-dbf8f,300,13,19.40494234904629,1.5237130141454296
20251219-095950-dbf8f,300,17,90.93444617495416,7.140345824201562
20251219-095950-dbf8f,300,18,186.86427517789983,14.672938617692541
20251219-095950-dbf8f,300,20,86.57048997800322,6.797679676018879
20251219-095950-dbf8f,300,21,174.6928216701906,13.71721291765334
20251219-095950-dbf8f,301,1,141.0420034894168,11.074886613540066
20251219-095950-dbf8f,301,13,20.565759579403675,1.6148625929034788
20251219-095950-dbf8f,301,17,91.61551011878478,7.193824261602379
20251219-095950-dbf8f,301,18,191.06868377496204,15.003076784603584
20251219-095950-dbf8f,301,20,85.98070956489262,6.751368995225288
20251219-095950-dbf8f,301,21,171.697457879108,13.482011250548316
20251219-095950-dbf8f,302,1,136.31993545691014,10.704100842297406
20251219-095950-dbf8f,302,13,23.990633083895343,1.8837901803565948
20251219-095950-dbf8f,302,17,92.2980951989138,7.247422141521111
20251219-095950-dbf8f,302,18,187.14231689126993,14.69477098233021
20251219-095950-dbf8f,302,20,85.40705526672404,6.70632456767599
20251219-095950-dbf8f,302,21,180.02129250654465,14.135614591454042
20251219-095950-dbf8f,303,1,131.63989528480425,10.336615178661221
20251219-095950-dbf8f,303,13,28.88514866907542,2.2681168617209972
20251219-095950-dbf8f,303,17,92.98216791521602,7.301136833464152
20251219-095950-dbf8f,303,18,186.9138317028737,14.676829890373504
20251219-095950-dbf8f,303,20,84.8498541612422,6.662572076138152
20251219-095950-dbf8f,303,21,185.07127782538117,14.532149052270553
20251219-095950-dbf8f,304,1,127.73105078148119,10.029685267051518
20251219-095950-dbf8f,304,13,34.631697629243085,2.719346825692609
20251219-095950-dbf8f,304,17,93.66769567424072,7.354965778131706
20251219-095950-dbf8f,304,18,197.1445308711416,15.480163865094783
20251219-095950-dbf8f,304,20,76.74207923789314,6.025934154507011
20251219-095950-dbf8f,304,21,180.608039378074,14.181687072787764
20251219-095950-dbf8f,305,1,125.4591233595544,9.851289200847596
20251219-095950-dbf8f,305,17,94.35464676142873,7.408906485236211
20251219-095950-dbf8f,305,18,206.98151236493712,16.252582378502048
20251219-095950-dbf8f,305,20,77.01986410889675,6.0477463513931164
20251219-095950-dbf8f,305,21,169.2793443549098,13.292136373301751
20251219-095950-dbf8f,306,1,124.91362787978356,9.80845585732441
20251219-095950-dbf8f,306,17,95.04299031421985,7.462956531390689
20251219-095950-dbf8f,306,18,201.6598268121146,15.834713498081285
20251219-095950-dbf8f,306,20,77.6714066617206,6.09890671297265
20251219-095950-dbf8f,306,21,156.06794237806616,12.254751939731781
20251219-095950-dbf8f,307,1,125.44568834198037,9.850234257691643
20251219-095950-dbf8f,307,17,95.73269629602447,7.517113558064943
20251219-095950-dbf8f,307,18,197.4303133985762,15.502604053188868
20251219-095950-dbf8f,307,20,76.87719974802114,6.0365440741891545
20251219-095950-dbf8f,307,21,148.13767145870142,11.632051970405206
20251219-095950-dbf8f,308,1,126.20005493723389,9.909468558827344
20251219-095950-dbf8f,308,18,195.25587179053593,15.331862758673601
20251219-095950-dbf8f,308,20,76.22661781128572,5.985459142013593
20251219-095950-dbf8f,308,21,160.3705109397603,12.592597813931379
20251219-095950-dbf8f,309,1,128.13165545832229,10.061141508902207
20251219-095950-dbf8f,309,18,190.26994846748568,14.940358567720091
20251219-095950-dbf8f,309,20,75.72336283051891,5.945942602884809
20251219-095950-dbf8f,309,21,160.97466169451923,12.6400368813078
20251219-095950-dbf8f,310,1,128.47723561971898,10.088277121050856
20251219-095950-dbf8f,310,18,193.65372248606872,15.206058945299185
20251219-095950-dbf8f,310,20,75.3703860102953,5.918226191004162
20251219-095950-dbf8f,310,21,175.97561046391849,13.817939935762682
20251219-095950-dbf8f,311,1,128.06859030242813,10.056189512805204
20251219-095950-dbf8f,311,18,197.98151810841523,15.545885696325586
20251219-095950-dbf8f,311,20,76.04578828643095,5.971260063479537
20251219-095950-dbf8f,311,21,188.84587463046603,14.828537579049259
20251219-095950-dbf8f,312,1,127.41446720567158,10.004826522003532
20251219-095950-dbf8f,312,18,204.64812290251268,16.069360195873884
20251219-095950-dbf8f,312,20,76.02273145934824,5.969449597524066
20251219-095950-dbf8f,312,21,195.0804795331607,15.318090624732884
20251219-095950-dbf8f,313,1,130.97355955917863,10.284293228991748
20251219-095950-dbf8f,313,18,202.7978657829454,15.924074484538675
20251219-095950-dbf8f,313,20,77.75806909880595,6.105711612510577
20251219-095950-dbf8f,313,21,201.31530305779563,15.807660837027445
20251219-095950-dbf8f,314,1,134.57645440783946,10.567199391285596
20251219-095950-dbf8f,314,18,200.2048324759226,15.720464572952547
20251219-095950-dbf8f,314,20,87.99631428042197,6.909638114565182
20251219-095950-dbf8f,314,21,207.55032550212533,16.297246668875122
20251219-095950-dbf8f,315,1,131.3283285575503,10.312150366112325
20251219-095950-dbf8f,315,18,200.0624983592732,15.70928822715391
20251219-095950-dbf8f,315,20,99.00404817946527,7.773986335576333
20251219-095950-dbf8f,315,21,213.78552946176262,16.786846753650295
20251219-095950-dbf8f,316,1,128.1465931496995,10.062314444865805
20251219-095950-dbf8f,316,18,195.67427162909163,15.364716310498507
20251219-095950-dbf8f,316,20,108.23507326721128,8.498823998430447
20251219-095950-dbf8f,316,21,220.02089950474272,17.276459879605717
20251219-095950-dbf8f,317,1,129.224519950853,10.146955309325495
20251219-095950-dbf8f,317,18,190.82395483113783,14.98386020204768
20251219-095950-dbf8f,317,20,115.26098171043239,9.050511704508915
20251219-095950-dbf8f,317,21,226.25642189986107,17.76608496854107
20251219-095950-dbf8f,318,1,131.55746539831426,10.330142627053485
20251219-095950-dbf8f,318,18,188.57751628002444,14.80746557050281
20251219-095950-dbf8f,318,20,109.94118482546253,8.632791125883374
20251219-095950-dbf8f,318,21,232.49208438869846,18.25572105790193
20251219-095950-dbf8f,319,1,130.70971794260285,10.263575882986883
20251219-095950-dbf8f,319,18,181.73171180360228,14.269919970758622
20251219-095950-dbf8f,319,20,102.3171495396123,8.03413736147655
20251219-095950-dbf8f,319,21,238.7278759933522,18.745367285682487
20251219-095950-dbf8f,319,22,127.11537910325558,9.981341554832284
20251219-095950-dbf8f,320,1,127.88713654855705,10.041941418620452
20251219-095950-dbf8f,320,18,185.2881185393622,14.549175797928763
20251219-095950-dbf8f,320,20,100.38119456197617,7.882122491184045
20251219-095950-dbf8f,320,21,244.96378685351624,19.23502287763274
20251219-095950-dbf8f,320,22,127.28866223859025,9.994948076495273
20251219-095950-dbf8f,321,1,126.50628464366969,9.933514298341592
20251219-095950-dbf8f,321,18,172.63910183273643,13.555950926380723
20251219-095950-dbf8f,321,20,101.45760181646968,7.966644037947255
20251219-095950-dbf8f,321,21,251.19980808781372,19.72468713637007
20251219-095950-dbf8f,321,22,127.7204812553913,10.02885532774189
20251219-095950-dbf8f,322,1,129.03661234374425,10.132200446298418
20251219-095950-dbf8f,322,18,163.8546392402595,12.866178200769475
20251219-095950-dbf8f,322,20,102.34202329378628,8.036090496006084
20251219-095950-dbf8f,322,21,257.4359316752731,20.214359432072513
20251219-095950-dbf8f,322,22,129.46339781969564,10.165712454335244
20251219-095950-dbf8f,323,1,127.14565604057772,9.98371895758857
20251219-095950-dbf8f,323,18,150.47601363887648,11.81566304985956
20251219-095950-dbf8f,323,20,113.73124755640148,8.930394066602394
20251219-095950-dbf8f,323,21,263.6721503536147,20.704039194492058
20251219-095950-dbf8f,323,22,128.8136749861741,10.1146949805795
20251219-095950-dbf8f,324,1,124.30058692924541,9.760318714851273
20251219-095950-dbf8f,324,18,148.2680235027468,11.642287461052883
20251219-095950-dbf8f,324,20,127.04605596119433,9.975898169748206
20251219-095950-dbf8f,324,21,269.9084575316314,21.193725906074565
20251219-095950-dbf8f,324,22,135.36775126336104,10.629333526761132
20251219-095950-dbf8f,325,1,113.31007988261419,8.897323179086019
20251219-095950-dbf8f,325,18,142.17628807612112,11.16395279860868
20251219-095950-dbf8f,325,20,128.14946820872356,10.062540199973581
20251219-095950-dbf8f,325,21,276.1448472134355,21.68341909601152
20251219-095950-dbf8f,325,22,130.40459134045668,10.23961676132142
20251219-095950-dbf8f,326,1,107.28714950945209,8.424391220422926
20251219-095950-dbf8f,326,18,136.14167486775492,10.69010348148492
20251219-095950-dbf8f,326,20,120.95230560078328,9.497405290867373
20251219-095950-dbf8f,326,21,282.38131393274017,22.17311833507967
20251219-095950-dbf8f,326,22,126.73775550192975,9.951689830779781
20251219-095950-dbf8f,327,1,106.32698199510025,8.348997039339494
20251219-095950-dbf8f,327,18,130.1721284587872,10.221363333316624
20251219-095950-dbf8f,327,20,122.622419833318,9.62854583977747
20251219-095950-dbf8f,327,22,128.02364444756344,10.052660278718479
20251219-095950-dbf8f,327,23,131.66279622134215,10.338413403794346
20251219-095950-dbf8f,328,1,111.82128104627594,8.780419860252678
20251219-095950-dbf8f,328,18,124.27702549620625,9.758468626275489
20251219-095950-dbf8f,328,20,114.86291590433687,9.019254819622377
20251219-095950-dbf8f,328,22,132.20683900397052,10.38113267877243
20251219-095950-dbf8f,328,23,139.69267633522995,10.968934876699405
20251219-095950-dbf8f,328,24,118.98551498250924,9.342969147370635
20251219-095950-dbf8f,329,1,120.16923232360139,9.435916886418175
20251219-095950-dbf8f,329,18,118.46747972282773,9.302292032604472
20251219-095950-dbf8f,329,20,108.97129424444702,8.556633471095854
20251219-095950-dbf8f,329,22,137.85237692836085,10.824431063921608
20251219-095950-dbf8f,329,23,139.8793875276966,10.983595794971189
20251219-095950-dbf8f,329,24,116.57366210276281,9.153585867844715
20251219-095950-dbf8f,330,1,129.96464183926338,10.205071088962441
20251219-095950-dbf8f,330,18,112.75671636125581,8.853872021959106
20251219-095950-dbf8f,330,20,105.51427703444334,8.285181898694443
20251219-095950-dbf8f,330,22,132.0104448867519,10.365711438815882
20251219-095950-dbf8f,330,23,144.36994440824833,11.336202869838035
20251219-095950-dbf8f,330,24,114.73022165457316,9.008835414522874
20251219-095950-dbf8f,331,1,137.8117122023496,10.821237992222374
20251219-095950-dbf8f,331,18,107.16052941389842,8.414448769475271
20251219-095950-dbf8f,331,20,103.45347846599864,8.123364071988775
20251219-095950-dbf8f,331,22,131.773914535438,10.347138625351423
20251219-095950-dbf8f,331,23,134.46301865433287,10.558292199974312
20251219-095950-dbf8f,331,24,113.42742372853688,8.906537241253593
20251219-095950-dbf8f,332,1,142.30697185175237,11.174214337451993
20251219-095950-dbf8f,332,18,101.69783523242508,7.985507623096831
20251219-095950-dbf8f,332,20,102.64845411117825,8.060152027135462
20251219-095950-dbf8f,332,22,131.36020832431012,10.314653626087342
20251219-095950-dbf8f,332,23,126.66411612038618,9.945907526354791
20251219-095950-dbf8f,332,24,110.61632636773787,8.685804525039682
20251219-095950-dbf8f,333,1,145.7375845776002,11.443592579491664
20251219-095950-dbf8f,333,18,96.39133241457017,7.568830919928873
20251219-095950-dbf8f,333,20,101.59674743015302,7.977570016423092
20251219-095950-dbf8f,333,22,122.08614431737283,9.58643646536578
20251219-095950-dbf8f,333,23,127.55137686101655,10.015576928774081
20251219-095950-dbf8f,333,24,110.69863241927456,8.692267352891141
20251219-095950-dbf8f,334,1,149.22473776534875,11.717410486235012
20251219-095950-dbf8f,334,18,91.26826877590617,7.166558210321403
20251219-095950-dbf8f,334,20,103.88999304990399,8.157640028103302
20251219-095950-dbf8f,334,22,115.06812101294109,9.035367915395875
20251219-095950-dbf8f,334,23,126.62984200503938,9.94321625757064
20251219-095950-dbf8f,334,24,110.78146259004906,8.698771335582911
20251219-095950-dbf8f,335,1,152.67137697798222,11.988047158526475
20251219-095950-dbf8f,335,18,86.36129603616502,6.781253369466366
20251219-095950-dbf8f,335,20,103.31695237392718,8.112643783336646
20251219-095950-dbf8f,335,22,113.25321220733343,8.892857820964831
20251219-095950-dbf8f,335,23,125.70920562341628,9.870926136283893
20251219-095950-dbf8f,335,24,110.86481570530943,8.705316380871233
20251219-095950-dbf8f,336,1,155.65761145529535,12.22253197453498
20251219-095950-dbf8f,336,18,81.70935483615943,6.415974090611091
20251219-095950-dbf8f,336,20,102.73264721347964,8.066763029805315
20251219-095950-dbf8f,336,22,115.2314373320425,9.04819182367455
20251219-095950-dbf8f,336,23,124.78948760167438,9.798708126363287
20251219-095950-dbf8f,336,24,110.94869058642838,8.71190239620805
20251219-095950-dbf8f,337,1,156.64055923607103,12.299714905504466
20251219-095950-dbf8f,337,18,77.35846772937586,6.07433415226778
20251219-095950-dbf8f,337,20,102.16728338815814,8.02236958596642
20251219-095950-dbf8f,337,22,122.1129754846904,9.588543299701648
20251219-095950-dbf8f,337,23,123.87070839579262,9.726563834051229
20251219-095950-dbf8f,337,24,111.03308605097324,8.718529288746495
20251219-095950-dbf8f,338,1,158.23714281706035,12.425081687676014
20251219-095950-dbf8f,338,18,73.36221805624854,5.7605410203331315
20251219-095950-dbf8f,338,20,105.77159353269222,8.30538687998651
20251219-095950-dbf8f,338,22,127.23703712678655,9.990894374438493
20251219-095950-dbf8f,338,23,122.95288905199219,9.654494911937071
20251219-095950-dbf8f,338,24,123.02386365654924,9.660067973000183
20251219-095950-dbf8f,339,1,158.294711518171,12.429602091679897
20251219-095950-dbf8f,339,18,69.78156055741681,5.479380977080776
20251219-095950-dbf8f,339,20,110.67715635266822,8.690581011257546
20251219-095950-dbf8f,339,22,131.48199424771698,10.324216488635287
20251219-095950-dbf8f,339,23,122.03605122731753,9.582503060573172
20251219-095950-dbf8f,339,24,128.5539941900382,10.094304350116463
20251219-095950-dbf8f,340,1,151.62838075236073,11.90614910935437
20251219-095950-dbf8f,340,20,111.93079413285359,8.78901903628918
20251219-095950-dbf8f,340,22,137.45363377249575,10.793120992241702
20251219-095950-dbf8f,340,23,121.12021721104368,9.510590030155841
20251219-095950-dbf8f,340,24,135.27882845558545,10.622351138613574
20251219-095950-dbf8f,341,1,146.41183537144977,11.496536035385878
20251219-095950-dbf8f,341,20,107.706384128294,8.457310320785062
20251219-095950-dbf8f,341,22,140.78361740437126,11.054597646256566
20251219-095950-dbf8f,341,23,120.2054099469458,9.438757622273979
20251219-095950-dbf8f,341,24,138.028358153765,10.838249444753165
20251219-095950-dbf8f,342,1,142.66666765349814,11.202458336552585
20251219-095950-dbf8f,342,20,107.87723291427035,8.470725692702201
20251219-095950-dbf8f,342,22,140.6727723342557,11.045893880336992
20251219-095950-dbf8f,342,23,119.29165305646978,9.367007691728485
20251219-095950-dbf8f,342,24,139.80836091505694,10.978018650134425
20251219-095950-dbf8f,343,1,139.3101079395591,10.938894877981602
20251219-095950-dbf8f,343,20,106.66102741561974,8.375226921675951
20251219-095950-dbf8f,343,22,142.45260967031024,11.185650096213692
20251219-095950-dbf8f,343,23,118.3789708628436,9.295342148425526
20251219-095950-dbf8f,343,24,140.02475385058554,10.995010235376123
20251219-095950-dbf8f,344,1,136.56234371739265,10.723135200379469
20251219-095950-dbf8f,344,20,106.4488627588366,8.358567348930658
20251219-095950-dbf8f,344,22,143.8054818176623,11.291880192666234
20251219-095950-dbf8f,344,23,117.46738841617172,9.223762959346988
20251219-095950-dbf8f,344,24,138.75994096782844,10.895694720016682
20251219-095950-dbf8f,345,1,140.65362381474597,11.044390302132339
20251219-095950-dbf8f,345,20,106.24023067218818,8.342185160317243
20251219-095950-dbf8f,345,22,143.54727624578388,11.271605399620258
20251219-095950-dbf8f,345,23,116.55693151955612,9.152272150601565
20251219-095950-dbf8f,345,24,139.48753949665831,10.952827141618831
20251219-095950-dbf8f,346,1,143.82434919092947,11.293361694732708
20251219-095950-dbf8f,346,20,104.79352964499768,8.228587441599151
20251219-095950-dbf8f,346,22,145.0649663434998,11.390777315296836
20251219-095950-dbf8f,346,24,134.15563584172074,10.534155916367949
20251219-095950-dbf8f,347,1,145.0915049251836,11.392861175251749
20251219-095950-dbf8f,347,20,103.75611458220291,8.147127635956979
20251219-095950-dbf8f,347,22,136.5236601016403,10.720097689229174
20251219-095950-dbf8f,347,24,125.78275817021319,9.876701622279269
20251219-095950-dbf8f,348,1,141.44013627048218,11.106148757428736
20251219-095950-dbf8f,348,20,105.50703315384433,8.284613095399742
20251219-095950-dbf8f,348,22,133.07223528948637,10.44908524255309
20251219-095950-dbf8f,348,24,116.61049112519409,9.156477752796878
20251219-095950-dbf8f,349,1,139.05518286528513,10.918877675852562
20251219-095950-dbf8f,349,20,106.7246944333673,8.380226177111439
20251219-095950-dbf8f,349,22,126.24400478148836,9.912919584264866
20251219-095950-dbf8f,349,24,112.35247683164175,8.822130364549068
20251219-095950-dbf8f,350,1,139.06785618440693,10.919872808996013
20251219-095950-dbf8f,350,20,103.15334048473721,8.099796666331944
20251219-095950-dbf8f,350,22,122.73117622798985,9.637085598925022
20251219-095950-dbf8f,350,24,109.75750684970068,8.61836838156154
20251219-095950-dbf8f,351,1,139.68372107588166,10.968231692687386
20251219-095950-dbf8f,351,20,98.29060812683826,7.71796566447891
20251219-095950-dbf8f,351,22,119.6724447698908,9.396908181973789
20251219-095950-dbf8f,351,24,109.15584508526655,8.571124754443677
20251219-095950-dbf8f,352,1,139.03678436780373,10.917432990805377
20251219-095950-dbf8f,352,20,96.48093219598091,7.5758664653350065
20251219-095950-dbf8f,352,22,118.46559084441554,9.302143714275717
20251219-095950-dbf8f,352,24,108.09716852067015,8.487995455204835
20251219-095950-dbf8f,353,1,138.07403217586617,10.841835855917502
20251219-095950-dbf8f,353,20,96.61715630886728,7.586563042006649
20251219-095950-dbf8f,353,22,121.91201119030586,9.572763200733855
20251219-095950-dbf8f,353,24,110.63184628641994,8.687023178599636
20251219-095950-dbf8f,354,1,142.03555763370724,11.152902376363905
20251219-095950-dbf8f,354,20,97.1770986829205,7.630530783171225
20251219-095950-dbf8f,354,22,130.77095112980416,10.268384029414632
20251219-095950-dbf8f,354,24,110.20002624382919,8.653115846806058
20251219-095950-dbf8f,355,1,145.02690568990013,11.387788720320694
20251219-095950-dbf8f,355,20,96.38591833442189,7.568405796048926
20251219-095950-dbf8f,355,22,134.2514096167885,10.54167625550937
20251219-095950-dbf8f,355,24,110.0492436326374,8.641276109132678
20251219-095950-dbf8f,356,1,142.62016696855463,11.198807014248162
20251219-095950-dbf8f,356,20,95.41238064210083,7.491961763138742
20251219-095950-dbf8f,356,22,134.96985432225335,10.598089901474903
20251219-095950-dbf8f,356,24,110.1806522610339,8.65159456479501
20251219-095950-dbf8f,357,1,137.08970825835792,10.764544868072045
20251219-095950-dbf8f,357,20,93.66234075196584,7.3545452994405975
20251219-095950-dbf8f,357,22,134.90450352167966,10.592958432206517
20251219-095950-dbf8f,357,24,110.59324622143305,8.683992228014498
20251219-095950-dbf8f,358,1,124.927129608124,9.80951603873674
20251219-095950-dbf8f,358,20,91.05717406623884,7.149982651860485
20251219-095950-dbf8f,358,22,131.69450826188177,10.340903493587254
20251219-095950-dbf8f,358,24,111.2838980063985,8.738223520953452
20251219-095950-dbf8f,359,1,122.55480895025282,9.623236904529364
20251219-095950-dbf8f,359,20,88.16463833257899,6.92285523957653
20251219-095950-dbf8f,359,22,130.3803626131673,10.237714275530793
20251219-095950-dbf8f,359,24,120.40456445538686,9.454395613404227
20251219-095950-dbf8f,360,1,123.82939317768702,9.723319684474415
20251219-095950-dbf8f,360,20,86.30865651697927,6.777120014210836
20251219-095950-dbf8f,360,22,129.74117033861776,10.187523681312395
20251219-095950-dbf8f,360,24,123.42956585248702,9.691924481754416
20251219-095950-dbf8f,361,1,128.7760160937644,10.11173793265682
20251219-095950-dbf8f,361,20,84.45360705849347,6.631457999300642
20251219-095950-dbf8f,361,22,128.91178865103439,10.122399052321844
20251219-095950-dbf8f,361,24,133.71721936138508,10.499730619725101
20251219-095950-dbf8f,362,1,134.78305535011302,10.583422090576038
20251219-095950-dbf8f,362,20,82.59955277474563,6.4858741274053715
20251219-095950-dbf8f,362,22,127.36854782545738,10.001220844853076
20251219-095950-dbf8f,362,24,139.47848458945194,10.952116133067296
20251219-095950-dbf8f,363,1,138.03213662667102,10.838546137638769
20251219-095950-dbf8f,363,20,80.74656221758683,6.340373781346872
20251219-095950-dbf8f,363,22,124.23838085371207,9.75543417537962
20251219-095950-dbf8f,363,24,135.71130017072824,10.656309640976517
20251219-095950-dbf8f,364,1,143.7981297001281,11.291302890401333
20251219-095950-dbf8f,364,20,78.89471033790738,6.194962846411736
20251219-095950-dbf8f,364,22,118.09636693952417,9.273151550377625
20251219-095950-dbf8f,364,24,144.3952214783715,11.338187673503686
20251219-095950-dbf8f,365,1,146.75390103885462,11.523395682775798
20251219-095950-dbf8f,365,20,77.04407924441085,6.049647769931674
20251219-095950-dbf8f,365,22,115.03192718660534,9.032525907250347
20251219-095950-dbf8f,365,24,148.1544680428656,11.633370870169182
20251219-095950-dbf8f,366,1,150.36047906194025,11.806591054937083
20251219-095950-dbf8f,366,20,75.19475907208474,5.9044356294774945
20251219-095950-dbf8f,366,22,118.69325813609065,9.320020583424862
20251219-095950-dbf8f,366,24,147.99276127356896,11.620673346805255
20251219-095950-dbf8f,367,1,152.3241874874358,11.960785178789333
20251219-095950-dbf8f,367,20,73.34684897916024,5.759334211142277
20251219-095950-dbf8f,367,22,123.80548890935427,9.721442675818729
20251219-095950-dbf8f,367,24,145.49511921237143,11.424553737436215
20251219-095950-dbf8f,368,1,148.78876250094544,11.683176878514479
20251219-095950-dbf8f,368,20,71.50045829508836,5.614352099682643
20251219-095950-dbf8f,368,22,132.37108917233954,10.394029914673352
20251219-095950-dbf8f,368,24,144.9986276507765,11.385568274856228
20251219-095950-dbf8f,369,1,146.63302260062503,11.513904077691537
20251219-095950-dbf8f,369,20,69.65570784664139,5.4694987826467685
20251219-095950-dbf8f,369,22,136.33539131481228,10.705314465682966
20251219-095950-dbf8f,369,24,143.19940959789812,11.244290248199738
20251219-095950-dbf8f,370,1,143.01678905476513,11.22995053550094
20251219-095950-dbf8f,370,20,67.81273149489489,5.324784771061136
20251219-095950-dbf8f,370,22,138.83084237857955,10.901262033762812
20251219-095950-dbf8f,370,24,137.94833214146192,10.831965649922806
20251219-095950-dbf8f,371,1,137.64640394005036,10.808257672771772
20251219-095950-dbf8f,371,20,65.97167792283155,5.180221739796592
20251219-095950-dbf8f,371,22,139.9317017780641,10.987703609499903
20251219-095950-dbf8f,371,24,136.23189577178834,10.69718779862181
20251219-095950-dbf8f,372,1,132.21531971276326,10.381798600171434
20251219-095950-dbf8f,372,20,85.21691220510422,6.691394172505102
20251219-095950-dbf8f,372,22,140.9722247204782,11.069407451766208
20251219-095950-dbf8f,372,24,133.55963500689987,10.487356796219945
20251219-095950-dbf8f,372,25,105.57226903420924,8.289735540914563
20251219-095950-dbf8f,373,1,129.1974679291712,10.144831133084514
20251219-095950-dbf8f,373,20,98.5909067387841,7.74154568316287
20251219-095950-dbf8f,373,22,140.0646618834078,10.998143890085652
20251219-095950-dbf8f,373,24,133.17294191505096,10.456992918506117
20251219-095950-dbf8f,373,25,104.62528911405438,8.215376874832502
20251219-095950-dbf8f,374,1,128.24093012327432,10.069721963618786
20251219-095950-dbf8f,374,20,106.7569445395479,8.382758516842783
20251219-095950-dbf8f,374,22,137.7884226003324,10.819409248335917
20251219-095950-dbf8f,374,24,131.12040499378236,10.29582381206429
20251219-095950-dbf8f,374,25,101.24347463042685,7.949830363668452
20251219-095950-dbf8f,375,1,129.88385891630935,10.19872786006685
20251219-095950-dbf8f,375,20,113.1046362349258,8.88119135276953
20251219-095950-dbf8f,375,22,132.87010772858363,10.433213801683795
20251219-095950-dbf8f,375,24,127.5711225191707,10.017127395441857
20251219-095950-dbf8f,375,25,96.97275301719667,7.614485172488804
20251219-095950-dbf8f,376,1,126.70544404482276,9.949152673656902
20251219-095950-dbf8f,376,20,114.67170082283322,9.004240247409422
20251219-095950-dbf8f,376,22,124.76770186095749,9.796997468529009
20251219-095950-dbf8f,376,24,127.16637372139596,9.985345749326356
20251219-095950-dbf8f,376,25,96.27764198524625,7.559903730987589
20251219-095950-dbf8f,377,1,131.8497820951676,10.35309589056933
20251219-095950-dbf8f,377,20,116.4500277189706,9.143877860668425
20251219-095950-dbf8f,377,22,119.04696175998909,9.347794065313662
20251219-095950-dbf8f,377,24,128.6992549461791,10.105710501219376
20251219-095950-dbf8f,377,25,98.94948053174629,7.7697015799978235
20251219-095950-dbf8f,377,26,109.44453270305594,8.593793055762797
20251219-095950-dbf8f,378,1,133.33106134136085,10.469408756869555
20251219-095950-dbf8f,378,20,120.85995552188076,9.490153786866486
20251219-095950-dbf8f,378,22,119.0093741045004,9.344842611049632
20251219-095950-dbf8f,378,24,130.52905960046496,10.249390246045634
20251219-095950-dbf8f,378,25,102.21055706208872,8.025767517222894
20251219-095950-dbf8f,378,26,108.6772589766123,8.53354526211493
20251219-095950-dbf8f,379,1,134.11913031293275,10.531289432752487
20251219-095950-dbf8f,379,20,125.27852236487142,9.83710806693768
20251219-095950-dbf8f,379,22,122.94597085501304,9.653951681940201
20251219-095950-dbf8f,379,24,131.36647733850774,10.315145881016367
20251219-095950-dbf8f,379,25,103.61623369454945,8.136143922369277
20251219-095950-dbf8f,379,26,105.66286641281214,8.296849419551336
20251219-095950-dbf8f,380,1,140.95056325638262,11.067706552368819
20251219-095950-dbf8f,380,20,129.70484535002078,10.184671374056423
20251219-095950-dbf8f,380,22,125.41579861686326,9.847887259574824
20251219-095950-dbf8f,380,24,134.61048949288917,10.569871890955781
20251219-095950-dbf8f,380,25,103.15180752251484,8.099676295219966
20251219-095950-dbf8f,380,26,104.33645524157032,8.192697089316335
20251219-095950-dbf8f,381,1,142.01221795067346,11.151069700020686
20251219-095950-dbf8f,381,20,134.13815666242263,10.53278341793461
20251219-095950-dbf8f,381,22,127.70176734543487,10.027385875906722
20251219-095950-dbf8f,381,24,135.8828898361143,10.669783188155307
20251219-095950-dbf8f,381,25,104.13566463131876,8.176930628357303
20251219-095950-dbf8f,381,26,106.68760873636118,8.377314137583031
20251219-095950-dbf8f,382,1,148.9071861044433,11.692475725302371
20251219-095950-dbf8f,382,20,138.57778560247345,10.881391533962564
20251219-095950-dbf8f,382,22,130.78594022001775,10.26956100131271
20251219-095950-dbf8f,382,24,137.92442248782348,10.830088218402667
20251219-095950-dbf8f,382,25,101.55800195972664,7.974527648326041
20251219-095950-dbf8f,382,26,110.96130856177328,8.712893183652781
20251219-095950-dbf8f,383,1,154.75300581659502,12.151500617700016
20251219-095950-dbf8f,383,20,143.0231438486449,11.230449526013906
20251219-095950-dbf8f,383,22,132.1283832053123,10.374972180106656
20251219-095950-dbf8f,383,24,140.95518661360614,11.068069587179426
20251219-095950-dbf8f,383,25,102.68775115560356,8.063237705872933
20251219-095950-dbf8f,383,26,116.04094021331464,9.111755530950557
20251219-095950-dbf8f,384,1,157.4105906464339,12.360179237743429
20251219-095950-dbf8f,384,20,147.47371329965173,11.579916711789414
20251219-095950-dbf8f,384,22,133.18015251884214,10.457559108842519
20251219-095950-dbf8f,384,24,143.30612305110984,11.252669591694724
20251219-095950-dbf8f,384,25,95.32785086120262,7.485324323824536
20251219-095950-dbf8f,384,26,121.94518412562347,9.575368002765813
20251219-095950-dbf8f,385,1,153.2278501757001,12.03174249336098
20251219-095950-dbf8f,385,20,151.92903598916894,11.929757130901425
20251219-095950-dbf8f,385,22,134.30138672366286,10.545600553081815
20251219-095950-dbf8f,385,24,145.19455588370457,11.400952932691382
20251219-095950-dbf8f,385,25,93.07323571139419,7.308287650184463
20251219-095950-dbf8f,385,26,122.36216713683237,9.608110302610253
20251219-095950-dbf8f,386,1,149.0657775752271,11.704928629496523
20251219-095950-dbf8f,386,20,156.38870567589316,12.279938884509447
20251219-095950-dbf8f,386,22,134.81059371076026,10.585584455078424
20251219-095950-dbf8f,386,24,144.0049166017824,11.30754019157636
20251219-095950-dbf8f,386,25,93.96422900733883,7.3782501399526375
20251219-095950-dbf8f,386,26,118.9926688076936,9.34353087934274
20251219-095950-dbf8f,387,1,145.49291878269656,11.42438095550922
20251219-095950-dbf8f,387,22,136.63328139815468,10.728705362115905
20251219-095950-dbf8f,387,24,144.98741834531236,11.384688098852195
20251219-095950-dbf8f,387,25,100.69250025006183,7.90656680644051
20251219-095950-dbf8f,387,26,115.81883663082509,9.094315534838213
20251219-095950-dbf8f,388,1,146.91816102020047,11.536293689210341
20251219-095950-dbf8f,388,22,137.05487459023095,10.761809662138383
20251219-095950-dbf8f,388,24,146.63918755627634,11.514388161745412
20251219-095950-dbf8f,388,25,106.57183336295604,8.368223234863414
20251219-095950-dbf8f,388,26,112.02499869626628,8.796416157944162
20251219-095950-dbf8f,389,1,146.94792332518796,11.538630682056013
20251219-095950-dbf8f,389,22,136.91659721920317,10.750951859728719
20251219-095950-dbf8f,389,24,149.3534470106918,11.727516981201212
20251219-095950-dbf8f,389,25,108.28234823675538,8.502536119035701
20251219-095950-dbf8f,389,26,109.97965752633358,8.635812075595673
20251219-095950-dbf8f,390,1,145.68351345979795,11.439346812387454
20251219-095950-dbf8f,390,22,137.7339615373965,10.81513286199748
20251219-095950-dbf8f,390,24,148.76743714982055,11.6815023713474
20251219-095950-dbf8f,390,25,102.4021003973587,8.040807864546473
20251219-095950-dbf8f,390,26,111.74160744943886,8.774163737755597
20251219-095950-dbf8f,391,1,146.26163786380772,11.484742241157077
20251219-095950-dbf8f,391,22,136.49439546612535,10.717799774337891
20251219-095950-dbf8f,391,24,149.0451091123581,11.703305702445807
20251219-095950-dbf8f,391,25,97.85026095933338,7.683388766604114
20251219-095950-dbf8f,391,26,108.1407171686519,8.491414977947272
20251219-095950-dbf8f,392,1,148.1132207156024,11.630132051510557
20251219-095950-dbf8f,392,22,134.29633993574953,10.545204269687368
20251219-095950-dbf8f,392,24,149.73450749080632,11.757438575518936
20251219-095950-dbf8f,392,25,97.378651405287,7.646357086624343
20251219-095950-dbf8f,392,26,104.41315143926532,8.19871942076475
20251219-095950-dbf8f,393,1,149.38694459367287,11.730147275185733
20251219-095950-dbf8f,393,22,134.44626795850658,10.556976903449984
20251219-095950-dbf8f,393,24,149.75720532427047,11.759220852612067
20251219-095950-dbf8f,393,25,98.19455352285026,7.710423274116059
20251219-095950-dbf8f,393,26,103.61544922525756,8.136082324347095
20251219-095950-dbf8f,394,1,144.8770697702073,11.376023318666014
20251219-095950-dbf8f,394,22,132.13697635172838,10.37564693032189
20251219-095950-dbf8f,394,24,150.23058543740527,11.796391560262048
20251219-095950-dbf8f,394,25,107.60136745960037,8.449064212040577
20251219-095950-dbf8f,394,26,104.76049621514358,8.22599359380176
20251219-095950-dbf8f,395,1,141.1313128660514,11.081899355810338
20251219-095950-dbf8f,395,22,126.20089899682789,9.909534835993488
20251219-095950-dbf8f,395,24,149.8037420450735,11.762875004520781
20251219-095950-dbf8f,395,25,112.88169051020346,8.863685230045892
20251219-095950-dbf8f,395,26,104.19040228635852,8.18122873323428
20251219-095950-dbf8f,396,1,138.06930649075568,10.84146478612641
20251219-095950-dbf8f,396,22,123.5895130489944,9.70448384011326
20251219-095950-dbf8f,396,24,150.7435016427568,11.836666717137154
20251219-095950-dbf8f,396,25,125.03418360515626,9.817922122380804
20251219-095950-dbf8f,396,26,105.34338814364577,8.271763377670394
